"step","shot","scale","start","end","changed","oldCameraDistanceCm","newCameraDistanceCm","oldUsefulCoverage","newUsefulCoverage","subjectIds","reason"
"1","context","WORKING_MEDIUM","0","1.4","false","323.7150725107678","323.7150725107678","0.7309100115295426","0.7309100115295426","A1 | A3 | A5 | A7 | A8 | A9","Working-medium framing already readable."
"1","part-introduction","WORKING_MEDIUM","1.4","2.7","false","305.62048438199827","305.62048438199827","0.7693710035752448","0.7693710035752448","A1 | A3 | A5 | A7 | A8 | A9","Working-medium framing already readable."
"1","panel-alignment","WORKING_MEDIUM","2.7","4.347","false","305.62048438199827","305.62048438199827","0.7693710035752448","0.7693710035752448","A1 | A3 | A5 | A7 | A8 | A9","Working-medium framing already readable."
"1","dowel-target","CONNECTION_CLOSE_UP","4.347","5.397","false","64.27946484434858","64.27946484434858","0","0","","Preserve useful approved connection close-up; no macro-wide room redesign."
"1","dowel-macro","CONNECTION_CLOSE_UP","5.397","6.982","false","64.27946484434858","64.27946484434858","0.18715992748230406","0.18715992748230406","dowel--1-0","Preserve useful approved connection close-up; no macro-wide room redesign."
"1","dowel-1","CONNECTION_CLOSE_UP","6.982","7.480320000000001","false","64.27946484434858","64.27946484434858","0.17084564325382093","0.17084564325382093","dowel--1-1","Preserve useful approved connection close-up; no macro-wide room redesign."
"1","dowel-2","CONNECTION_CLOSE_UP","7.480320000000001","7.836080000000001","false","64.27946484434858","64.27946484434858","0.1681183940045843","0.1681183940045843","dowel--1-2","Preserve useful approved connection close-up; no macro-wide room redesign."
"1","dowel-3","CONNECTION_CLOSE_UP","7.836080000000001","8.191840000000001","false","64.27946484434858","64.27946484434858","0.16811839400458436","0.16811839400458436","dowel-1-0","Preserve useful approved connection close-up; no macro-wide room redesign."
"1","dowel-4","CONNECTION_CLOSE_UP","8.191840000000001","8.547600000000001","false","64.27946484434858","64.27946484434858","0.1681183940045842","0.1681183940045842","dowel-1-1","Preserve useful approved connection close-up; no macro-wide room redesign."
"1","dowel-5","CONNECTION_CLOSE_UP","8.547600000000001","8.903360000000001","false","64.27946484434858","64.27946484434858","0.1681183940045843","0.1681183940045843","dowel-1-2","Preserve useful approved connection close-up; no macro-wide room redesign."
"1","rail-stage-0","WORKING_MEDIUM","8.903360000000001","9.223360000000001","false","300.71346616421096","300.71346616421096","0.7549943333131772","0.7549943333131772","A1 | A3 | A5 | A7 | A8 | A9","Working-medium framing already readable."
"1","rail-seat-0","WORKING_MEDIUM","9.223360000000001","10.787485000000002","false","300.71346616421096","300.71346616421096","0.754508000444664","0.754508000444664","A1 | A3 | A5 | A7 | A8 | A9","Working-medium framing already readable."
"1","rail-stage-1","WORKING_MEDIUM","10.787485000000002","11.107485000000002","false","300.71346616421096","300.71346616421096","0.7549943333131774","0.7549943333131774","A1 | A3 | A5 | A7 | A8 | A9","Working-medium framing already readable."
"1","rail-seat-1","WORKING_MEDIUM","11.107485000000002","12.671610000000003","false","300.71346616421096","300.71346616421096","0.7545080004446643","0.7545080004446643","A1 | A3 | A5 | A7 | A8 | A9","Working-medium framing already readable."
"1","joint-target-0","CONNECTION_CLOSE_UP","12.671610000000003","13.721610000000004","false","57.84269248241222","57.84269248241222","0","0","","Preserve useful approved connection close-up; no macro-wide room redesign."
"1","cam-install-0","CONNECTION_CLOSE_UP","13.721610000000004","14.806610000000003","false","57.84269248241222","57.84269248241222","0.24653180202732825","0.24653180202732825","cam--1-0","Preserve useful approved connection close-up; no macro-wide room redesign."
"1","bolt-macro","CONNECTION_CLOSE_UP","14.806610000000003","16.441610000000004","false","57.84269248241222","57.84269248241222","0.45656623049278616","0.45656623049278616","bolt--1-0","Preserve useful approved connection close-up; no macro-wide room redesign."
"1","cam-lock-0","CONNECTION_CLOSE_UP","16.441610000000004","16.722610000000003","false","57.84269248241222","57.84269248241222","0.06817570348172891","0.06817570348172891","cam--1-0","Preserve useful approved connection close-up; no macro-wide room redesign."
"1","joint-target-1","CONNECTION_CLOSE_UP","16.722610000000003","16.842610000000004","false","57.84269248241222","57.84269248241222","0","0","","Preserve useful approved connection close-up; no macro-wide room redesign."
"1","cam-install-1","CONNECTION_CLOSE_UP","16.842610000000004","17.269650000000006","false","57.84269248241222","57.84269248241222","0.21946190372507826","0.21946190372507826","cam--1-1","Preserve useful approved connection close-up; no macro-wide room redesign."
"1","bolt-install-1","CONNECTION_CLOSE_UP","17.269650000000006","18.070910000000005","false","57.84269248241222","57.84269248241222","0.42798855032987965","0.42798855032987965","bolt--1-1","Preserve useful approved connection close-up; no macro-wide room redesign."
"1","cam-lock-1","CONNECTION_CLOSE_UP","18.070910000000005","18.319910000000004","false","57.84269248241222","57.84269248241222","0.06818148869177287","0.06818148869177287","cam--1-1","Preserve useful approved connection close-up; no macro-wide room redesign."
"1","joint-target-2","CONNECTION_CLOSE_UP","18.319910000000004","18.439910000000005","false","57.84269248241222","57.84269248241222","0","0","","Preserve useful approved connection close-up; no macro-wide room redesign."
"1","cam-install-2","CONNECTION_CLOSE_UP","18.439910000000005","18.813490000000005","false","57.84269248241222","57.84269248241222","0.2176421428231995","0.2176421428231995","cam--1-2","Preserve useful approved connection close-up; no macro-wide room redesign."
"1","bolt-install-2","CONNECTION_CLOSE_UP","18.813490000000005","19.43515666666667","false","57.84269248241222","57.84269248241222","0.42408696183033756","0.42408696183033756","bolt--1-2","Preserve useful approved connection close-up; no macro-wide room redesign."
"1","cam-lock-2","CONNECTION_CLOSE_UP","19.43515666666667","19.65215666666667","false","57.84269248241222","57.84269248241222","0.06818848815796591","0.06818848815796591","cam--1-2","Preserve useful approved connection close-up; no macro-wide room redesign."
"1","joint-target-3","CONNECTION_CLOSE_UP","19.65215666666667","19.77215666666667","false","57.84269248241222","57.84269248241222","0","0","","Preserve useful approved connection close-up; no macro-wide room redesign."
"1","cam-install-3","CONNECTION_CLOSE_UP","19.77215666666667","20.14573666666667","false","57.84269248241222","57.84269248241222","0.21764214282319952","0.21764214282319952","cam--1-3","Preserve useful approved connection close-up; no macro-wide room redesign."
"1","bolt-install-3","CONNECTION_CLOSE_UP","20.14573666666667","20.767403333333338","false","57.84269248241222","57.84269248241222","0.42408696183033784","0.42408696183033784","bolt--1-3","Preserve useful approved connection close-up; no macro-wide room redesign."
"1","cam-lock-3","CONNECTION_CLOSE_UP","20.767403333333338","20.984403333333336","false","57.84269248241222","57.84269248241222","0.06818848815796612","0.06818848815796612","cam--1-3","Preserve useful approved connection close-up; no macro-wide room redesign."
"1","joint-target-4","CONNECTION_CLOSE_UP","20.984403333333336","21.104403333333337","false","57.84269248241222","57.84269248241222","0","0","","Preserve useful approved connection close-up; no macro-wide room redesign."
"1","cam-install-4","CONNECTION_CLOSE_UP","21.104403333333337","21.477983333333338","false","57.84269248241222","57.84269248241222","0.21764214282319924","0.21764214282319924","cam-1-0","Preserve useful approved connection close-up; no macro-wide room redesign."
"1","bolt-install-4","CONNECTION_CLOSE_UP","21.477983333333338","22.099650000000004","false","57.84269248241222","57.84269248241222","0.4240866380549022","0.4240866380549022","bolt-1-0","Preserve useful approved connection close-up; no macro-wide room redesign."
"1","cam-lock-4","CONNECTION_CLOSE_UP","22.099650000000004","22.316650000000003","false","57.84269248241222","57.84269248241222","0.06629553392781641","0.06629553392781641","cam-1-0","Preserve useful approved connection close-up; no macro-wide room redesign."
"1","joint-target-5","CONNECTION_CLOSE_UP","22.316650000000003","22.436650000000004","false","57.84269248241222","57.84269248241222","0","0","","Preserve useful approved connection close-up; no macro-wide room redesign."
"1","cam-install-5","CONNECTION_CLOSE_UP","22.436650000000004","22.810230000000004","false","57.84269248241222","57.84269248241222","0.21764214282319946","0.21764214282319946","cam-1-1","Preserve useful approved connection close-up; no macro-wide room redesign."
"1","bolt-install-5","CONNECTION_CLOSE_UP","22.810230000000004","23.43189666666667","false","57.84269248241222","57.84269248241222","0.4240869618303377","0.4240869618303377","bolt-1-1","Preserve useful approved connection close-up; no macro-wide room redesign."
"1","cam-lock-5","CONNECTION_CLOSE_UP","23.43189666666667","23.64889666666667","false","57.84269248241222","57.84269248241222","0.06629553392781641","0.06629553392781641","cam-1-1","Preserve useful approved connection close-up; no macro-wide room redesign."
"1","joint-target-6","CONNECTION_CLOSE_UP","23.64889666666667","23.76889666666667","false","57.84269248241222","57.84269248241222","0","0","","Preserve useful approved connection close-up; no macro-wide room redesign."
"1","cam-install-6","CONNECTION_CLOSE_UP","23.76889666666667","24.14247666666667","false","57.84269248241222","57.84269248241222","0.2176421428231994","0.2176421428231994","cam-1-2","Preserve useful approved connection close-up; no macro-wide room redesign."
"1","bolt-install-6","CONNECTION_CLOSE_UP","24.14247666666667","24.764143333333337","false","57.84269248241222","57.84269248241222","0.4240869618303376","0.4240869618303376","bolt-1-2","Preserve useful approved connection close-up; no macro-wide room redesign."
"1","cam-lock-6","CONNECTION_CLOSE_UP","24.764143333333337","24.981143333333335","false","57.84269248241222","57.84269248241222","0.06629553392781633","0.06629553392781633","cam-1-2","Preserve useful approved connection close-up; no macro-wide room redesign."
"1","joint-target-7","CONNECTION_CLOSE_UP","24.981143333333335","25.101143333333336","false","57.84269248241222","57.84269248241222","0","0","","Preserve useful approved connection close-up; no macro-wide room redesign."
"1","cam-install-7","CONNECTION_CLOSE_UP","25.101143333333336","25.474723333333337","false","57.84269248241222","57.84269248241222","0.21764214282319952","0.21764214282319952","cam-1-3","Preserve useful approved connection close-up; no macro-wide room redesign."
"1","bolt-install-7","CONNECTION_CLOSE_UP","25.474723333333337","26.096390000000003","false","57.84269248241222","57.84269248241222","0.42408663805490204","0.42408663805490204","bolt-1-3","Preserve useful approved connection close-up; no macro-wide room redesign."
"1","cam-lock-7","CONNECTION_CLOSE_UP","26.096390000000003","26.313390000000002","false","57.84269248241222","57.84269248241222","0.06629553392781642","0.06629553392781642","cam-1-3","Preserve useful approved connection close-up; no macro-wide room redesign."
"1","verify","WORKING_MEDIUM","26.313390000000002","27.363390000000003","false","294.15005544485604","294.15005544485604","0.7725617209219457","0.7725617209219457","A1 | A3 | A5 | A7 | A8 | A9","Working-medium framing already readable."
"1","result","WORKING_MEDIUM","27.363390000000003","28.163390000000003","false","294.15005544485604","294.15005544485604","0.7725617209219457","0.7725617209219457","A1 | A3 | A5 | A7 | A8 | A9","Working-medium framing already readable."
"2","R-context","WORKING_MEDIUM","28.163390000000003","28.963390000000004","false","680.2071767170102","680.2071767170102","0.7378278612303435","0.7378278612303435","A2 | A4 | A6 | A7-R | A8-R | A9-R | A5 | A7 | A8 | A9 | A1 | A3","Working-medium framing already readable."
"2","R-part-introduction","WORKING_MEDIUM","28.963390000000004","29.663390000000003","false","305.62048438199827","305.62048438199827","0.7693710035752448","0.7693710035752448","A2 | A4 | A6 | A7-R | A8-R | A9-R","Working-medium framing already readable."
"2","R-panel-alignment","WORKING_MEDIUM","29.663390000000003","30.619765000000005","false","305.62048438199827","305.62048438199827","0.7693710035752448","0.7693710035752448","A2 | A4 | A6 | A7-R | A8-R | A9-R","Working-medium framing already readable."
"2","R-dowel-macro","CONNECTION_CLOSE_UP","30.619765000000005","30.939345000000003","false","64.27946484434858","64.27946484434858","0.16694482062149274","0.16694482062149274","R-dowel--1-0","Preserve useful approved connection close-up; no macro-wide room redesign."
"2","R-dowel-1","CONNECTION_CLOSE_UP","30.939345000000003","31.258925","false","64.27946484434858","64.27946484434858","0.1669448206214926","0.1669448206214926","R-dowel--1-1","Preserve useful approved connection close-up; no macro-wide room redesign."
"2","R-dowel-2","CONNECTION_CLOSE_UP","31.258925","31.578505","false","64.27946484434858","64.27946484434858","0.16694482062149274","0.16694482062149274","R-dowel--1-2","Preserve useful approved connection close-up; no macro-wide room redesign."
"2","R-dowel-3","CONNECTION_CLOSE_UP","31.578505","31.898085","false","64.27946484434858","64.27946484434858","0.16694482062149255","0.16694482062149255","R-dowel-1-0","Preserve useful approved connection close-up; no macro-wide room redesign."
"2","R-dowel-4","CONNECTION_CLOSE_UP","31.898085","32.217665","false","64.27946484434858","64.27946484434858","0.1669448206214925","0.1669448206214925","R-dowel-1-1","Preserve useful approved connection close-up; no macro-wide room redesign."
"2","R-dowel-5","CONNECTION_CLOSE_UP","32.217665","32.537245","false","64.27946484434858","64.27946484434858","0.16694482062149252","0.16694482062149252","R-dowel-1-2","Preserve useful approved connection close-up; no macro-wide room redesign."
"2","R-rail-stage-0","WORKING_MEDIUM","32.537245","32.857245","false","300.71346616421096","300.71346616421096","0.7549943333131772","0.7549943333131772","A2 | A4 | A6 | A7-R | A8-R | A9-R","Working-medium framing already readable."
"2","R-rail-seat-0","WORKING_MEDIUM","32.857245","33.841245","false","300.71346616421096","300.71346616421096","0.7544442292024337","0.7544442292024337","A2 | A4 | A6 | A7-R | A8-R | A9-R","Working-medium framing already readable."
"2","R-rail-stage-1","WORKING_MEDIUM","33.841245","34.161245","false","300.71346616421096","300.71346616421096","0.7549943333131774","0.7549943333131774","A2 | A4 | A6 | A7-R | A8-R | A9-R","Working-medium framing already readable."
"2","R-rail-seat-1","WORKING_MEDIUM","34.161245","35.145245","false","300.71346616421096","300.71346616421096","0.7544442292024338","0.7544442292024338","A2 | A4 | A6 | A7-R | A8-R | A9-R","Working-medium framing already readable."
"2","R-joint-target-0","CONNECTION_CLOSE_UP","35.145245","35.265245","false","57.84269248241222","57.84269248241222","0","0","","Preserve useful approved connection close-up; no macro-wide room redesign."
"2","R-cam-install-0","CONNECTION_CLOSE_UP","35.265245","35.66191166666667","false","57.84269248241222","57.84269248241222","0.21849977091661996","0.21849977091661996","R-cam--1-0","Preserve useful approved connection close-up; no macro-wide room redesign."
"2","R-bolt-macro","CONNECTION_CLOSE_UP","35.66191166666667","36.24802277777778","false","57.84269248241222","57.84269248241222","0.4235134151474971","0.4235134151474971","R-bolt--1-0","Preserve useful approved connection close-up; no macro-wide room redesign."
"2","R-joint-target-1","CONNECTION_CLOSE_UP","36.24802277777778","36.368022777777774","false","57.84269248241222","57.84269248241222","0","0","","Preserve useful approved connection close-up; no macro-wide room redesign."
"2","R-cam-install-1","CONNECTION_CLOSE_UP","36.368022777777774","36.65412277777777","false","57.84269248241222","57.84269248241222","0.21278749195354152","0.21278749195354152","R-cam--1-1","Preserve useful approved connection close-up; no macro-wide room redesign."
"2","R-bolt-install-1","CONNECTION_CLOSE_UP","36.65412277777777","37.057402777777774","false","57.84269248241222","57.84269248241222","0.4186736816345134","0.4186736816345134","R-bolt--1-1","Preserve useful approved connection close-up; no macro-wide room redesign."
"2","R-joint-target-2","CONNECTION_CLOSE_UP","37.057402777777774","37.17740277777777","false","57.84269248241222","57.84269248241222","0","0","","Preserve useful approved connection close-up; no macro-wide room redesign."
"2","R-cam-install-2","CONNECTION_CLOSE_UP","37.17740277777777","37.46350277777777","false","57.84269248241222","57.84269248241222","0.2127874919535414","0.2127874919535414","R-cam--1-2","Preserve useful approved connection close-up; no macro-wide room redesign."
"2","R-bolt-install-2","CONNECTION_CLOSE_UP","37.46350277777777","37.86678277777777","false","57.84269248241222","57.84269248241222","0.41867368163451335","0.41867368163451335","R-bolt--1-2","Preserve useful approved connection close-up; no macro-wide room redesign."
"2","R-joint-target-3","CONNECTION_CLOSE_UP","37.86678277777777","37.98678277777777","false","57.84269248241222","57.84269248241222","0","0","","Preserve useful approved connection close-up; no macro-wide room redesign."
"2","R-cam-install-3","CONNECTION_CLOSE_UP","37.98678277777777","38.27288277777777","false","57.84269248241222","57.84269248241222","0.2127874919535416","0.2127874919535416","R-cam--1-3","Preserve useful approved connection close-up; no macro-wide room redesign."
"2","R-bolt-install-3","CONNECTION_CLOSE_UP","38.27288277777777","38.67616277777777","false","57.84269248241222","57.84269248241222","0.4186736816345133","0.4186736816345133","R-bolt--1-3","Preserve useful approved connection close-up; no macro-wide room redesign."
"2","R-joint-target-4","CONNECTION_CLOSE_UP","38.67616277777777","38.79616277777777","false","57.84269248241222","57.84269248241222","0","0","","Preserve useful approved connection close-up; no macro-wide room redesign."
"2","R-cam-install-4","CONNECTION_CLOSE_UP","38.79616277777777","39.082262777777764","false","57.84269248241222","57.84269248241222","0.21278749195354132","0.21278749195354132","R-cam-1-0","Preserve useful approved connection close-up; no macro-wide room redesign."
"2","R-bolt-install-4","CONNECTION_CLOSE_UP","39.082262777777764","39.485542777777766","false","57.84269248241222","57.84269248241222","0.41867368163451335","0.41867368163451335","R-bolt-1-0","Preserve useful approved connection close-up; no macro-wide room redesign."
"2","R-joint-target-5","CONNECTION_CLOSE_UP","39.485542777777766","39.605542777777764","false","57.84269248241222","57.84269248241222","0","0","","Preserve useful approved connection close-up; no macro-wide room redesign."
"2","R-cam-install-5","CONNECTION_CLOSE_UP","39.605542777777764","39.89164277777776","false","57.84269248241222","57.84269248241222","0.21278749195354152","0.21278749195354152","R-cam-1-1","Preserve useful approved connection close-up; no macro-wide room redesign."
"2","R-bolt-install-5","CONNECTION_CLOSE_UP","39.89164277777776","40.294922777777764","false","57.84269248241222","57.84269248241222","0.4186736816345134","0.4186736816345134","R-bolt-1-1","Preserve useful approved connection close-up; no macro-wide room redesign."
"2","R-joint-target-6","CONNECTION_CLOSE_UP","40.294922777777764","40.41492277777776","false","57.84269248241222","57.84269248241222","0","0","","Preserve useful approved connection close-up; no macro-wide room redesign."
"2","R-cam-install-6","CONNECTION_CLOSE_UP","40.41492277777776","40.70102277777776","false","57.84269248241222","57.84269248241222","0.21278749195354132","0.21278749195354132","R-cam-1-2","Preserve useful approved connection close-up; no macro-wide room redesign."
"2","R-bolt-install-6","CONNECTION_CLOSE_UP","40.70102277777776","41.10430277777776","false","57.84269248241222","57.84269248241222","0.41867368163451335","0.41867368163451335","R-bolt-1-2","Preserve useful approved connection close-up; no macro-wide room redesign."
"2","R-joint-target-7","CONNECTION_CLOSE_UP","41.10430277777776","41.22430277777776","false","57.84269248241222","57.84269248241222","0","0","","Preserve useful approved connection close-up; no macro-wide room redesign."
"2","R-cam-install-7","CONNECTION_CLOSE_UP","41.22430277777776","41.510402777777756","false","57.84269248241222","57.84269248241222","0.2127874919535416","0.2127874919535416","R-cam-1-3","Preserve useful approved connection close-up; no macro-wide room redesign."
"2","R-bolt-install-7","CONNECTION_CLOSE_UP","41.510402777777756","41.91368277777776","false","57.84269248241222","57.84269248241222","0.4186736816345133","0.4186736816345133","R-bolt-1-3","Preserve useful approved connection close-up; no macro-wide room redesign."
"2","R-cam-lock-0","CONNECTION_CLOSE_UP","41.91368277777776","42.06668277777776","false","57.84269248241222","57.84269248241222","0.06629553392781641","0.06629553392781641","R-cam--1-0","Preserve useful approved connection close-up; no macro-wide room redesign."
"2","R-cam-lock-1","CONNECTION_CLOSE_UP","42.06668277777776","42.219682777777756","false","57.84269248241222","57.84269248241222","0.06629553392781641","0.06629553392781641","R-cam--1-1","Preserve useful approved connection close-up; no macro-wide room redesign."
"2","R-cam-lock-2","CONNECTION_CLOSE_UP","42.219682777777756","42.372682777777754","false","57.84269248241222","57.84269248241222","0.06629553392781633","0.06629553392781633","R-cam--1-2","Preserve useful approved connection close-up; no macro-wide room redesign."
"2","R-cam-lock-3","CONNECTION_CLOSE_UP","42.372682777777754","42.52568277777775","false","57.84269248241222","57.84269248241222","0.06629553392781642","0.06629553392781642","R-cam--1-3","Preserve useful approved connection close-up; no macro-wide room redesign."
"2","R-cam-lock-4","CONNECTION_CLOSE_UP","42.52568277777775","42.67868277777775","false","57.84269248241222","57.84269248241222","0.06821088291951459","0.06821088291951459","R-cam-1-0","Preserve useful approved connection close-up; no macro-wide room redesign."
"2","R-cam-lock-5","CONNECTION_CLOSE_UP","42.67868277777775","42.83168277777775","false","57.84269248241222","57.84269248241222","0.06821088291951467","0.06821088291951467","R-cam-1-1","Preserve useful approved connection close-up; no macro-wide room redesign."
"2","R-cam-lock-6","CONNECTION_CLOSE_UP","42.83168277777775","42.98468277777775","false","57.84269248241222","57.84269248241222","0.06821088291951459","0.06821088291951459","R-cam-1-2","Preserve useful approved connection close-up; no macro-wide room redesign."
"2","R-cam-lock-7","CONNECTION_CLOSE_UP","42.98468277777775","43.13768277777775","false","57.84269248241222","57.84269248241222","0.0682108829195146","0.0682108829195146","R-cam-1-3","Preserve useful approved connection close-up; no macro-wide room redesign."
"2","R-verify","WORKING_MEDIUM","43.13768277777775","43.787682777777746","false","294.15005544485604","294.15005544485604","0.7725617209219457","0.7725617209219457","A2 | A4 | A6 | A7-R | A8-R | A9-R","Working-medium framing already readable."
"2","R-result","WORKING_MEDIUM","43.787682777777746","44.587682777777744","false","294.15005544485604","294.15005544485604","0.7725617209219457","0.7725617209219457","A2 | A4 | A6 | A7-R | A8-R | A9-R","Working-medium framing already readable."
"3","S3-supported-sides","WORKING_MEDIUM","44.587682777777744","45.73768277777774","false","543.6099157757642","543.6099157757642","0.962900945574667","0.962900945574667","A5 | A7 | A8 | A9 | A1 | A3 | A6 | A7-R | A8-R | A9-R | A2 | A4","Working-medium framing already readable."
"3","S3-introduce-lower-frame","WORKING_MEDIUM","45.73768277777774","46.78768277777774","false","406.07973363590804","406.07973363590804","0.6053875219658038","0.6053875219658038","D5 | B9 | E3 | E4","Working-medium framing already readable."
"3","S3-center-target","CONNECTION_CLOSE_UP","46.78768277777774","47.63768277777774","false","176.74174007904128","176.74174007904128","0","0","","Preserve useful approved connection close-up; no macro-wide room redesign."
"3","S3-seat-E4","CONNECTION_CLOSE_UP","47.63768277777774","48.65483277777774","false","176.74174007904128","176.74174007904128","0.627171840122631","0.627171840122631","E4","Preserve useful approved connection close-up; no macro-wide room redesign."
"3","S3-seat-D5-on-E4","CONNECTION_CLOSE_UP","48.65483277777774","49.56408277777774","false","176.74174007904128","176.74174007904128","1.305958142163972","1.305958142163972","D5","Preserve useful approved connection close-up; no macro-wide room redesign."
"3","S3-E3--1-dowel-insert","CONNECTION_CLOSE_UP","49.56408277777774","50.14988277777774","false","65.81118334434191","65.81118334434191","0.10498144299220519","0.10498144299220519","S3-E3--1-dowel","Preserve useful approved connection close-up; no macro-wide room redesign."
"3","S3-E3-1-dowel-insert","CONNECTION_CLOSE_UP","50.14988277777774","50.49700277777774","false","65.81118334434191","65.81118334434191","0.10239973314914771","0.10239973314914771","S3-E3-1-dowel","Preserve useful approved connection close-up; no macro-wide room redesign."
"3","S3-B9--1-dowel-insert","CONNECTION_CLOSE_UP","50.49700277777774","50.844122777777734","false","65.81118334434191","65.81118334434191","0.1023997331491479","0.1023997331491479","S3-B9--1-dowel","Preserve useful approved connection close-up; no macro-wide room redesign."
"3","S3-B9-1-dowel-insert","CONNECTION_CLOSE_UP","50.844122777777734","51.19124277777773","false","65.81118334434191","65.81118334434191","0.10239973314914771","0.10239973314914771","S3-B9-1-dowel","Preserve useful approved connection close-up; no macro-wide room redesign."
"3","S3-D5--1-dowel-insert","CONNECTION_CLOSE_UP","51.19124277777773","51.53836277777773","false","65.81118334434191","65.81118334434191","0.1023997331491479","0.1023997331491479","S3-D5--1-dowel","Preserve useful approved connection close-up; no macro-wide room redesign."
"3","S3-D5-1-dowel-insert","CONNECTION_CLOSE_UP","51.53836277777773","51.885482777777725","false","65.81118334434191","65.81118334434191","0.10239973314914771","0.10239973314914771","S3-D5-1-dowel","Preserve useful approved connection close-up; no macro-wide room redesign."
"3","S3-first-side-target","CONNECTION_CLOSE_UP","51.885482777777725","52.735482777777726","false","71.50894025520212","71.50894025520212","0","0","","Preserve useful approved connection close-up; no macro-wide room redesign."
"3","S3-seat-first-side","WORKING_MEDIUM","52.735482777777726","54.346082777777724","false","406.07973363590804","406.07973363590804","0.6240552170977739","0.6240552170977739","D5 | B9 | E3 | E4","Working-medium framing already readable."
"3","S3-second-side-alignment","CONNECTION_CLOSE_UP","54.346082777777724","55.196082777777725","false","212.1618913267821","212.1618913267821","0","0","","Preserve useful approved connection close-up; no macro-wide room redesign."
"3","S3-close-second-side","CONNECTION_CLOSE_UP","55.196082777777725","56.69878277777772","false","212.1618913267821","212.1618913267821","3.2922412838291724","3.2922412838291724","A6 | A7-R | A8-R | A9-R | A2 | A4 | R-dowel--1-0 | R-dowel--1-1 | R-dowel--1-2 | R-dowel-1-0 | R-dowel-1-1 | R-dowel-1-2 | R-cam--1-0 | R-bolt--1-0 | R-cam--1-1 | R-bolt--1-1 | R-cam--1-2 | R-bolt--1-2 | R-cam--1-3 | R-bolt--1-3 | R-cam-1-0 | R-bolt-1-0 | R-cam-1-1 | R-bolt-1-1 | R-cam-1-2 | R-bolt-1-2 | R-cam-1-3 | R-bolt-1-3","Preserve useful approved connection close-up; no macro-wide room redesign."
"3","S3-start-all-warning","WORKING_MEDIUM","56.69878277777772","57.548782777777724","false","406.07973363590804","406.07973363590804","0.5870178347012084","0.5870178347012084","D5 | B9 | E3 | E4","Working-medium framing already readable."
"3","S3-E3--1-cam-insert","CONNECTION_CLOSE_UP","57.548782777777724","57.98044944444439","false","71.50894025520212","71.50894025520212","0.10338310823663976","0.10338310823663976","S3-E3--1-cam","Preserve useful approved connection close-up; no macro-wide room redesign."
"3","S3-E3--1-bolt-start","CONNECTION_CLOSE_UP","57.98044944444439","58.61989388888883","false","71.50894025520212","71.50894025520212","0.16606076145629994","0.16606076145629994","S3-E3--1-bolt","Preserve useful approved connection close-up; no macro-wide room redesign."
"3","S3-E3-1-cam-insert","CONNECTION_CLOSE_UP","58.61989388888883","58.96701388888883","false","71.50894025520212","71.50894025520212","0.10245785722239113","0.10245785722239113","S3-E3-1-cam","Preserve useful approved connection close-up; no macro-wide room redesign."
"3","S3-E3-1-bolt-start","CONNECTION_CLOSE_UP","58.96701388888883","59.44265388888883","false","71.50894025520212","71.50894025520212","0.16485640912416605","0.16485640912416605","S3-E3-1-bolt","Preserve useful approved connection close-up; no macro-wide room redesign."
"3","S3-B9--1-cam-insert","CONNECTION_CLOSE_UP","59.44265388888883","59.789773888888824","false","71.50894025520212","71.50894025520212","0.10245785722239108","0.10245785722239108","S3-B9--1-cam","Preserve useful approved connection close-up; no macro-wide room redesign."
"3","S3-B9--1-bolt-start","CONNECTION_CLOSE_UP","59.789773888888824","60.26541388888882","false","71.50894025520212","71.50894025520212","0.16485640912416605","0.16485640912416605","S3-B9--1-bolt","Preserve useful approved connection close-up; no macro-wide room redesign."
"3","S3-B9-1-cam-insert","CONNECTION_CLOSE_UP","60.26541388888882","60.61253388888882","false","71.50894025520212","71.50894025520212","0.10245785722239108","0.10245785722239108","S3-B9-1-cam","Preserve useful approved connection close-up; no macro-wide room redesign."
"3","S3-B9-1-bolt-start","CONNECTION_CLOSE_UP","60.61253388888882","61.08817388888882","false","71.50894025520212","71.50894025520212","0.16485640912416605","0.16485640912416605","S3-B9-1-bolt","Preserve useful approved connection close-up; no macro-wide room redesign."
"3","S3-D5--1-cam-insert","CONNECTION_CLOSE_UP","61.08817388888882","61.435293888888815","false","71.50894025520212","71.50894025520212","0.10245785722239102","0.10245785722239102","S3-D5--1-cam","Preserve useful approved connection close-up; no macro-wide room redesign."
"3","S3-D5--1-bolt-start","CONNECTION_CLOSE_UP","61.435293888888815","61.91093388888881","false","71.50894025520212","71.50894025520212","0.16485640912416605","0.16485640912416605","S3-D5--1-bolt","Preserve useful approved connection close-up; no macro-wide room redesign."
"3","S3-D5-1-cam-insert","CONNECTION_CLOSE_UP","61.91093388888881","62.25805388888881","false","71.50894025520212","71.50894025520212","0.10245785722239102","0.10245785722239102","S3-D5-1-cam","Preserve useful approved connection close-up; no macro-wide room redesign."
"3","S3-D5-1-bolt-start","CONNECTION_CLOSE_UP","62.25805388888881","62.73369388888881","false","71.50894025520212","71.50894025520212","0.16485640912416605","0.16485640912416605","S3-D5-1-bolt","Preserve useful approved connection close-up; no macro-wide room redesign."
"3","S3-square-before-tightening","WORKING_MEDIUM","62.73369388888881","63.783693888888806","false","406.07973363590804","406.07973363590804","0.5870178347012084","0.5870178347012084","D5 | B9 | E3 | E4","Working-medium framing already readable."
"3","S3-E3--1-final-tightening","CONNECTION_CLOSE_UP","63.783693888888806","64.0486938888888","false","71.50894025520212","71.50894025520212","0.09238340701559138","0.09238340701559138","S3-E3--1-bolt | S3-E3--1-cam","Preserve useful approved connection close-up; no macro-wide room redesign."
"3","S3-E3-1-final-tightening","CONNECTION_CLOSE_UP","64.0486938888888","64.3136938888888","false","71.50894025520212","71.50894025520212","0.09238340701559138","0.09238340701559138","S3-E3-1-bolt | S3-E3-1-cam","Preserve useful approved connection close-up; no macro-wide room redesign."
"3","S3-B9--1-final-tightening","CONNECTION_CLOSE_UP","64.3136938888888","64.57869388888881","false","71.50894025520212","71.50894025520212","0.09238340701559138","0.09238340701559138","S3-B9--1-bolt | S3-B9--1-cam","Preserve useful approved connection close-up; no macro-wide room redesign."
"3","S3-B9-1-final-tightening","CONNECTION_CLOSE_UP","64.57869388888881","64.84369388888881","false","71.50894025520212","71.50894025520212","0.09238340701559138","0.09238340701559138","S3-B9-1-bolt | S3-B9-1-cam","Preserve useful approved connection close-up; no macro-wide room redesign."
"3","S3-D5--1-final-tightening","CONNECTION_CLOSE_UP","64.84369388888881","65.10869388888881","false","71.50894025520212","71.50894025520212","0.09238340701559138","0.09238340701559138","S3-D5--1-bolt | S3-D5--1-cam","Preserve useful approved connection close-up; no macro-wide room redesign."
"3","S3-D5-1-final-tightening","CONNECTION_CLOSE_UP","65.10869388888881","65.37369388888881","false","71.50894025520212","71.50894025520212","0.09238340701559138","0.09238340701559138","S3-D5-1-bolt | S3-D5-1-cam","Preserve useful approved connection close-up; no macro-wide room redesign."
"3","S3-complete","WORKING_MEDIUM","65.37369388888881","66.1736938888888","false","372.06146869357144","372.06146869357144","0.6544359881410918","0.6544359881410918","D5 | B9 | E3 | E4","Working-medium framing already readable."
"4","S4-context","WORKING_MEDIUM","66.1736938888888","66.9736938888888","false","334.99827022217994","334.99827022217994","1.5434677689999117","1.5434677689999117","A1 | A3 | A2 | A4 | D5","Working-medium framing already readable."
"4","S4-introduce","WORKING_MEDIUM","66.9736938888888","67.87369388888881","false","334.99827022217994","334.99827022217994","0.6844936921812976","0.6844936921812976","B8-4--1 | B8-4-1 | B7-4 | D4-1","Working-medium framing already readable."
"4","S4-target","CONNECTION_CLOSE_UP","67.87369388888881","68.52369388888881","false","155.61632048640269","155.61632048640269","0","0","","Preserve useful approved connection close-up; no macro-wide room redesign."
"4","S4-B8-4--1-seat","WORKING_MEDIUM","68.52369388888881","69.57369388888881","false","334.99827022217994","334.99827022217994","0.6844936921812976","0.6844936921812976","B8-4--1 | B8-4-1 | B7-4 | D4-1","Working-medium framing already readable."
"4","S4-B8-4-1-seat","WORKING_MEDIUM","69.57369388888881","70.62369388888881","false","334.99827022217994","334.99827022217994","0.6844936921812976","0.6844936921812976","B8-4--1 | B8-4-1 | B7-4 | D4-1","Working-medium framing already readable."
"4","S4-B7-seat","CONNECTION_CLOSE_UP","70.62369388888881","71.87369388888881","false","155.61632048640269","155.61632048640269","0.7151795914484594","0.7151795914484594","B7-4","Preserve useful approved connection close-up; no macro-wide room redesign."
"4","S4-D4-1-seat","WORKING_MEDIUM","71.87369388888881","73.27369388888881","false","334.99827022217994","334.99827022217994","0.6832492457653285","0.6832492457653285","B8-4--1 | B8-4-1 | B7-4 | D4-1","Working-medium framing already readable."
"4","S4-D4-1--1-target","CONNECTION_CLOSE_UP","73.27369388888881","73.62369388888881","false","62.50346892739149","62.50346892739149","0","0","","Preserve useful approved connection close-up; no macro-wide room redesign."
"4","S4-D4-1--1-dowel","CONNECTION_CLOSE_UP","73.62369388888881","74.12369388888881","false","62.50346892739149","62.50346892739149","0.11841442600268354","0.11841442600268354","S4-D4-1--1-dowel","Preserve useful approved connection close-up; no macro-wide room redesign."
"4","S4-D4-1--1-cam","CONNECTION_CLOSE_UP","74.12369388888881","74.60369388888881","false","62.50346892739149","62.50346892739149","0.10331028501749491","0.10331028501749491","S4-D4-1--1-cam","Preserve useful approved connection close-up; no macro-wide room redesign."
"4","S4-D4-1--1-start","CONNECTION_CLOSE_UP","74.60369388888881","75.3136938888888","false","62.50346892739149","62.50346892739149","0.1782104724542476","0.1782104724542476","S4-D4-1--1-bolt","Preserve useful approved connection close-up; no macro-wide room redesign."
"4","S4-D4-1-1-target","CONNECTION_CLOSE_UP","75.3136938888888","75.6636938888888","false","62.50346892739149","62.50346892739149","0","0","","Preserve useful approved connection close-up; no macro-wide room redesign."
"4","S4-D4-1-1-dowel","CONNECTION_CLOSE_UP","75.6636938888888","76.1636938888888","false","62.50346892739149","62.50346892739149","0.1125647750229736","0.1125647750229736","S4-D4-1-1-dowel","Preserve useful approved connection close-up; no macro-wide room redesign."
"4","S4-D4-1-1-cam","CONNECTION_CLOSE_UP","76.1636938888888","76.6436938888888","false","62.50346892739149","62.50346892739149","0.09929666097905282","0.09929666097905282","S4-D4-1-1-cam","Preserve useful approved connection close-up; no macro-wide room redesign."
"4","S4-D4-1-1-start","CONNECTION_CLOSE_UP","76.6436938888888","77.3536938888888","false","62.50346892739149","62.50346892739149","0.16977881765680153","0.16977881765680153","S4-D4-1-1-bolt","Preserve useful approved connection close-up; no macro-wide room redesign."
"4","S4-square","WORKING_MEDIUM","77.3536938888888","78.1536938888888","false","334.99827022217994","334.99827022217994","0.6505726642285943","0.6505726642285943","B8-4--1 | B8-4-1 | B7-4 | D4-1","Working-medium framing already readable."
"4","S4-D4-1--1-tighten","CONNECTION_CLOSE_UP","78.1536938888888","78.5136938888888","false","62.50346892739149","62.50346892739149","0.11106632367463837","0.11106632367463837","S4-D4-1--1-bolt | S4-D4-1--1-cam","Preserve useful approved connection close-up; no macro-wide room redesign."
"4","S4-D4-1-1-tighten","CONNECTION_CLOSE_UP","78.5136938888888","78.8736938888888","false","62.50346892739149","62.50346892739149","0.1073334006637529","0.1073334006637529","S4-D4-1-1-bolt | S4-D4-1-1-cam","Preserve useful approved connection close-up; no macro-wide room redesign."
"4","S4-complete","WORKING_MEDIUM","78.8736938888888","79.72369388888879","false","334.99827022217994","334.99827022217994","0.6505726642285943","0.6505726642285943","B8-4--1 | B8-4-1 | B7-4 | D4-1","Working-medium framing already readable."
"5","S5-context","WORKING_MEDIUM","79.72369388888879","80.52369388888879","false","334.99827022217994","334.99827022217994","0","0","","Working-medium framing already readable."
"5","S5-introduce","WORKING_MEDIUM","80.52369388888879","81.42369388888879","false","334.99827022217994","334.99827022217994","0.6844936921812976","0.6844936921812976","B8-5--1 | B8-5-1 | B7-5 | D4-2","Working-medium framing already readable."
"5","S5-target","CONNECTION_CLOSE_UP","81.42369388888879","82.0736938888888","false","155.61632048640269","155.61632048640269","0","0","","Preserve useful approved connection close-up; no macro-wide room redesign."
"5","S5-B8-5--1-seat","WORKING_MEDIUM","82.0736938888888","83.1236938888888","false","334.99827022217994","334.99827022217994","0.6844936921812976","0.6844936921812976","B8-5--1 | B8-5-1 | B7-5 | D4-2","Working-medium framing already readable."
"5","S5-B8-5-1-seat","WORKING_MEDIUM","83.1236938888888","84.17369388888879","false","334.99827022217994","334.99827022217994","0.6844936921812976","0.6844936921812976","B8-5--1 | B8-5-1 | B7-5 | D4-2","Working-medium framing already readable."
"5","S5-B7-seat","CONNECTION_CLOSE_UP","84.17369388888879","85.42369388888879","false","155.61632048640269","155.61632048640269","0.7151795914484597","0.7151795914484597","B7-5","Preserve useful approved connection close-up; no macro-wide room redesign."
"5","S5-D4-2-seat","WORKING_MEDIUM","85.42369388888879","86.8236938888888","false","334.99827022217994","334.99827022217994","0.6832492457653285","0.6832492457653285","B8-5--1 | B8-5-1 | B7-5 | D4-2","Working-medium framing already readable."
"5","S5-D4-2--1-target","CONNECTION_CLOSE_UP","86.8236938888888","87.17369388888879","false","62.50346892739149","62.50346892739149","0","0","","Preserve useful approved connection close-up; no macro-wide room redesign."
"5","S5-D4-2--1-dowel","CONNECTION_CLOSE_UP","87.17369388888879","87.67369388888879","false","62.50346892739149","62.50346892739149","0.11841442600268352","0.11841442600268352","S5-D4-2--1-dowel","Preserve useful approved connection close-up; no macro-wide room redesign."
"5","S5-D4-2--1-cam","CONNECTION_CLOSE_UP","87.67369388888879","88.1536938888888","false","62.50346892739149","62.50346892739149","0.10331028501749628","0.10331028501749628","S5-D4-2--1-cam","Preserve useful approved connection close-up; no macro-wide room redesign."
"5","S5-D4-2--1-start","CONNECTION_CLOSE_UP","88.1536938888888","88.86369388888879","false","62.50346892739149","62.50346892739149","0.17821047245424765","0.17821047245424765","S5-D4-2--1-bolt","Preserve useful approved connection close-up; no macro-wide room redesign."
"5","S5-D4-2-1-target","CONNECTION_CLOSE_UP","88.86369388888879","89.21369388888878","false","62.50346892739149","62.50346892739149","0","0","","Preserve useful approved connection close-up; no macro-wide room redesign."
"5","S5-D4-2-1-dowel","CONNECTION_CLOSE_UP","89.21369388888878","89.71369388888878","false","62.50346892739149","62.50346892739149","0.1125647750229736","0.1125647750229736","S5-D4-2-1-dowel","Preserve useful approved connection close-up; no macro-wide room redesign."
"5","S5-D4-2-1-cam","CONNECTION_CLOSE_UP","89.71369388888878","90.19369388888879","false","62.50346892739149","62.50346892739149","0.09929666097905417","0.09929666097905417","S5-D4-2-1-cam","Preserve useful approved connection close-up; no macro-wide room redesign."
"5","S5-D4-2-1-start","CONNECTION_CLOSE_UP","90.19369388888879","90.90369388888878","false","62.50346892739149","62.50346892739149","0.16977881765680156","0.16977881765680156","S5-D4-2-1-bolt","Preserve useful approved connection close-up; no macro-wide room redesign."
"5","S5-square","WORKING_MEDIUM","90.90369388888878","91.70369388888878","false","334.99827022217994","334.99827022217994","0.6505726642285943","0.6505726642285943","B8-5--1 | B8-5-1 | B7-5 | D4-2","Working-medium framing already readable."
"5","S5-D4-2--1-tighten","CONNECTION_CLOSE_UP","91.70369388888878","92.06369388888878","false","62.50346892739149","62.50346892739149","0.11106632367463841","0.11106632367463841","S5-D4-2--1-bolt | S5-D4-2--1-cam","Preserve useful approved connection close-up; no macro-wide room redesign."
"5","S5-D4-2-1-tighten","CONNECTION_CLOSE_UP","92.06369388888878","92.42369388888878","false","62.50346892739149","62.50346892739149","0.10733340066375291","0.10733340066375291","S5-D4-2-1-bolt | S5-D4-2-1-cam","Preserve useful approved connection close-up; no macro-wide room redesign."
"5","S5-complete","WORKING_MEDIUM","92.42369388888878","93.27369388888877","false","334.99827022217994","334.99827022217994","0.6505726642285943","0.6505726642285943","B8-5--1 | B8-5-1 | B7-5 | D4-2","Working-medium framing already readable."
"6","S6-context","WORKING_MEDIUM","93.27369388888877","94.07369388888877","false","335.26791990515034","335.26791990515034","0","0","","Working-medium framing already readable."
"6","S6-introduce","WORKING_MEDIUM","94.07369388888877","94.97369388888877","false","335.26791990515034","335.26791990515034","0.6844936921812976","0.6844936921812976","B8-6--1 | B8-6-1 | B7-6 | B5 | B6","Working-medium framing already readable."
"6","S6-target","CONNECTION_CLOSE_UP","94.97369388888877","95.62369388888878","false","159.47560044996203","159.47560044996203","0","0","","Preserve useful approved connection close-up; no macro-wide room redesign."
"6","S6-B8-6--1-seat","WORKING_MEDIUM","95.62369388888878","96.67369388888878","false","335.26791990515034","335.26791990515034","0.6844936921812976","0.6844936921812976","B8-6--1 | B8-6-1 | B7-6 | B5 | B6","Working-medium framing already readable."
"6","S6-B8-6-1-seat","WORKING_MEDIUM","96.67369388888878","97.72369388888877","false","335.26791990515034","335.26791990515034","0.6844936921812976","0.6844936921812976","B8-6--1 | B8-6-1 | B7-6 | B5 | B6","Working-medium framing already readable."
"6","S6-B7-seat","CONNECTION_CLOSE_UP","97.72369388888877","98.97369388888877","false","159.47560044996203","159.47560044996203","0.7232350670096053","0.7232350670096053","B7-6","Preserve useful approved connection close-up; no macro-wide room redesign."
"6","S6-B5-seat","WORKING_MEDIUM","98.97369388888877","100.37369388888878","false","335.26791990515034","335.26791990515034","0.6832492457653285","0.6832492457653285","B8-6--1 | B8-6-1 | B7-6 | B5 | B6","Working-medium framing already readable."
"6","S6-B6-seat","WORKING_MEDIUM","100.37369388888878","101.77369388888879","false","335.26791990515034","335.26791990515034","0.650572664228594","0.650572664228594","B8-6--1 | B8-6-1 | B7-6 | B5 | B6","Working-medium framing already readable."
"6","S6-B5--1-target","CONNECTION_CLOSE_UP","101.77369388888879","102.12369388888878","false","62.50346892739149","62.50346892739149","0","0","","Preserve useful approved connection close-up; no macro-wide room redesign."
"6","S6-B5--1-dowel","CONNECTION_CLOSE_UP","102.12369388888878","102.62369388888878","false","62.50346892739149","62.50346892739149","0.11841442600268356","0.11841442600268356","S6-B5--1-dowel","Preserve useful approved connection close-up; no macro-wide room redesign."
"6","S6-B5--1-cam","CONNECTION_CLOSE_UP","102.62369388888878","103.10369388888878","false","62.50346892739149","62.50346892739149","0.10331028501749534","0.10331028501749534","S6-B5--1-cam","Preserve useful approved connection close-up; no macro-wide room redesign."
"6","S6-B5--1-start","CONNECTION_CLOSE_UP","103.10369388888878","103.81369388888878","false","62.50346892739149","62.50346892739149","0.17821047245424768","0.17821047245424768","S6-B5--1-bolt","Preserve useful approved connection close-up; no macro-wide room redesign."
"6","S6-B5-1-target","CONNECTION_CLOSE_UP","103.81369388888878","104.16369388888877","false","62.50346892739149","62.50346892739149","0","0","","Preserve useful approved connection close-up; no macro-wide room redesign."
"6","S6-B5-1-dowel","CONNECTION_CLOSE_UP","104.16369388888877","104.66369388888877","false","62.50346892739149","62.50346892739149","0.1125647750229736","0.1125647750229736","S6-B5-1-dowel","Preserve useful approved connection close-up; no macro-wide room redesign."
"6","S6-B5-1-cam","CONNECTION_CLOSE_UP","104.66369388888877","105.14369388888878","false","62.50346892739149","62.50346892739149","0.09929666097905321","0.09929666097905321","S6-B5-1-cam","Preserve useful approved connection close-up; no macro-wide room redesign."
"6","S6-B5-1-start","CONNECTION_CLOSE_UP","105.14369388888878","105.85369388888877","false","62.50346892739149","62.50346892739149","0.16977881765680156","0.16977881765680156","S6-B5-1-bolt","Preserve useful approved connection close-up; no macro-wide room redesign."
"6","S6-B6--1-target","CONNECTION_CLOSE_UP","105.85369388888877","106.20369388888876","false","62.503468927391495","62.503468927391495","0","0","","Preserve useful approved connection close-up; no macro-wide room redesign."
"6","S6-B6--1-dowel","CONNECTION_CLOSE_UP","106.20369388888876","106.70369388888876","false","62.503468927391495","62.503468927391495","0.11841442600268373","0.11841442600268373","S6-B6--1-dowel","Preserve useful approved connection close-up; no macro-wide room redesign."
"6","S6-B6--1-cam","CONNECTION_CLOSE_UP","106.70369388888876","107.18369388888877","false","62.503468927391495","62.503468927391495","0.10331028501749624","0.10331028501749624","S6-B6--1-cam","Preserve useful approved connection close-up; no macro-wide room redesign."
"6","S6-B6--1-start","CONNECTION_CLOSE_UP","107.18369388888877","107.89369388888876","false","62.503468927391495","62.503468927391495","0.17821047245424776","0.17821047245424776","S6-B6--1-bolt","Preserve useful approved connection close-up; no macro-wide room redesign."
"6","S6-B6-1-target","CONNECTION_CLOSE_UP","107.89369388888876","108.24369388888876","false","62.503468927391495","62.503468927391495","0","0","","Preserve useful approved connection close-up; no macro-wide room redesign."
"6","S6-B6-1-dowel","CONNECTION_CLOSE_UP","108.24369388888876","108.74369388888876","false","62.503468927391495","62.503468927391495","0.1125647750229738","0.1125647750229738","S6-B6-1-dowel","Preserve useful approved connection close-up; no macro-wide room redesign."
"6","S6-B6-1-cam","CONNECTION_CLOSE_UP","108.74369388888876","109.22369388888876","false","62.503468927391495","62.503468927391495","0.09929666097905411","0.09929666097905411","S6-B6-1-cam","Preserve useful approved connection close-up; no macro-wide room redesign."
"6","S6-B6-1-start","CONNECTION_CLOSE_UP","109.22369388888876","109.93369388888875","false","62.503468927391495","62.503468927391495","0.1697788176568017","0.1697788176568017","S6-B6-1-bolt","Preserve useful approved connection close-up; no macro-wide room redesign."
"6","S6-square","WORKING_MEDIUM","109.93369388888875","110.73369388888875","false","335.26791990515034","335.26791990515034","0.650572664228594","0.650572664228594","B8-6--1 | B8-6-1 | B7-6 | B5 | B6","Working-medium framing already readable."
"6","S6-B5--1-tighten","CONNECTION_CLOSE_UP","110.73369388888875","111.09369388888875","false","62.50346892739149","62.50346892739149","0.11106632367463842","0.11106632367463842","S6-B5--1-bolt | S6-B5--1-cam","Preserve useful approved connection close-up; no macro-wide room redesign."
"6","S6-B5-1-tighten","CONNECTION_CLOSE_UP","111.09369388888875","111.45369388888875","false","62.50346892739149","62.50346892739149","0.10733340066375292","0.10733340066375292","S6-B5-1-bolt | S6-B5-1-cam","Preserve useful approved connection close-up; no macro-wide room redesign."
"6","S6-B6--1-tighten","CONNECTION_CLOSE_UP","111.45369388888875","111.81369388888875","false","62.503468927391495","62.503468927391495","0.11106632367463838","0.11106632367463838","S6-B6--1-bolt | S6-B6--1-cam","Preserve useful approved connection close-up; no macro-wide room redesign."
"6","S6-B6-1-tighten","CONNECTION_CLOSE_UP","111.81369388888875","112.17369388888875","false","62.503468927391495","62.503468927391495","0.10733340066375291","0.10733340066375291","S6-B6-1-bolt | S6-B6-1-cam","Preserve useful approved connection close-up; no macro-wide room redesign."
"6","S6-complete","WORKING_MEDIUM","112.17369388888875","113.02369388888874","false","335.26791990515034","335.26791990515034","0.650572664228594","0.650572664228594","B8-6--1 | B8-6-1 | B7-6 | B5 | B6","Working-medium framing already readable."
"7","S7-context","WORKING_MEDIUM","113.02369388888874","114.12369388888874","false","356.8406155542114","356.8406155542114","0.6578879072385395","0.6578879072385395","B1-front | B1-rear | B2-left | B2-right | B3 | B4-left | B4-right","Working-medium framing already readable."
"7","S7-groove-target","CONNECTION_CLOSE_UP","114.12369388888874","115.02369388888874","false","123.16922111790355","123.16922111790355","0","0","","Preserve useful approved connection close-up; no macro-wide room redesign."
"7","B4-left-seat","WORKING_MEDIUM","115.02369388888874","116.37369388888874","false","356.8406155542114","356.8406155542114","0.6578879072385395","0.6578879072385395","B1-front | B1-rear | B2-left | B2-right | B3 | B4-left | B4-right","Working-medium framing already readable."
"7","B4-right-seat","WORKING_MEDIUM","116.37369388888874","117.72369388888873","false","356.8406155542114","356.8406155542114","0.6578879072385395","0.6578879072385395","B1-front | B1-rear | B2-left | B2-right | B3 | B4-left | B4-right","Working-medium framing already readable."
"7","B2-left-align","CONNECTION_CLOSE_UP","117.72369388888873","118.97369388888873","false","123.16922111790355","123.16922111790355","0.4051161487849803","0.4051161487849803","B2-left","Preserve useful approved connection close-up; no macro-wide room redesign."
"7","B3-align","CONNECTION_CLOSE_UP","118.97369388888873","120.22369388888873","false","101.6394886855468","101.6394886855468","0.6912609459540277","0.6912609459540277","B3","Preserve useful approved connection close-up; no macro-wide room redesign."
"7","B2-right-align","CONNECTION_CLOSE_UP","120.22369388888873","121.47369388888873","false","123.16922111790355","123.16922111790355","0.4051161487849803","0.4051161487849803","B2-right","Preserve useful approved connection close-up; no macro-wide room redesign."
"7","B1-rear-close","WORKING_MEDIUM","121.47369388888873","122.82369388888873","false","356.8406155542114","356.8406155542114","0.6150216480275685","0.6150216480275685","B1-front | B1-rear | B2-left | B2-right | B3 | B4-left | B4-right","Working-medium framing already readable."
"7","B1-front-close","WORKING_MEDIUM","122.82369388888873","124.17369388888872","false","356.8406155542114","356.8406155542114","0.614709966863078","0.614709966863078","B1-front | B1-rear | B2-left | B2-right | B3 | B4-left | B4-right","Working-medium framing already readable."
"7","S7-H13-0-install","CONNECTION_CLOSE_UP","124.17369388888872","125.55369388888872","false","82.96390791430144","82.96390791430144","0.29967829155100606","0.29967829155100606","S7-H13-0","Preserve useful approved connection close-up; no macro-wide room redesign."
"7","S7-H13-1-install","CONNECTION_CLOSE_UP","125.55369388888872","126.63369388888871","false","82.96390791430144","82.96390791430144","0.2901003641793493","0.2901003641793493","S7-H13-1","Preserve useful approved connection close-up; no macro-wide room redesign."
"7","S7-H13-2-install","CONNECTION_CLOSE_UP","126.63369388888871","127.36369388888872","false","82.96390791430144","82.96390791430144","0.2879052378929045","0.2879052378929045","S7-H13-2","Preserve useful approved connection close-up; no macro-wide room redesign."
"7","S7-H13-3-install","CONNECTION_CLOSE_UP","127.36369388888872","128.0936938888887","false","82.96390791430144","82.96390791430144","0.2879052378929043","0.2879052378929043","S7-H13-3","Preserve useful approved connection close-up; no macro-wide room redesign."
"7","S7-H13-4-install","CONNECTION_CLOSE_UP","128.0936938888887","128.8236938888887","false","82.96390791430144","82.96390791430144","0.2879052378929043","0.2879052378929043","S7-H13-4","Preserve useful approved connection close-up; no macro-wide room redesign."
"7","S7-H13-5-install","CONNECTION_CLOSE_UP","128.8236938888887","129.5536938888887","false","82.96390791430144","82.96390791430144","0.2879052378929046","0.2879052378929046","S7-H13-5","Preserve useful approved connection close-up; no macro-wide room redesign."
"7","S7-complete","WORKING_MEDIUM","129.5536938888887","130.5536938888887","false","356.8406155542114","356.8406155542114","0.6038519877490189","0.6038519877490189","B1-front | B1-rear | B2-left | B2-right | B3 | B4-left | B4-right","Working-medium framing already readable."
"8","S8-context","CONTEXT_WIDE","130.5536938888887","131.4536938888887","false","665.974403864569","665.974403864569","0.8682656539518782","0.8682656539518782","A5 | A7 | A8 | A9 | A1 | A3 | A6 | A7-R | A8-R | A9-R | A2 | A4 | E3 | B9 | D5 | E4 | B8-4--1 | B8-4-1 | B7-4 | D4-1 | B8-5--1 | B8-5-1 | B7-5 | D4-2 | B8-6--1 | B8-6-1 | B7-6 | B5 | B6 | B1-rear | B1-front | B2-left | B3 | B2-right | B4-left | B4-right","Deliberate context/orientation view; preserve spatial relationship."
"8","S8-cap-lift","CONTEXT_WIDE","131.4536938888887","132.90369388888868","false","665.974403864569","665.974403864569","0.884220659237536","0.884220659237536","A5 | A7 | A8 | A9 | A1 | A3 | A6 | A7-R | A8-R | A9-R | A2 | A4 | E3 | B9 | D5 | E4 | B8-4--1 | B8-4-1 | B7-4 | D4-1 | B8-5--1 | B8-5-1 | B7-5 | D4-2 | B8-6--1 | B8-6-1 | B7-6 | B5 | B6 | B1-rear | B1-front | B2-left | B3 | B2-right | B4-left | B4-right","Deliberate context/orientation view; preserve spatial relationship."
"8","S8-cap-above","CONTEXT_WIDE","132.90369388888868","134.15369388888868","false","665.974403864569","665.974403864569","0.8072054469620386","0.8072054469620386","A5 | A7 | A8 | A9 | A1 | A3 | A6 | A7-R | A8-R | A9-R | A2 | A4 | E3 | B9 | D5 | E4 | B8-4--1 | B8-4-1 | B7-4 | D4-1 | B8-5--1 | B8-5-1 | B7-5 | D4-2 | B8-6--1 | B8-6-1 | B7-6 | B5 | B6 | B1-rear | B1-front | B2-left | B3 | B2-right | B4-left | B4-right","Deliberate context/orientation view; preserve spatial relationship."
"8","S8-four-targets","WORKING_MEDIUM","134.15369388888868","135.00369388888868","false","332.0635063011882","332.0635063011882","0.6905576453513007","0.6905576453513007","B1-front | B1-rear | B2-left | B2-right | B3 | B4-left | B4-right","Working-medium framing already readable."
"8","S8-dowel--1--18-insert","CONNECTION_CLOSE_UP","135.00369388888868","135.82369388888867","false","78.01079610366519","78.01079610366519","0.19860802295791893","0.19860802295791893","S8-dowel--1--18","Preserve useful approved connection close-up; no macro-wide room redesign."
"8","S8-dowel--1-18-insert","CONNECTION_CLOSE_UP","135.82369388888867","136.64369388888866","false","78.01079610366519","78.01079610366519","0.19860802295791893","0.19860802295791893","S8-dowel--1-18","Preserve useful approved connection close-up; no macro-wide room redesign."
"8","S8-dowel-1--18-insert","CONNECTION_CLOSE_UP","136.64369388888866","137.46369388888866","false","78.01079610366519","78.01079610366519","0.19860802295791893","0.19860802295791893","S8-dowel-1--18","Preserve useful approved connection close-up; no macro-wide room redesign."
"8","S8-dowel-1-18-insert","CONNECTION_CLOSE_UP","137.46369388888866","138.28369388888865","false","78.01079610366519","78.01079610366519","0.19860802295791893","0.19860802295791893","S8-dowel-1-18","Preserve useful approved connection close-up; no macro-wide room redesign."
"8","S8-lower-align","WORKING_MEDIUM","138.28369388888865","139.48369388888864","false","332.0635063011882","332.0635063011882","0.6904182853569383","0.6904182853569383","B1-front | B1-rear | B2-left | B2-right | B3 | B4-left | B4-right","Working-medium framing already readable."
"8","S8-cap-seat","WORKING_MEDIUM","139.48369388888864","140.63369388888864","false","332.0635063011882","332.0635063011882","0.644272272713649","0.644272272713649","B1-front | B1-rear | B2-left | B2-right | B3 | B4-left | B4-right","Working-medium framing already readable."
"8","S8-H12--1-0-install","CONNECTION_CLOSE_UP","140.63369388888864","141.99369388888866","false","67.28289956263077","67.28289956263077","0.2736320787618216","0.2736320787618216","S8-H12--1-0","Preserve useful approved connection close-up; no macro-wide room redesign."
"8","S8-H12--1-1-install","CONNECTION_CLOSE_UP","141.99369388888866","143.05369388888866","false","67.28289956263077","67.28289956263077","0.2722172196517405","0.2722172196517405","S8-H12--1-1","Preserve useful approved connection close-up; no macro-wide room redesign."
"8","S8-H12--1-2-install","CONNECTION_CLOSE_UP","143.05369388888866","143.76369388888867","false","67.28289956263077","67.28289956263077","0.27013490151158054","0.27013490151158054","S8-H12--1-2","Preserve useful approved connection close-up; no macro-wide room redesign."
"8","S8-H12--1-3-install","CONNECTION_CLOSE_UP","143.76369388888867","144.47369388888868","false","67.28289956263077","67.28289956263077","0.27013490151157954","0.27013490151157954","S8-H12--1-3","Preserve useful approved connection close-up; no macro-wide room redesign."
"8","S8-H12--1-4-install","CONNECTION_CLOSE_UP","144.47369388888868","145.18369388888868","false","67.28289956263077","67.28289956263077","0.27013490151157954","0.27013490151157954","S8-H12--1-4","Preserve useful approved connection close-up; no macro-wide room redesign."
"8","S8-H12-1-0-install","CONNECTION_CLOSE_UP","145.18369388888868","145.8936938888887","false","67.28289956263077","67.28289956263077","0.27013490151157954","0.27013490151157954","S8-H12-1-0","Preserve useful approved connection close-up; no macro-wide room redesign."
"8","S8-H12-1-1-install","CONNECTION_CLOSE_UP","145.8936938888887","146.6036938888887","false","67.28289956263077","67.28289956263077","0.27013490151157954","0.27013490151157954","S8-H12-1-1","Preserve useful approved connection close-up; no macro-wide room redesign."
"8","S8-H12-1-2-install","CONNECTION_CLOSE_UP","146.6036938888887","147.3136938888887","false","67.28289956263077","67.28289956263077","0.2701349015115795","0.2701349015115795","S8-H12-1-2","Preserve useful approved connection close-up; no macro-wide room redesign."
"8","S8-H12-1-3-install","CONNECTION_CLOSE_UP","147.3136938888887","148.02369388888872","false","67.28289956263077","67.28289956263077","0.27013490151157915","0.27013490151157915","S8-H12-1-3","Preserve useful approved connection close-up; no macro-wide room redesign."
"8","S8-H12-1-4-install","CONNECTION_CLOSE_UP","148.02369388888872","148.73369388888872","false","67.28289956263077","67.28289956263077","0.2701349015115797","0.2701349015115797","S8-H12-1-4","Preserve useful approved connection close-up; no macro-wide room redesign."
"8","S8-complete","WORKING_MEDIUM","148.73369388888872","149.73369388888872","false","332.0635063011882","332.0635063011882","0.6415934800568656","0.6415934800568656","B1-front | B1-rear | B2-left | B2-right | B3 | B4-left | B4-right","Working-medium framing already readable."
"9","S9-context","WORKING_MEDIUM","149.73369388888872","150.73369388888872","false","387.71853085601805","387.71853085601805","0.9819438511226881","0.9819438511226881","A6","Working-medium framing already readable."
"9","S9-introduce","WORKING_MEDIUM","150.73369388888872","151.63369388888873","false","387.71853085601805","387.71853085601805","0.45631368373025755","0.45631368373025755","D9","Working-medium framing already readable."
"9","S9-target","WORKING_MEDIUM","151.63369388888873","152.33369388888872","false","387.71853085601805","387.71853085601805","0.45631368373025755","0.45631368373025755","D9","Working-medium framing already readable."
"9","S9-seat-link","WORKING_MEDIUM","152.33369388888872","153.6536938888887","false","387.71853085601805","387.71853085601805","0.4599384455067686","0.4599384455067686","D9","Working-medium framing already readable."
"9","S9-H21-0-install","CONNECTION_CLOSE_UP","153.6536938888887","155.01369388888872","false","50.61645711704169","50.61645711704169","0.0986838398628291","0.0986838398628291","S9-H21-0","Preserve useful approved connection close-up; no macro-wide room redesign."
"9","S9-H21-1-install","CONNECTION_CLOSE_UP","155.01369388888872","155.72369388888873","false","50.61645711704169","50.61645711704169","0.09520328058267062","0.09520328058267062","S9-H21-1","Preserve useful approved connection close-up; no macro-wide room redesign."
"9","S9-H21-2-install","CONNECTION_CLOSE_UP","155.72369388888873","156.43369388888874","false","50.61645711704169","50.61645711704169","0.09520328058267062","0.09520328058267062","S9-H21-2","Preserve useful approved connection close-up; no macro-wide room redesign."
"9","S9-H21-3-install","CONNECTION_CLOSE_UP","156.43369388888874","157.14369388888875","false","50.61645711704169","50.61645711704169","0.09520328058267068","0.09520328058267068","S9-H21-3","Preserve useful approved connection close-up; no macro-wide room redesign."
"9","S9-H21-4-install","CONNECTION_CLOSE_UP","157.14369388888875","157.85369388888876","false","50.61645711704169","50.61645711704169","0.0952032805826719","0.0952032805826719","S9-H21-4","Preserve useful approved connection close-up; no macro-wide room redesign."
"9","S9-H21-5-install","CONNECTION_CLOSE_UP","157.85369388888876","158.56369388888876","false","50.61645711704169","50.61645711704169","0.09520328058267069","0.09520328058267069","S9-H21-5","Preserve useful approved connection close-up; no macro-wide room redesign."
"9","S9-H21-6-install","CONNECTION_CLOSE_UP","158.56369388888876","159.27369388888877","false","50.61645711704169","50.61645711704169","0.0952032805826707","0.0952032805826707","S9-H21-6","Preserve useful approved connection close-up; no macro-wide room redesign."
"9","S9-H21-7-install","CONNECTION_CLOSE_UP","159.27369388888877","159.98369388888878","false","50.61645711704169","50.61645711704169","0.09520328058267119","0.09520328058267119","S9-H21-7","Preserve useful approved connection close-up; no macro-wide room redesign."
"9","S9-H21-8-install","CONNECTION_CLOSE_UP","159.98369388888878","160.6936938888888","false","50.61645711704169","50.61645711704169","0.09520328058267119","0.09520328058267119","S9-H21-8","Preserve useful approved connection close-up; no macro-wide room redesign."
"9","S9-H21-9-install","CONNECTION_CLOSE_UP","160.6936938888888","161.4036938888888","false","50.61645711704169","50.61645711704169","0.09520328058267054","0.09520328058267054","S9-H21-9","Preserve useful approved connection close-up; no macro-wide room redesign."
"9","S9-bracket-target","CONNECTION_CLOSE_UP","161.4036938888888","162.0536938888888","false","29.564336623709323","29.564336623709323","32.42480468271345","32.42480468271345","A4","Preserve useful approved connection close-up; no macro-wide room redesign."
"9","S9-bracket-seat","CONNECTION_CLOSE_UP","162.0536938888888","163.2736938888888","false","29.564336623709323","29.564336623709323","0.5819495640569716","0.5819495640569716","S9-H25 | S9-H25-bend","Preserve useful approved connection close-up; no macro-wide room redesign."
"9","S9-H14-0-install","CONNECTION_CLOSE_UP","163.2736938888888","164.0936938888888","false","29.564336623709323","29.564336623709323","0.15471499686473494","0.15471499686473494","S9-H14-0","Preserve useful approved connection close-up; no macro-wide room redesign."
"9","S9-H14-1-install","CONNECTION_CLOSE_UP","164.0936938888888","164.9136938888888","false","29.564336623709323","29.564336623709323","0.1534097216466857","0.1534097216466857","S9-H14-1","Preserve useful approved connection close-up; no macro-wide room redesign."
"9","S9-complete","WORKING_MEDIUM","164.9136938888888","165.86369388888878","false","368.09795245677526","368.09795245677526","1.0541476967454237","1.0541476967454237","D9 | S9-H25","Working-medium framing already readable."
"10","S10-context","WORKING_MEDIUM","165.86369388888878","166.86369388888878","false","387.71853085601805","387.71853085601805","0.9819438511226882","0.9819438511226882","A5","Working-medium framing already readable."
"10","S10-introduce","WORKING_MEDIUM","166.86369388888878","167.76369388888878","false","387.71853085601805","387.71853085601805","0.45631368373025755","0.45631368373025755","D8","Working-medium framing already readable."
"10","S10-target","WORKING_MEDIUM","167.76369388888878","168.46369388888877","false","387.71853085601805","387.71853085601805","0.45631368373025755","0.45631368373025755","D8","Working-medium framing already readable."
"10","S10-seat-link","WORKING_MEDIUM","168.46369388888877","169.78369388888876","false","387.71853085601805","387.71853085601805","0.4599384455067686","0.4599384455067686","D8","Working-medium framing already readable."
"10","S10-H21-0-install","CONNECTION_CLOSE_UP","169.78369388888876","170.79369388888875","false","50.61645711704169","50.61645711704169","0.0959884521849194","0.0959884521849194","S10-H21-0","Preserve useful approved connection close-up; no macro-wide room redesign."
"10","S10-H21-1-install","CONNECTION_CLOSE_UP","170.79369388888875","171.50369388888876","false","50.61645711704169","50.61645711704169","0.09520328058267062","0.09520328058267062","S10-H21-1","Preserve useful approved connection close-up; no macro-wide room redesign."
"10","S10-H21-2-install","CONNECTION_CLOSE_UP","171.50369388888876","172.21369388888877","false","50.61645711704169","50.61645711704169","0.09520328058267062","0.09520328058267062","S10-H21-2","Preserve useful approved connection close-up; no macro-wide room redesign."
"10","S10-H21-3-install","CONNECTION_CLOSE_UP","172.21369388888877","172.92369388888878","false","50.61645711704169","50.61645711704169","0.09520328058267068","0.09520328058267068","S10-H21-3","Preserve useful approved connection close-up; no macro-wide room redesign."
"10","S10-H21-4-install","CONNECTION_CLOSE_UP","172.92369388888878","173.63369388888879","false","50.61645711704169","50.61645711704169","0.0952032805826719","0.0952032805826719","S10-H21-4","Preserve useful approved connection close-up; no macro-wide room redesign."
"10","S10-H21-5-install","CONNECTION_CLOSE_UP","173.63369388888879","174.3436938888888","false","50.61645711704169","50.61645711704169","0.09520328058267076","0.09520328058267076","S10-H21-5","Preserve useful approved connection close-up; no macro-wide room redesign."
"10","S10-H21-6-install","CONNECTION_CLOSE_UP","174.3436938888888","175.0536938888888","false","50.61645711704169","50.61645711704169","0.09520328058267076","0.09520328058267076","S10-H21-6","Preserve useful approved connection close-up; no macro-wide room redesign."
"10","S10-H21-7-install","CONNECTION_CLOSE_UP","175.0536938888888","175.7636938888888","false","50.61645711704169","50.61645711704169","0.09520328058266998","0.09520328058266998","S10-H21-7","Preserve useful approved connection close-up; no macro-wide room redesign."
"10","S10-H21-8-install","CONNECTION_CLOSE_UP","175.7636938888888","176.47369388888882","false","50.61645711704169","50.61645711704169","0.09520328058266998","0.09520328058266998","S10-H21-8","Preserve useful approved connection close-up; no macro-wide room redesign."
"10","S10-H21-9-install","CONNECTION_CLOSE_UP","176.47369388888882","177.18369388888883","false","50.61645711704169","50.61645711704169","0.09520328058267062","0.09520328058267062","S10-H21-9","Preserve useful approved connection close-up; no macro-wide room redesign."
"10","S10-E5-introduce","WORKING_MEDIUM","177.18369388888883","178.18369388888883","false","486.0908620866611","486.0908620866611","0.9753714580270749","0.9753714580270749","D8 | E5","Working-medium framing already readable."
"10","S10-E5-seat","WORKING_MEDIUM","178.18369388888883","179.53369388888882","false","486.0908620866611","486.0908620866611","0.9745969365478967","0.9745969365478967","D8 | E5","Working-medium framing already readable."
"10","S10-E5-dimension","CONNECTION_CLOSE_UP","179.53369388888882","180.3836938888888","false","105.01232748325822","105.01232748325822","0","0","","Preserve useful approved connection close-up; no macro-wide room redesign."
"10","S10-H24-8-install","CONNECTION_CLOSE_UP","180.3836938888888","181.74369388888883","false","26.020953095534377","26.020953095534377","0.10504180584141282","0.10504180584141282","S10-H24-8","Preserve useful approved connection close-up; no macro-wide room redesign."
"10","S10-H24-7-install","CONNECTION_CLOSE_UP","181.74369388888883","182.45369388888884","false","49.65196673785992","49.65196673785992","0.12704188632423277","0.12704188632423277","S10-H24-7","Preserve useful approved connection close-up; no macro-wide room redesign."
"10","S10-H24-6-install","CONNECTION_CLOSE_UP","182.45369388888884","183.16369388888884","false","49.65196673785992","49.65196673785992","0.12704188632423297","0.12704188632423297","S10-H24-6","Preserve useful approved connection close-up; no macro-wide room redesign."
"10","S10-H24-5-install","CONNECTION_CLOSE_UP","183.16369388888884","183.87369388888885","false","49.65196673785992","49.65196673785992","0.12704188632423286","0.12704188632423286","S10-H24-5","Preserve useful approved connection close-up; no macro-wide room redesign."
"10","S10-H24-4-install","CONNECTION_CLOSE_UP","183.87369388888885","184.58369388888886","false","49.65196673785992","49.65196673785992","0.12704188632423344","0.12704188632423344","S10-H24-4","Preserve useful approved connection close-up; no macro-wide room redesign."
"10","S10-H24-3-install","CONNECTION_CLOSE_UP","184.58369388888886","185.29369388888887","false","49.65196673785992","49.65196673785992","0.12704188632423394","0.12704188632423394","S10-H24-3","Preserve useful approved connection close-up; no macro-wide room redesign."
"10","S10-H24-2-install","CONNECTION_CLOSE_UP","185.29369388888887","186.00369388888888","false","49.65196673785992","49.65196673785992","0.12704188632423316","0.12704188632423316","S10-H24-2","Preserve useful approved connection close-up; no macro-wide room redesign."
"10","S10-H24-1-install","CONNECTION_CLOSE_UP","186.00369388888888","186.71369388888888","false","49.65196673785992","49.65196673785992","0.12704188632423366","0.12704188632423366","S10-H24-1","Preserve useful approved connection close-up; no macro-wide room redesign."
"10","S10-H24-0-install","CONNECTION_CLOSE_UP","186.71369388888888","187.4236938888889","false","49.65196673785992","49.65196673785992","0.12704188632423366","0.12704188632423366","S10-H24-0","Preserve useful approved connection close-up; no macro-wide room redesign."
"10","S10-bracket-target","CONNECTION_CLOSE_UP","187.4236938888889","188.0736938888889","false","29.564336623709323","29.564336623709323","32.424804682713564","32.424804682713564","A1","Preserve useful approved connection close-up; no macro-wide room redesign."
"10","S10-bracket-seat","CONNECTION_CLOSE_UP","188.0736938888889","189.2936938888889","false","29.564336623709323","29.564336623709323","0.5819495640569716","0.5819495640569716","S10-H25 | S10-H25-bend","Preserve useful approved connection close-up; no macro-wide room redesign."
"10","S10-H14-0-install","CONNECTION_CLOSE_UP","189.2936938888889","190.1136938888889","false","29.564336623709323","29.564336623709323","0.15471499686473494","0.15471499686473494","S10-H14-0","Preserve useful approved connection close-up; no macro-wide room redesign."
"10","S10-H14-1-install","CONNECTION_CLOSE_UP","190.1136938888889","190.93369388888888","false","29.564336623709323","29.564336623709323","0.1534097216466857","0.1534097216466857","S10-H14-1","Preserve useful approved connection close-up; no macro-wide room redesign."
"10","S10-verify-left","WORKING_MEDIUM","190.93369388888888","191.63369388888887","false","387.71853085601805","387.71853085601805","1.65050527027857","1.65050527027857","D8 | E5 | S10-H25","Working-medium framing already readable."
"10","S10-verify-right","WORKING_MEDIUM","191.63369388888887","192.33369388888886","false","387.71853085601805","387.71853085601805","2.188239002309531","2.188239002309531","D8 | E5 | S10-H25","Working-medium framing already readable."
"10","S10-complete","WORKING_MEDIUM","192.33369388888886","193.83369388888886","false","527.2981862845064","527.2981862845064","0.8265432265017013","0.8265432265017013","D8 | E5 | S10-H25","Working-medium framing already readable."
"11","S11-context","CONTEXT_WIDE","193.83369388888886","195.33369388888886","true","1040.5153484714976","569.5052664724731","0.4521452752233098","0.4777895228599766","A5 | A7 | A8 | A9 | A1 | A3 | A6 | A7-R | A8-R | A9-R | A2 | A4 | E3 | B9 | D5 | E4 | B8-4--1 | B8-4-1 | B7-4 | D4-1 | B8-5--1 | B8-5-1 | B7-5 | D4-2 | B8-6--1 | B8-6-1 | B7-6 | B5 | B6 | B1-rear | B1-front | B2-left | B3 | B2-right | B4-left | B4-right | D9 | D8 | E5 | bed-motion-root","Front work-area context: both separate first rails and completed rear cabinet, not the obsolete rear staging envelope."
"11","S11-introduce","WORKING_MEDIUM","195.33369388888886","196.23369388888887","true","655.3087049572052","390.96566504975897","0.4378244040442742","0.700351859530627","C1-start | C4-left","Working medium fitted to sampled actual active mesh envelope; 50° lens reduces empty/fog distance. Front-side cut retains elevation and handed angle while avoiding the rear cabinet/wall."
"11","S11-target","CONNECTION_CLOSE_UP","196.23369388888887","197.03369388888888","true","102.99788248020333","102.99788248020333","0","0","","Preserve useful approved connection close-up; no macro-wide room redesign. Presentation work-area transform only."
"11","S11-C4-seat","WORKING_MEDIUM","197.03369388888888","198.3336938888889","true","655.3087049572052","390.3765742890741","0.43672386652317824","0.7003001903196112","C1-start | C4-left","Working medium fitted to sampled actual active mesh envelope; 50° lens reduces empty/fog distance. Front-side cut retains elevation and handed angle while avoiding the rear cabinet/wall."
"11","S11-C4-left-connect","CONNECTION_CLOSE_UP","198.3336938888889","200.7336938888889","true","102.99788248020333","102.99788248020333","0.28594949635169686","0.2859494963516967","S11-C4-left-cam | S11-C4-left-bolt","Preserve useful approved connection close-up; no macro-wide room redesign. Presentation work-area transform only."
"11","S11-complete","WORKING_MEDIUM","200.7336938888889","201.43369388888888","true","655.3087049572052","369.71585745626754","0.3988442344619725","0.6983794546722745","C1-start | C4-left","Working medium fitted to sampled actual active mesh envelope; 50° lens reduces empty/fog distance. Front-side cut retains elevation and handed angle while avoiding the rear cabinet/wall."
"12","S12-context","WORKING_MEDIUM","201.43369388888888","202.0836938888889","true","694.127715418801","383.91384984457704","0.4052432205002067","0.7183322286366455","C1-start | C4-left","Working medium fitted to sampled actual active mesh envelope; 50° lens reduces empty/fog distance. Front-side cut retains elevation and handed angle while avoiding the rear cabinet/wall."
"12","S12-C4-right-introduce","WORKING_MEDIUM","202.0836938888889","202.3836938888889","true","694.127715418801","406.6474825480597","0.5629979787025954","0.6920643420021103","C1-start | C4-left | C4-right","Working medium fitted to sampled actual active mesh envelope; 50° lens reduces empty/fog distance. Front-side cut retains elevation and handed angle while avoiding the rear cabinet/wall."
"12","S12-C4-right-seat","WORKING_MEDIUM","202.3836938888889","203.2636938888889","true","694.127715418801","405.97065804371084","0.5617076154531137","0.6928186115755115","C1-start | C4-left | C4-right","Working medium fitted to sampled actual active mesh envelope; 50° lens reduces empty/fog distance. Front-side cut retains elevation and handed angle while avoiding the rear cabinet/wall."
"12","S12-C5-introduce","WORKING_MEDIUM","203.2636938888889","203.5636938888889","true","694.127715418801","406.6474825480597","0.5203569708155653","0.6920643420021103","C1-start | C4-left | C5 | C4-right","Working medium fitted to sampled actual active mesh envelope; 50° lens reduces empty/fog distance. Front-side cut retains elevation and handed angle while avoiding the rear cabinet/wall."
"12","S12-C5-seat","WORKING_MEDIUM","203.5636938888889","204.4436938888889","true","694.127715418801","405.97065804371084","0.5203569708155653","0.6928186115755115","C1-start | C4-left | C5 | C4-right","Working medium fitted to sampled actual active mesh envelope; 50° lens reduces empty/fog distance. Front-side cut retains elevation and handed angle while avoiding the rear cabinet/wall."
"12","S12-layer-target","CONNECTION_CLOSE_UP","204.4436938888889","205.0936938888889","true","113.15676235191165","113.15676235191162","0","0","","Preserve useful approved connection close-up; no macro-wide room redesign. Presentation work-area transform only."
"12","S12-C6-1-first-introduce","WORKING_MEDIUM","205.0936938888889","205.39369388888892","true","694.127715418801","535.6872365831316","0.6963792487584369","0.734406200781908","C1-start | C4-left | C5 | C4-right | C6-1-first","Working medium fitted to sampled actual active mesh envelope; 50° lens reduces empty/fog distance. Front-side cut retains elevation and handed angle while avoiding the rear cabinet/wall."
"12","S12-C6-1-first-seat","WORKING_MEDIUM","205.39369388888892","206.76369388888892","true","694.127715418801","534.800101759593","0.6965700227504833","0.733999040138324","C1-start | C4-left | C5 | C4-right | C6-1-first","Working medium fitted to sampled actual active mesh envelope; 50° lens reduces empty/fog distance. Front-side cut retains elevation and handed angle while avoiding the rear cabinet/wall."
"12","S12-C3-1-seat","WORKING_MEDIUM","206.76369388888892","207.67369388888892","true","694.127715418801","383.91384984457704","0.5203569708155653","0.7183322286366455","C1-start | C4-left | C5 | C4-right | C3-1 | C6-1-first","Working medium fitted to sampled actual active mesh envelope; 50° lens reduces empty/fog distance. Front-side cut retains elevation and handed angle while avoiding the rear cabinet/wall."
"12","S12-C6-2-first-introduce","WORKING_MEDIUM","207.67369388888892","207.97369388888893","true","694.127715418801","535.6872365831316","0.7696731231873484","0.7034349938099854","C1-start | C4-left | C5 | C4-right | C3-1 | C6-1-first | C6-2-first","Working medium fitted to sampled actual active mesh envelope; 50° lens reduces empty/fog distance. Front-side cut retains elevation and handed angle while avoiding the rear cabinet/wall."
"12","S12-C6-2-first-seat","WORKING_MEDIUM","207.97369388888893","209.34369388888894","true","694.127715418801","534.800101759593","0.7697842017122117","0.7029789226410007","C1-start | C4-left | C5 | C4-right | C3-1 | C6-1-first | C6-2-first","Working medium fitted to sampled actual active mesh envelope; 50° lens reduces empty/fog distance. Front-side cut retains elevation and handed angle while avoiding the rear cabinet/wall."
"12","S12-C3-2-seat","WORKING_MEDIUM","209.34369388888894","210.25369388888893","true","694.127715418801","383.91384984457704","0.5203569708155653","0.7183322286366455","C1-start | C4-left | C5 | C4-right | C3-1 | C3-2 | C6-1-first | C6-2-first","Working medium fitted to sampled actual active mesh envelope; 50° lens reduces empty/fog distance. Front-side cut retains elevation and handed angle while avoiding the rear cabinet/wall."
"12","S12-C5-connect","CONNECTION_CLOSE_UP","210.25369388888893","211.50369388888893","true","102.99788248020333","102.99788248020333","0.2786833690383808","0.27868336903838015","S12-C5-cam | S12-C5-bolt","Preserve useful approved connection close-up; no macro-wide room redesign. Presentation work-area transform only."
"12","S12-C4-right-connect","CONNECTION_CLOSE_UP","211.50369388888893","212.75369388888893","true","102.99788248020333","102.99788248020333","0.2786833690383806","0.27868336903838026","S12-C4-right-cam | S12-C4-right-bolt","Preserve useful approved connection close-up; no macro-wide room redesign. Presentation work-area transform only."
"12","S12-complete","WORKING_MEDIUM","212.75369388888893","213.45369388888892","true","565.654051657148","379.94886590418145","0.7017583163877155","0.7433831530817132","C1-start | C4-left | C5 | C4-right | C3-1 | C3-2 | C6-1-first | C6-2-first","Working medium fitted to sampled actual active mesh envelope; 50° lens reduces empty/fog distance. Front-side cut retains elevation and handed angle while avoiding the rear cabinet/wall."
"13","S13-context","WORKING_MEDIUM","213.45369388888892","214.1536938888889","true","655.3087049572052","369.71585745626754","0.5254152332693856","0.6983794546722745","C1-start | C4-left | C5 | C4-right | C3-1 | C3-2 | C6-1-first | C6-2-first","Working medium fitted to sampled actual active mesh envelope; 50° lens reduces empty/fog distance. Front-side cut retains elevation and handed angle while avoiding the rear cabinet/wall."
"13","S13-C7-0-seat","CONNECTION_CLOSE_UP","214.1536938888889","215.2536938888889","true","84.46737924994187","84.46737924994187","0.6248708299919823","0.6248708299919825","C7-0","Preserve useful approved connection close-up; no macro-wide room redesign. Presentation work-area transform only."
"13","S13-C7-0-screws","CONNECTION_CLOSE_UP","215.2536938888889","217.3736938888889","true","97.72928108929855","97.72928108929855","0.3281369977869771","0.32813699778697747","S13-H12-0-0 | S13-H12-0-1","Preserve useful approved connection close-up; no macro-wide room redesign. Presentation work-area transform only."
"13","S13-C7-1-seat","CONNECTION_CLOSE_UP","217.3736938888889","218.17369388888892","true","84.46737924994187","84.46737924994187","0.6248582145727754","0.624858214572775","C7-1","Preserve useful approved connection close-up; no macro-wide room redesign. Presentation work-area transform only."
"13","S13-C7-1-screws","CONNECTION_CLOSE_UP","218.17369388888892","219.0936938888889","true","97.72928108929855","97.72928108929855","0.3205331013552411","0.3205331013552412","S13-H12-1-0 | S13-H12-1-1","Preserve useful approved connection close-up; no macro-wide room redesign. Presentation work-area transform only."
"13","S13-C7-2-seat","CONNECTION_CLOSE_UP","219.0936938888889","219.89369388888892","true","84.46737924994189","84.46737924994189","0.624858214572775","0.6248582145727747","C7-2","Preserve useful approved connection close-up; no macro-wide room redesign. Presentation work-area transform only."
"13","S13-C7-2-screws","CONNECTION_CLOSE_UP","219.89369388888892","220.8136938888889","true","97.72928108929855","97.72928108929855","0.3205331013552414","0.3205331013552415","S13-H12-2-0 | S13-H12-2-1","Preserve useful approved connection close-up; no macro-wide room redesign. Presentation work-area transform only."
"13","S13-complete","WORKING_MEDIUM","220.8136938888889","221.4636938888889","true","655.3087049572052","367.14945278272023","0.5254152332693856","0.7040047030849316","C1-start | C4-left | C5 | C4-right | C3-1 | C3-2 | C6-1-first | C6-2-first | C7-0 | C7-1 | C7-2","Working medium fitted to sampled actual active mesh envelope; 50° lens reduces empty/fog distance. Front-side cut retains elevation and handed angle while avoiding the rear cabinet/wall."
"14","S14-context","WORKING_MEDIUM","221.4636938888889","222.11369388888892","true","694.127715418801","381.7112943315915","0.5203569708155653","0.7236037882591148","C1-start | C4-left | C5 | C4-right | C3-1 | C3-2 | C6-1-first | C6-2-first | C7-0 | C7-1 | C7-2","Working medium fitted to sampled actual active mesh envelope; 50° lens reduces empty/fog distance. Front-side cut retains elevation and handed angle while avoiding the rear cabinet/wall."
"14","S14-C2-left-introduce","WORKING_MEDIUM","222.11369388888892","222.41369388888893","true","694.127715418801","405.6107543242558","0.5203569708155653","0.7629300788576755","C1-start | C2-left | C4-left | C5 | C4-right | C3-1 | C3-2 | C6-1-first | C6-2-first | C7-0 | C7-1 | C7-2","Working medium fitted to sampled actual active mesh envelope; 50° lens reduces empty/fog distance. Front-side cut retains elevation and handed angle while avoiding the rear cabinet/wall."
"14","S14-C2-left-seat","WORKING_MEDIUM","222.41369388888893","223.29369388888892","true","694.127715418801","404.93392987441973","0.5203569708155653","0.7629427577019272","C1-start | C2-left | C4-left | C5 | C4-right | C3-1 | C3-2 | C6-1-first | C6-2-first | C7-0 | C7-1 | C7-2","Working medium fitted to sampled actual active mesh envelope; 50° lens reduces empty/fog distance. Front-side cut retains elevation and handed angle while avoiding the rear cabinet/wall."
"14","S14-C2-right-introduce","WORKING_MEDIUM","223.29369388888892","223.59369388888894","true","694.127715418801","404.4449270339798","0.626932777511207","0.7375530427595064","C1-start | C2-left | C4-left | C5 | C4-right | C2-right | C3-1 | C3-2 | C6-1-first | C6-2-first | C7-0 | C7-1 | C7-2","Working medium fitted to sampled actual active mesh envelope; 50° lens reduces empty/fog distance. Front-side cut retains elevation and handed angle while avoiding the rear cabinet/wall."
"14","S14-C2-right-seat","WORKING_MEDIUM","223.59369388888894","224.47369388888893","true","694.127715418801","403.768102584144","0.625577160434884","0.738336953892198","C1-start | C2-left | C4-left | C5 | C4-right | C2-right | C3-1 | C3-2 | C6-1-first | C6-2-first | C7-0 | C7-1 | C7-2","Working medium fitted to sampled actual active mesh envelope; 50° lens reduces empty/fog distance. Front-side cut retains elevation and handed angle while avoiding the rear cabinet/wall."
"14","S14-layer-target","CONNECTION_CLOSE_UP","224.47369388888893","225.12369388888894","true","112.17550516894109","112.17550516894109","0","0","","Preserve useful approved connection close-up; no macro-wide room redesign. Presentation work-area transform only."
"14","S14-C6-0-first-introduce","WORKING_MEDIUM","225.12369388888894","225.42369388888895","true","694.127715418801","533.4846813820748","0.6268692121981468","0.7678457734633283","C1-start | C2-left | C4-left | C5 | C4-right | C2-right | C3-1 | C3-2 | C6-0-first | C6-1-first | C6-2-first | C7-0 | C7-1 | C7-2","Working medium fitted to sampled actual active mesh envelope; 50° lens reduces empty/fog distance. Front-side cut retains elevation and handed angle while avoiding the rear cabinet/wall."
"14","S14-C6-0-first-seat","WORKING_MEDIUM","225.42369388888895","226.79369388888895","true","694.127715418801","532.5975462230176","0.6271314157539032","0.7674863058060254","C1-start | C2-left | C4-left | C5 | C4-right | C2-right | C3-1 | C3-2 | C6-0-first | C6-1-first | C6-2-first | C7-0 | C7-1 | C7-2","Working medium fitted to sampled actual active mesh envelope; 50° lens reduces empty/fog distance. Front-side cut retains elevation and handed angle while avoiding the rear cabinet/wall."
"14","S14-C3-0-seat","WORKING_MEDIUM","226.79369388888895","227.70369388888895","true","694.127715418801","381.7112943315915","0.5821534800095086","0.7648283078619161","C1-start | C2-left | C4-left | C5 | C4-right | C2-right | C3-0 | C3-1 | C3-2 | C6-0-first | C6-1-first | C6-2-first | C7-0 | C7-1 | C7-2","Working medium fitted to sampled actual active mesh envelope; 50° lens reduces empty/fog distance. Front-side cut retains elevation and handed angle while avoiding the rear cabinet/wall."
"14","S14-C6-3-first-introduce","WORKING_MEDIUM","227.70369388888895","228.00369388888896","true","694.127715418801","533.4846813820748","0.8470684447925336","0.6746065388667274","C1-start | C2-left | C4-left | C5 | C4-right | C2-right | C3-0 | C3-1 | C3-2 | C6-0-first | C6-1-first | C6-2-first | C6-3-first | C7-0 | C7-1 | C7-2","Working medium fitted to sampled actual active mesh envelope; 50° lens reduces empty/fog distance. Front-side cut retains elevation and handed angle while avoiding the rear cabinet/wall."
"14","S14-C6-3-first-seat","WORKING_MEDIUM","228.00369388888896","229.37369388888897","true","694.127715418801","532.5975462230176","0.847090490842104","0.6740990105097712","C1-start | C2-left | C4-left | C5 | C4-right | C2-right | C3-0 | C3-1 | C3-2 | C6-0-first | C6-1-first | C6-2-first | C6-3-first | C7-0 | C7-1 | C7-2","Working medium fitted to sampled actual active mesh envelope; 50° lens reduces empty/fog distance. Front-side cut retains elevation and handed angle while avoiding the rear cabinet/wall."
"14","S14-C3-3-seat","WORKING_MEDIUM","229.37369388888897","230.28369388888896","true","694.127715418801","381.7112943315915","0.5821534800095086","0.7648283078619161","C1-start | C2-left | C4-left | C5 | C4-right | C2-right | C3-0 | C3-1 | C3-2 | C3-3 | C6-0-first | C6-1-first | C6-2-first | C6-3-first | C7-0 | C7-1 | C7-2","Working medium fitted to sampled actual active mesh envelope; 50° lens reduces empty/fog distance. Front-side cut retains elevation and handed angle while avoiding the rear cabinet/wall."
"14","S14-C2-left-connect","CONNECTION_CLOSE_UP","230.28369388888896","231.53369388888896","true","102.99788248020333","102.99788248020333","0.27868336903838054","0.2786833690383801","S14-C2-left-cam | S14-C2-left-bolt","Preserve useful approved connection close-up; no macro-wide room redesign. Presentation work-area transform only."
"14","S14-C2-right-connect","CONNECTION_CLOSE_UP","231.53369388888896","232.78369388888896","true","102.99788248020333","102.99788248020333","0.27868336903838087","0.2786833690383805","S14-C2-right-cam | S14-C2-right-bolt","Preserve useful approved connection close-up; no macro-wide room redesign. Presentation work-area transform only."
"14","S14-complete","WORKING_MEDIUM","232.78369388888896","233.48369388888895","true","565.654051657148","380.62157794300344","0.7704555925630197","0.7799999999274562","C1-start | C2-left | C4-left | C5 | C4-right | C2-right | C3-0 | C3-1 | C3-2 | C3-3 | C6-0-first | C6-1-first | C6-2-first | C6-3-first | C7-0 | C7-1 | C7-2","Working medium fitted to sampled actual active mesh envelope; 50° lens reduces empty/fog distance. Front-side cut retains elevation and handed angle while avoiding the rear cabinet/wall."
"15","S15-context","WORKING_MEDIUM","233.48369388888895","234.18369388888894","true","565.654051657148","380.62157794300344","0.7704555925630197","0.7799999999274562","C1-start | C2-left | C4-left | C5 | C4-right | C2-right | C3-0 | C3-1 | C3-2 | C3-3 | C6-0-first | C6-1-first | C6-2-first | C6-3-first | C7-0 | C7-1 | C7-2","Working medium fitted to sampled actual active mesh envelope; 50° lens reduces empty/fog distance. Front-side cut retains elevation and handed angle while avoiding the rear cabinet/wall."
"15","S15-C6-0-second-seat","WORKING_MEDIUM","234.18369388888894","235.18369388888894","true","655.3087049572052","505.06935048352904","0.6234908824870343","0.743658297484702","C1-start | C2-left | C4-left | C5 | C4-right | C2-right | C3-0 | C3-1 | C3-2 | C3-3 | C6-0-first | C6-0-second | C6-1-first | C6-2-first | C6-3-first | C7-0 | C7-1 | C7-2","Working medium fitted to sampled actual active mesh envelope; 50° lens reduces empty/fog distance. Front-side cut retains elevation and handed angle while avoiding the rear cabinet/wall."
"15","S15-C6-1-second-seat","WORKING_MEDIUM","235.18369388888894","236.18369388888894","true","655.3087049572052","505.06935048352904","0.7014635013792289","0.7152687882702882","C1-start | C2-left | C4-left | C5 | C4-right | C2-right | C3-0 | C3-1 | C3-2 | C3-3 | C6-0-first | C6-0-second | C6-1-first | C6-1-second | C6-2-first | C6-3-first | C7-0 | C7-1 | C7-2","Working medium fitted to sampled actual active mesh envelope; 50° lens reduces empty/fog distance. Front-side cut retains elevation and handed angle while avoiding the rear cabinet/wall."
"15","S15-C6-2-second-seat","WORKING_MEDIUM","236.18369388888894","237.18369388888894","true","655.3087049572052","505.06935048352904","0.7849599505432162","0.6851615135019733","C1-start | C2-left | C4-left | C5 | C4-right | C2-right | C3-0 | C3-1 | C3-2 | C3-3 | C6-0-first | C6-0-second | C6-1-first | C6-1-second | C6-2-first | C6-2-second | C6-3-first | C7-0 | C7-1 | C7-2","Working medium fitted to sampled actual active mesh envelope; 50° lens reduces empty/fog distance. Front-side cut retains elevation and handed angle while avoiding the rear cabinet/wall."
"15","S15-C6-3-second-seat","WORKING_MEDIUM","237.18369388888894","238.18369388888894","true","655.3087049572052","505.06935048352904","0.8745887743619294","0.6531757039449086","C1-start | C2-left | C4-left | C5 | C4-right | C2-right | C3-0 | C3-1 | C3-2 | C3-3 | C6-0-first | C6-0-second | C6-1-first | C6-1-second | C6-2-first | C6-2-second | C6-3-first | C6-3-second | C7-0 | C7-1 | C7-2","Working medium fitted to sampled actual active mesh envelope; 50° lens reduces empty/fog distance. Front-side cut retains elevation and handed angle while avoiding the rear cabinet/wall."
"15","S15-C1-introduce","WORKING_MEDIUM","238.18369388888894","238.78369388888893","true","655.3087049572052","396.6630743372807","0.6603381231824595","0.7423105959399235","C1-start | C2-left | C4-left | C5 | C4-right | C2-right | C3-0 | C3-1 | C3-2 | C3-3 | C6-0-first | C6-0-second | C6-1-first | C6-1-second | C6-2-first | C6-2-second | C6-3-first | C6-3-second | C7-0 | C7-1 | C7-2 | C1-close","Working medium fitted to sampled actual active mesh envelope; 50° lens reduces empty/fog distance. Front-side cut retains elevation and handed angle while avoiding the rear cabinet/wall."
"15","S15-C1-seat","WORKING_MEDIUM","238.78369388888893","240.13369388888893","true","655.3087049572052","396.08058995953417","0.6590063854591106","0.7423239274903332","C1-start | C2-left | C4-left | C5 | C4-right | C2-right | C3-0 | C3-1 | C3-2 | C3-3 | C6-0-first | C6-0-second | C6-1-first | C6-1-second | C6-2-first | C6-2-second | C6-3-first | C6-3-second | C7-0 | C7-1 | C7-2 | C1-close","Working medium fitted to sampled actual active mesh envelope; 50° lens reduces empty/fog distance. Front-side cut retains elevation and handed angle while avoiding the rear cabinet/wall."
"15","S15-C2-left-connect","CONNECTION_CLOSE_UP","240.13369388888893","241.38369388888893","true","102.99788248020333","102.99788248020333","0.2786833690383805","0.27868336903838026","S15-C2-left-cam | S15-C2-left-bolt","Preserve useful approved connection close-up; no macro-wide room redesign. Presentation work-area transform only."
"15","S15-C4-left-connect","CONNECTION_CLOSE_UP","241.38369388888893","242.63369388888893","true","102.99788248020333","102.99788248020333","0.27868336903838037","0.2786833690383802","S15-C4-left-cam | S15-C4-left-bolt","Preserve useful approved connection close-up; no macro-wide room redesign. Presentation work-area transform only."
"15","S15-C5-connect","CONNECTION_CLOSE_UP","242.63369388888893","243.88369388888893","true","102.99788248020333","102.99788248020333","0.27868336903838037","0.27868336903838026","S15-C5-cam | S15-C5-bolt","Preserve useful approved connection close-up; no macro-wide room redesign. Presentation work-area transform only."
"15","S15-C4-right-connect","CONNECTION_CLOSE_UP","243.88369388888893","245.13369388888893","true","102.99788248020334","102.99788248020334","0.27868336903838037","0.2786833690383801","S15-C4-right-cam | S15-C4-right-bolt","Preserve useful approved connection close-up; no macro-wide room redesign. Presentation work-area transform only."
"15","S15-C2-right-connect","CONNECTION_CLOSE_UP","245.13369388888893","246.38369388888893","true","102.99788248020333","102.99788248020333","0.27868336903838037","0.2786833690383802","S15-C2-right-cam | S15-C2-right-bolt","Preserve useful approved connection close-up; no macro-wide room redesign. Presentation work-area transform only."
"15","S15-complete","WORKING_MEDIUM","246.38369388888893","247.23369388888892","true","565.654051657148","390.1723213218104","0.7959590976086325","0.7799999996368867","C1-start | C2-left | C4-left | C5 | C4-right | C2-right | C3-0 | C3-1 | C3-2 | C3-3 | C6-0-first | C6-0-second | C6-1-first | C6-1-second | C6-2-first | C6-2-second | C6-3-first | C6-3-second | C7-0 | C7-1 | C7-2 | C1-close","Working medium fitted to sampled actual active mesh envelope; 50° lens reduces empty/fog distance. Front-side cut retains elevation and handed angle while avoiding the rear cabinet/wall."
"16","S16-context","CONTEXT_WIDE","247.23369388888892","248.4336938888889","true","729.4066140246443","424.5925290028722","0.7010883268795813","0.7799999996048415","C1-start | C2-left | C4-left | C5 | C4-right | C2-right | C3-0 | C3-1 | C3-2 | C3-3 | C6-0-first | C6-0-second | C6-1-first | C6-1-second | C6-2-first | C6-2-second | C6-3-first | C6-3-second | C7-0 | C7-1 | C7-2 | C1-close | C8-left | C8-right | C9 | D1","Deliberate two-subassembly context, now composed from FRONT at 55° rather than fitting the obsolete rear work area."
"16","S16--1--1-dowels","CONNECTION_CLOSE_UP","248.4336938888889","249.83369388888892","true","77.57709249471638","77.57709249471638","0.21914687137639435","0.219146871376394","S16--1--1-dowel-0 | S16--1--1-dowel-1","Preserve useful approved connection close-up; no macro-wide room redesign. Presentation work-area transform only."
"16","S16--1-1-dowels","CONNECTION_CLOSE_UP","249.83369388888892","250.5336938888889","true","77.57709249471638","77.57709249471638","0.21902675977318845","0.2190267597731879","S16--1-1-dowel-0 | S16--1-1-dowel-1","Preserve useful approved connection close-up; no macro-wide room redesign. Presentation work-area transform only."
"16","S16-1--1-dowels","CONNECTION_CLOSE_UP","250.5336938888889","251.2336938888889","true","77.57709249471637","77.57709249471633","0.21902675977318778","0.21902675977318808","S16-1--1-dowel-0 | S16-1--1-dowel-1","Preserve useful approved connection close-up; no macro-wide room redesign. Presentation work-area transform only."
"16","S16-1-1-dowels","CONNECTION_CLOSE_UP","251.2336938888889","251.93369388888888","true","77.57709249471638","77.57709249471638","0.21902675977318817","0.21902675977318853","S16-1-1-dowel-0 | S16-1-1-dowel-1","Preserve useful approved connection close-up; no macro-wide room redesign. Presentation work-area transform only."
"16","S16--1-end-seat","WORKING_MEDIUM","251.93369388888888","253.13369388888887","true","627.0274364245448","432.033261252267","0.7847482048684963","0.7701095112976204","C8-left | C8-right | C9 | D1","Working medium fitted to sampled actual active mesh envelope; 50° lens reduces empty/fog distance. Front-side cut retains elevation and handed angle while avoiding the rear cabinet/wall."
"16","S16-1-end-seat","WORKING_MEDIUM","253.13369388888887","254.33369388888886","true","627.0274364245448","411.305702444384","0.7565184410340139","0.7705941012142884","C8-left | C8-right | C9 | D1","Working medium fitted to sampled actual active mesh envelope; 50° lens reduces empty/fog distance. Front-side cut retains elevation and handed angle while avoiding the rear cabinet/wall."
"16","S16--1--1-connect","CONNECTION_CLOSE_UP","254.33369388888886","256.73369388888887","true","77.57709249471638","77.57709249471638","0.18121314442804773","0.18121314442804737","S16--1--1-cam | S16--1--1-bolt","Preserve useful approved connection close-up; no macro-wide room redesign. Presentation work-area transform only."
"16","S16--1-1-connect","CONNECTION_CLOSE_UP","256.73369388888887","257.98369388888887","true","77.57709249471638","77.57709249471638","0.18099303178826073","0.18099303178826096","S16--1-1-cam | S16--1-1-bolt","Preserve useful approved connection close-up; no macro-wide room redesign. Presentation work-area transform only."
"16","S16-1--1-connect","CONNECTION_CLOSE_UP","257.98369388888887","259.23369388888887","true","77.57709249471637","77.57709249471633","0.1745668731486241","0.1745668731486247","S16-1--1-cam | S16-1--1-bolt","Preserve useful approved connection close-up; no macro-wide room redesign. Presentation work-area transform only."
"16","S16-1-1-connect","CONNECTION_CLOSE_UP","259.23369388888887","260.48369388888887","true","77.57709249471638","77.57709249471638","0.17676765591864294","0.17676765591864288","S16-1-1-cam | S16-1-1-bolt","Preserve useful approved connection close-up; no macro-wide room redesign. Presentation work-area transform only."
"16","S16-square","WORKING_MEDIUM","260.48369388888887","261.23369388888887","true","627.0274364245448","391.1676172293025","0.7085153065606371","0.7711147744971262","C8-left | C8-right | C9 | D1","Working medium fitted to sampled actual active mesh envelope; 50° lens reduces empty/fog distance. Front-side cut retains elevation and handed angle while avoiding the rear cabinet/wall."
"16","S16-complete","CONTEXT_WIDE","261.23369388888887","261.88369388888884","true","729.4066140246443","421.84832205768913","0.6985883575599424","0.7799999997572624","C1-start | C2-left | C4-left | C5 | C4-right | C2-right | C3-0 | C3-1 | C3-2 | C3-3 | C6-0-first | C6-0-second | C6-1-first | C6-1-second | C6-2-first | C6-2-second | C6-3-first | C6-3-second | C7-0 | C7-1 | C7-2 | C1-close | C8-left | C8-right | C9 | D1","Deliberate two-subassembly context, now composed from FRONT at 55° rather than fitting the obsolete rear work area."
"17","S17-context","CONTEXT_WIDE","261.88369388888884","263.13369388888884","true","729.4066140246443","421.84832205768913","0.6985883575599424","0.7799999997572624","C1-start | C2-left | C4-left | C5 | C4-right | C2-right | C3-0 | C3-1 | C3-2 | C3-3 | C6-0-first | C6-0-second | C6-1-first | C6-1-second | C6-2-first | C6-2-second | C6-3-first | C6-3-second | C7-0 | C7-1 | C7-2 | C1-close | C8-left | C8-right | C9 | D1","Deliberate two-subassembly context, now composed from FRONT at 55° rather than fitting the obsolete rear work area."
"17","S17-lift","WORKING_MEDIUM","263.13369388888884","264.7836938888888","true","807.5085529392888","528.9764745820897","0.7155622277165855","0.7375836063041393","C1-start | C2-left | C4-left | C5 | C4-right | C2-right | C3-0 | C3-1 | C3-2 | C3-3 | C6-0-first | C6-0-second | C6-1-first | C6-1-second | C6-2-first | C6-2-second | C6-3-first | C6-3-second | C7-0 | C7-1 | C7-2 | C1-close | C8-left | C8-right | C9 | D1","Working medium fitted to sampled actual active mesh envelope; 50° lens reduces empty/fog distance. Front-side cut retains elevation and handed angle while avoiding the rear cabinet/wall."
"17","S17-above","WORKING_MEDIUM","264.7836938888888","266.4336938888888","true","807.5085529392888","522.9436257383194","0.7414487681110811","0.7799999995068642","C1-start | C2-left | C4-left | C5 | C4-right | C2-right | C3-0 | C3-1 | C3-2 | C3-3 | C6-0-first | C6-0-second | C6-1-first | C6-1-second | C6-2-first | C6-2-second | C6-3-first | C6-3-second | C7-0 | C7-1 | C7-2 | C1-close | C8-left | C8-right | C9 | D1","Working medium fitted to sampled actual active mesh envelope; 50° lens reduces empty/fog distance. Front-side cut retains elevation and handed angle while avoiding the rear cabinet/wall."
"17","S17-target","CONNECTION_CLOSE_UP","266.4336938888888","267.3336938888888","true","454.6123986661658","454.6123986661658","0","0","","Preserve useful approved connection close-up; no macro-wide room redesign. Presentation work-area transform only."
"17","S17-side--1--55-dowel","CONNECTION_CLOSE_UP","267.3336938888888","268.0836938888888","true","64.25400948440512","64.25400948440512","0.17551718364984267","0.17551718364984173","S17-side--1--55-dowel","Preserve useful approved connection close-up; no macro-wide room redesign. Presentation work-area transform only."
"17","S17-side--1-55-dowel","CONNECTION_CLOSE_UP","268.0836938888888","268.54369388888875","true","454.6123986661658","454.6123986661658","0.02826839619375372","0.028268396193753792","S17-side--1-55-dowel","Preserve useful approved connection close-up; no macro-wide room redesign. Presentation work-area transform only."
"17","S17-side-1--55-dowel","CONNECTION_CLOSE_UP","268.54369388888875","269.00369388888873","true","454.6123986661658","454.6123986661658","0.029417035231763238","0.029417035231763238","S17-side-1--55-dowel","Preserve useful approved connection close-up; no macro-wide room redesign. Presentation work-area transform only."
"17","S17-side-1-55-dowel","CONNECTION_CLOSE_UP","269.00369388888873","269.4636938888887","true","454.6123986661658","454.6123986661658","0.03332036111775511","0.033320361117755194","S17-side-1-55-dowel","Preserve useful approved connection close-up; no macro-wide room redesign. Presentation work-area transform only."
"17","S17-end--1--80-dowel","CONNECTION_CLOSE_UP","269.4636938888887","269.9236938888887","true","454.6123986661658","454.6123986661658","0.023688438841213078","0.023688438841213078","S17-end--1--80-dowel","Preserve useful approved connection close-up; no macro-wide room redesign. Presentation work-area transform only."
"17","S17-end--1-80-dowel","CONNECTION_CLOSE_UP","269.9236938888887","270.3836938888887","true","454.6123986661658","454.6123986661658","0.02541010468165078","0.025410104681650742","S17-end--1-80-dowel","Preserve useful approved connection close-up; no macro-wide room redesign. Presentation work-area transform only."
"17","S17-end-1--80-dowel","CONNECTION_CLOSE_UP","270.3836938888887","270.84369388888865","true","454.6123986661658","454.6123986661658","0.03331122660455192","0.033311226604551894","S17-end-1--80-dowel","Preserve useful approved connection close-up; no macro-wide room redesign. Presentation work-area transform only."
"17","S17-end-1-80-dowel","CONNECTION_CLOSE_UP","270.84369388888865","271.30369388888863","true","454.6123986661658","454.6123986661658","0.03680701266519922","0.0368070126651992","S17-end-1-80-dowel","Preserve useful approved connection close-up; no macro-wide room redesign. Presentation work-area transform only."
"17","S17-lower","CONNECTION_CLOSE_UP","271.30369388888863","273.30369388888863","true","454.6123986661658","454.6123986661658","0.5591338133683612","0.5591338133683612","C8-left | C8-right | C9 | D1 | S16--1--1-dowel-0 | S16--1--1-dowel-1 | S16--1--1-cam | S16--1--1-bolt | S16--1-1-dowel-0 | S16--1-1-dowel-1 | S16--1-1-cam | S16--1-1-bolt | S16-1--1-dowel-0 | S16-1--1-dowel-1 | S16-1--1-cam | S16-1--1-bolt | S16-1-1-dowel-0 | S16-1-1-dowel-1 | S16-1-1-cam | S16-1-1-bolt","Preserve useful approved connection close-up; no macro-wide room redesign. Presentation work-area transform only."
"17","S17-seat","CONNECTION_CLOSE_UP","273.30369388888863","274.4536938888886","true","454.6123986661658","454.6123986661658","0.5482615466565404","0.5482615466565403","C8-left | C8-right | C9 | D1 | S16--1--1-dowel-0 | S16--1--1-dowel-1 | S16--1--1-cam | S16--1--1-bolt | S16--1-1-dowel-0 | S16--1-1-dowel-1 | S16--1-1-cam | S16--1-1-bolt | S16-1--1-dowel-0 | S16-1--1-dowel-1 | S16-1--1-cam | S16-1--1-bolt | S16-1-1-dowel-0 | S16-1-1-dowel-1 | S16-1-1-cam | S16-1-1-bolt","Preserve useful approved connection close-up; no macro-wide room redesign. Presentation work-area transform only."
"17","S17-side--1--55-cam-seat","CONNECTION_CLOSE_UP","274.4536938888886","275.1536938888886","true","48.31596418605686","48.31596418605686","0.12415413030650974","0.12415413030650975","S17-side--1--55-cam","Preserve useful approved connection close-up; no macro-wide room redesign. Presentation work-area transform only."
"17","S17-side--1--55-bolt-up","CONNECTION_CLOSE_UP","275.1536938888886","276.4836938888886","true","55.06411139758943","55.06411139758943","0.5721118486632487","0.5721118486632489","S17-side--1--55-bolt","Preserve useful approved connection close-up; no macro-wide room redesign. Presentation work-area transform only."
"17","S17-side--1-55-cam-seat","CONNECTION_CLOSE_UP","276.4836938888886","276.88369388888856","true","48.31596418605687","48.31596418605687","0.12250230314946275","0.12250230314946275","S17-side--1-55-cam","Preserve useful approved connection close-up; no macro-wide room redesign. Presentation work-area transform only."
"17","S17-side--1-55-bolt-up","CONNECTION_CLOSE_UP","276.88369388888856","277.56369388888857","true","55.06411139758942","55.06411139758942","0.5504232966352004","0.5504232966352006","S17-side--1-55-bolt","Preserve useful approved connection close-up; no macro-wide room redesign. Presentation work-area transform only."
"17","S17-side-1--55-cam-seat","CONNECTION_CLOSE_UP","277.56369388888857","277.96369388888854","true","49.69597541157883","49.69597541157883","0.1262671854285892","0.12626718542858925","S17-side-1--55-cam","Preserve useful approved connection close-up; no macro-wide room redesign. Presentation work-area transform only."
"17","S17-side-1--55-bolt-up","CONNECTION_CLOSE_UP","277.96369388888854","278.64369388888855","true","56.74624354069593","56.74624354069593","0.5331634191651127","0.5331634191651125","S17-side-1--55-bolt","Preserve useful approved connection close-up; no macro-wide room redesign. Presentation work-area transform only."
"17","S17-side-1-55-cam-seat","CONNECTION_CLOSE_UP","278.64369388888855","279.0436938888885","true","49.69597541157882","49.69597541157882","0.12626718542858925","0.12626718542858922","S17-side-1-55-cam","Preserve useful approved connection close-up; no macro-wide room redesign. Presentation work-area transform only."
"17","S17-side-1-55-bolt-up","CONNECTION_CLOSE_UP","279.0436938888885","279.72369388888853","true","56.74624354069594","56.74624354069594","0.533163419165113","0.5331634191651129","S17-side-1-55-bolt","Preserve useful approved connection close-up; no macro-wide room redesign. Presentation work-area transform only."
"17","S17-end--1--80-cam-seat","CONNECTION_CLOSE_UP","279.72369388888853","280.1236938888885","true","45.2113174565669","45.2113174565669","0.12392846288226465","0.12392846288226524","S17-end--1--80-cam","Preserve useful approved connection close-up; no macro-wide room redesign. Presentation work-area transform only."
"17","S17-end--1--80-bolt-up","CONNECTION_CLOSE_UP","280.1236938888885","280.8036938888885","true","51.353191052345686","51.353191052345686","0.5961536543309934","0.5961536543309932","S17-end--1--80-bolt","Preserve useful approved connection close-up; no macro-wide room redesign. Presentation work-area transform only."
"17","S17-end--1-80-cam-seat","CONNECTION_CLOSE_UP","280.8036938888885","281.2036938888885","true","45.2113174565669","45.2113174565669","0.12392846288226463","0.12392846288226524","S17-end--1-80-cam","Preserve useful approved connection close-up; no macro-wide room redesign. Presentation work-area transform only."
"17","S17-end--1-80-bolt-up","CONNECTION_CLOSE_UP","281.2036938888885","281.8836938888885","true","51.353191052345686","51.353191052345686","0.5961536543309935","0.5961536543309932","S17-end--1-80-bolt","Preserve useful approved connection close-up; no macro-wide room redesign. Presentation work-area transform only."
"17","S17-end-1--80-cam-seat","CONNECTION_CLOSE_UP","281.8836938888885","282.2836938888885","true","48.45255124734506","48.45255124734506","0.14348203858241745","0.14348203858241704","S17-end-1--80-cam","Preserve useful approved connection close-up; no macro-wide room redesign. Presentation work-area transform only."
"17","S17-end-1--80-bolt-up","CONNECTION_CLOSE_UP","282.2836938888885","282.9636938888885","true","55.273129888352415","55.273129888352415","0.5288143271207575","0.5288143271207576","S17-end-1--80-bolt","Preserve useful approved connection close-up; no macro-wide room redesign. Presentation work-area transform only."
"17","S17-end-1-80-cam-seat","CONNECTION_CLOSE_UP","282.9636938888885","283.36369388888846","true","48.45255124734506","48.45255124734506","0.14348203858241754","0.14348203858241693","S17-end-1-80-cam","Preserve useful approved connection close-up; no macro-wide room redesign. Presentation work-area transform only."
"17","S17-end-1-80-bolt-up","CONNECTION_CLOSE_UP","283.36369388888846","284.04369388888847","true","55.273129888352415","55.273129888352415","0.5288143271207572","0.5288143271207573","S17-end-1-80-bolt","Preserve useful approved connection close-up; no macro-wide room redesign. Presentation work-area transform only."
"17","S17-complete","WORKING_MEDIUM","284.04369388888847","285.04369388888847","true","597.9279980456859","406.55723345014945","0.78777857333729","0.7799999996239341","C1-start | C2-left | C4-left | C5 | C4-right | C2-right | C3-0 | C3-1 | C3-2 | C3-3 | C6-0-first | C6-0-second | C6-1-first | C6-1-second | C6-2-first | C6-2-second | C6-3-first | C6-3-second | C7-0 | C7-1 | C7-2 | C1-close | C8-left | C8-right | C9 | D1","Working medium fitted to sampled actual active mesh envelope; 50° lens reduces empty/fog distance. Front-side cut retains elevation and handed angle while avoiding the rear cabinet/wall."
"18","S18-context","WORKING_MEDIUM","285.04369388888847","285.69369388888845","true","597.9279980456859","406.55723345014945","0.78777857333729","0.7799999996239341","C1-start | C2-left | C4-left | C5 | C4-right | C2-right | C3-0 | C3-1 | C3-2 | C3-3 | C6-0-first | C6-0-second | C6-1-first | C6-1-second | C6-2-first | C6-2-second | C6-3-first | C6-3-second | C7-0 | C7-1 | C7-2 | C1-close | C8-left | C8-right | C9 | D1","Working medium fitted to sampled actual active mesh envelope; 50° lens reduces empty/fog distance. Front-side cut retains elevation and handed angle while avoiding the rear cabinet/wall."
"18","S18-H20-0-seat","CONNECTION_CLOSE_UP","285.69369388888845","286.69369388888845","true","57.95705920859271","57.95705920859271","0.28381634849956533","0.2838163484995651","S18-H20-0","Preserve useful approved connection close-up; no macro-wide room redesign. Presentation work-area transform only."
"18","S18-H20-0-screws","CONNECTION_CLOSE_UP","286.69369388888845","289.43369388888846","true","57.95705920859271","57.95705920859271","0.16500513347403303","0.1650051334740351","S18-H20-0-H14-v0 | S18-H20-0-H14-h0 | S18-H20-0-H14-v1 | S18-H20-0-H14-h1","Preserve useful approved connection close-up; no macro-wide room redesign. Presentation work-area transform only."
"18","S18-H20-1-seat","CONNECTION_CLOSE_UP","289.43369388888846","289.98369388888847","true","57.95705920859271","57.95705920859271","0.28349879315086945","0.28349879315086973","S18-H20-1","Preserve useful approved connection close-up; no macro-wide room redesign. Presentation work-area transform only."
"18","S18-H20-1-screws","CONNECTION_CLOSE_UP","289.98369388888847","291.24369388888846","true","57.95705920859271","57.95705920859271","0.1711387460898469","0.17113874608984636","S18-H20-1-H14-v0 | S18-H20-1-H14-h0 | S18-H20-1-H14-v1 | S18-H20-1-H14-h1","Preserve useful approved connection close-up; no macro-wide room redesign. Presentation work-area transform only."
"18","S18-H20-2-seat","CONNECTION_CLOSE_UP","291.24369388888846","291.79369388888847","true","57.95705920859271","57.95705920859271","0.2834987931508691","0.2834987931508696","S18-H20-2","Preserve useful approved connection close-up; no macro-wide room redesign. Presentation work-area transform only."
"18","S18-H20-2-screws","CONNECTION_CLOSE_UP","291.79369388888847","293.05369388888846","true","57.95705920859271","57.95705920859271","0.17113874608984933","0.17113874608984836","S18-H20-2-H14-v0 | S18-H20-2-H14-h0 | S18-H20-2-H14-v1 | S18-H20-2-H14-h1","Preserve useful approved connection close-up; no macro-wide room redesign. Presentation work-area transform only."
"18","S18-H20-3-seat","CONNECTION_CLOSE_UP","293.05369388888846","293.6036938888885","true","57.95705920859271","57.95705920859271","0.2834987931508703","0.28349879315086973","S18-H20-3","Preserve useful approved connection close-up; no macro-wide room redesign. Presentation work-area transform only."
"18","S18-H20-3-screws","CONNECTION_CLOSE_UP","293.6036938888885","294.86369388888846","true","57.95705920859271","57.95705920859271","0.17113874608984944","0.17113874608984733","S18-H20-3-H14-v0 | S18-H20-3-H14-h0 | S18-H20-3-H14-v1 | S18-H20-3-H14-h1","Preserve useful approved connection close-up; no macro-wide room redesign. Presentation work-area transform only."
"18","S18-H20-4-seat","CONNECTION_CLOSE_UP","294.86369388888846","295.4136938888885","true","57.95705920859266","57.95705920859266","0.2834987931508676","0.2834987931508695","S18-H20-4","Preserve useful approved connection close-up; no macro-wide room redesign. Presentation work-area transform only."
"18","S18-H20-4-screws","CONNECTION_CLOSE_UP","295.4136938888885","296.67369388888847","true","57.95705920859266","57.95705920859266","0.17390511760843907","0.17390511760843877","S18-H20-4-H14-v0 | S18-H20-4-H14-h0 | S18-H20-4-H14-v1 | S18-H20-4-H14-h1","Preserve useful approved connection close-up; no macro-wide room redesign. Presentation work-area transform only."
"18","S18-H20-5-seat","CONNECTION_CLOSE_UP","296.67369388888847","297.2236938888885","true","57.95705920859267","57.95705920859267","0.2834987931508695","0.28349879315086984","S18-H20-5","Preserve useful approved connection close-up; no macro-wide room redesign. Presentation work-area transform only."
"18","S18-H20-5-screws","CONNECTION_CLOSE_UP","297.2236938888885","298.48369388888847","true","57.95705920859267","57.95705920859267","0.1739051176084391","0.17390511760843896","S18-H20-5-H14-v0 | S18-H20-5-H14-h0 | S18-H20-5-H14-v1 | S18-H20-5-H14-h1","Preserve useful approved connection close-up; no macro-wide room redesign. Presentation work-area transform only."
"18","S18-complete","WORKING_MEDIUM","298.48369388888847","299.2836938888885","true","597.9279980456859","406.55723345014945","0.78777857333729","0.7799999996239341","C1-start | C2-left | C4-left | C5 | C4-right | C2-right | C3-0 | C3-1 | C3-2 | C3-3 | C6-0-first | C6-0-second | C6-1-first | C6-1-second | C6-2-first | C6-2-second | C6-3-first | C6-3-second | C7-0 | C7-1 | C7-2 | C1-close | C8-left | C8-right | C9 | D1","Working medium fitted to sampled actual active mesh envelope; 50° lens reduces empty/fog distance. Front-side cut retains elevation and handed angle while avoiding the rear cabinet/wall."
"19","S19-context","WORKING_MEDIUM","299.2836938888885","299.93369388888846","true","597.9279980456859","406.55723345014945","0.78777857333729","0.7799999996239341","C1-start | C2-left | C4-left | C5 | C4-right | C2-right | C3-0 | C3-1 | C3-2 | C3-3 | C6-0-first | C6-0-second | C6-1-first | C6-1-second | C6-2-first | C6-2-second | C6-3-first | C6-3-second | C7-0 | C7-1 | C7-2 | C1-close | C8-left | C8-right | C9 | D1","Working medium fitted to sampled actual active mesh envelope; 50° lens reduces empty/fog distance. Front-side cut retains elevation and handed angle while avoiding the rear cabinet/wall."
"19","S19-H20-0-seat","CONNECTION_CLOSE_UP","299.93369388888846","300.48369388888847","true","57.95705920859266","57.95705920859266","0.28349879315086984","0.28349879315086896","S19-H20-0","Preserve useful approved connection close-up; no macro-wide room redesign. Presentation work-area transform only."
"19","S19-H20-0-screws","CONNECTION_CLOSE_UP","300.48369388888847","301.74369388888846","true","57.95705920859266","57.95705920859266","0.17390511760843808","0.1739051176084402","S19-H20-0-H14-v0 | S19-H20-0-H14-h0 | S19-H20-0-H14-v1 | S19-H20-0-H14-h1","Preserve useful approved connection close-up; no macro-wide room redesign. Presentation work-area transform only."
"19","S19-H20-1-seat","CONNECTION_CLOSE_UP","301.74369388888846","302.29369388888847","true","57.95705920859266","57.95705920859266","0.28349879315086984","0.28349879315086945","S19-H20-1","Preserve useful approved connection close-up; no macro-wide room redesign. Presentation work-area transform only."
"19","S19-H20-1-screws","CONNECTION_CLOSE_UP","302.29369388888847","303.55369388888846","true","57.95705920859266","57.95705920859266","0.1739051176084391","0.17390511760843919","S19-H20-1-H14-v0 | S19-H20-1-H14-h0 | S19-H20-1-H14-v1 | S19-H20-1-H14-h1","Preserve useful approved connection close-up; no macro-wide room redesign. Presentation work-area transform only."
"19","S19-H20-2-seat","CONNECTION_CLOSE_UP","303.55369388888846","304.1036938888885","true","57.95705920859266","57.95705920859266","0.2834987931508679","0.28349879315086945","S19-H20-2","Preserve useful approved connection close-up; no macro-wide room redesign. Presentation work-area transform only."
"19","S19-H20-2-screws","CONNECTION_CLOSE_UP","304.1036938888885","305.36369388888846","true","57.95705920859266","57.95705920859266","0.1739051176084402","0.17390511760844016","S19-H20-2-H14-v0 | S19-H20-2-H14-h0 | S19-H20-2-H14-v1 | S19-H20-2-H14-h1","Preserve useful approved connection close-up; no macro-wide room redesign. Presentation work-area transform only."
"19","S19-H20-3-seat","CONNECTION_CLOSE_UP","305.36369388888846","305.9136938888885","true","57.95705920859266","57.95705920859266","0.28349879315086784","0.28349879315086945","S19-H20-3","Preserve useful approved connection close-up; no macro-wide room redesign. Presentation work-area transform only."
"19","S19-H20-3-screws","CONNECTION_CLOSE_UP","305.9136938888885","307.17369388888847","true","57.95705920859266","57.95705920859266","0.17390511760844019","0.17390511760844007","S19-H20-3-H14-v0 | S19-H20-3-H14-h0 | S19-H20-3-H14-v1 | S19-H20-3-H14-h1","Preserve useful approved connection close-up; no macro-wide room redesign. Presentation work-area transform only."
"19","S19-H20-4-seat","CONNECTION_CLOSE_UP","307.17369388888847","307.7236938888885","true","57.95705920859271","57.957059208592696","0.28349879315086884","0.2834987931508697","S19-H20-4","Preserve useful approved connection close-up; no macro-wide room redesign. Presentation work-area transform only."
"19","S19-H20-4-screws","CONNECTION_CLOSE_UP","307.7236938888885","308.98369388888847","true","57.95705920859271","57.957059208592696","0.17113874608984836","0.17113874608984783","S19-H20-4-H14-v0 | S19-H20-4-H14-h0 | S19-H20-4-H14-v1 | S19-H20-4-H14-h1","Preserve useful approved connection close-up; no macro-wide room redesign. Presentation work-area transform only."
"19","S19-H20-5-seat","CONNECTION_CLOSE_UP","308.98369388888847","309.5336938888885","true","57.95705920859269","57.95705920859269","0.28349879315086896","0.28349879315086884","S19-H20-5","Preserve useful approved connection close-up; no macro-wide room redesign. Presentation work-area transform only."
"19","S19-H20-5-screws","CONNECTION_CLOSE_UP","309.5336938888885","310.79369388888847","true","57.95705920859269","57.95705920859269","0.17113874608984767","0.1711387460898474","S19-H20-5-H14-v0 | S19-H20-5-H14-h0 | S19-H20-5-H14-v1 | S19-H20-5-H14-h1","Preserve useful approved connection close-up; no macro-wide room redesign. Presentation work-area transform only."
"19","S19-complete","WORKING_MEDIUM","310.79369388888847","311.5936938888885","true","597.9279980456859","406.55723345014945","0.78777857333729","0.7799999996239341","C1-start | C2-left | C4-left | C5 | C4-right | C2-right | C3-0 | C3-1 | C3-2 | C3-3 | C6-0-first | C6-0-second | C6-1-first | C6-1-second | C6-2-first | C6-2-second | C6-3-first | C6-3-second | C7-0 | C7-1 | C7-2 | C1-close | C8-left | C8-right | C9 | D1","Working medium fitted to sampled actual active mesh envelope; 50° lens reduces empty/fog distance. Front-side cut retains elevation and handed angle while avoiding the rear cabinet/wall."
"20","S20-context","WORKING_MEDIUM","311.5936938888885","312.3936938888885","true","597.9279980456859","406.55723345014945","0.78777857333729","0.7799999996239341","C1-start | C2-left | C4-left | C5 | C4-right | C2-right | C3-0 | C3-1 | C3-2 | C3-3 | C6-0-first | C6-0-second | C6-1-first | C6-1-second | C6-2-first | C6-2-second | C6-3-first | C6-3-second | C7-0 | C7-1 | C7-2 | C1-close | C8-left | C8-right | C9 | D1","Working medium fitted to sampled actual active mesh envelope; 50° lens reduces empty/fog distance. Front-side cut retains elevation and handed angle while avoiding the rear cabinet/wall."
"20","S20-D2-0-seat","CONNECTION_CLOSE_UP","312.3936938888885","313.6936938888885","true","292.57349151315657","292.57349151315657","0.6820322952899691","0.6820322952899689","D2-0","Preserve useful approved connection close-up; no macro-wide room redesign. Presentation work-area transform only."
"20","S20-D2-0-first-screw","CONNECTION_CLOSE_UP","313.6936938888885","314.7936938888885","true","67.2805378987337","67.2805378987337","0.2380400181947926","0.23804001819479312","S20-H16-0-0","Preserve useful approved connection close-up; no macro-wide room redesign. Presentation work-area transform only."
"20","S20-D2-0-remaining-screws","CONNECTION_CLOSE_UP","314.7936938888885","316.21369388888854","true","292.57349151315657","292.57349151315657","0.5242849052009071","0.524284905200907","S20-H16-0-1 | S20-H16-0-2 | S20-H16-0-3 | S20-H16-0-4","Preserve useful approved connection close-up; no macro-wide room redesign. Presentation work-area transform only."
"20","S20-D2-1-seat","CONNECTION_CLOSE_UP","316.21369388888854","317.01369388888855","true","292.57349151315657","292.57349151315657","0.6820074385207269","0.6820074385207268","D2-1","Preserve useful approved connection close-up; no macro-wide room redesign. Presentation work-area transform only."
"20","S20-D2-1-first-screw","CONNECTION_CLOSE_UP","317.01369388888855","317.40369388888854","true","292.57349151315657","292.57349151315657","0.053050924519126484","0.05305092451912644","S20-H16-1-0","Preserve useful approved connection close-up; no macro-wide room redesign. Presentation work-area transform only."
"20","S20-D2-1-remaining-screws","CONNECTION_CLOSE_UP","317.40369388888854","318.82369388888856","true","292.57349151315657","292.57349151315657","0.5242849052009069","0.5242849052009069","S20-H16-1-1 | S20-H16-1-2 | S20-H16-1-3 | S20-H16-1-4","Preserve useful approved connection close-up; no macro-wide room redesign. Presentation work-area transform only."
"20","S20-D2-2-seat","CONNECTION_CLOSE_UP","318.82369388888856","319.62369388888857","true","292.5734915131566","292.5734915131566","0.6820074385207265","0.6820074385207266","D2-2","Preserve useful approved connection close-up; no macro-wide room redesign. Presentation work-area transform only."
"20","S20-D2-2-first-screw","CONNECTION_CLOSE_UP","319.62369388888857","320.01369388888855","true","292.5734915131566","292.5734915131566","0.05305092451912646","0.05305092451912646","S20-H16-2-0","Preserve useful approved connection close-up; no macro-wide room redesign. Presentation work-area transform only."
"20","S20-D2-2-remaining-screws","CONNECTION_CLOSE_UP","320.01369388888855","321.43369388888857","true","292.5734915131566","292.5734915131566","0.5242849052009068","0.5242849052009068","S20-H16-2-1 | S20-H16-2-2 | S20-H16-2-3 | S20-H16-2-4","Preserve useful approved connection close-up; no macro-wide room redesign. Presentation work-area transform only."
"20","S20-D2-3-seat","CONNECTION_CLOSE_UP","321.43369388888857","322.2336938888886","true","292.5734915131566","292.5734915131566","0.6820074385207264","0.6820074385207266","D2-3","Preserve useful approved connection close-up; no macro-wide room redesign. Presentation work-area transform only."
"20","S20-D2-3-first-screw","CONNECTION_CLOSE_UP","322.2336938888886","322.62369388888857","true","292.5734915131566","292.5734915131566","0.05305092451912654","0.05305092451912646","S20-H16-3-0","Preserve useful approved connection close-up; no macro-wide room redesign. Presentation work-area transform only."
"20","S20-D2-3-remaining-screws","CONNECTION_CLOSE_UP","322.62369388888857","324.0436938888886","true","292.5734915131566","292.5734915131566","0.5242849052009065","0.5242849052009068","S20-H16-3-1 | S20-H16-3-2 | S20-H16-3-3 | S20-H16-3-4","Preserve useful approved connection close-up; no macro-wide room redesign. Presentation work-area transform only."
"20","S20-D2-4-seat","CONNECTION_CLOSE_UP","324.0436938888886","324.8436938888886","true","292.5734915131566","292.5734915131566","0.6820074385207265","0.6820074385207268","D2-4","Preserve useful approved connection close-up; no macro-wide room redesign. Presentation work-area transform only."
"20","S20-D2-4-first-screw","CONNECTION_CLOSE_UP","324.8436938888886","325.2336938888886","true","292.5734915131566","292.5734915131566","0.053050924519126554","0.05305092451912644","S20-H16-4-0","Preserve useful approved connection close-up; no macro-wide room redesign. Presentation work-area transform only."
"20","S20-D2-4-remaining-screws","CONNECTION_CLOSE_UP","325.2336938888886","326.6536938888886","true","292.5734915131566","292.5734915131566","0.5242849052009069","0.5242849052009069","S20-H16-4-1 | S20-H16-4-2 | S20-H16-4-3 | S20-H16-4-4","Preserve useful approved connection close-up; no macro-wide room redesign. Presentation work-area transform only."
"20","S20-complete","WORKING_MEDIUM","326.6536938888886","327.8536938888886","true","597.9279980456859","406.55723345014945","0.78777857333729","0.7799999996239341","C1-start | C2-left | C4-left | C5 | C4-right | C2-right | C3-0 | C3-1 | C3-2 | C3-3 | C6-0-first | C6-0-second | C6-1-first | C6-1-second | C6-2-first | C6-2-second | C6-3-first | C6-3-second | C7-0 | C7-1 | C7-2 | C1-close | C8-left | C8-right | C9 | D1 | D2-0 | D2-1 | D2-2 | D2-3 | D2-4","Working medium fitted to sampled actual active mesh envelope; 50° lens reduces empty/fog distance. Front-side cut retains elevation and handed angle while avoiding the rear cabinet/wall."
"21","S21-context","WORKING_MEDIUM","327.8536938888886","329.6536938888886","true","721.1985221642524","388.1911616876689","0.585081225822607","0.7468032556442509","C1-start | C2-left | C4-left | C5 | C4-right | C2-right | C3-0 | C3-1 | C3-2 | C3-3 | C6-0-first | C6-0-second | C6-1-first | C6-1-second | C6-2-first | C6-2-second | C6-3-first | C6-3-second | C7-0 | C7-1 | C7-2 | C1-close | C8-left | C8-right | C9 | D1 | D2-0 | D2-1 | D2-2 | D2-3 | D2-4","Working medium fitted to sampled actual active mesh envelope; 50° lens reduces empty/fog distance. Front-side cut retains elevation and handed angle while avoiding the rear cabinet/wall."
"21","S21-introduce","CONNECTION_CLOSE_UP","329.6536938888886","331.1536938888886","true","73.02074191067835","73.02074191067835","8.88384910781401","8.883849107814015","C8-left | E1--1","Preserve useful approved connection close-up; no macro-wide room redesign. Presentation work-area transform only."
"21","S21-target","CONNECTION_CLOSE_UP","331.1536938888886","332.4536938888886","true","73.02074191067835","73.02074191067835","0","0","","Preserve useful approved connection close-up; no macro-wide room redesign. Presentation work-area transform only."
"21","S21-seat","CONNECTION_CLOSE_UP","332.4536938888886","334.05369388888863","true","73.02074191067835","73.02074191067835","0.402793584993836","0.40279358499383605","E1--1","Preserve useful approved connection close-up; no macro-wide room redesign. Presentation work-area transform only."
"21","S21-first-screw","CONNECTION_CLOSE_UP","334.05369388888863","335.4536938888886","true","34.75137806660036","34.75137806660036","0.14242501357063556","0.1424250135706355","S21-H21-0","Preserve useful approved connection close-up; no macro-wide room redesign. Presentation work-area transform only."
"21","S21-remaining-screws","CONNECTION_CLOSE_UP","335.4536938888886","338.9536938888886","true","73.02074191067835","73.02074191067835","0.24803912267149825","0.24803912267149875","S21-H21-1 | S21-H21-2 | S21-H21-3 | S21-H21-4 | S21-H21-5 | S21-H21-6 | S21-H21-7","Preserve useful approved connection close-up; no macro-wide room redesign. Presentation work-area transform only."
"21","S21-complete","CONNECTION_CLOSE_UP","338.9536938888886","339.9536938888886","true","73.02074191067835","73.02074191067835","0","0","","Preserve useful approved connection close-up; no macro-wide room redesign. Presentation work-area transform only."
"22","S22-context","WORKING_MEDIUM","339.9536938888886","340.8536938888886","true","721.1985221642524","388.1911616876689","0.585081225822607","0.7468032556442509","C1-start | C2-left | C4-left | C5 | C4-right | C2-right | C3-0 | C3-1 | C3-2 | C3-3 | C6-0-first | C6-0-second | C6-1-first | C6-1-second | C6-2-first | C6-2-second | C6-3-first | C6-3-second | C7-0 | C7-1 | C7-2 | C1-close | C8-left | C8-right | C9 | D1 | D2-0 | D2-1 | D2-2 | D2-3 | D2-4","Working medium fitted to sampled actual active mesh envelope; 50° lens reduces empty/fog distance. Front-side cut retains elevation and handed angle while avoiding the rear cabinet/wall."
"22","S22-introduce","CONNECTION_CLOSE_UP","340.8536938888886","341.6536938888886","true","73.02074191067835","73.02074191067835","9.322843702053556","9.322843702053564","C8-right | E1-1","Preserve useful approved connection close-up; no macro-wide room redesign. Presentation work-area transform only."
"22","S22-target","CONNECTION_CLOSE_UP","341.6536938888886","342.3036938888886","true","73.02074191067835","73.02074191067835","0","0","","Preserve useful approved connection close-up; no macro-wide room redesign. Presentation work-area transform only."
"22","S22-seat","CONNECTION_CLOSE_UP","342.3036938888886","343.4036938888886","true","73.02074191067835","73.02074191067835","0.40264079318262885","0.40264079318262896","E1-1","Preserve useful approved connection close-up; no macro-wide room redesign. Presentation work-area transform only."
"22","S22-first-screw","CONNECTION_CLOSE_UP","343.4036938888886","344.0536938888886","true","34.751378066600374","34.751378066600374","0.13989516525961207","0.13989516525961174","S22-H21-0","Preserve useful approved connection close-up; no macro-wide room redesign. Presentation work-area transform only."
"22","S22-remaining-screws","CONNECTION_CLOSE_UP","344.0536938888886","347.5536938888886","true","73.02074191067835","73.02074191067835","0.2572958279720955","0.25729582797209544","S22-H21-1 | S22-H21-2 | S22-H21-3 | S22-H21-4 | S22-H21-5 | S22-H21-6 | S22-H21-7","Preserve useful approved connection close-up; no macro-wide room redesign. Presentation work-area transform only."
"22","S22-complete","CONNECTION_CLOSE_UP","347.5536938888886","348.5536938888886","true","73.02074191067835","73.02074191067835","0","0","","Preserve useful approved connection close-up; no macro-wide room redesign. Presentation work-area transform only."
"23","S23-target","CONNECTION_CLOSE_UP","348.5536938888886","350.3536938888886","true","80.6928272982701","80.6928272982701","0","0","","Preserve useful approved connection close-up; no macro-wide room redesign. Presentation work-area transform only."
"23","S23-bearing-intro","CONNECTION_CLOSE_UP","350.3536938888886","351.6036938888886","true","80.6928272982701","80.6928272982701","0.12827730473645546","0.12827730473645563","S23-H19","Preserve useful approved connection close-up; no macro-wide room redesign. Presentation work-area transform only."
"23","S23-bearing-seat","CONNECTION_CLOSE_UP","351.6036938888886","353.2036938888886","true","80.6928272982701","80.6928272982701","0.16397479809953025","0.16397479809953044","S23-H19","Preserve useful approved connection close-up; no macro-wide room redesign. Presentation work-area transform only."
"23","S23-piston-intro","CONNECTION_CLOSE_UP","353.2036938888886","355.0036938888886","true","392.29438030104586","392.29438030104586","0.5299367902972012","0.5299367902972012","E2--1 | E2--1-body | E2--1-rod | E2--1-neck | E2--1-eyeA | E2--1-eyeB","Preserve useful approved connection close-up; no macro-wide room redesign. Presentation work-area transform only."
"23","S23-eye-seat","CONNECTION_CLOSE_UP","355.0036938888886","356.7036938888886","true","80.6928272982701","80.6928272982701","3.889618285084801","3.889618285084801","E2--1","Preserve useful approved connection close-up; no macro-wide room redesign. Presentation work-area transform only."
"23","S23-retain","CONNECTION_CLOSE_UP","356.7036938888886","358.5036938888886","true","80.6928272982701","80.6928272982701","3.546421076148086","3.546421076148087","E2--1 | S23-H17","Preserve useful approved connection close-up; no macro-wide room redesign. Presentation work-area transform only."
"23","S23-complete","CONNECTION_CLOSE_UP","358.5036938888886","360.2036938888886","true","80.6928272982701","80.6928272982701","0","0","","Preserve useful approved connection close-up; no macro-wide room redesign. Presentation work-area transform only."
"24","S24-target","CONNECTION_CLOSE_UP","360.2036938888886","361.2036938888886","true","80.6928272982701","80.6928272982701","0","0","","Preserve useful approved connection close-up; no macro-wide room redesign. Presentation work-area transform only."
"24","S24-bearing-intro","CONNECTION_CLOSE_UP","361.2036938888886","361.9536938888886","true","80.6928272982701","80.6928272982701","0.12827730473645563","0.12827730473645563","S24-H19","Preserve useful approved connection close-up; no macro-wide room redesign. Presentation work-area transform only."
"24","S24-bearing-seat","CONNECTION_CLOSE_UP","361.9536938888886","363.0036938888886","true","80.6928272982701","80.6928272982701","0.1638762846599541","0.16387628465995407","S24-H19","Preserve useful approved connection close-up; no macro-wide room redesign. Presentation work-area transform only."
"24","S24-piston-intro","CONNECTION_CLOSE_UP","363.0036938888886","364.0036938888886","true","392.2943803010458","392.2943803010458","0.5299367902972014","0.5299367902972014","E2-1 | E2-1-body | E2-1-rod | E2-1-neck | E2-1-eyeA | E2-1-eyeB","Preserve useful approved connection close-up; no macro-wide room redesign. Presentation work-area transform only."
"24","S24-eye-seat","CONNECTION_CLOSE_UP","364.0036938888886","365.10369388888864","true","80.6928272982701","80.6928272982701","3.888802532980637","3.8888025329806375","E2-1","Preserve useful approved connection close-up; no macro-wide room redesign. Presentation work-area transform only."
"24","S24-retain","CONNECTION_CLOSE_UP","365.10369388888864","366.20369388888867","true","80.6928272982701","80.6928272982701","3.5461872317054772","3.5461872317054777","E2-1 | S24-H17","Preserve useful approved connection close-up; no macro-wide room redesign. Presentation work-area transform only."
"24","S24-complete","CONNECTION_CLOSE_UP","366.20369388888867","367.3036938888887","true","80.6928272982701","80.6928272982701","0","0","","Preserve useful approved connection close-up; no macro-wide room redesign. Presentation work-area transform only."
"25","S25-context","CONTEXT_WIDE","367.3036938888887","369.5036938888887","false","482.3246659988138","482.3246659988138","0.8666953762750168","0.4993641465903978","A5 | A7 | A8 | A9 | A1 | A3 | A6 | A7-R | A8-R | A9-R | A2 | A4 | E3 | B9 | D5 | E4 | B8-4--1 | B8-4-1 | B7-4 | D4-1 | B8-5--1 | B8-5-1 | B7-5 | D4-2 | B8-6--1 | B8-6-1 | B7-6 | B5 | B6 | B1-rear | B1-front | B2-left | B3 | B2-right | B4-left | B4-right | D9 | D8 | E5 | C2-left | C4-left | C5 | C4-right | C2-right | C1-start | C1-close | C3-0 | C6-0-first | C6-0-second | C3-1 | C6-1-first | C6-1-second | C3-2 | C6-2-first | C6-2-second | C3-3 | C6-3-first | C6-3-second | C7-0 | C7-1 | C7-2 | D2-0 | D2-1 | D2-2 | D2-3 | D2-4 | C8-left | C8-right | C9 | D1","Deliberate context/orientation view; preserve spatial relationship."
"25","S25-receivers","CONNECTION_CLOSE_UP","369.5036938888887","371.0036938888887","false","4.042585806139433","4.042585806139433","17.81879012616556","17.81879012616556","D8 | A9 | D9 | A9-R","Preserve useful approved connection close-up; no macro-wide room redesign."
"25","S25-route-4","CONTEXT_WIDE","371.0036938888887","373.40369388888865","false","600.2581389717787","600.2581389717787","0.5145936013734952","0.6932928495025061","A5 | A7 | A8 | A9 | A1 | A3 | A6 | A7-R | A8-R | A9-R | A2 | A4 | E3 | B9 | D5 | E4 | B8-4--1 | B8-4-1 | B7-4 | D4-1 | B8-5--1 | B8-5-1 | B7-5 | D4-2 | B8-6--1 | B8-6-1 | B7-6 | B5 | B6 | B1-rear | B1-front | B2-left | B3 | B2-right | B4-left | B4-right | D9 | D8 | E5 | C2-left | C4-left | C5 | C4-right | C2-right | C1-start | C1-close | C3-0 | C6-0-first | C6-0-second | C3-1 | C6-1-first | C6-1-second | C3-2 | C6-2-first | C6-2-second | C3-3 | C6-3-first | C6-3-second | C7-0 | C7-1 | C7-2 | D2-0 | D2-1 | D2-2 | D2-3 | D2-4 | C8-left | C8-right | C9 | D1 | bed-motion-root","Deliberate context/orientation view; preserve spatial relationship."
"25","S25-route-5","CONTEXT_WIDE","373.40369388888865","375.30369388888863","false","600.2581389717787","600.2581389717787","0.4869657870521001","0.4820803154246947","A5 | A7 | A8 | A9 | A1 | A3 | A6 | A7-R | A8-R | A9-R | A2 | A4 | E3 | B9 | D5 | E4 | B8-4--1 | B8-4-1 | B7-4 | D4-1 | B8-5--1 | B8-5-1 | B7-5 | D4-2 | B8-6--1 | B8-6-1 | B7-6 | B5 | B6 | B1-rear | B1-front | B2-left | B3 | B2-right | B4-left | B4-right | D9 | D8 | E5 | C2-left | C4-left | C5 | C4-right | C2-right | C1-start | C1-close | C3-0 | C6-0-first | C6-0-second | C3-1 | C6-1-first | C6-1-second | C3-2 | C6-2-first | C6-2-second | C3-3 | C6-3-first | C6-3-second | C7-0 | C7-1 | C7-2 | D2-0 | D2-1 | D2-2 | D2-3 | D2-4 | C8-left | C8-right | C9 | D1 | bed-motion-root","Deliberate context/orientation view; preserve spatial relationship."
"25","S25-route-6","CONNECTION_CLOSE_UP","375.30369388888863","377.05369388888863","false","4.042585806139433","4.042585806139433","4343.541036951657","4343.5410369660585","bed-motion-root","Preserve useful approved connection close-up; no macro-wide room redesign."
"25","S25--1-connection","CONNECTION_CLOSE_UP","377.05369388888863","378.7536938888886","false","4.042585806139433","4.042585806139433","0","0","","Preserve useful approved connection close-up; no macro-wide room redesign."
"25","S25--1-retainer","CONNECTION_CLOSE_UP","378.7536938888886","380.55369388888863","false","51.28069546645935","51.28069546645935","0.1510418647237831","0.1510418647237831","S25-H18--1","Preserve useful approved connection close-up; no macro-wide room redesign."
"25","S25-1-connection","CONNECTION_CLOSE_UP","380.55369388888863","381.55369388888863","false","4.042585806139433","4.042585806139433","0","0","","Preserve useful approved connection close-up; no macro-wide room redesign."
"25","S25-1-retainer","CONNECTION_CLOSE_UP","381.55369388888863","382.7036938888886","false","51.28069546645935","51.28069546645935","0.1516416656589555","0.1516416656589555","S25-H18-1","Preserve useful approved connection close-up; no macro-wide room redesign."
"25","S25-complete","CONTEXT_WIDE","382.7036938888886","384.2036938888886","false","503.65871819333887","503.65871819333887","0.5793418508528613","0.5793418508528613","A5 | A7 | A8 | A9 | A1 | A3 | A6 | A7-R | A8-R | A9-R | A2 | A4 | E3 | B9 | D5 | E4 | B8-4--1 | B8-4-1 | B7-4 | D4-1 | B8-5--1 | B8-5-1 | B7-5 | D4-2 | B8-6--1 | B8-6-1 | B7-6 | B5 | B6 | B1-rear | B1-front | B2-left | B3 | B2-right | B4-left | B4-right | D9 | D8 | E5 | C2-left | C4-left | C5 | C4-right | C2-right | C1-start | C1-close | C3-0 | C6-0-first | C6-0-second | C3-1 | C6-1-first | C6-1-second | C3-2 | C6-2-first | C6-2-second | C3-3 | C6-3-first | C6-3-second | C7-0 | C7-1 | C7-2 | D2-0 | D2-1 | D2-2 | D2-3 | D2-4 | C8-left | C8-right | C9 | D1","Deliberate context/orientation view; preserve spatial relationship."
"26","S26-supported-raise","CONTEXT_WIDE","384.2036938888886","386.5036938888886","false","625.8349753178635","625.8349753178635","0.8193502880407803","0.8193502880407803","A5 | A7 | A8 | A9 | A1 | A3 | A6 | A7-R | A8-R | A9-R | A2 | A4 | E3 | B9 | D5 | E4 | B8-4--1 | B8-4-1 | B7-4 | D4-1 | B8-5--1 | B8-5-1 | B7-5 | D4-2 | B8-6--1 | B8-6-1 | B7-6 | B5 | B6 | B1-rear | B1-front | B2-left | B3 | B2-right | B4-left | B4-right | D9 | D8 | E5 | C2-left | C4-left | C5 | C4-right | C2-right | C1-start | C1-close | C3-0 | C6-0-first | C6-0-second | C3-1 | C6-1-first | C6-1-second | C3-2 | C6-2-first | C6-2-second | C3-3 | C6-3-first | C6-3-second | C7-0 | C7-1 | C7-2 | D2-0 | D2-1 | D2-2 | D2-3 | D2-4 | C8-left | C8-right | C9 | D1 | bed-motion-root","Deliberate context/orientation view; preserve spatial relationship."
"26","S26-target","CONNECTION_CLOSE_UP","386.5036938888886","388.2036938888886","false","107.27842189447539","107.27842189447539","0","0","","Preserve useful approved connection close-up; no macro-wide room redesign."
"26","S26-eye-align","CONNECTION_CLOSE_UP","388.2036938888886","390.4036938888886","false","107.27842189447539","107.27842189447539","1.8500355102961767","1.8500355102961763","E2--1","Preserve useful approved connection close-up; no macro-wide room redesign."
"26","S26-retain","CONNECTION_CLOSE_UP","390.4036938888886","392.3036938888886","false","107.27842189447539","107.27842189447539","0.032942837045624285","0.032942837045624285","S26-H17","Preserve useful approved connection close-up; no macro-wide room redesign."
"26","S26-verify","CONNECTION_CLOSE_UP","392.3036938888886","393.50369388888856","false","107.27842189447539","107.27842189447539","0","0","","Preserve useful approved connection close-up; no macro-wide room redesign."
"27","S27-target","CONNECTION_CLOSE_UP","393.50369388888856","394.50369388888856","false","107.27842189447539","107.27842189447539","0","0","","Preserve useful approved connection close-up; no macro-wide room redesign."
"27","S27-eye-align","CONNECTION_CLOSE_UP","394.50369388888856","396.00369388888856","false","107.27842189447539","107.27842189447539","1.850008449810388","1.850008449810388","E2-1","Preserve useful approved connection close-up; no macro-wide room redesign."
"27","S27-retain","CONNECTION_CLOSE_UP","396.00369388888856","397.3036938888886","false","107.27842189447539","107.27842189447539","0.03109562840450582","0.03109562840450582","S27-H17","Preserve useful approved connection close-up; no macro-wide room redesign."
"27","S27-verify","CONNECTION_CLOSE_UP","397.3036938888886","398.50369388888856","false","107.27842189447539","107.27842189447539","0","0","","Preserve useful approved connection close-up; no macro-wide room redesign."
"27","S27-small-test-out","CONTEXT_WIDE","398.50369388888856","400.50369388888856","false","625.8349753178635","625.8349753178635","0.8193502880407803","0.8193502880407803","A5 | A7 | A8 | A9 | A1 | A3 | A6 | A7-R | A8-R | A9-R | A2 | A4 | E3 | B9 | D5 | E4 | B8-4--1 | B8-4-1 | B7-4 | D4-1 | B8-5--1 | B8-5-1 | B7-5 | D4-2 | B8-6--1 | B8-6-1 | B7-6 | B5 | B6 | B1-rear | B1-front | B2-left | B3 | B2-right | B4-left | B4-right | D9 | D8 | E5 | C2-left | C4-left | C5 | C4-right | C2-right | C1-start | C1-close | C3-0 | C6-0-first | C6-0-second | C3-1 | C6-1-first | C6-1-second | C3-2 | C6-2-first | C6-2-second | C3-3 | C6-3-first | C6-3-second | C7-0 | C7-1 | C7-2 | D2-0 | D2-1 | D2-2 | D2-3 | D2-4 | C8-left | C8-right | C9 | D1 | bed-motion-root","Deliberate context/orientation view; preserve spatial relationship."
"27","S27-small-test-return","CONTEXT_WIDE","400.50369388888856","402.40369388888854","false","625.8349753178635","625.8349753178635","0.8193502880407803","0.8193502880407803","A5 | A7 | A8 | A9 | A1 | A3 | A6 | A7-R | A8-R | A9-R | A2 | A4 | E3 | B9 | D5 | E4 | B8-4--1 | B8-4-1 | B7-4 | D4-1 | B8-5--1 | B8-5-1 | B7-5 | D4-2 | B8-6--1 | B8-6-1 | B7-6 | B5 | B6 | B1-rear | B1-front | B2-left | B3 | B2-right | B4-left | B4-right | D9 | D8 | E5 | C2-left | C4-left | C5 | C4-right | C2-right | C1-start | C1-close | C3-0 | C6-0-first | C6-0-second | C3-1 | C6-1-first | C6-1-second | C3-2 | C6-2-first | C6-2-second | C3-3 | C6-3-first | C6-3-second | C7-0 | C7-1 | C7-2 | D2-0 | D2-1 | D2-2 | D2-3 | D2-4 | C8-left | C8-right | C9 | D1 | bed-motion-root","Deliberate context/orientation view; preserve spatial relationship."
"27","S27-complete","CONTEXT_WIDE","402.40369388888854","403.8036938888885","false","625.8349753178635","625.8349753178635","0.8193502880407803","0.8193502880407803","A5 | A7 | A8 | A9 | A1 | A3 | A6 | A7-R | A8-R | A9-R | A2 | A4 | E3 | B9 | D5 | E4 | B8-4--1 | B8-4-1 | B7-4 | D4-1 | B8-5--1 | B8-5-1 | B7-5 | D4-2 | B8-6--1 | B8-6-1 | B7-6 | B5 | B6 | B1-rear | B1-front | B2-left | B3 | B2-right | B4-left | B4-right | D9 | D8 | E5 | C2-left | C4-left | C5 | C4-right | C2-right | C1-start | C1-close | C3-0 | C6-0-first | C6-0-second | C3-1 | C6-1-first | C6-1-second | C3-2 | C6-2-first | C6-2-second | C3-3 | C6-3-first | C6-3-second | C7-0 | C7-1 | C7-2 | D2-0 | D2-1 | D2-2 | D2-3 | D2-4 | C8-left | C8-right | C9 | D1","Deliberate context/orientation view; preserve spatial relationship."
"28","S28-supported-work-pose","CONTEXT_WIDE","403.8036938888885","406.60369388888853","false","477.6511998443157","477.6511998443157","0.7904257188461742","0.7904257188461744","A5 | A7 | A8 | A9 | A1 | A3 | A6 | A7-R | A8-R | A9-R | A2 | A4 | E3 | B9 | D5 | E4 | B8-4--1 | B8-4-1 | B7-4 | D4-1 | B8-5--1 | B8-5-1 | B7-5 | D4-2 | B8-6--1 | B8-6-1 | B7-6 | B5 | B6 | B1-rear | B1-front | B2-left | B3 | B2-right | B4-left | B4-right | D9 | D8 | E5 | C2-left | C4-left | C5 | C4-right | C2-right | C1-start | C1-close | C3-0 | C6-0-first | C6-0-second | C3-1 | C6-1-first | C6-1-second | C3-2 | C6-2-first | C6-2-second | C3-3 | C6-3-first | C6-3-second | C7-0 | C7-1 | C7-2 | D2-0 | D2-1 | D2-2 | D2-3 | D2-4 | C8-left | C8-right | C9 | D1 | bed-motion-root","Deliberate context/orientation view; preserve spatial relationship."
"28","S28--1-intro","CONNECTION_CLOSE_UP","406.60369388888853","408.20369388888855","false","130.43778248820604","130.43778248820604","0.673830570592224","0.673830570592224","leg--1 | D3--1 | D7--1 | D6--1","Preserve useful approved connection close-up; no macro-wide room redesign."
"28","S28--1-D7-inserts","CONNECTION_CLOSE_UP","408.20369388888855","409.8036938888886","false","45.27503640379276","45.27503640379276","0.16009932563724238","0.16009932563724238","S28--1-D7-H9-0 | S28--1-D7-H9-1","Preserve useful approved connection close-up; no macro-wide room redesign."
"28","S28--1-D7-dowels","CONNECTION_CLOSE_UP","409.8036938888886","411.20369388888855","false","59.69702930793632","59.69702930793632","0.11622963762998244","0.11622963762998244","S28--1-D7-H7-0 | S28--1-D7-H7-1","Preserve useful approved connection close-up; no macro-wide room redesign."
"28","S28--1-D7-join","CONNECTION_CLOSE_UP","411.20369388888855","412.40369388888854","false","59.69702930793632","59.69702930793632","0.3846482425950093","0.3846482425950093","D7--1","Preserve useful approved connection close-up; no macro-wide room redesign."
"28","S28--1-D7-bolts","CONNECTION_CLOSE_UP","412.40369388888854","413.8036938888885","false","45.27503640379276","45.27503640379276","0.18371909243002912","0.18371909243002912","S28--1-D7-H1-0 | S28--1-D7-H1-1","Preserve useful approved connection close-up; no macro-wide room redesign."
"28","S28--1-D6-inserts","CONNECTION_CLOSE_UP","413.8036938888885","415.40369388888854","false","45.27503640379277","45.27503640379277","0.1600993256372424","0.1600993256372424","S28--1-D6-H9-0 | S28--1-D6-H9-1","Preserve useful approved connection close-up; no macro-wide room redesign."
"28","S28--1-D6-dowels","CONNECTION_CLOSE_UP","415.40369388888854","416.8036938888885","false","59.69702930793632","59.69702930793632","0.1162296376299813","0.1162296376299813","S28--1-D6-H7-0 | S28--1-D6-H7-1","Preserve useful approved connection close-up; no macro-wide room redesign."
"28","S28--1-D6-join","CONNECTION_CLOSE_UP","416.8036938888885","418.0036938888885","false","59.69702930793632","59.69702930793632","0.22693736870723344","0.22693736870723344","D6--1","Preserve useful approved connection close-up; no macro-wide room redesign."
"28","S28--1-D6-bolts","CONNECTION_CLOSE_UP","418.0036938888885","419.4036938888885","false","45.27503640379276","45.27503640379276","0.18371909243002962","0.18371909243002962","S28--1-D6-H1-0 | S28--1-D6-H1-1","Preserve useful approved connection close-up; no macro-wide room redesign."
"28","S28--1-complete","CONNECTION_CLOSE_UP","419.4036938888885","420.30369388888846","false","130.43778248820604","130.43778248820604","0","0","","Preserve useful approved connection close-up; no macro-wide room redesign."
"28","S28-1-intro","CONNECTION_CLOSE_UP","420.30369388888846","421.20369388888844","false","130.4377824882061","130.4377824882061","0.6738305705922238","0.6738305705922238","leg-1 | D3-1 | D7-1 | D6-1","Preserve useful approved connection close-up; no macro-wide room redesign."
"28","S28-1-D7-inserts","CONNECTION_CLOSE_UP","421.20369388888844","422.80369388888846","false","45.27503640379276","45.27503640379276","0.1600993256372423","0.1600993256372423","S28-1-D7-H9-0 | S28-1-D7-H9-1","Preserve useful approved connection close-up; no macro-wide room redesign."
"28","S28-1-D7-dowels","CONNECTION_CLOSE_UP","422.80369388888846","424.20369388888844","false","59.69702930793631","59.69702930793631","0.11622963762998213","0.11622963762998213","S28-1-D7-H7-0 | S28-1-D7-H7-1","Preserve useful approved connection close-up; no macro-wide room redesign."
"28","S28-1-D7-join","CONNECTION_CLOSE_UP","424.20369388888844","425.05369388888846","false","59.69702930793631","59.69702930793631","0.3747916145639336","0.3747916145639336","D7-1","Preserve useful approved connection close-up; no macro-wide room redesign."
"28","S28-1-D7-bolts","CONNECTION_CLOSE_UP","425.05369388888846","426.45369388888844","false","45.27503640379276","45.27503640379276","0.1837190924300295","0.1837190924300295","S28-1-D7-H1-0 | S28-1-D7-H1-1","Preserve useful approved connection close-up; no macro-wide room redesign."
"28","S28-1-D6-inserts","CONNECTION_CLOSE_UP","426.45369388888844","428.05369388888846","false","45.27503640379276","45.27503640379276","0.16009932563724336","0.16009932563724336","S28-1-D6-H9-0 | S28-1-D6-H9-1","Preserve useful approved connection close-up; no macro-wide room redesign."
"28","S28-1-D6-dowels","CONNECTION_CLOSE_UP","428.05369388888846","429.45369388888844","false","59.69702930793631","59.69702930793631","0.11622963762998158","0.11622963762998158","S28-1-D6-H7-0 | S28-1-D6-H7-1","Preserve useful approved connection close-up; no macro-wide room redesign."
"28","S28-1-D6-join","CONNECTION_CLOSE_UP","429.45369388888844","430.30369388888846","false","59.69702930793631","59.69702930793631","0.22700236877467403","0.22700236877467403","D6-1","Preserve useful approved connection close-up; no macro-wide room redesign."
"28","S28-1-D6-bolts","CONNECTION_CLOSE_UP","430.30369388888846","431.70369388888844","false","45.27503640379276","45.27503640379276","0.18371909243002915","0.18371909243002915","S28-1-D6-H1-0 | S28-1-D6-H1-1","Preserve useful approved connection close-up; no macro-wide room redesign."
"28","S28-1-complete","CONNECTION_CLOSE_UP","431.70369388888844","432.6036938888884","false","130.4377824882061","130.4377824882061","0","0","","Preserve useful approved connection close-up; no macro-wide room redesign."
"29","S29-supported-open","CONTEXT_WIDE","432.6036938888884","435.4036938888884","false","477.6511998443157","477.6511998443157","3.1617313985214146","3.1617313985214146","A5 | A7 | A8 | A9 | A1 | A3 | A6 | A7-R | A8-R | A9-R | A2 | A4 | E3 | B9 | D5 | E4 | B8-4--1 | B8-4-1 | B7-4 | D4-1 | B8-5--1 | B8-5-1 | B7-5 | D4-2 | B8-6--1 | B8-6-1 | B7-6 | B5 | B6 | B1-rear | B1-front | B2-left | B3 | B2-right | B4-left | B4-right | D9 | D8 | E5 | C2-left | C4-left | C5 | C4-right | C2-right | C1-start | C1-close | C3-0 | C6-0-first | C6-0-second | C3-1 | C6-1-first | C6-1-second | C3-2 | C6-2-first | C6-2-second | C3-3 | C6-3-first | C6-3-second | C7-0 | C7-1 | C7-2 | D2-0 | D2-1 | D2-2 | D2-3 | D2-4 | C8-left | C8-right | C9 | D1 | D3--1 | D7--1 | D6--1 | D3-1 | D7-1 | D6-1 | bed-motion-root","Deliberate context/orientation view; preserve spatial relationship."
"29","S29--1-insert","CONNECTION_CLOSE_UP","435.4036938888884","436.20369388888844","false","61.324397844564395","61.324397844564395","0.08533790908737697","0.08533790908737697","S29--1-H9","Preserve useful approved connection close-up; no macro-wide room redesign."
"29","S29--1-washer","CONNECTION_CLOSE_UP","436.20369388888844","437.30369388888846","false","40.877262158073734","40.877262158073734","0.13328933512047944","0.13328933512047944","S29--1-H10","Preserve useful approved connection close-up; no macro-wide room redesign."
"29","S29--1-leg-approach","CONTEXT_WIDE","437.30369388888846","439.30369388888846","false","477.6511998443157","477.6511998443157","3.142847411226034","3.142847411226034","A5 | A7 | A8 | A9 | A1 | A3 | A6 | A7-R | A8-R | A9-R | A2 | A4 | E3 | B9 | D5 | E4 | B8-4--1 | B8-4-1 | B7-4 | D4-1 | B8-5--1 | B8-5-1 | B7-5 | D4-2 | B8-6--1 | B8-6-1 | B7-6 | B5 | B6 | B1-rear | B1-front | B2-left | B3 | B2-right | B4-left | B4-right | D9 | D8 | E5 | C2-left | C4-left | C5 | C4-right | C2-right | C1-start | C1-close | C3-0 | C6-0-first | C6-0-second | C3-1 | C6-1-first | C6-1-second | C3-2 | C6-2-first | C6-2-second | C3-3 | C6-3-first | C6-3-second | C7-0 | C7-1 | C7-2 | D2-0 | D2-1 | D2-2 | D2-3 | D2-4 | C8-left | C8-right | C9 | D1 | D3--1 | D7--1 | D6--1 | D3-1 | D7-1 | D6-1 | leg--1","Deliberate context/orientation view; preserve spatial relationship."
"29","S29--1-seat","CONNECTION_CLOSE_UP","439.30369388888846","440.55369388888846","false","40.877262158073734","40.877262158073734","2.3958727491588125","2.3958727491588085","leg--1","Preserve useful approved connection close-up; no macro-wide room redesign."
"29","S29--1-bolt","CONNECTION_CLOSE_UP","440.55369388888846","442.3536938888885","false","23.243791991206017","23.243791991206017","0.3782401096661792","0.3782401096661792","S29--1-H2","Preserve useful approved connection close-up; no macro-wide room redesign."
"29","S29-1-insert","CONNECTION_CLOSE_UP","442.3536938888885","443.1536938888885","false","61.324397844564395","61.324397844564395","0.085337909087377","0.085337909087377","S29-1-H9","Preserve useful approved connection close-up; no macro-wide room redesign."
"29","S29-1-washer","CONNECTION_CLOSE_UP","443.1536938888885","444.2536938888885","false","40.87726215807376","40.87726215807376","0.13328933512047983","0.13328933512047983","S29-1-H10","Preserve useful approved connection close-up; no macro-wide room redesign."
"29","S29-1-leg-approach","CONTEXT_WIDE","444.2536938888885","446.2536938888885","false","477.6511998443157","477.6511998443157","3.1225327754202667","3.1225327754202667","A5 | A7 | A8 | A9 | A1 | A3 | A6 | A7-R | A8-R | A9-R | A2 | A4 | E3 | B9 | D5 | E4 | B8-4--1 | B8-4-1 | B7-4 | D4-1 | B8-5--1 | B8-5-1 | B7-5 | D4-2 | B8-6--1 | B8-6-1 | B7-6 | B5 | B6 | B1-rear | B1-front | B2-left | B3 | B2-right | B4-left | B4-right | D9 | D8 | E5 | C2-left | C4-left | C5 | C4-right | C2-right | C1-start | C1-close | C3-0 | C6-0-first | C6-0-second | C3-1 | C6-1-first | C6-1-second | C3-2 | C6-2-first | C6-2-second | C3-3 | C6-3-first | C6-3-second | C7-0 | C7-1 | C7-2 | D2-0 | D2-1 | D2-2 | D2-3 | D2-4 | C8-left | C8-right | C9 | D1 | D3--1 | D7--1 | D6--1 | D3-1 | D7-1 | D6-1 | leg-1","Deliberate context/orientation view; preserve spatial relationship."
"29","S29-1-seat","CONNECTION_CLOSE_UP","446.2536938888885","447.5036938888885","false","40.87726215807376","40.87726215807376","2.3958727491588077","2.3958727491588077","leg-1","Preserve useful approved connection close-up; no macro-wide room redesign."
"29","S29-1-bolt","CONNECTION_CLOSE_UP","447.5036938888885","448.60369388888853","false","23.243791991206017","23.243791991206017","0.3767417012389504","0.3767417012389504","S29-1-H2","Preserve useful approved connection close-up; no macro-wide room redesign."
"29","S29-support-lift","CONTEXT_WIDE","448.60369388888853","449.5036938888885","false","477.6511998443157","477.6511998443157","0.8978514351341399","0.8978514351341399","A5 | A7 | A8 | A9 | A1 | A3 | A6 | A7-R | A8-R | A9-R | A2 | A4 | E3 | B9 | D5 | E4 | B8-4--1 | B8-4-1 | B7-4 | D4-1 | B8-5--1 | B8-5-1 | B7-5 | D4-2 | B8-6--1 | B8-6-1 | B7-6 | B5 | B6 | B1-rear | B1-front | B2-left | B3 | B2-right | B4-left | B4-right | D9 | D8 | E5 | C2-left | C4-left | C5 | C4-right | C2-right | C1-start | C1-close | C3-0 | C6-0-first | C6-0-second | C3-1 | C6-1-first | C6-1-second | C3-2 | C6-2-first | C6-2-second | C3-3 | C6-3-first | C6-3-second | C7-0 | C7-1 | C7-2 | D2-0 | D2-1 | D2-2 | D2-3 | D2-4 | C8-left | C8-right | C9 | D1 | D3--1 | D7--1 | D6--1 | D3-1 | D7-1 | D6-1 | bed-motion-root","Deliberate context/orientation view; preserve spatial relationship."
"29","S29-fold-test","CONTEXT_WIDE","449.5036938888885","451.5036938888885","false","477.6511998443157","477.6511998443157","0.8774745843601677","0.8774745843601677","A5 | A7 | A8 | A9 | A1 | A3 | A6 | A7-R | A8-R | A9-R | A2 | A4 | E3 | B9 | D5 | E4 | B8-4--1 | B8-4-1 | B7-4 | D4-1 | B8-5--1 | B8-5-1 | B7-5 | D4-2 | B8-6--1 | B8-6-1 | B7-6 | B5 | B6 | B1-rear | B1-front | B2-left | B3 | B2-right | B4-left | B4-right | D9 | D8 | E5 | C2-left | C4-left | C5 | C4-right | C2-right | C1-start | C1-close | C3-0 | C6-0-first | C6-0-second | C3-1 | C6-1-first | C6-1-second | C3-2 | C6-2-first | C6-2-second | C3-3 | C6-3-first | C6-3-second | C7-0 | C7-1 | C7-2 | D2-0 | D2-1 | D2-2 | D2-3 | D2-4 | C8-left | C8-right | C9 | D1 | D3--1 | D7--1 | D6--1 | D3-1 | D7-1 | D6-1 | leg--1 | leg-1","Deliberate context/orientation view; preserve spatial relationship."
"29","S29-unfold-test","CONTEXT_WIDE","451.5036938888885","453.4036938888885","false","477.6511998443157","477.6511998443157","0.8775782119011124","0.8775782119011124","A5 | A7 | A8 | A9 | A1 | A3 | A6 | A7-R | A8-R | A9-R | A2 | A4 | E3 | B9 | D5 | E4 | B8-4--1 | B8-4-1 | B7-4 | D4-1 | B8-5--1 | B8-5-1 | B7-5 | D4-2 | B8-6--1 | B8-6-1 | B7-6 | B5 | B6 | B1-rear | B1-front | B2-left | B3 | B2-right | B4-left | B4-right | D9 | D8 | E5 | C2-left | C4-left | C5 | C4-right | C2-right | C1-start | C1-close | C3-0 | C6-0-first | C6-0-second | C3-1 | C6-1-first | C6-1-second | C3-2 | C6-2-first | C6-2-second | C3-3 | C6-3-first | C6-3-second | C7-0 | C7-1 | C7-2 | D2-0 | D2-1 | D2-2 | D2-3 | D2-4 | C8-left | C8-right | C9 | D1 | D3--1 | D7--1 | D6--1 | D3-1 | D7-1 | D6-1 | leg--1 | leg-1","Deliberate context/orientation view; preserve spatial relationship."
"29","S29-lower-support","CONTEXT_WIDE","453.4036938888885","454.30369388888846","false","477.6511998443157","477.6511998443157","0.8979078097598815","0.8979078097598815","A5 | A7 | A8 | A9 | A1 | A3 | A6 | A7-R | A8-R | A9-R | A2 | A4 | E3 | B9 | D5 | E4 | B8-4--1 | B8-4-1 | B7-4 | D4-1 | B8-5--1 | B8-5-1 | B7-5 | D4-2 | B8-6--1 | B8-6-1 | B7-6 | B5 | B6 | B1-rear | B1-front | B2-left | B3 | B2-right | B4-left | B4-right | D9 | D8 | E5 | C2-left | C4-left | C5 | C4-right | C2-right | C1-start | C1-close | C3-0 | C6-0-first | C6-0-second | C3-1 | C6-1-first | C6-1-second | C3-2 | C6-2-first | C6-2-second | C3-3 | C6-3-first | C6-3-second | C7-0 | C7-1 | C7-2 | D2-0 | D2-1 | D2-2 | D2-3 | D2-4 | C8-left | C8-right | C9 | D1 | D3--1 | D7--1 | D6--1 | D3-1 | D7-1 | D6-1 | bed-motion-root","Deliberate context/orientation view; preserve spatial relationship."
"29","S29-complete","CONTEXT_WIDE","454.30369388888846","455.70369388888844","false","477.6511998443157","477.6511998443157","0.8979078097598815","0.8979078097598815","A5 | A7 | A8 | A9 | A1 | A3 | A6 | A7-R | A8-R | A9-R | A2 | A4 | E3 | B9 | D5 | E4 | B8-4--1 | B8-4-1 | B7-4 | D4-1 | B8-5--1 | B8-5-1 | B7-5 | D4-2 | B8-6--1 | B8-6-1 | B7-6 | B5 | B6 | B1-rear | B1-front | B2-left | B3 | B2-right | B4-left | B4-right | D9 | D8 | E5 | C2-left | C4-left | C5 | C4-right | C2-right | C1-start | C1-close | C3-0 | C6-0-first | C6-0-second | C3-1 | C6-1-first | C6-1-second | C3-2 | C6-2-first | C6-2-second | C3-3 | C6-3-first | C6-3-second | C7-0 | C7-1 | C7-2 | D2-0 | D2-1 | D2-2 | D2-3 | D2-4 | C8-left | C8-right | C9 | D1 | D3--1 | D7--1 | D6--1 | D3-1 | D7-1 | D6-1","Deliberate context/orientation view; preserve spatial relationship."
"30","wall-position","CONTEXT_WIDE","455.70369388888844","458.00369388888845","false","477.6511998443157","477.6511998443157","1.0488707841569795","1.0488707841569795","A5 | A7 | A8 | A9 | A1 | A3 | A6 | A7-R | A8-R | A9-R | A2 | A4 | E3 | B9 | D5 | E4 | B8-4--1 | B8-4-1 | B7-4 | D4-1 | B8-5--1 | B8-5-1 | B7-5 | D4-2 | B8-6--1 | B8-6-1 | B7-6 | B5 | B6 | B1-rear | B1-front | B2-left | B3 | B2-right | B4-left | B4-right | D9 | D8 | E5 | C2-left | C4-left | C5 | C4-right | C2-right | C1-start | C1-close | C3-0 | C6-0-first | C6-0-second | C3-1 | C6-1-first | C6-1-second | C3-2 | C6-2-first | C6-2-second | C3-3 | C6-3-first | C6-3-second | C7-0 | C7-1 | C7-2 | D2-0 | D2-1 | D2-2 | D2-3 | D2-4 | C8-left | C8-right | C9 | D1 | D3--1 | D7--1 | D6--1 | D3-1 | D7-1 | D6-1 | installation-wall","Deliberate context/orientation view; preserve spatial relationship."
"30","S30-0-target","CONNECTION_CLOSE_UP","458.00369388888845","459.6036938888885","false","74.08179577005285","74.08179577005285","0","0","","Preserve useful approved connection close-up; no macro-wide room redesign."
"30","S30-0-bracket","CONNECTION_CLOSE_UP","459.6036938888885","460.9536938888885","false","74.08179577005285","74.08179577005285","0.22133762945725496","0.22133762945725496","S30-H15-0","Preserve useful approved connection close-up; no macro-wide room redesign."
"30","S30-0-cabinet-screws","CONNECTION_CLOSE_UP","460.9536938888885","462.9536938888885","false","74.08179577005285","74.08179577005285","0.11810130153187191","0.11810130153187191","S30-H15-0-H14-0 | S30-H15-0-H14-1","Preserve useful approved connection close-up; no macro-wide room redesign."
"30","S30-0-wall-screw","CONNECTION_CLOSE_UP","462.9536938888885","464.6036938888885","false","74.08179577005285","74.08179577005285","0.1102113381119563","0.1102113381119563","S30-H15-0-H23","Preserve useful approved connection close-up; no macro-wide room redesign."
"30","S30-0-secured","CONNECTION_CLOSE_UP","464.6036938888885","465.50369388888845","false","74.08179577005285","74.08179577005285","0","0","","Preserve useful approved connection close-up; no macro-wide room redesign."
"30","S30-1-target","CONNECTION_CLOSE_UP","465.50369388888845","466.25369388888845","false","74.08179577005285","74.08179577005285","0","0","","Preserve useful approved connection close-up; no macro-wide room redesign."
"30","S30-1-bracket","CONNECTION_CLOSE_UP","466.25369388888845","467.6036938888885","false","74.08179577005285","74.08179577005285","0.2213376294572548","0.2213376294572548","S30-H15-1","Preserve useful approved connection close-up; no macro-wide room redesign."
"30","S30-1-cabinet-screws","CONNECTION_CLOSE_UP","467.6036938888885","468.9036938888885","false","74.08179577005285","74.08179577005285","0.11775993336518435","0.11775993336518435","S30-H15-1-H14-0 | S30-H15-1-H14-1","Preserve useful approved connection close-up; no macro-wide room redesign."
"30","S30-1-wall-screw","CONNECTION_CLOSE_UP","468.9036938888885","470.05369388888846","false","74.08179577005285","74.08179577005285","0.10962091201286177","0.10962091201286177","S30-H15-1-H23","Preserve useful approved connection close-up; no macro-wide room redesign."
"30","S30-1-secured","CONNECTION_CLOSE_UP","470.05369388888846","470.95369388888844","false","74.08179577005285","74.08179577005285","0","0","","Preserve useful approved connection close-up; no macro-wide room redesign."
"30","S30-complete","CONTEXT_WIDE","470.95369388888844","472.1536938888884","false","477.6511998443157","477.6511998443157","0.8979078097598815","0.8979078097598815","A5 | A7 | A8 | A9 | A1 | A3 | A6 | A7-R | A8-R | A9-R | A2 | A4 | E3 | B9 | D5 | E4 | B8-4--1 | B8-4-1 | B7-4 | D4-1 | B8-5--1 | B8-5-1 | B7-5 | D4-2 | B8-6--1 | B8-6-1 | B7-6 | B5 | B6 | B1-rear | B1-front | B2-left | B3 | B2-right | B4-left | B4-right | D9 | D8 | E5 | C2-left | C4-left | C5 | C4-right | C2-right | C1-start | C1-close | C3-0 | C6-0-first | C6-0-second | C3-1 | C6-1-first | C6-1-second | C3-2 | C6-2-first | C6-2-second | C3-3 | C6-3-first | C6-3-second | C7-0 | C7-1 | C7-2 | D2-0 | D2-1 | D2-2 | D2-3 | D2-4 | C8-left | C8-right | C9 | D1 | D3--1 | D7--1 | D6--1 | D3-1 | D7-1 | D6-1","Deliberate context/orientation view; preserve spatial relationship."
"31","S31-0-target","CONNECTION_CLOSE_UP","472.1536938888884","472.9036938888884","false","74.08179577005284","74.08179577005284","0","0","","Preserve useful approved connection close-up; no macro-wide room redesign."
"31","S31-0-bracket","CONNECTION_CLOSE_UP","472.9036938888884","474.25369388888845","false","74.08179577005284","74.08179577005284","0.22133762945725496","0.22133762945725496","S31-H15-0","Preserve useful approved connection close-up; no macro-wide room redesign."
"31","S31-0-cabinet-screws","CONNECTION_CLOSE_UP","474.25369388888845","475.55369388888846","false","74.08179577005284","74.08179577005284","0.11775993336518407","0.11775993336518407","S31-H15-0-H14-0 | S31-H15-0-H14-1","Preserve useful approved connection close-up; no macro-wide room redesign."
"31","S31-0-wall-screw","CONNECTION_CLOSE_UP","475.55369388888846","476.70369388888844","false","74.08179577005284","74.08179577005284","0.10324153643460238","0.10324153643460238","S31-H15-0-H23","Preserve useful approved connection close-up; no macro-wide room redesign."
"31","S31-0-secured","CONNECTION_CLOSE_UP","476.70369388888844","477.6036938888884","false","74.08179577005284","74.08179577005284","0","0","","Preserve useful approved connection close-up; no macro-wide room redesign."
"31","S31-1-target","CONNECTION_CLOSE_UP","477.6036938888884","478.3536938888884","false","74.08179577005284","74.08179577005284","0","0","","Preserve useful approved connection close-up; no macro-wide room redesign."
"31","S31-1-bracket","CONNECTION_CLOSE_UP","478.3536938888884","479.70369388888844","false","74.08179577005284","74.08179577005284","0.2213376294572549","0.2213376294572549","S31-H15-1","Preserve useful approved connection close-up; no macro-wide room redesign."
"31","S31-1-cabinet-screws","CONNECTION_CLOSE_UP","479.70369388888844","481.00369388888845","false","74.08179577005284","74.08179577005284","0.11775993336518441","0.11775993336518441","S31-H15-1-H14-0 | S31-H15-1-H14-1","Preserve useful approved connection close-up; no macro-wide room redesign."
"31","S31-1-wall-screw","CONNECTION_CLOSE_UP","481.00369388888845","482.1536938888884","false","74.08179577005284","74.08179577005284","0.10324153643460246","0.10324153643460246","S31-H15-1-H23","Preserve useful approved connection close-up; no macro-wide room redesign."
"31","S31-1-secured","CONNECTION_CLOSE_UP","482.1536938888884","483.0536938888884","false","74.08179577005284","74.08179577005284","0","0","","Preserve useful approved connection close-up; no macro-wide room redesign."
"31","S31-complete","CONTEXT_WIDE","483.0536938888884","484.2536938888884","false","477.6511998443157","477.6511998443157","0.8979078097598815","0.8979078097598815","A5 | A7 | A8 | A9 | A1 | A3 | A6 | A7-R | A8-R | A9-R | A2 | A4 | E3 | B9 | D5 | E4 | B8-4--1 | B8-4-1 | B7-4 | D4-1 | B8-5--1 | B8-5-1 | B7-5 | D4-2 | B8-6--1 | B8-6-1 | B7-6 | B5 | B6 | B1-rear | B1-front | B2-left | B3 | B2-right | B4-left | B4-right | D9 | D8 | E5 | C2-left | C4-left | C5 | C4-right | C2-right | C1-start | C1-close | C3-0 | C6-0-first | C6-0-second | C3-1 | C6-1-first | C6-1-second | C3-2 | C6-2-first | C6-2-second | C3-3 | C6-3-first | C6-3-second | C7-0 | C7-1 | C7-2 | D2-0 | D2-1 | D2-2 | D2-3 | D2-4 | C8-left | C8-right | C9 | D1 | D3--1 | D7--1 | D6--1 | D3-1 | D7-1 | D6-1","Deliberate context/orientation view; preserve spatial relationship."
"31","final-support-lift","CONTEXT_WIDE","484.2536938888884","485.15369388888837","false","477.6511998443157","477.6511998443157","0.8978514351341399","0.8978514351341399","A5 | A7 | A8 | A9 | A1 | A3 | A6 | A7-R | A8-R | A9-R | A2 | A4 | E3 | B9 | D5 | E4 | B8-4--1 | B8-4-1 | B7-4 | D4-1 | B8-5--1 | B8-5-1 | B7-5 | D4-2 | B8-6--1 | B8-6-1 | B7-6 | B5 | B6 | B1-rear | B1-front | B2-left | B3 | B2-right | B4-left | B4-right | D9 | D8 | E5 | C2-left | C4-left | C5 | C4-right | C2-right | C1-start | C1-close | C3-0 | C6-0-first | C6-0-second | C3-1 | C6-1-first | C6-1-second | C3-2 | C6-2-first | C6-2-second | C3-3 | C6-3-first | C6-3-second | C7-0 | C7-1 | C7-2 | D2-0 | D2-1 | D2-2 | D2-3 | D2-4 | C8-left | C8-right | C9 | D1 | D3--1 | D7--1 | D6--1 | D3-1 | D7-1 | D6-1 | bed-motion-root","Deliberate context/orientation view; preserve spatial relationship."
"31","final-fold-legs","CONTEXT_WIDE","485.15369388888837","486.55369388888835","false","477.6511998443157","477.6511998443157","0.8774628497358679","0.8774628497358679","A5 | A7 | A8 | A9 | A1 | A3 | A6 | A7-R | A8-R | A9-R | A2 | A4 | E3 | B9 | D5 | E4 | B8-4--1 | B8-4-1 | B7-4 | D4-1 | B8-5--1 | B8-5-1 | B7-5 | D4-2 | B8-6--1 | B8-6-1 | B7-6 | B5 | B6 | B1-rear | B1-front | B2-left | B3 | B2-right | B4-left | B4-right | D9 | D8 | E5 | C2-left | C4-left | C5 | C4-right | C2-right | C1-start | C1-close | C3-0 | C6-0-first | C6-0-second | C3-1 | C6-1-first | C6-1-second | C3-2 | C6-2-first | C6-2-second | C3-3 | C6-3-first | C6-3-second | C7-0 | C7-1 | C7-2 | D2-0 | D2-1 | D2-2 | D2-3 | D2-4 | C8-left | C8-right | C9 | D1 | D3--1 | D7--1 | D6--1 | D3-1 | D7-1 | D6-1 | leg--1 | leg-1","Deliberate context/orientation view; preserve spatial relationship."
"31","final-close","CONTEXT_WIDE","486.55369388888835","489.55369388888835","false","625.8349753178635","625.8349753178635","0.9762730550522932","0.9762730550522932","A5 | A7 | A8 | A9 | A1 | A3 | A6 | A7-R | A8-R | A9-R | A2 | A4 | E3 | B9 | D5 | E4 | B8-4--1 | B8-4-1 | B7-4 | D4-1 | B8-5--1 | B8-5-1 | B7-5 | D4-2 | B8-6--1 | B8-6-1 | B7-6 | B5 | B6 | B1-rear | B1-front | B2-left | B3 | B2-right | B4-left | B4-right | D9 | D8 | E5 | C2-left | C4-left | C5 | C4-right | C2-right | C1-start | C1-close | C3-0 | C6-0-first | C6-0-second | C3-1 | C6-1-first | C6-1-second | C3-2 | C6-2-first | C6-2-second | C3-3 | C6-3-first | C6-3-second | C7-0 | C7-1 | C7-2 | D2-0 | D2-1 | D2-2 | D2-3 | D2-4 | C8-left | C8-right | C9 | D1 | D3--1 | D7--1 | D6--1 | D3-1 | D7-1 | D6-1 | bed-motion-root","Deliberate context/orientation view; preserve spatial relationship."
"31","final-closed","CONTEXT_WIDE","489.55369388888835","490.75369388888834","false","625.8349753178635","625.8349753178635","0.8193502880407803","0.8193502880407803","A5 | A7 | A8 | A9 | A1 | A3 | A6 | A7-R | A8-R | A9-R | A2 | A4 | E3 | B9 | D5 | E4 | B8-4--1 | B8-4-1 | B7-4 | D4-1 | B8-5--1 | B8-5-1 | B7-5 | D4-2 | B8-6--1 | B8-6-1 | B7-6 | B5 | B6 | B1-rear | B1-front | B2-left | B3 | B2-right | B4-left | B4-right | D9 | D8 | E5 | C2-left | C4-left | C5 | C4-right | C2-right | C1-start | C1-close | C3-0 | C6-0-first | C6-0-second | C3-1 | C6-1-first | C6-1-second | C3-2 | C6-2-first | C6-2-second | C3-3 | C6-3-first | C6-3-second | C7-0 | C7-1 | C7-2 | D2-0 | D2-1 | D2-2 | D2-3 | D2-4 | C8-left | C8-right | C9 | D1 | D3--1 | D7--1 | D6--1 | D3-1 | D7-1 | D6-1","Deliberate context/orientation view; preserve spatial relationship."
"31","final-open","CONTEXT_WIDE","490.75369388888834","493.75369388888834","false","477.6511998443157","477.6511998443157","0.7987985679537403","0.7987985679537403","A5 | A7 | A8 | A9 | A1 | A3 | A6 | A7-R | A8-R | A9-R | A2 | A4 | E3 | B9 | D5 | E4 | B8-4--1 | B8-4-1 | B7-4 | D4-1 | B8-5--1 | B8-5-1 | B7-5 | D4-2 | B8-6--1 | B8-6-1 | B7-6 | B5 | B6 | B1-rear | B1-front | B2-left | B3 | B2-right | B4-left | B4-right | D9 | D8 | E5 | C2-left | C4-left | C5 | C4-right | C2-right | C1-start | C1-close | C3-0 | C6-0-first | C6-0-second | C3-1 | C6-1-first | C6-1-second | C3-2 | C6-2-first | C6-2-second | C3-3 | C6-3-first | C6-3-second | C7-0 | C7-1 | C7-2 | D2-0 | D2-1 | D2-2 | D2-3 | D2-4 | C8-left | C8-right | C9 | D1 | D3--1 | D7--1 | D6--1 | D3-1 | D7-1 | D6-1 | bed-motion-root","Deliberate context/orientation view; preserve spatial relationship."
"31","final-deploy-legs","CONTEXT_WIDE","493.75369388888834","495.35369388888836","false","477.6511998443157","477.6511998443157","0.8775782121377177","0.8775782121377177","A5 | A7 | A8 | A9 | A1 | A3 | A6 | A7-R | A8-R | A9-R | A2 | A4 | E3 | B9 | D5 | E4 | B8-4--1 | B8-4-1 | B7-4 | D4-1 | B8-5--1 | B8-5-1 | B7-5 | D4-2 | B8-6--1 | B8-6-1 | B7-6 | B5 | B6 | B1-rear | B1-front | B2-left | B3 | B2-right | B4-left | B4-right | D9 | D8 | E5 | C2-left | C4-left | C5 | C4-right | C2-right | C1-start | C1-close | C3-0 | C6-0-first | C6-0-second | C3-1 | C6-1-first | C6-1-second | C3-2 | C6-2-first | C6-2-second | C3-3 | C6-3-first | C6-3-second | C7-0 | C7-1 | C7-2 | D2-0 | D2-1 | D2-2 | D2-3 | D2-4 | C8-left | C8-right | C9 | D1 | D3--1 | D7--1 | D6--1 | D3-1 | D7-1 | D6-1 | leg--1 | leg-1","Deliberate context/orientation view; preserve spatial relationship."
"31","final-lower-support","CONTEXT_WIDE","495.35369388888836","496.25369388888834","false","477.6511998443157","477.6511998443157","0.8979078097598815","0.8979078097598815","A5 | A7 | A8 | A9 | A1 | A3 | A6 | A7-R | A8-R | A9-R | A2 | A4 | E3 | B9 | D5 | E4 | B8-4--1 | B8-4-1 | B7-4 | D4-1 | B8-5--1 | B8-5-1 | B7-5 | D4-2 | B8-6--1 | B8-6-1 | B7-6 | B5 | B6 | B1-rear | B1-front | B2-left | B3 | B2-right | B4-left | B4-right | D9 | D8 | E5 | C2-left | C4-left | C5 | C4-right | C2-right | C1-start | C1-close | C3-0 | C6-0-first | C6-0-second | C3-1 | C6-1-first | C6-1-second | C3-2 | C6-2-first | C6-2-second | C3-3 | C6-3-first | C6-3-second | C7-0 | C7-1 | C7-2 | D2-0 | D2-1 | D2-2 | D2-3 | D2-4 | C8-left | C8-right | C9 | D1 | D3--1 | D7--1 | D6--1 | D3-1 | D7-1 | D6-1 | bed-motion-root","Deliberate context/orientation view; preserve spatial relationship."
"31","final-result","CONTEXT_WIDE","496.25369388888834","498.25369388888834","false","477.6511998443157","477.6511998443157","0.9011425362742118","0.9011425362742118","A5 | A7 | A8 | A9 | A1 | A3 | A6 | A7-R | A8-R | A9-R | A2 | A4 | E3 | B9 | D5 | E4 | B8-4--1 | B8-4-1 | B7-4 | D4-1 | B8-5--1 | B8-5-1 | B7-5 | D4-2 | B8-6--1 | B8-6-1 | B7-6 | B5 | B6 | B1-rear | B1-front | B2-left | B3 | B2-right | B4-left | B4-right | D9 | D8 | E5 | C2-left | C4-left | C5 | C4-right | C2-right | C1-start | C1-close | C3-0 | C6-0-first | C6-0-second | C3-1 | C6-1-first | C6-1-second | C3-2 | C6-2-first | C6-2-second | C3-3 | C6-3-first | C6-3-second | C7-0 | C7-1 | C7-2 | D2-0 | D2-1 | D2-2 | D2-3 | D2-4 | C8-left | C8-right | C9 | D1 | D3--1 | D7--1 | D6--1 | D3-1 | D7-1 | D6-1","Deliberate context/orientation view; preserve spatial relationship."