{
  "valid": false,
  "mode": "after",
  "directory": "/Users/quyth/development/three/POC/output/wf311613-standalone-murphy-bed/final/final-review-web-qa-01/web-qa/after-headed-02",
  "checks": [
    {
      "name": "product selector available",
      "passed": true
    },
    {
      "name": "current candidate selected",
      "passed": true
    },
    {
      "name": "product preview canvas visible",
      "passed": true
    },
    {
      "name": "no horizontal page overflow",
      "passed": true
    },
    {
      "name": "play advances timeline",
      "passed": true
    },
    {
      "name": "pause keeps timeline stable",
      "passed": true
    },
    {
      "name": "timeline seek reaches final timestamp",
      "passed": true
    },
    {
      "name": "reset returns exact time zero",
      "passed": true
    },
    {
      "name": "assembly preview after intro reset",
      "passed": true
    },
    {
      "name": "switch resets independent product timeline",
      "passed": true
    },
    {
      "name": "return restores candidate without second-product state",
      "passed": true
    },
    {
      "name": "existing1080p default retained",
      "passed": true
    },
    {
      "name": "existing FPS30 default retained",
      "passed": true
    },
    {
      "name": "existing FPS30/60 options retained",
      "passed": true
    },
    {
      "name": "legacy720p still present",
      "passed": true
    },
    {
      "name": "new profile 720p selectable",
      "passed": true
    },
    {
      "name": "new profile 1080p selectable",
      "passed": true
    },
    {
      "name": "new profile 1440p selectable",
      "passed": true
    },
    {
      "name": "new profile 2160p selectable",
      "passed": true
    },
    {
      "name": "actual export request accepted",
      "passed": true
    },
    {
      "name": "selected product/job isolation",
      "passed": true
    },
    {
      "name": "real native renderer started",
      "passed": true
    },
    {
      "name": "short actual export completes",
      "passed": true
    },
    {
      "name": "short job uses selected720p",
      "passed": true
    },
    {
      "name": "short job metadata native dimensions/fps",
      "passed": true
    },
    {
      "name": "short server-limited job contains60 frames",
      "passed": true
    },
    {
      "name": "completed output metadata understandable",
      "passed": true
    },
    {
      "name": "actual downloaded native720p proof",
      "passed": true
    },
    {
      "name": "proof frame rate/codec/pixel format",
      "passed": true
    },
    {
      "name": "proof contains60 frames /2 seconds",
      "passed": true
    },
    {
      "name": "proof silent",
      "passed": true
    },
    {
      "name": "output filename identifies720p",
      "passed": true
    },
    {
      "name": "download complete decode",
      "passed": true
    },
    {
      "name": "no browser page exceptions",
      "passed": true
    },
    {
      "name": "no unexplained critical HTTP/resource/console failures",
      "passed": false
    }
  ],
  "findings": [
    {
      "severity": "P2",
      "summary": "Diagnostic-only UI is exposed in the production viewer.",
      "evidence": {
        "debugSummary": " Debug assemblyGridPivotsBoundsInstall pathsConnectionsCollisions",
        "diagnosticPanels": 2
      }
    },
    {
      "severity": "P2",
      "summary": "Production UI contains development/QA-only labeling.",
      "evidence": "PROJECTStandalone Murphy Bed · Director polish 02B · QA only · 458 parts · 42 scenesStandalone Murphy Bed · Final micro-pass · QA only · 458 parts · 46 scenesStandalone Murphy Bed · Director polish 02 · QA only · 458 parts · 42 scenesWF311613 · Director polish 01 · bedroom QA (not reviewed) · 458 parts · 31 scenesWF311613 · Complete PDF Steps 1–31 director review · 458 parts · 31 scenesWF311613 · Steps 1–20 paced director review · 364 parts · 20 scenesWF311613 · Steps 1–10 paced director review · 182 parts · 10 scenesWF311613 · Steps 1–3 faster hardware + assembly V2 · 78 parts · 3 scenesWF311613 · corrected Step 3 axial mating · 78 parts · 3 scenesWF311613 · paced Steps 1–2 work checkpoint · 56 parts · 2 scenesWF311613 · Step 1 approved visual / faster pacing · 28 parts · 1 scenesWF311613 Standalone Murphy Bed · Step 1 V2 ONLY · 28 parts · 1 scenesWF311613 · Legacy Steps 1–10 (not current approval) · 184 parts · 10 scenesMerax Queen · New 16-Scene Film · 83 parts · 16 scenesMurphy Bed + Side Bookcase · 83 parts · 17 scenesDemo Cabinet · 14 parts · 5 scenesPOC / 30 FPS"
    },
    {
      "severity": "P1",
      "summary": "Default product selection is not the currently approved candidate; explicit selector/URL is needed.",
      "evidence": "wf311613-director-polish-02b"
    },
    {
      "severity": "P1",
      "summary": "Unexplained production HTTP/resource/console failures require review.",
      "evidence": {
        "httpFailures": [],
        "classification": {
          "valid": false,
          "responses": [
            {
              "url": "http://127.0.0.1:3016/",
              "status": 200,
              "method": "GET",
              "resourceType": "document",
              "project": "wf311613-final-micro-pass"
            },
            {
              "url": "http://127.0.0.1:3016/_next/static/css/24044264c614ec24.css",
              "status": 200,
              "method": "GET",
              "resourceType": "stylesheet",
              "project": "wf311613-final-micro-pass"
            },
            {
              "url": "http://127.0.0.1:3016/_next/static/chunks/webpack-52d428ccd66bfe75.js",
              "status": 200,
              "method": "GET",
              "resourceType": "script",
              "project": "wf311613-final-micro-pass"
            },
            {
              "url": "http://127.0.0.1:3016/_next/static/chunks/main-app-930b60979e6a9a5d.js",
              "status": 200,
              "method": "GET",
              "resourceType": "script",
              "project": "wf311613-final-micro-pass"
            },
            {
              "url": "http://127.0.0.1:3016/_next/static/chunks/c15bf2b0-0b7ccb01d0221f08.js",
              "status": 200,
              "method": "GET",
              "resourceType": "script",
              "project": "wf311613-final-micro-pass"
            },
            {
              "url": "http://127.0.0.1:3016/_next/static/chunks/4bd1b696-92152b0f5947070d.js",
              "status": 200,
              "method": "GET",
              "resourceType": "script",
              "project": "wf311613-final-micro-pass"
            },
            {
              "url": "http://127.0.0.1:3016/_next/static/chunks/794-a3c6349e754e6fcd.js",
              "status": 200,
              "method": "GET",
              "resourceType": "script",
              "project": "wf311613-final-micro-pass"
            },
            {
              "url": "http://127.0.0.1:3016/_next/static/chunks/f5ef5e1c-2da34c5fc26fb3fa.js",
              "status": 200,
              "method": "GET",
              "resourceType": "script",
              "project": "wf311613-final-micro-pass"
            },
            {
              "url": "http://127.0.0.1:3016/_next/static/chunks/app/page-04a3a70e22066430.js",
              "status": 200,
              "method": "GET",
              "resourceType": "script",
              "project": "wf311613-final-micro-pass"
            },
            {
              "url": "http://127.0.0.1:3016/_next/static/chunks/21-028361b39af033f0.js",
              "status": 200,
              "method": "GET",
              "resourceType": "script",
              "project": "wf311613-final-micro-pass"
            },
            {
              "url": "http://127.0.0.1:3016/_next/static/chunks/b536a0f1-4357ad16972f68f4.js",
              "status": 200,
              "method": "GET",
              "resourceType": "script",
              "project": "wf311613-final-micro-pass"
            },
            {
              "url": "http://127.0.0.1:3016/_next/static/chunks/bd904a5c-c73a00c7d46f8d71.js",
              "status": 200,
              "method": "GET",
              "resourceType": "script",
              "project": "wf311613-final-micro-pass"
            },
            {
              "url": "http://127.0.0.1:3016/_next/static/chunks/619-f3925e9cf17aa314.js",
              "status": 200,
              "method": "GET",
              "resourceType": "script",
              "project": "wf311613-final-micro-pass"
            },
            {
              "url": "https://fonts.googleapis.com/css2?family=DM+Mono:wght@400;500&family=Manrope:wght@400;500;600;700&display=swap",
              "status": 200,
              "method": "GET",
              "resourceType": "stylesheet",
              "project": "wf311613-final-micro-pass"
            },
            {
              "url": "https://fonts.gstatic.com/s/dmmono/v16/aFTU7PB1QTsUX8KYthqQBK6PYK0.woff2",
              "status": 200,
              "method": "GET",
              "resourceType": "font",
              "project": "wf311613-final-micro-pass"
            },
            {
              "url": "https://fonts.gstatic.com/s/dmmono/v16/aFTR7PB1QTsUX8KYvumzEYOtbYf-Vlg.woff2",
              "status": 200,
              "method": "GET",
              "resourceType": "font",
              "project": "wf311613-final-micro-pass"
            },
            {
              "url": "https://fonts.gstatic.com/s/manrope/v20/xn7gYHE41ni1AdIRggexSvfedN4.woff2",
              "status": 200,
              "method": "GET",
              "resourceType": "font",
              "project": "wf311613-final-micro-pass"
            },
            {
              "url": "http://127.0.0.1:3016/api/export",
              "status": 202,
              "method": "POST",
              "resourceType": "fetch",
              "project": "wf311613-final-micro-pass"
            },
            {
              "url": "http://127.0.0.1:3016/api/export/64a3b46f-0e06-42e1-af91-b98ccecbe47c",
              "status": 200,
              "method": "GET",
              "resourceType": "fetch",
              "project": "wf311613-final-micro-pass"
            },
            {
              "url": "http://127.0.0.1:3016/api/export/64a3b46f-0e06-42e1-af91-b98ccecbe47c",
              "status": 200,
              "method": "GET",
              "resourceType": "fetch",
              "project": "wf311613-final-micro-pass"
            },
            {
              "url": "http://127.0.0.1:3016/api/export/64a3b46f-0e06-42e1-af91-b98ccecbe47c",
              "status": 200,
              "method": "GET",
              "resourceType": "fetch",
              "project": "wf311613-final-micro-pass"
            },
            {
              "url": "http://127.0.0.1:3016/api/export/64a3b46f-0e06-42e1-af91-b98ccecbe47c",
              "status": 200,
              "method": "GET",
              "resourceType": "fetch",
              "project": "wf311613-final-micro-pass"
            },
            {
              "url": "http://127.0.0.1:3016/api/export/64a3b46f-0e06-42e1-af91-b98ccecbe47c",
              "status": 200,
              "method": "GET",
              "resourceType": "fetch",
              "project": "wf311613-final-micro-pass"
            },
            {
              "url": "http://127.0.0.1:3016/api/export/64a3b46f-0e06-42e1-af91-b98ccecbe47c",
              "status": 200,
              "method": "GET",
              "resourceType": "fetch",
              "project": "wf311613-final-micro-pass"
            },
            {
              "url": "http://127.0.0.1:3016/api/export/64a3b46f-0e06-42e1-af91-b98ccecbe47c",
              "status": 200,
              "method": "GET",
              "resourceType": "fetch",
              "project": "wf311613-final-micro-pass"
            },
            {
              "url": "http://127.0.0.1:3016/api/export/64a3b46f-0e06-42e1-af91-b98ccecbe47c",
              "status": 200,
              "method": "GET",
              "resourceType": "fetch",
              "project": "wf311613-final-micro-pass"
            },
            {
              "url": "http://127.0.0.1:3016/api/export/64a3b46f-0e06-42e1-af91-b98ccecbe47c",
              "status": 200,
              "method": "GET",
              "resourceType": "fetch",
              "project": "wf311613-final-micro-pass"
            },
            {
              "url": "http://127.0.0.1:3016/api/export/64a3b46f-0e06-42e1-af91-b98ccecbe47c",
              "status": 200,
              "method": "GET",
              "resourceType": "fetch",
              "project": "wf311613-final-micro-pass"
            },
            {
              "url": "http://127.0.0.1:3016/api/export/64a3b46f-0e06-42e1-af91-b98ccecbe47c",
              "status": 200,
              "method": "GET",
              "resourceType": "fetch",
              "project": "wf311613-final-micro-pass"
            },
            {
              "url": "http://127.0.0.1:3016/api/export/64a3b46f-0e06-42e1-af91-b98ccecbe47c",
              "status": 200,
              "method": "GET",
              "resourceType": "fetch",
              "project": "wf311613-final-micro-pass"
            },
            {
              "url": "http://127.0.0.1:3016/api/export/64a3b46f-0e06-42e1-af91-b98ccecbe47c",
              "status": 200,
              "method": "GET",
              "resourceType": "fetch",
              "project": "wf311613-final-micro-pass"
            },
            {
              "url": "http://127.0.0.1:3016/api/export/64a3b46f-0e06-42e1-af91-b98ccecbe47c",
              "status": 200,
              "method": "GET",
              "resourceType": "fetch",
              "project": "wf311613-final-micro-pass"
            },
            {
              "url": "http://127.0.0.1:3016/api/export/64a3b46f-0e06-42e1-af91-b98ccecbe47c",
              "status": 200,
              "method": "GET",
              "resourceType": "fetch",
              "project": "wf311613-final-micro-pass"
            },
            {
              "url": "http://127.0.0.1:3016/api/export/64a3b46f-0e06-42e1-af91-b98ccecbe47c",
              "status": 200,
              "method": "GET",
              "resourceType": "fetch",
              "project": "wf311613-final-micro-pass"
            },
            {
              "url": "http://127.0.0.1:3016/api/export/64a3b46f-0e06-42e1-af91-b98ccecbe47c",
              "status": 200,
              "method": "GET",
              "resourceType": "fetch",
              "project": "wf311613-final-micro-pass"
            },
            {
              "url": "http://127.0.0.1:3016/api/export/64a3b46f-0e06-42e1-af91-b98ccecbe47c",
              "status": 200,
              "method": "GET",
              "resourceType": "fetch",
              "project": "wf311613-final-micro-pass"
            },
            {
              "url": "http://127.0.0.1:3016/api/export/64a3b46f-0e06-42e1-af91-b98ccecbe47c",
              "status": 200,
              "method": "GET",
              "resourceType": "fetch",
              "project": "wf311613-final-micro-pass"
            },
            {
              "url": "http://127.0.0.1:3016/api/export/64a3b46f-0e06-42e1-af91-b98ccecbe47c",
              "status": 200,
              "method": "GET",
              "resourceType": "fetch",
              "project": "wf311613-final-micro-pass"
            },
            {
              "url": "http://127.0.0.1:3016/api/export/64a3b46f-0e06-42e1-af91-b98ccecbe47c",
              "status": 200,
              "method": "GET",
              "resourceType": "fetch",
              "project": "wf311613-final-micro-pass"
            },
            {
              "url": "http://127.0.0.1:3016/api/export/64a3b46f-0e06-42e1-af91-b98ccecbe47c",
              "status": 200,
              "method": "GET",
              "resourceType": "fetch",
              "project": "wf311613-final-micro-pass"
            },
            {
              "url": "http://127.0.0.1:3016/api/export/64a3b46f-0e06-42e1-af91-b98ccecbe47c",
              "status": 200,
              "method": "GET",
              "resourceType": "fetch",
              "project": "wf311613-final-micro-pass"
            },
            {
              "url": "http://127.0.0.1:3016/api/export/64a3b46f-0e06-42e1-af91-b98ccecbe47c",
              "status": 200,
              "method": "GET",
              "resourceType": "fetch",
              "project": "wf311613-final-micro-pass"
            },
            {
              "url": "http://127.0.0.1:3016/api/export/64a3b46f-0e06-42e1-af91-b98ccecbe47c",
              "status": 200,
              "method": "GET",
              "resourceType": "fetch",
              "project": "wf311613-final-micro-pass"
            },
            {
              "url": "http://127.0.0.1:3016/api/export/64a3b46f-0e06-42e1-af91-b98ccecbe47c",
              "status": 200,
              "method": "GET",
              "resourceType": "fetch",
              "project": "wf311613-final-micro-pass"
            },
            {
              "url": "http://127.0.0.1:3016/api/export/64a3b46f-0e06-42e1-af91-b98ccecbe47c",
              "status": 200,
              "method": "GET",
              "resourceType": "fetch",
              "project": "wf311613-final-micro-pass"
            },
            {
              "url": "http://127.0.0.1:3016/api/export/64a3b46f-0e06-42e1-af91-b98ccecbe47c",
              "status": 200,
              "method": "GET",
              "resourceType": "fetch",
              "project": "wf311613-final-micro-pass"
            },
            {
              "url": "http://127.0.0.1:3016/api/export/64a3b46f-0e06-42e1-af91-b98ccecbe47c",
              "status": 200,
              "method": "GET",
              "resourceType": "fetch",
              "project": "wf311613-final-micro-pass"
            },
            {
              "url": "http://127.0.0.1:3016/api/export/64a3b46f-0e06-42e1-af91-b98ccecbe47c",
              "status": 200,
              "method": "GET",
              "resourceType": "fetch",
              "project": "wf311613-final-micro-pass"
            },
            {
              "url": "http://127.0.0.1:3016/api/export/64a3b46f-0e06-42e1-af91-b98ccecbe47c",
              "status": 200,
              "method": "GET",
              "resourceType": "fetch",
              "project": "wf311613-final-micro-pass"
            },
            {
              "url": "http://127.0.0.1:3016/api/export/64a3b46f-0e06-42e1-af91-b98ccecbe47c",
              "status": 200,
              "method": "GET",
              "resourceType": "fetch",
              "project": "wf311613-final-micro-pass"
            },
            {
              "url": "http://127.0.0.1:3016/api/export/64a3b46f-0e06-42e1-af91-b98ccecbe47c",
              "status": 200,
              "method": "GET",
              "resourceType": "fetch",
              "project": "wf311613-final-micro-pass"
            },
            {
              "url": "http://127.0.0.1:3016/api/export/64a3b46f-0e06-42e1-af91-b98ccecbe47c",
              "status": 200,
              "method": "GET",
              "resourceType": "fetch",
              "project": "wf311613-final-micro-pass"
            },
            {
              "url": "http://127.0.0.1:3016/api/export/64a3b46f-0e06-42e1-af91-b98ccecbe47c",
              "status": 200,
              "method": "GET",
              "resourceType": "fetch",
              "project": "wf311613-final-micro-pass"
            },
            {
              "url": "http://127.0.0.1:3016/api/export/64a3b46f-0e06-42e1-af91-b98ccecbe47c",
              "status": 200,
              "method": "GET",
              "resourceType": "fetch",
              "project": "wf311613-final-micro-pass"
            },
            {
              "url": "http://127.0.0.1:3016/api/export/64a3b46f-0e06-42e1-af91-b98ccecbe47c",
              "status": 200,
              "method": "GET",
              "resourceType": "fetch",
              "project": "wf311613-final-micro-pass"
            },
            {
              "url": "http://127.0.0.1:3016/api/export/64a3b46f-0e06-42e1-af91-b98ccecbe47c",
              "status": 200,
              "method": "GET",
              "resourceType": "fetch",
              "project": "wf311613-final-micro-pass"
            },
            {
              "url": "http://127.0.0.1:3016/api/export/64a3b46f-0e06-42e1-af91-b98ccecbe47c",
              "status": 200,
              "method": "GET",
              "resourceType": "fetch",
              "project": "wf311613-final-micro-pass"
            },
            {
              "url": "http://127.0.0.1:3016/api/export/64a3b46f-0e06-42e1-af91-b98ccecbe47c",
              "status": 200,
              "method": "GET",
              "resourceType": "fetch",
              "project": "wf311613-final-micro-pass"
            },
            {
              "url": "http://127.0.0.1:3016/api/export/64a3b46f-0e06-42e1-af91-b98ccecbe47c",
              "status": 200,
              "method": "GET",
              "resourceType": "fetch",
              "project": "wf311613-final-micro-pass"
            },
            {
              "url": "http://127.0.0.1:3016/api/export/64a3b46f-0e06-42e1-af91-b98ccecbe47c",
              "status": 200,
              "method": "GET",
              "resourceType": "fetch",
              "project": "wf311613-final-micro-pass"
            },
            {
              "url": "http://127.0.0.1:3016/api/export/64a3b46f-0e06-42e1-af91-b98ccecbe47c",
              "status": 200,
              "method": "GET",
              "resourceType": "fetch",
              "project": "wf311613-final-micro-pass"
            },
            {
              "url": "http://127.0.0.1:3016/api/export/64a3b46f-0e06-42e1-af91-b98ccecbe47c",
              "status": 200,
              "method": "GET",
              "resourceType": "fetch",
              "project": "wf311613-final-micro-pass"
            },
            {
              "url": "http://127.0.0.1:3016/api/export/64a3b46f-0e06-42e1-af91-b98ccecbe47c",
              "status": 200,
              "method": "GET",
              "resourceType": "fetch",
              "project": "wf311613-final-micro-pass"
            },
            {
              "url": "http://127.0.0.1:3016/api/export/64a3b46f-0e06-42e1-af91-b98ccecbe47c",
              "status": 200,
              "method": "GET",
              "resourceType": "fetch",
              "project": "wf311613-final-micro-pass"
            },
            {
              "url": "http://127.0.0.1:3016/api/export/64a3b46f-0e06-42e1-af91-b98ccecbe47c",
              "status": 200,
              "method": "GET",
              "resourceType": "fetch",
              "project": "wf311613-final-micro-pass"
            },
            {
              "url": "http://127.0.0.1:3016/api/export/64a3b46f-0e06-42e1-af91-b98ccecbe47c",
              "status": 200,
              "method": "GET",
              "resourceType": "fetch",
              "project": "wf311613-final-micro-pass"
            },
            {
              "url": "http://127.0.0.1:3016/api/export/64a3b46f-0e06-42e1-af91-b98ccecbe47c",
              "status": 200,
              "method": "GET",
              "resourceType": "fetch",
              "project": "wf311613-final-micro-pass"
            },
            {
              "url": "http://127.0.0.1:3016/api/export/64a3b46f-0e06-42e1-af91-b98ccecbe47c",
              "status": 200,
              "method": "GET",
              "resourceType": "fetch",
              "project": "wf311613-final-micro-pass"
            },
            {
              "url": "http://127.0.0.1:3016/api/export/64a3b46f-0e06-42e1-af91-b98ccecbe47c",
              "status": 200,
              "method": "GET",
              "resourceType": "fetch",
              "project": "wf311613-final-micro-pass"
            },
            {
              "url": "http://127.0.0.1:3016/api/export/64a3b46f-0e06-42e1-af91-b98ccecbe47c",
              "status": 200,
              "method": "GET",
              "resourceType": "fetch",
              "project": "wf311613-final-micro-pass"
            },
            {
              "url": "http://127.0.0.1:3016/api/export/64a3b46f-0e06-42e1-af91-b98ccecbe47c",
              "status": 200,
              "method": "GET",
              "resourceType": "fetch",
              "project": "wf311613-final-micro-pass"
            },
            {
              "url": "http://127.0.0.1:3016/api/export/64a3b46f-0e06-42e1-af91-b98ccecbe47c",
              "status": 200,
              "method": "GET",
              "resourceType": "fetch",
              "project": "wf311613-final-micro-pass"
            },
            {
              "url": "http://127.0.0.1:3016/api/export/64a3b46f-0e06-42e1-af91-b98ccecbe47c",
              "status": 200,
              "method": "GET",
              "resourceType": "fetch",
              "project": "wf311613-final-micro-pass"
            },
            {
              "url": "http://127.0.0.1:3016/api/export/64a3b46f-0e06-42e1-af91-b98ccecbe47c",
              "status": 200,
              "method": "GET",
              "resourceType": "fetch",
              "project": "wf311613-final-micro-pass"
            },
            {
              "url": "http://127.0.0.1:3016/api/export/64a3b46f-0e06-42e1-af91-b98ccecbe47c",
              "status": 200,
              "method": "GET",
              "resourceType": "fetch",
              "project": "wf311613-final-micro-pass"
            },
            {
              "url": "http://127.0.0.1:3016/api/export/64a3b46f-0e06-42e1-af91-b98ccecbe47c",
              "status": 200,
              "method": "GET",
              "resourceType": "fetch",
              "project": "wf311613-final-micro-pass"
            },
            {
              "url": "http://127.0.0.1:3016/api/export/64a3b46f-0e06-42e1-af91-b98ccecbe47c",
              "status": 200,
              "method": "GET",
              "resourceType": "fetch",
              "project": "wf311613-final-micro-pass"
            },
            {
              "url": "http://127.0.0.1:3016/api/export/64a3b46f-0e06-42e1-af91-b98ccecbe47c",
              "status": 200,
              "method": "GET",
              "resourceType": "fetch",
              "project": "wf311613-final-micro-pass"
            },
            {
              "url": "http://127.0.0.1:3016/api/export/64a3b46f-0e06-42e1-af91-b98ccecbe47c",
              "status": 200,
              "method": "GET",
              "resourceType": "fetch",
              "project": "wf311613-final-micro-pass"
            },
            {
              "url": "http://127.0.0.1:3016/api/export/64a3b46f-0e06-42e1-af91-b98ccecbe47c",
              "status": 200,
              "method": "GET",
              "resourceType": "fetch",
              "project": "wf311613-final-micro-pass"
            },
            {
              "url": "http://127.0.0.1:3016/api/export/64a3b46f-0e06-42e1-af91-b98ccecbe47c",
              "status": 200,
              "method": "GET",
              "resourceType": "fetch",
              "project": "wf311613-final-micro-pass"
            },
            {
              "url": "http://127.0.0.1:3016/api/export/64a3b46f-0e06-42e1-af91-b98ccecbe47c",
              "status": 200,
              "method": "GET",
              "resourceType": "fetch",
              "project": "wf311613-final-micro-pass"
            },
            {
              "url": "http://127.0.0.1:3016/api/export/64a3b46f-0e06-42e1-af91-b98ccecbe47c",
              "status": 200,
              "method": "GET",
              "resourceType": "fetch",
              "project": "wf311613-final-micro-pass"
            },
            {
              "url": "http://127.0.0.1:3016/api/export/64a3b46f-0e06-42e1-af91-b98ccecbe47c",
              "status": 200,
              "method": "GET",
              "resourceType": "fetch",
              "project": "wf311613-final-micro-pass"
            },
            {
              "url": "http://127.0.0.1:3016/api/export/64a3b46f-0e06-42e1-af91-b98ccecbe47c",
              "status": 200,
              "method": "GET",
              "resourceType": "fetch",
              "project": "wf311613-final-micro-pass"
            },
            {
              "url": "http://127.0.0.1:3016/api/export/64a3b46f-0e06-42e1-af91-b98ccecbe47c",
              "status": 200,
              "method": "GET",
              "resourceType": "fetch",
              "project": "wf311613-final-micro-pass"
            },
            {
              "url": "http://127.0.0.1:3016/api/export/64a3b46f-0e06-42e1-af91-b98ccecbe47c",
              "status": 200,
              "method": "GET",
              "resourceType": "fetch",
              "project": "wf311613-final-micro-pass"
            },
            {
              "url": "http://127.0.0.1:3016/api/export/64a3b46f-0e06-42e1-af91-b98ccecbe47c",
              "status": 200,
              "method": "GET",
              "resourceType": "fetch",
              "project": "wf311613-final-micro-pass"
            },
            {
              "url": "http://127.0.0.1:3016/api/export/64a3b46f-0e06-42e1-af91-b98ccecbe47c",
              "status": 200,
              "method": "GET",
              "resourceType": "fetch",
              "project": "wf311613-final-micro-pass"
            },
            {
              "url": "http://127.0.0.1:3016/api/export/64a3b46f-0e06-42e1-af91-b98ccecbe47c",
              "status": 200,
              "method": "GET",
              "resourceType": "fetch",
              "project": "wf311613-final-micro-pass"
            },
            {
              "url": "http://127.0.0.1:3016/api/export/64a3b46f-0e06-42e1-af91-b98ccecbe47c",
              "status": 200,
              "method": "GET",
              "resourceType": "fetch",
              "project": "wf311613-final-micro-pass"
            },
            {
              "url": "http://127.0.0.1:3016/api/export/64a3b46f-0e06-42e1-af91-b98ccecbe47c",
              "status": 200,
              "method": "GET",
              "resourceType": "fetch",
              "project": "wf311613-final-micro-pass"
            },
            {
              "url": "http://127.0.0.1:3016/api/export/64a3b46f-0e06-42e1-af91-b98ccecbe47c",
              "status": 200,
              "method": "GET",
              "resourceType": "fetch",
              "project": "wf311613-final-micro-pass"
            },
            {
              "url": "http://127.0.0.1:3016/api/export/64a3b46f-0e06-42e1-af91-b98ccecbe47c",
              "status": 200,
              "method": "GET",
              "resourceType": "fetch",
              "project": "wf311613-final-micro-pass"
            },
            {
              "url": "http://127.0.0.1:3016/api/export/64a3b46f-0e06-42e1-af91-b98ccecbe47c",
              "status": 200,
              "method": "GET",
              "resourceType": "fetch",
              "project": "wf311613-final-micro-pass"
            },
            {
              "url": "http://127.0.0.1:3016/api/export/64a3b46f-0e06-42e1-af91-b98ccecbe47c",
              "status": 200,
              "method": "GET",
              "resourceType": "fetch",
              "project": "wf311613-final-micro-pass"
            },
            {
              "url": "http://127.0.0.1:3016/api/export/64a3b46f-0e06-42e1-af91-b98ccecbe47c",
              "status": 200,
              "method": "GET",
              "resourceType": "fetch",
              "project": "wf311613-final-micro-pass"
            },
            {
              "url": "http://127.0.0.1:3016/api/export/64a3b46f-0e06-42e1-af91-b98ccecbe47c",
              "status": 200,
              "method": "GET",
              "resourceType": "fetch",
              "project": "wf311613-final-micro-pass"
            },
            {
              "url": "http://127.0.0.1:3016/api/export/64a3b46f-0e06-42e1-af91-b98ccecbe47c",
              "status": 200,
              "method": "GET",
              "resourceType": "fetch",
              "project": "wf311613-final-micro-pass"
            },
            {
              "url": "http://127.0.0.1:3016/api/export/64a3b46f-0e06-42e1-af91-b98ccecbe47c",
              "status": 200,
              "method": "GET",
              "resourceType": "fetch",
              "project": "wf311613-final-micro-pass"
            },
            {
              "url": "http://127.0.0.1:3016/api/export/64a3b46f-0e06-42e1-af91-b98ccecbe47c",
              "status": 200,
              "method": "GET",
              "resourceType": "fetch",
              "project": "wf311613-final-micro-pass"
            },
            {
              "url": "http://127.0.0.1:3016/api/export/64a3b46f-0e06-42e1-af91-b98ccecbe47c",
              "status": 200,
              "method": "GET",
              "resourceType": "fetch",
              "project": "wf311613-final-micro-pass"
            },
            {
              "url": "http://127.0.0.1:3016/api/export/64a3b46f-0e06-42e1-af91-b98ccecbe47c",
              "status": 200,
              "method": "GET",
              "resourceType": "fetch",
              "project": "wf311613-final-micro-pass"
            },
            {
              "url": "http://127.0.0.1:3016/api/export/64a3b46f-0e06-42e1-af91-b98ccecbe47c",
              "status": 200,
              "method": "GET",
              "resourceType": "fetch",
              "project": "wf311613-final-micro-pass"
            },
            {
              "url": "http://127.0.0.1:3016/api/export/64a3b46f-0e06-42e1-af91-b98ccecbe47c",
              "status": 200,
              "method": "GET",
              "resourceType": "fetch",
              "project": "wf311613-final-micro-pass"
            },
            {
              "url": "http://127.0.0.1:3016/api/export/64a3b46f-0e06-42e1-af91-b98ccecbe47c",
              "status": 200,
              "method": "GET",
              "resourceType": "fetch",
              "project": "wf311613-final-micro-pass"
            },
            {
              "url": "http://127.0.0.1:3016/api/export/64a3b46f-0e06-42e1-af91-b98ccecbe47c",
              "status": 200,
              "method": "GET",
              "resourceType": "fetch",
              "project": "wf311613-final-micro-pass"
            },
            {
              "url": "http://127.0.0.1:3016/api/export/64a3b46f-0e06-42e1-af91-b98ccecbe47c",
              "status": 200,
              "method": "GET",
              "resourceType": "fetch",
              "project": "wf311613-final-micro-pass"
            },
            {
              "url": "http://127.0.0.1:3016/api/export/64a3b46f-0e06-42e1-af91-b98ccecbe47c",
              "status": 200,
              "method": "GET",
              "resourceType": "fetch",
              "project": "wf311613-final-micro-pass"
            },
            {
              "url": "http://127.0.0.1:3016/api/export/64a3b46f-0e06-42e1-af91-b98ccecbe47c",
              "status": 200,
              "method": "GET",
              "resourceType": "fetch",
              "project": "wf311613-final-micro-pass"
            },
            {
              "url": "http://127.0.0.1:3016/api/export/64a3b46f-0e06-42e1-af91-b98ccecbe47c",
              "status": 200,
              "method": "GET",
              "resourceType": "fetch",
              "project": "wf311613-final-micro-pass"
            },
            {
              "url": "http://127.0.0.1:3016/api/export/64a3b46f-0e06-42e1-af91-b98ccecbe47c",
              "status": 200,
              "method": "GET",
              "resourceType": "fetch",
              "project": "wf311613-final-micro-pass"
            },
            {
              "url": "http://127.0.0.1:3016/api/export/64a3b46f-0e06-42e1-af91-b98ccecbe47c",
              "status": 200,
              "method": "GET",
              "resourceType": "fetch",
              "project": "wf311613-final-micro-pass"
            },
            {
              "url": "http://127.0.0.1:3016/api/export/64a3b46f-0e06-42e1-af91-b98ccecbe47c",
              "status": 200,
              "method": "GET",
              "resourceType": "fetch",
              "project": "wf311613-final-micro-pass"
            },
            {
              "url": "http://127.0.0.1:3016/api/export/64a3b46f-0e06-42e1-af91-b98ccecbe47c",
              "status": 200,
              "method": "GET",
              "resourceType": "fetch",
              "project": "wf311613-final-micro-pass"
            },
            {
              "url": "http://127.0.0.1:3016/api/export/64a3b46f-0e06-42e1-af91-b98ccecbe47c",
              "status": 200,
              "method": "GET",
              "resourceType": "fetch",
              "project": "wf311613-final-micro-pass"
            },
            {
              "url": "http://127.0.0.1:3016/api/export/64a3b46f-0e06-42e1-af91-b98ccecbe47c",
              "status": 200,
              "method": "GET",
              "resourceType": "fetch",
              "project": "wf311613-final-micro-pass"
            },
            {
              "url": "http://127.0.0.1:3016/api/export/64a3b46f-0e06-42e1-af91-b98ccecbe47c",
              "status": 200,
              "method": "GET",
              "resourceType": "fetch",
              "project": "wf311613-final-micro-pass"
            },
            {
              "url": "http://127.0.0.1:3016/api/export/64a3b46f-0e06-42e1-af91-b98ccecbe47c",
              "status": 200,
              "method": "GET",
              "resourceType": "fetch",
              "project": "wf311613-final-micro-pass"
            },
            {
              "url": "http://127.0.0.1:3016/api/export/64a3b46f-0e06-42e1-af91-b98ccecbe47c",
              "status": 200,
              "method": "GET",
              "resourceType": "fetch",
              "project": "wf311613-final-micro-pass"
            },
            {
              "url": "http://127.0.0.1:3016/api/export/64a3b46f-0e06-42e1-af91-b98ccecbe47c",
              "status": 200,
              "method": "GET",
              "resourceType": "fetch",
              "project": "wf311613-final-micro-pass"
            },
            {
              "url": "http://127.0.0.1:3016/api/export/64a3b46f-0e06-42e1-af91-b98ccecbe47c",
              "status": 200,
              "method": "GET",
              "resourceType": "fetch",
              "project": "wf311613-final-micro-pass"
            },
            {
              "url": "http://127.0.0.1:3016/api/export/64a3b46f-0e06-42e1-af91-b98ccecbe47c",
              "status": 200,
              "method": "GET",
              "resourceType": "fetch",
              "project": "wf311613-final-micro-pass"
            },
            {
              "url": "http://127.0.0.1:3016/api/export/64a3b46f-0e06-42e1-af91-b98ccecbe47c",
              "status": 200,
              "method": "GET",
              "resourceType": "fetch",
              "project": "wf311613-final-micro-pass"
            },
            {
              "url": "http://127.0.0.1:3016/api/export/64a3b46f-0e06-42e1-af91-b98ccecbe47c",
              "status": 200,
              "method": "GET",
              "resourceType": "fetch",
              "project": "wf311613-final-micro-pass"
            },
            {
              "url": "http://127.0.0.1:3016/api/export/64a3b46f-0e06-42e1-af91-b98ccecbe47c",
              "status": 200,
              "method": "GET",
              "resourceType": "fetch",
              "project": "wf311613-final-micro-pass"
            },
            {
              "url": "http://127.0.0.1:3016/api/export/64a3b46f-0e06-42e1-af91-b98ccecbe47c",
              "status": 200,
              "method": "GET",
              "resourceType": "fetch",
              "project": "wf311613-final-micro-pass"
            },
            {
              "url": "http://127.0.0.1:3016/api/export/64a3b46f-0e06-42e1-af91-b98ccecbe47c",
              "status": 200,
              "method": "GET",
              "resourceType": "fetch",
              "project": "wf311613-final-micro-pass"
            },
            {
              "url": "http://127.0.0.1:3016/api/export/64a3b46f-0e06-42e1-af91-b98ccecbe47c",
              "status": 200,
              "method": "GET",
              "resourceType": "fetch",
              "project": "wf311613-final-micro-pass"
            },
            {
              "url": "http://127.0.0.1:3016/api/export/64a3b46f-0e06-42e1-af91-b98ccecbe47c",
              "status": 200,
              "method": "GET",
              "resourceType": "fetch",
              "project": "wf311613-final-micro-pass"
            },
            {
              "url": "http://127.0.0.1:3016/api/export/64a3b46f-0e06-42e1-af91-b98ccecbe47c",
              "status": 200,
              "method": "GET",
              "resourceType": "fetch",
              "project": "wf311613-final-micro-pass"
            },
            {
              "url": "http://127.0.0.1:3016/api/export/64a3b46f-0e06-42e1-af91-b98ccecbe47c",
              "status": 200,
              "method": "GET",
              "resourceType": "fetch",
              "project": "wf311613-final-micro-pass"
            },
            {
              "url": "http://127.0.0.1:3016/api/export/64a3b46f-0e06-42e1-af91-b98ccecbe47c",
              "status": 200,
              "method": "GET",
              "resourceType": "fetch",
              "project": "wf311613-final-micro-pass"
            },
            {
              "url": "http://127.0.0.1:3016/api/export/64a3b46f-0e06-42e1-af91-b98ccecbe47c",
              "status": 200,
              "method": "GET",
              "resourceType": "fetch",
              "project": "wf311613-final-micro-pass"
            },
            {
              "url": "http://127.0.0.1:3016/api/export/64a3b46f-0e06-42e1-af91-b98ccecbe47c",
              "status": 200,
              "method": "GET",
              "resourceType": "fetch",
              "project": "wf311613-final-micro-pass"
            },
            {
              "url": "http://127.0.0.1:3016/api/export/64a3b46f-0e06-42e1-af91-b98ccecbe47c",
              "status": 200,
              "method": "GET",
              "resourceType": "fetch",
              "project": "wf311613-final-micro-pass"
            },
            {
              "url": "http://127.0.0.1:3016/api/export/64a3b46f-0e06-42e1-af91-b98ccecbe47c",
              "status": 200,
              "method": "GET",
              "resourceType": "fetch",
              "project": "wf311613-final-micro-pass"
            },
            {
              "url": "http://127.0.0.1:3016/api/export/64a3b46f-0e06-42e1-af91-b98ccecbe47c",
              "status": 200,
              "method": "GET",
              "resourceType": "fetch",
              "project": "wf311613-final-micro-pass"
            },
            {
              "url": "http://127.0.0.1:3016/api/export/64a3b46f-0e06-42e1-af91-b98ccecbe47c",
              "status": 200,
              "method": "GET",
              "resourceType": "fetch",
              "project": "wf311613-final-micro-pass"
            },
            {
              "url": "http://127.0.0.1:3016/api/export/64a3b46f-0e06-42e1-af91-b98ccecbe47c",
              "status": 200,
              "method": "GET",
              "resourceType": "fetch",
              "project": "wf311613-final-micro-pass"
            },
            {
              "url": "http://127.0.0.1:3016/api/export/64a3b46f-0e06-42e1-af91-b98ccecbe47c",
              "status": 200,
              "method": "GET",
              "resourceType": "fetch",
              "project": "wf311613-final-micro-pass"
            },
            {
              "url": "http://127.0.0.1:3016/api/export/64a3b46f-0e06-42e1-af91-b98ccecbe47c",
              "status": 200,
              "method": "GET",
              "resourceType": "fetch",
              "project": "wf311613-final-micro-pass"
            },
            {
              "url": "http://127.0.0.1:3016/api/export/64a3b46f-0e06-42e1-af91-b98ccecbe47c",
              "status": 200,
              "method": "GET",
              "resourceType": "fetch",
              "project": "wf311613-final-micro-pass"
            },
            {
              "url": "http://127.0.0.1:3016/api/export/64a3b46f-0e06-42e1-af91-b98ccecbe47c",
              "status": 200,
              "method": "GET",
              "resourceType": "fetch",
              "project": "wf311613-final-micro-pass"
            },
            {
              "url": "http://127.0.0.1:3016/api/export/64a3b46f-0e06-42e1-af91-b98ccecbe47c",
              "status": 200,
              "method": "GET",
              "resourceType": "fetch",
              "project": "wf311613-final-micro-pass"
            },
            {
              "url": "http://127.0.0.1:3016/api/export/64a3b46f-0e06-42e1-af91-b98ccecbe47c",
              "status": 200,
              "method": "GET",
              "resourceType": "fetch",
              "project": "wf311613-final-micro-pass"
            },
            {
              "url": "http://127.0.0.1:3016/api/export/64a3b46f-0e06-42e1-af91-b98ccecbe47c",
              "status": 200,
              "method": "GET",
              "resourceType": "fetch",
              "project": "wf311613-final-micro-pass"
            },
            {
              "url": "http://127.0.0.1:3016/api/export/64a3b46f-0e06-42e1-af91-b98ccecbe47c",
              "status": 200,
              "method": "GET",
              "resourceType": "fetch",
              "project": "wf311613-final-micro-pass"
            },
            {
              "url": "http://127.0.0.1:3016/api/export/64a3b46f-0e06-42e1-af91-b98ccecbe47c",
              "status": 200,
              "method": "GET",
              "resourceType": "fetch",
              "project": "wf311613-final-micro-pass"
            },
            {
              "url": "http://127.0.0.1:3016/api/export/64a3b46f-0e06-42e1-af91-b98ccecbe47c",
              "status": 200,
              "method": "GET",
              "resourceType": "fetch",
              "project": "wf311613-final-micro-pass"
            },
            {
              "url": "http://127.0.0.1:3016/api/export/64a3b46f-0e06-42e1-af91-b98ccecbe47c",
              "status": 200,
              "method": "GET",
              "resourceType": "fetch",
              "project": "wf311613-final-micro-pass"
            },
            {
              "url": "http://127.0.0.1:3016/api/export/64a3b46f-0e06-42e1-af91-b98ccecbe47c",
              "status": 200,
              "method": "GET",
              "resourceType": "fetch",
              "project": "wf311613-final-micro-pass"
            },
            {
              "url": "http://127.0.0.1:3016/api/export/64a3b46f-0e06-42e1-af91-b98ccecbe47c",
              "status": 200,
              "method": "GET",
              "resourceType": "fetch",
              "project": "wf311613-final-micro-pass"
            },
            {
              "url": "http://127.0.0.1:3016/api/export/64a3b46f-0e06-42e1-af91-b98ccecbe47c",
              "status": 200,
              "method": "GET",
              "resourceType": "fetch",
              "project": "wf311613-final-micro-pass"
            },
            {
              "url": "http://127.0.0.1:3016/api/export/64a3b46f-0e06-42e1-af91-b98ccecbe47c",
              "status": 200,
              "method": "GET",
              "resourceType": "fetch",
              "project": "wf311613-final-micro-pass"
            },
            {
              "url": "http://127.0.0.1:3016/api/export/64a3b46f-0e06-42e1-af91-b98ccecbe47c",
              "status": 200,
              "method": "GET",
              "resourceType": "fetch",
              "project": "wf311613-final-micro-pass"
            },
            {
              "url": "http://127.0.0.1:3016/api/export/64a3b46f-0e06-42e1-af91-b98ccecbe47c",
              "status": 200,
              "method": "GET",
              "resourceType": "fetch",
              "project": "wf311613-final-micro-pass"
            },
            {
              "url": "http://127.0.0.1:3016/api/export/64a3b46f-0e06-42e1-af91-b98ccecbe47c",
              "status": 200,
              "method": "GET",
              "resourceType": "fetch",
              "project": "wf311613-final-micro-pass"
            },
            {
              "url": "http://127.0.0.1:3016/api/export/64a3b46f-0e06-42e1-af91-b98ccecbe47c",
              "status": 200,
              "method": "GET",
              "resourceType": "fetch",
              "project": "wf311613-final-micro-pass"
            },
            {
              "url": "http://127.0.0.1:3016/api/export/64a3b46f-0e06-42e1-af91-b98ccecbe47c",
              "status": 200,
              "method": "GET",
              "resourceType": "fetch",
              "project": "wf311613-final-micro-pass"
            },
            {
              "url": "http://127.0.0.1:3016/api/export/64a3b46f-0e06-42e1-af91-b98ccecbe47c",
              "status": 200,
              "method": "GET",
              "resourceType": "fetch",
              "project": "wf311613-final-micro-pass"
            },
            {
              "url": "http://127.0.0.1:3016/api/export/64a3b46f-0e06-42e1-af91-b98ccecbe47c",
              "status": 200,
              "method": "GET",
              "resourceType": "fetch",
              "project": "wf311613-final-micro-pass"
            },
            {
              "url": "http://127.0.0.1:3016/api/export/64a3b46f-0e06-42e1-af91-b98ccecbe47c",
              "status": 200,
              "method": "GET",
              "resourceType": "fetch",
              "project": "wf311613-final-micro-pass"
            },
            {
              "url": "http://127.0.0.1:3016/api/export/64a3b46f-0e06-42e1-af91-b98ccecbe47c",
              "status": 200,
              "method": "GET",
              "resourceType": "fetch",
              "project": "wf311613-final-micro-pass"
            },
            {
              "url": "http://127.0.0.1:3016/api/export/64a3b46f-0e06-42e1-af91-b98ccecbe47c",
              "status": 200,
              "method": "GET",
              "resourceType": "fetch",
              "project": "wf311613-final-micro-pass"
            },
            {
              "url": "http://127.0.0.1:3016/api/export/64a3b46f-0e06-42e1-af91-b98ccecbe47c",
              "status": 200,
              "method": "GET",
              "resourceType": "fetch",
              "project": "wf311613-final-micro-pass"
            },
            {
              "url": "http://127.0.0.1:3016/api/export/64a3b46f-0e06-42e1-af91-b98ccecbe47c",
              "status": 200,
              "method": "GET",
              "resourceType": "fetch",
              "project": "wf311613-final-micro-pass"
            },
            {
              "url": "http://127.0.0.1:3016/api/export/64a3b46f-0e06-42e1-af91-b98ccecbe47c",
              "status": 200,
              "method": "GET",
              "resourceType": "fetch",
              "project": "wf311613-final-micro-pass"
            },
            {
              "url": "http://127.0.0.1:3016/api/export/64a3b46f-0e06-42e1-af91-b98ccecbe47c",
              "status": 200,
              "method": "GET",
              "resourceType": "fetch",
              "project": "wf311613-final-micro-pass"
            },
            {
              "url": "http://127.0.0.1:3016/api/export/64a3b46f-0e06-42e1-af91-b98ccecbe47c",
              "status": 200,
              "method": "GET",
              "resourceType": "fetch",
              "project": "wf311613-final-micro-pass"
            },
            {
              "url": "http://127.0.0.1:3016/api/export/64a3b46f-0e06-42e1-af91-b98ccecbe47c",
              "status": 200,
              "method": "GET",
              "resourceType": "fetch",
              "project": "wf311613-final-micro-pass"
            },
            {
              "url": "http://127.0.0.1:3016/api/export/64a3b46f-0e06-42e1-af91-b98ccecbe47c",
              "status": 200,
              "method": "GET",
              "resourceType": "fetch",
              "project": "wf311613-final-micro-pass"
            },
            {
              "url": "http://127.0.0.1:3016/api/export/64a3b46f-0e06-42e1-af91-b98ccecbe47c",
              "status": 200,
              "method": "GET",
              "resourceType": "fetch",
              "project": "wf311613-final-micro-pass"
            },
            {
              "url": "http://127.0.0.1:3016/api/export/64a3b46f-0e06-42e1-af91-b98ccecbe47c",
              "status": 200,
              "method": "GET",
              "resourceType": "fetch",
              "project": "wf311613-final-micro-pass"
            },
            {
              "url": "http://127.0.0.1:3016/api/export/64a3b46f-0e06-42e1-af91-b98ccecbe47c",
              "status": 200,
              "method": "GET",
              "resourceType": "fetch",
              "project": "wf311613-final-micro-pass"
            },
            {
              "url": "http://127.0.0.1:3016/api/export/64a3b46f-0e06-42e1-af91-b98ccecbe47c",
              "status": 200,
              "method": "GET",
              "resourceType": "fetch",
              "project": "wf311613-final-micro-pass"
            },
            {
              "url": "http://127.0.0.1:3016/api/export/64a3b46f-0e06-42e1-af91-b98ccecbe47c",
              "status": 200,
              "method": "GET",
              "resourceType": "fetch",
              "project": "wf311613-final-micro-pass"
            },
            {
              "url": "http://127.0.0.1:3016/api/export/64a3b46f-0e06-42e1-af91-b98ccecbe47c",
              "status": 200,
              "method": "GET",
              "resourceType": "fetch",
              "project": "wf311613-final-micro-pass"
            },
            {
              "url": "http://127.0.0.1:3016/api/export/64a3b46f-0e06-42e1-af91-b98ccecbe47c",
              "status": 200,
              "method": "GET",
              "resourceType": "fetch",
              "project": "wf311613-final-micro-pass"
            },
            {
              "url": "http://127.0.0.1:3016/api/export/64a3b46f-0e06-42e1-af91-b98ccecbe47c",
              "status": 200,
              "method": "GET",
              "resourceType": "fetch",
              "project": "wf311613-final-micro-pass"
            },
            {
              "url": "http://127.0.0.1:3016/api/export/64a3b46f-0e06-42e1-af91-b98ccecbe47c",
              "status": 200,
              "method": "GET",
              "resourceType": "fetch",
              "project": "wf311613-final-micro-pass"
            },
            {
              "url": "http://127.0.0.1:3016/api/export/64a3b46f-0e06-42e1-af91-b98ccecbe47c",
              "status": 200,
              "method": "GET",
              "resourceType": "fetch",
              "project": "wf311613-final-micro-pass"
            },
            {
              "url": "http://127.0.0.1:3016/api/export/64a3b46f-0e06-42e1-af91-b98ccecbe47c",
              "status": 200,
              "method": "GET",
              "resourceType": "fetch",
              "project": "wf311613-final-micro-pass"
            },
            {
              "url": "http://127.0.0.1:3016/api/export/64a3b46f-0e06-42e1-af91-b98ccecbe47c",
              "status": 200,
              "method": "GET",
              "resourceType": "fetch",
              "project": "wf311613-final-micro-pass"
            },
            {
              "url": "http://127.0.0.1:3016/api/export/64a3b46f-0e06-42e1-af91-b98ccecbe47c",
              "status": 200,
              "method": "GET",
              "resourceType": "fetch",
              "project": "wf311613-final-micro-pass"
            },
            {
              "url": "http://127.0.0.1:3016/api/export/64a3b46f-0e06-42e1-af91-b98ccecbe47c",
              "status": 200,
              "method": "GET",
              "resourceType": "fetch",
              "project": "wf311613-final-micro-pass"
            },
            {
              "url": "http://127.0.0.1:3016/api/export/64a3b46f-0e06-42e1-af91-b98ccecbe47c",
              "status": 200,
              "method": "GET",
              "resourceType": "fetch",
              "project": "wf311613-final-micro-pass"
            },
            {
              "url": "http://127.0.0.1:3016/api/export/64a3b46f-0e06-42e1-af91-b98ccecbe47c",
              "status": 200,
              "method": "GET",
              "resourceType": "fetch",
              "project": "wf311613-final-micro-pass"
            },
            {
              "url": "http://127.0.0.1:3016/api/export/64a3b46f-0e06-42e1-af91-b98ccecbe47c",
              "status": 200,
              "method": "GET",
              "resourceType": "fetch",
              "project": "wf311613-final-micro-pass"
            },
            {
              "url": "http://127.0.0.1:3016/api/export/64a3b46f-0e06-42e1-af91-b98ccecbe47c",
              "status": 200,
              "method": "GET",
              "resourceType": "fetch",
              "project": "wf311613-final-micro-pass"
            },
            {
              "url": "http://127.0.0.1:3016/api/export/64a3b46f-0e06-42e1-af91-b98ccecbe47c",
              "status": 200,
              "method": "GET",
              "resourceType": "fetch",
              "project": "wf311613-final-micro-pass"
            },
            {
              "url": "http://127.0.0.1:3016/api/export/64a3b46f-0e06-42e1-af91-b98ccecbe47c",
              "status": 200,
              "method": "GET",
              "resourceType": "fetch",
              "project": "wf311613-final-micro-pass"
            },
            {
              "url": "http://127.0.0.1:3016/api/export/64a3b46f-0e06-42e1-af91-b98ccecbe47c",
              "status": 200,
              "method": "GET",
              "resourceType": "fetch",
              "project": "wf311613-final-micro-pass"
            },
            {
              "url": "http://127.0.0.1:3016/api/export/64a3b46f-0e06-42e1-af91-b98ccecbe47c",
              "status": 200,
              "method": "GET",
              "resourceType": "fetch",
              "project": "wf311613-final-micro-pass"
            },
            {
              "url": "http://127.0.0.1:3016/api/export/64a3b46f-0e06-42e1-af91-b98ccecbe47c",
              "status": 200,
              "method": "GET",
              "resourceType": "fetch",
              "project": "wf311613-final-micro-pass"
            },
            {
              "url": "http://127.0.0.1:3016/api/export/64a3b46f-0e06-42e1-af91-b98ccecbe47c",
              "status": 200,
              "method": "GET",
              "resourceType": "fetch",
              "project": "wf311613-final-micro-pass"
            },
            {
              "url": "http://127.0.0.1:3016/api/export/64a3b46f-0e06-42e1-af91-b98ccecbe47c",
              "status": 200,
              "method": "GET",
              "resourceType": "fetch",
              "project": "wf311613-final-micro-pass"
            },
            {
              "url": "http://127.0.0.1:3016/api/export/64a3b46f-0e06-42e1-af91-b98ccecbe47c",
              "status": 200,
              "method": "GET",
              "resourceType": "fetch",
              "project": "wf311613-final-micro-pass"
            },
            {
              "url": "http://127.0.0.1:3016/api/export/64a3b46f-0e06-42e1-af91-b98ccecbe47c",
              "status": 200,
              "method": "GET",
              "resourceType": "fetch",
              "project": "wf311613-final-micro-pass"
            },
            {
              "url": "http://127.0.0.1:3016/api/export/64a3b46f-0e06-42e1-af91-b98ccecbe47c",
              "status": 200,
              "method": "GET",
              "resourceType": "fetch",
              "project": "wf311613-final-micro-pass"
            },
            {
              "url": "http://127.0.0.1:3016/api/export/64a3b46f-0e06-42e1-af91-b98ccecbe47c",
              "status": 200,
              "method": "GET",
              "resourceType": "fetch",
              "project": "wf311613-final-micro-pass"
            },
            {
              "url": "http://127.0.0.1:3016/api/export/64a3b46f-0e06-42e1-af91-b98ccecbe47c",
              "status": 200,
              "method": "GET",
              "resourceType": "fetch",
              "project": "wf311613-final-micro-pass"
            },
            {
              "url": "http://127.0.0.1:3016/api/export/64a3b46f-0e06-42e1-af91-b98ccecbe47c",
              "status": 200,
              "method": "GET",
              "resourceType": "fetch",
              "project": "wf311613-final-micro-pass"
            },
            {
              "url": "http://127.0.0.1:3016/api/export/64a3b46f-0e06-42e1-af91-b98ccecbe47c",
              "status": 200,
              "method": "GET",
              "resourceType": "fetch",
              "project": "wf311613-final-micro-pass"
            },
            {
              "url": "http://127.0.0.1:3016/api/export/64a3b46f-0e06-42e1-af91-b98ccecbe47c",
              "status": 200,
              "method": "GET",
              "resourceType": "fetch",
              "project": "wf311613-final-micro-pass"
            },
            {
              "url": "http://127.0.0.1:3016/api/export/64a3b46f-0e06-42e1-af91-b98ccecbe47c",
              "status": 200,
              "method": "GET",
              "resourceType": "fetch",
              "project": "wf311613-final-micro-pass"
            },
            {
              "url": "http://127.0.0.1:3016/api/export/64a3b46f-0e06-42e1-af91-b98ccecbe47c",
              "status": 200,
              "method": "GET",
              "resourceType": "fetch",
              "project": "wf311613-final-micro-pass"
            },
            {
              "url": "http://127.0.0.1:3016/api/export/64a3b46f-0e06-42e1-af91-b98ccecbe47c",
              "status": 200,
              "method": "GET",
              "resourceType": "fetch",
              "project": "wf311613-final-micro-pass"
            },
            {
              "url": "http://127.0.0.1:3016/api/export/64a3b46f-0e06-42e1-af91-b98ccecbe47c",
              "status": 200,
              "method": "GET",
              "resourceType": "fetch",
              "project": "wf311613-final-micro-pass"
            },
            {
              "url": "http://127.0.0.1:3016/api/export/64a3b46f-0e06-42e1-af91-b98ccecbe47c",
              "status": 200,
              "method": "GET",
              "resourceType": "fetch",
              "project": "wf311613-final-micro-pass"
            },
            {
              "url": "http://127.0.0.1:3016/api/export/64a3b46f-0e06-42e1-af91-b98ccecbe47c",
              "status": 200,
              "method": "GET",
              "resourceType": "fetch",
              "project": "wf311613-final-micro-pass"
            },
            {
              "url": "http://127.0.0.1:3016/api/export/64a3b46f-0e06-42e1-af91-b98ccecbe47c",
              "status": 200,
              "method": "GET",
              "resourceType": "fetch",
              "project": "wf311613-final-micro-pass"
            },
            {
              "url": "http://127.0.0.1:3016/api/export/64a3b46f-0e06-42e1-af91-b98ccecbe47c",
              "status": 200,
              "method": "GET",
              "resourceType": "fetch",
              "project": "wf311613-final-micro-pass"
            },
            {
              "url": "http://127.0.0.1:3016/api/export/64a3b46f-0e06-42e1-af91-b98ccecbe47c",
              "status": 200,
              "method": "GET",
              "resourceType": "fetch",
              "project": "wf311613-final-micro-pass"
            },
            {
              "url": "http://127.0.0.1:3016/api/export/64a3b46f-0e06-42e1-af91-b98ccecbe47c",
              "status": 200,
              "method": "GET",
              "resourceType": "fetch",
              "project": "wf311613-final-micro-pass"
            },
            {
              "url": "http://127.0.0.1:3016/api/export/64a3b46f-0e06-42e1-af91-b98ccecbe47c",
              "status": 200,
              "method": "GET",
              "resourceType": "fetch",
              "project": "wf311613-final-micro-pass"
            },
            {
              "url": "http://127.0.0.1:3016/api/export/64a3b46f-0e06-42e1-af91-b98ccecbe47c",
              "status": 200,
              "method": "GET",
              "resourceType": "fetch",
              "project": "wf311613-final-micro-pass"
            },
            {
              "url": "http://127.0.0.1:3016/api/export/64a3b46f-0e06-42e1-af91-b98ccecbe47c",
              "status": 200,
              "method": "GET",
              "resourceType": "fetch",
              "project": "wf311613-final-micro-pass"
            },
            {
              "url": "http://127.0.0.1:3016/api/export/64a3b46f-0e06-42e1-af91-b98ccecbe47c",
              "status": 200,
              "method": "GET",
              "resourceType": "fetch",
              "project": "wf311613-final-micro-pass"
            },
            {
              "url": "http://127.0.0.1:3016/api/export/64a3b46f-0e06-42e1-af91-b98ccecbe47c",
              "status": 200,
              "method": "GET",
              "resourceType": "fetch",
              "project": "wf311613-final-micro-pass"
            },
            {
              "url": "http://127.0.0.1:3016/api/export/64a3b46f-0e06-42e1-af91-b98ccecbe47c",
              "status": 200,
              "method": "GET",
              "resourceType": "fetch",
              "project": "wf311613-final-micro-pass"
            },
            {
              "url": "http://127.0.0.1:3016/api/export/64a3b46f-0e06-42e1-af91-b98ccecbe47c",
              "status": 200,
              "method": "GET",
              "resourceType": "fetch",
              "project": "wf311613-final-micro-pass"
            },
            {
              "url": "http://127.0.0.1:3016/api/export/64a3b46f-0e06-42e1-af91-b98ccecbe47c",
              "status": 200,
              "method": "GET",
              "resourceType": "fetch",
              "project": "wf311613-final-micro-pass"
            },
            {
              "url": "http://127.0.0.1:3016/api/export/64a3b46f-0e06-42e1-af91-b98ccecbe47c",
              "status": 200,
              "method": "GET",
              "resourceType": "fetch",
              "project": "wf311613-final-micro-pass"
            },
            {
              "url": "http://127.0.0.1:3016/api/export/64a3b46f-0e06-42e1-af91-b98ccecbe47c",
              "status": 200,
              "method": "GET",
              "resourceType": "fetch",
              "project": "wf311613-final-micro-pass"
            },
            {
              "url": "http://127.0.0.1:3016/api/export/64a3b46f-0e06-42e1-af91-b98ccecbe47c",
              "status": 200,
              "method": "GET",
              "resourceType": "fetch",
              "project": "wf311613-final-micro-pass"
            },
            {
              "url": "http://127.0.0.1:3016/api/export/64a3b46f-0e06-42e1-af91-b98ccecbe47c",
              "status": 200,
              "method": "GET",
              "resourceType": "fetch",
              "project": "wf311613-final-micro-pass"
            },
            {
              "url": "http://127.0.0.1:3016/api/export/64a3b46f-0e06-42e1-af91-b98ccecbe47c",
              "status": 200,
              "method": "GET",
              "resourceType": "fetch",
              "project": "wf311613-final-micro-pass"
            },
            {
              "url": "http://127.0.0.1:3016/api/export/64a3b46f-0e06-42e1-af91-b98ccecbe47c",
              "status": 200,
              "method": "GET",
              "resourceType": "fetch",
              "project": "wf311613-final-micro-pass"
            },
            {
              "url": "http://127.0.0.1:3016/api/export/64a3b46f-0e06-42e1-af91-b98ccecbe47c",
              "status": 200,
              "method": "GET",
              "resourceType": "fetch",
              "project": "wf311613-final-micro-pass"
            },
            {
              "url": "http://127.0.0.1:3016/api/export/64a3b46f-0e06-42e1-af91-b98ccecbe47c",
              "status": 200,
              "method": "GET",
              "resourceType": "fetch",
              "project": "wf311613-final-micro-pass"
            },
            {
              "url": "http://127.0.0.1:3016/api/export/64a3b46f-0e06-42e1-af91-b98ccecbe47c",
              "status": 200,
              "method": "GET",
              "resourceType": "fetch",
              "project": "wf311613-final-micro-pass"
            },
            {
              "url": "http://127.0.0.1:3016/api/export/64a3b46f-0e06-42e1-af91-b98ccecbe47c",
              "status": 200,
              "method": "GET",
              "resourceType": "fetch",
              "project": "wf311613-final-micro-pass"
            },
            {
              "url": "http://127.0.0.1:3016/api/export/64a3b46f-0e06-42e1-af91-b98ccecbe47c",
              "status": 200,
              "method": "GET",
              "resourceType": "fetch",
              "project": "wf311613-final-micro-pass"
            },
            {
              "url": "http://127.0.0.1:3016/api/export/64a3b46f-0e06-42e1-af91-b98ccecbe47c",
              "status": 200,
              "method": "GET",
              "resourceType": "fetch",
              "project": "wf311613-final-micro-pass"
            },
            {
              "url": "http://127.0.0.1:3016/api/export/64a3b46f-0e06-42e1-af91-b98ccecbe47c",
              "status": 200,
              "method": "GET",
              "resourceType": "fetch",
              "project": "wf311613-final-micro-pass"
            },
            {
              "url": "http://127.0.0.1:3016/api/export/64a3b46f-0e06-42e1-af91-b98ccecbe47c",
              "status": 200,
              "method": "GET",
              "resourceType": "fetch",
              "project": "wf311613-final-micro-pass"
            },
            {
              "url": "http://127.0.0.1:3016/api/export/64a3b46f-0e06-42e1-af91-b98ccecbe47c",
              "status": 200,
              "method": "GET",
              "resourceType": "fetch",
              "project": "wf311613-final-micro-pass"
            },
            {
              "url": "http://127.0.0.1:3016/api/export/64a3b46f-0e06-42e1-af91-b98ccecbe47c",
              "status": 200,
              "method": "GET",
              "resourceType": "fetch",
              "project": "wf311613-final-micro-pass"
            },
            {
              "url": "http://127.0.0.1:3016/api/export/64a3b46f-0e06-42e1-af91-b98ccecbe47c",
              "status": 200,
              "method": "GET",
              "resourceType": "fetch",
              "project": "wf311613-final-micro-pass"
            },
            {
              "url": "http://127.0.0.1:3016/api/export/64a3b46f-0e06-42e1-af91-b98ccecbe47c",
              "status": 200,
              "method": "GET",
              "resourceType": "fetch",
              "project": "wf311613-final-micro-pass"
            },
            {
              "url": "http://127.0.0.1:3016/api/export/64a3b46f-0e06-42e1-af91-b98ccecbe47c",
              "status": 200,
              "method": "GET",
              "resourceType": "fetch",
              "project": "wf311613-final-micro-pass"
            },
            {
              "url": "http://127.0.0.1:3016/api/export/64a3b46f-0e06-42e1-af91-b98ccecbe47c",
              "status": 200,
              "method": "GET",
              "resourceType": "fetch",
              "project": "wf311613-final-micro-pass"
            },
            {
              "url": "http://127.0.0.1:3016/api/export/64a3b46f-0e06-42e1-af91-b98ccecbe47c",
              "status": 200,
              "method": "GET",
              "resourceType": "fetch",
              "project": "wf311613-final-micro-pass"
            },
            {
              "url": "http://127.0.0.1:3016/api/export/64a3b46f-0e06-42e1-af91-b98ccecbe47c",
              "status": 200,
              "method": "GET",
              "resourceType": "fetch",
              "project": "wf311613-final-micro-pass"
            },
            {
              "url": "http://127.0.0.1:3016/api/export/64a3b46f-0e06-42e1-af91-b98ccecbe47c",
              "status": 200,
              "method": "GET",
              "resourceType": "fetch",
              "project": "wf311613-final-micro-pass"
            },
            {
              "url": "http://127.0.0.1:3016/api/export/64a3b46f-0e06-42e1-af91-b98ccecbe47c",
              "status": 200,
              "method": "GET",
              "resourceType": "fetch",
              "project": "wf311613-final-micro-pass"
            },
            {
              "url": "http://127.0.0.1:3016/api/export/64a3b46f-0e06-42e1-af91-b98ccecbe47c",
              "status": 200,
              "method": "GET",
              "resourceType": "fetch",
              "project": "wf311613-final-micro-pass"
            },
            {
              "url": "http://127.0.0.1:3016/api/export/64a3b46f-0e06-42e1-af91-b98ccecbe47c",
              "status": 200,
              "method": "GET",
              "resourceType": "fetch",
              "project": "wf311613-final-micro-pass"
            },
            {
              "url": "http://127.0.0.1:3016/api/export/64a3b46f-0e06-42e1-af91-b98ccecbe47c",
              "status": 200,
              "method": "GET",
              "resourceType": "fetch",
              "project": "wf311613-final-micro-pass"
            },
            {
              "url": "http://127.0.0.1:3016/api/export/64a3b46f-0e06-42e1-af91-b98ccecbe47c",
              "status": 200,
              "method": "GET",
              "resourceType": "fetch",
              "project": "wf311613-final-micro-pass"
            },
            {
              "url": "http://127.0.0.1:3016/api/export/64a3b46f-0e06-42e1-af91-b98ccecbe47c",
              "status": 200,
              "method": "GET",
              "resourceType": "fetch",
              "project": "wf311613-final-micro-pass"
            },
            {
              "url": "http://127.0.0.1:3016/api/export/64a3b46f-0e06-42e1-af91-b98ccecbe47c",
              "status": 200,
              "method": "GET",
              "resourceType": "fetch",
              "project": "wf311613-final-micro-pass"
            },
            {
              "url": "http://127.0.0.1:3016/api/export/64a3b46f-0e06-42e1-af91-b98ccecbe47c",
              "status": 200,
              "method": "GET",
              "resourceType": "fetch",
              "project": "wf311613-final-micro-pass"
            },
            {
              "url": "http://127.0.0.1:3016/api/export/64a3b46f-0e06-42e1-af91-b98ccecbe47c",
              "status": 200,
              "method": "GET",
              "resourceType": "fetch",
              "project": "wf311613-final-micro-pass"
            },
            {
              "url": "http://127.0.0.1:3016/api/export/64a3b46f-0e06-42e1-af91-b98ccecbe47c",
              "status": 200,
              "method": "GET",
              "resourceType": "fetch",
              "project": "wf311613-final-micro-pass"
            },
            {
              "url": "http://127.0.0.1:3016/api/export/64a3b46f-0e06-42e1-af91-b98ccecbe47c",
              "status": 200,
              "method": "GET",
              "resourceType": "fetch",
              "project": "wf311613-final-micro-pass"
            },
            {
              "url": "http://127.0.0.1:3016/api/export/64a3b46f-0e06-42e1-af91-b98ccecbe47c",
              "status": 200,
              "method": "GET",
              "resourceType": "fetch",
              "project": "wf311613-final-micro-pass"
            },
            {
              "url": "http://127.0.0.1:3016/api/export/64a3b46f-0e06-42e1-af91-b98ccecbe47c",
              "status": 200,
              "method": "GET",
              "resourceType": "fetch",
              "project": "wf311613-final-micro-pass"
            },
            {
              "url": "http://127.0.0.1:3016/api/export/64a3b46f-0e06-42e1-af91-b98ccecbe47c",
              "status": 200,
              "method": "GET",
              "resourceType": "fetch",
              "project": "wf311613-final-micro-pass"
            },
            {
              "url": "http://127.0.0.1:3016/api/export/64a3b46f-0e06-42e1-af91-b98ccecbe47c",
              "status": 200,
              "method": "GET",
              "resourceType": "fetch",
              "project": "wf311613-final-micro-pass"
            },
            {
              "url": "http://127.0.0.1:3016/api/export/64a3b46f-0e06-42e1-af91-b98ccecbe47c",
              "status": 200,
              "method": "GET",
              "resourceType": "fetch",
              "project": "wf311613-final-micro-pass"
            },
            {
              "url": "http://127.0.0.1:3016/api/export/64a3b46f-0e06-42e1-af91-b98ccecbe47c",
              "status": 200,
              "method": "GET",
              "resourceType": "fetch",
              "project": "wf311613-final-micro-pass"
            },
            {
              "url": "http://127.0.0.1:3016/api/export/64a3b46f-0e06-42e1-af91-b98ccecbe47c",
              "status": 200,
              "method": "GET",
              "resourceType": "fetch",
              "project": "wf311613-final-micro-pass"
            },
            {
              "url": "http://127.0.0.1:3016/api/export/64a3b46f-0e06-42e1-af91-b98ccecbe47c",
              "status": 200,
              "method": "GET",
              "resourceType": "fetch",
              "project": "wf311613-final-micro-pass"
            },
            {
              "url": "http://127.0.0.1:3016/api/export/64a3b46f-0e06-42e1-af91-b98ccecbe47c",
              "status": 200,
              "method": "GET",
              "resourceType": "fetch",
              "project": "wf311613-final-micro-pass"
            },
            {
              "url": "http://127.0.0.1:3016/api/export/64a3b46f-0e06-42e1-af91-b98ccecbe47c",
              "status": 200,
              "method": "GET",
              "resourceType": "fetch",
              "project": "wf311613-final-micro-pass"
            },
            {
              "url": "http://127.0.0.1:3016/api/export/64a3b46f-0e06-42e1-af91-b98ccecbe47c",
              "status": 200,
              "method": "GET",
              "resourceType": "fetch",
              "project": "wf311613-final-micro-pass"
            },
            {
              "url": "http://127.0.0.1:3016/api/export/64a3b46f-0e06-42e1-af91-b98ccecbe47c",
              "status": 200,
              "method": "GET",
              "resourceType": "fetch",
              "project": "wf311613-final-micro-pass"
            },
            {
              "url": "http://127.0.0.1:3016/api/export/64a3b46f-0e06-42e1-af91-b98ccecbe47c",
              "status": 200,
              "method": "GET",
              "resourceType": "fetch",
              "project": "wf311613-final-micro-pass"
            },
            {
              "url": "http://127.0.0.1:3016/api/export/64a3b46f-0e06-42e1-af91-b98ccecbe47c",
              "status": 200,
              "method": "GET",
              "resourceType": "fetch",
              "project": "wf311613-final-micro-pass"
            },
            {
              "url": "http://127.0.0.1:3016/api/export/64a3b46f-0e06-42e1-af91-b98ccecbe47c",
              "status": 200,
              "method": "GET",
              "resourceType": "fetch",
              "project": "wf311613-final-micro-pass"
            },
            {
              "url": "http://127.0.0.1:3016/api/export/64a3b46f-0e06-42e1-af91-b98ccecbe47c",
              "status": 200,
              "method": "GET",
              "resourceType": "fetch",
              "project": "wf311613-final-micro-pass"
            },
            {
              "url": "http://127.0.0.1:3016/api/export/64a3b46f-0e06-42e1-af91-b98ccecbe47c",
              "status": 200,
              "method": "GET",
              "resourceType": "fetch",
              "project": "wf311613-final-micro-pass"
            },
            {
              "url": "http://127.0.0.1:3016/api/export/64a3b46f-0e06-42e1-af91-b98ccecbe47c",
              "status": 200,
              "method": "GET",
              "resourceType": "fetch",
              "project": "wf311613-final-micro-pass"
            },
            {
              "url": "http://127.0.0.1:3016/api/export/64a3b46f-0e06-42e1-af91-b98ccecbe47c",
              "status": 200,
              "method": "GET",
              "resourceType": "fetch",
              "project": "wf311613-final-micro-pass"
            },
            {
              "url": "http://127.0.0.1:3016/api/export/64a3b46f-0e06-42e1-af91-b98ccecbe47c",
              "status": 200,
              "method": "GET",
              "resourceType": "fetch",
              "project": "wf311613-final-micro-pass"
            },
            {
              "url": "http://127.0.0.1:3016/api/export/64a3b46f-0e06-42e1-af91-b98ccecbe47c",
              "status": 200,
              "method": "GET",
              "resourceType": "fetch",
              "project": "wf311613-final-micro-pass"
            },
            {
              "url": "http://127.0.0.1:3016/api/export/64a3b46f-0e06-42e1-af91-b98ccecbe47c",
              "status": 200,
              "method": "GET",
              "resourceType": "fetch",
              "project": "wf311613-final-micro-pass"
            },
            {
              "url": "http://127.0.0.1:3016/api/export/64a3b46f-0e06-42e1-af91-b98ccecbe47c",
              "status": 200,
              "method": "GET",
              "resourceType": "fetch",
              "project": "wf311613-final-micro-pass"
            },
            {
              "url": "http://127.0.0.1:3016/api/export/64a3b46f-0e06-42e1-af91-b98ccecbe47c",
              "status": 200,
              "method": "GET",
              "resourceType": "fetch",
              "project": "wf311613-final-micro-pass"
            },
            {
              "url": "http://127.0.0.1:3016/api/export/64a3b46f-0e06-42e1-af91-b98ccecbe47c",
              "status": 200,
              "method": "GET",
              "resourceType": "fetch",
              "project": "wf311613-final-micro-pass"
            },
            {
              "url": "http://127.0.0.1:3016/api/export/64a3b46f-0e06-42e1-af91-b98ccecbe47c",
              "status": 200,
              "method": "GET",
              "resourceType": "fetch",
              "project": "wf311613-final-micro-pass"
            },
            {
              "url": "http://127.0.0.1:3016/api/export/64a3b46f-0e06-42e1-af91-b98ccecbe47c",
              "status": 200,
              "method": "GET",
              "resourceType": "fetch",
              "project": "wf311613-final-micro-pass"
            },
            {
              "url": "http://127.0.0.1:3016/api/export/64a3b46f-0e06-42e1-af91-b98ccecbe47c",
              "status": 200,
              "method": "GET",
              "resourceType": "fetch",
              "project": "wf311613-final-micro-pass"
            },
            {
              "url": "http://127.0.0.1:3016/api/export/64a3b46f-0e06-42e1-af91-b98ccecbe47c",
              "status": 200,
              "method": "GET",
              "resourceType": "fetch",
              "project": "wf311613-final-micro-pass"
            },
            {
              "url": "http://127.0.0.1:3016/api/export/64a3b46f-0e06-42e1-af91-b98ccecbe47c",
              "status": 200,
              "method": "GET",
              "resourceType": "fetch",
              "project": "wf311613-final-micro-pass"
            },
            {
              "url": "http://127.0.0.1:3016/api/export/64a3b46f-0e06-42e1-af91-b98ccecbe47c",
              "status": 200,
              "method": "GET",
              "resourceType": "fetch",
              "project": "wf311613-final-micro-pass"
            },
            {
              "url": "http://127.0.0.1:3016/api/export/64a3b46f-0e06-42e1-af91-b98ccecbe47c",
              "status": 200,
              "method": "GET",
              "resourceType": "fetch",
              "project": "wf311613-final-micro-pass"
            },
            {
              "url": "http://127.0.0.1:3016/api/export/64a3b46f-0e06-42e1-af91-b98ccecbe47c",
              "status": 200,
              "method": "GET",
              "resourceType": "fetch",
              "project": "wf311613-final-micro-pass"
            },
            {
              "url": "http://127.0.0.1:3016/api/export/64a3b46f-0e06-42e1-af91-b98ccecbe47c",
              "status": 200,
              "method": "GET",
              "resourceType": "fetch",
              "project": "wf311613-final-micro-pass"
            },
            {
              "url": "http://127.0.0.1:3016/api/export/64a3b46f-0e06-42e1-af91-b98ccecbe47c",
              "status": 200,
              "method": "GET",
              "resourceType": "fetch",
              "project": "wf311613-final-micro-pass"
            },
            {
              "url": "http://127.0.0.1:3016/api/export/64a3b46f-0e06-42e1-af91-b98ccecbe47c",
              "status": 200,
              "method": "GET",
              "resourceType": "fetch",
              "project": "wf311613-final-micro-pass"
            },
            {
              "url": "http://127.0.0.1:3016/api/export/64a3b46f-0e06-42e1-af91-b98ccecbe47c",
              "status": 200,
              "method": "GET",
              "resourceType": "fetch",
              "project": "wf311613-final-micro-pass"
            },
            {
              "url": "http://127.0.0.1:3016/api/export/64a3b46f-0e06-42e1-af91-b98ccecbe47c",
              "status": 200,
              "method": "GET",
              "resourceType": "fetch",
              "project": "wf311613-final-micro-pass"
            },
            {
              "url": "http://127.0.0.1:3016/api/export/64a3b46f-0e06-42e1-af91-b98ccecbe47c",
              "status": 200,
              "method": "GET",
              "resourceType": "fetch",
              "project": "wf311613-final-micro-pass"
            },
            {
              "url": "http://127.0.0.1:3016/api/export/64a3b46f-0e06-42e1-af91-b98ccecbe47c",
              "status": 200,
              "method": "GET",
              "resourceType": "fetch",
              "project": "wf311613-final-micro-pass"
            },
            {
              "url": "http://127.0.0.1:3016/api/export/64a3b46f-0e06-42e1-af91-b98ccecbe47c",
              "status": 200,
              "method": "GET",
              "resourceType": "fetch",
              "project": "wf311613-final-micro-pass"
            },
            {
              "url": "http://127.0.0.1:3016/api/export/64a3b46f-0e06-42e1-af91-b98ccecbe47c",
              "status": 200,
              "method": "GET",
              "resourceType": "fetch",
              "project": "wf311613-final-micro-pass"
            },
            {
              "url": "http://127.0.0.1:3016/api/export/64a3b46f-0e06-42e1-af91-b98ccecbe47c",
              "status": 200,
              "method": "GET",
              "resourceType": "fetch",
              "project": "wf311613-final-micro-pass"
            },
            {
              "url": "http://127.0.0.1:3016/api/export/64a3b46f-0e06-42e1-af91-b98ccecbe47c",
              "status": 200,
              "method": "GET",
              "resourceType": "fetch",
              "project": "wf311613-final-micro-pass"
            },
            {
              "url": "http://127.0.0.1:3016/api/export/64a3b46f-0e06-42e1-af91-b98ccecbe47c",
              "status": 200,
              "method": "GET",
              "resourceType": "fetch",
              "project": "wf311613-final-micro-pass"
            },
            {
              "url": "http://127.0.0.1:3016/api/export/64a3b46f-0e06-42e1-af91-b98ccecbe47c",
              "status": 200,
              "method": "GET",
              "resourceType": "fetch",
              "project": "wf311613-final-micro-pass"
            },
            {
              "url": "http://127.0.0.1:3016/api/export/64a3b46f-0e06-42e1-af91-b98ccecbe47c",
              "status": 200,
              "method": "GET",
              "resourceType": "fetch",
              "project": "wf311613-final-micro-pass"
            },
            {
              "url": "http://127.0.0.1:3016/api/export/64a3b46f-0e06-42e1-af91-b98ccecbe47c",
              "status": 200,
              "method": "GET",
              "resourceType": "fetch",
              "project": "wf311613-final-micro-pass"
            },
            {
              "url": "http://127.0.0.1:3016/api/export/64a3b46f-0e06-42e1-af91-b98ccecbe47c",
              "status": 200,
              "method": "GET",
              "resourceType": "fetch",
              "project": "wf311613-final-micro-pass"
            },
            {
              "url": "http://127.0.0.1:3016/api/export/64a3b46f-0e06-42e1-af91-b98ccecbe47c",
              "status": 200,
              "method": "GET",
              "resourceType": "fetch",
              "project": "wf311613-final-micro-pass"
            },
            {
              "url": "http://127.0.0.1:3016/api/export/64a3b46f-0e06-42e1-af91-b98ccecbe47c",
              "status": 200,
              "method": "GET",
              "resourceType": "fetch",
              "project": "wf311613-final-micro-pass"
            },
            {
              "url": "http://127.0.0.1:3016/api/export/64a3b46f-0e06-42e1-af91-b98ccecbe47c",
              "status": 200,
              "method": "GET",
              "resourceType": "fetch",
              "project": "wf311613-final-micro-pass"
            },
            {
              "url": "http://127.0.0.1:3016/api/export/64a3b46f-0e06-42e1-af91-b98ccecbe47c",
              "status": 200,
              "method": "GET",
              "resourceType": "fetch",
              "project": "wf311613-final-micro-pass"
            },
            {
              "url": "http://127.0.0.1:3016/api/export/64a3b46f-0e06-42e1-af91-b98ccecbe47c",
              "status": 200,
              "method": "GET",
              "resourceType": "fetch",
              "project": "wf311613-final-micro-pass"
            },
            {
              "url": "http://127.0.0.1:3016/api/export/64a3b46f-0e06-42e1-af91-b98ccecbe47c",
              "status": 200,
              "method": "GET",
              "resourceType": "fetch",
              "project": "wf311613-final-micro-pass"
            },
            {
              "url": "http://127.0.0.1:3016/api/export/64a3b46f-0e06-42e1-af91-b98ccecbe47c",
              "status": 200,
              "method": "GET",
              "resourceType": "fetch",
              "project": "wf311613-final-micro-pass"
            },
            {
              "url": "http://127.0.0.1:3016/api/export/64a3b46f-0e06-42e1-af91-b98ccecbe47c",
              "status": 200,
              "method": "GET",
              "resourceType": "fetch",
              "project": "wf311613-final-micro-pass"
            },
            {
              "url": "http://127.0.0.1:3016/api/export/64a3b46f-0e06-42e1-af91-b98ccecbe47c",
              "status": 200,
              "method": "GET",
              "resourceType": "fetch",
              "project": "wf311613-final-micro-pass"
            },
            {
              "url": "http://127.0.0.1:3016/api/export/64a3b46f-0e06-42e1-af91-b98ccecbe47c",
              "status": 200,
              "method": "GET",
              "resourceType": "fetch",
              "project": "wf311613-final-micro-pass"
            },
            {
              "url": "http://127.0.0.1:3016/api/export/64a3b46f-0e06-42e1-af91-b98ccecbe47c",
              "status": 200,
              "method": "GET",
              "resourceType": "fetch",
              "project": "wf311613-final-micro-pass"
            },
            {
              "url": "http://127.0.0.1:3016/api/export/64a3b46f-0e06-42e1-af91-b98ccecbe47c",
              "status": 200,
              "method": "GET",
              "resourceType": "fetch",
              "project": "wf311613-final-micro-pass"
            },
            {
              "url": "http://127.0.0.1:3016/api/export/64a3b46f-0e06-42e1-af91-b98ccecbe47c",
              "status": 200,
              "method": "GET",
              "resourceType": "fetch",
              "project": "wf311613-final-micro-pass"
            },
            {
              "url": "http://127.0.0.1:3016/api/export/64a3b46f-0e06-42e1-af91-b98ccecbe47c",
              "status": 200,
              "method": "GET",
              "resourceType": "fetch",
              "project": "wf311613-final-micro-pass"
            },
            {
              "url": "http://127.0.0.1:3016/api/export/64a3b46f-0e06-42e1-af91-b98ccecbe47c",
              "status": 200,
              "method": "GET",
              "resourceType": "fetch",
              "project": "wf311613-final-micro-pass"
            },
            {
              "url": "http://127.0.0.1:3016/api/export/64a3b46f-0e06-42e1-af91-b98ccecbe47c",
              "status": 200,
              "method": "GET",
              "resourceType": "fetch",
              "project": "wf311613-final-micro-pass"
            },
            {
              "url": "http://127.0.0.1:3016/api/export/64a3b46f-0e06-42e1-af91-b98ccecbe47c",
              "status": 200,
              "method": "GET",
              "resourceType": "fetch",
              "project": "wf311613-final-micro-pass"
            },
            {
              "url": "http://127.0.0.1:3016/api/export/64a3b46f-0e06-42e1-af91-b98ccecbe47c",
              "status": 200,
              "method": "GET",
              "resourceType": "fetch",
              "project": "wf311613-final-micro-pass"
            },
            {
              "url": "http://127.0.0.1:3016/api/export/64a3b46f-0e06-42e1-af91-b98ccecbe47c",
              "status": 200,
              "method": "GET",
              "resourceType": "fetch",
              "project": "wf311613-final-micro-pass"
            },
            {
              "url": "http://127.0.0.1:3016/api/export/64a3b46f-0e06-42e1-af91-b98ccecbe47c",
              "status": 200,
              "method": "GET",
              "resourceType": "fetch",
              "project": "wf311613-final-micro-pass"
            },
            {
              "url": "http://127.0.0.1:3016/api/export/64a3b46f-0e06-42e1-af91-b98ccecbe47c",
              "status": 200,
              "method": "GET",
              "resourceType": "fetch",
              "project": "wf311613-final-micro-pass"
            },
            {
              "url": "http://127.0.0.1:3016/api/export/64a3b46f-0e06-42e1-af91-b98ccecbe47c",
              "status": 200,
              "method": "GET",
              "resourceType": "fetch",
              "project": "wf311613-final-micro-pass"
            },
            {
              "url": "http://127.0.0.1:3016/api/export/64a3b46f-0e06-42e1-af91-b98ccecbe47c",
              "status": 200,
              "method": "GET",
              "resourceType": "fetch",
              "project": "wf311613-final-micro-pass"
            },
            {
              "url": "http://127.0.0.1:3016/api/export/64a3b46f-0e06-42e1-af91-b98ccecbe47c",
              "status": 200,
              "method": "GET",
              "resourceType": "fetch",
              "project": "wf311613-final-micro-pass"
            },
            {
              "url": "http://127.0.0.1:3016/api/export/64a3b46f-0e06-42e1-af91-b98ccecbe47c",
              "status": 200,
              "method": "GET",
              "resourceType": "fetch",
              "project": "wf311613-final-micro-pass"
            },
            {
              "url": "http://127.0.0.1:3016/api/export/64a3b46f-0e06-42e1-af91-b98ccecbe47c",
              "status": 200,
              "method": "GET",
              "resourceType": "fetch",
              "project": "wf311613-final-micro-pass"
            },
            {
              "url": "http://127.0.0.1:3016/api/export/64a3b46f-0e06-42e1-af91-b98ccecbe47c",
              "status": 200,
              "method": "GET",
              "resourceType": "fetch",
              "project": "wf311613-final-micro-pass"
            },
            {
              "url": "http://127.0.0.1:3016/api/export/64a3b46f-0e06-42e1-af91-b98ccecbe47c",
              "status": 200,
              "method": "GET",
              "resourceType": "fetch",
              "project": "wf311613-final-micro-pass"
            },
            {
              "url": "http://127.0.0.1:3016/api/export/64a3b46f-0e06-42e1-af91-b98ccecbe47c",
              "status": 200,
              "method": "GET",
              "resourceType": "fetch",
              "project": "wf311613-final-micro-pass"
            },
            {
              "url": "http://127.0.0.1:3016/api/export/64a3b46f-0e06-42e1-af91-b98ccecbe47c/download",
              "status": 200,
              "method": "GET",
              "resourceType": "document",
              "project": "wf311613-final-micro-pass"
            },
            {
              "url": "http://127.0.0.1:3016/favicon.ico",
              "status": 404,
              "method": "GET",
              "resourceType": "explicit-diagnostic-HTTP-probe",
              "project": "wf311613-final-micro-pass",
              "source": "Read-only Playwright API GET of exact console.location URL absent from page.response",
              "headers": {
                "cache-control": "private, no-cache, no-store, max-age=0, must-revalidate",
                "vary": "rsc, next-router-state-tree, next-router-prefetch, next-router-segment-prefetch, Accept-Encoding",
                "x-nextjs-cache": "HIT",
                "x-nextjs-prerender": "1, 1",
                "x-nextjs-stale-time": "300",
                "x-powered-by": "Next.js",
                "etag": "\"34uvh5nzit4ky\"",
                "content-type": "text/html; charset=utf-8",
                "content-encoding": "gzip",
                "date": "Sun, 04 Oct 2026 09:00:26 GMT",
                "connection": "keep-alive",
                "keep-alive": "timeout=5",
                "transfer-encoding": "chunked"
              },
              "bodyBytes": 5938,
              "consoleLocation": {
                "url": "http://127.0.0.1:3016/favicon.ico",
                "line": 0,
                "column": 0,
                "lineNumber": 0,
                "columnNumber": 0
              },
              "confirmedAt": "2026-10-04T09:00:26.102Z"
            }
          ],
          "requestFailures": [
            {
              "url": "http://127.0.0.1:3016/api/export/64a3b46f-0e06-42e1-af91-b98ccecbe47c/download",
              "method": "GET",
              "failure": {
                "errorText": "net::ERR_ABORTED"
              },
              "resourceType": "document",
              "project": "wf311613-final-micro-pass"
            }
          ],
          "optionalFavicon404": [
            {
              "url": "http://127.0.0.1:3016/favicon.ico",
              "status": 404,
              "method": "GET",
              "resourceType": "explicit-diagnostic-HTTP-probe",
              "project": "wf311613-final-micro-pass",
              "source": "Read-only Playwright API GET of exact console.location URL absent from page.response",
              "headers": {
                "cache-control": "private, no-cache, no-store, max-age=0, must-revalidate",
                "vary": "rsc, next-router-state-tree, next-router-prefetch, next-router-segment-prefetch, Accept-Encoding",
                "x-nextjs-cache": "HIT",
                "x-nextjs-prerender": "1, 1",
                "x-nextjs-stale-time": "300",
                "x-powered-by": "Next.js",
                "etag": "\"34uvh5nzit4ky\"",
                "content-type": "text/html; charset=utf-8",
                "content-encoding": "gzip",
                "date": "Sun, 04 Oct 2026 09:00:26 GMT",
                "connection": "keep-alive",
                "keep-alive": "timeout=5",
                "transfer-encoding": "chunked"
              },
              "bodyBytes": 5938,
              "consoleLocation": {
                "url": "http://127.0.0.1:3016/favicon.ico",
                "line": 0,
                "column": 0,
                "lineNumber": 0,
                "columnNumber": 0
              },
              "confirmedAt": "2026-10-04T09:00:26.102Z"
            }
          ],
          "unexplainedHttpFailures": [],
          "knownNoncriticalConsole": [],
          "fatalConsoleErrors": [
            {
              "type": "error",
              "text": "Failed to load resource: the server responded with a status of 404 (Not Found)",
              "location": {
                "url": "http://127.0.0.1:3016/favicon.ico",
                "line": 0,
                "column": 0,
                "lineNumber": 0,
                "columnNumber": 0
              },
              "project": "wf311613-final-micro-pass",
              "at": "2026-10-04T08:52:58.258Z"
            }
          ]
        }
      }
    },
    {
      "severity": "P2",
      "summary": "Observed optional favicon.ico GET404 only.",
      "evidence": [
        {
          "url": "http://127.0.0.1:3016/favicon.ico",
          "status": 404,
          "method": "GET",
          "resourceType": "explicit-diagnostic-HTTP-probe",
          "project": "wf311613-final-micro-pass",
          "source": "Read-only Playwright API GET of exact console.location URL absent from page.response",
          "headers": {
            "cache-control": "private, no-cache, no-store, max-age=0, must-revalidate",
            "vary": "rsc, next-router-state-tree, next-router-prefetch, next-router-segment-prefetch, Accept-Encoding",
            "x-nextjs-cache": "HIT",
            "x-nextjs-prerender": "1, 1",
            "x-nextjs-stale-time": "300",
            "x-powered-by": "Next.js",
            "etag": "\"34uvh5nzit4ky\"",
            "content-type": "text/html; charset=utf-8",
            "content-encoding": "gzip",
            "date": "Sun, 04 Oct 2026 09:00:26 GMT",
            "connection": "keep-alive",
            "keep-alive": "timeout=5",
            "transfer-encoding": "chunked"
          },
          "bodyBytes": 5938,
          "consoleLocation": {
            "url": "http://127.0.0.1:3016/favicon.ico",
            "line": 0,
            "column": 0,
            "lineNumber": 0,
            "columnNumber": 0
          },
          "confirmedAt": "2026-10-04T09:00:26.102Z"
        }
      ]
    }
  ],
  "download": {
    "path": "/Users/quyth/development/three/POC/output/wf311613-standalone-murphy-bed/final/final-review-web-qa-01/web-qa/after-headed-02/wf311613-final-micro-pass-review-720p.mp4",
    "size": 168063,
    "sha256": "66456007bd649dd9dbfc93502a1ce7cc918b08f03e3a2ea88c8eba284e94b4da"
  }
}
