Input #0, mov,mp4,m4a,3gp,3g2,mj2, from '/Users/quyth/development/three/POC/output/wf311613-standalone-murphy-bed/final/audio-pass01/WF311613-audio-pass01-720p.mp4':
  Metadata:
    major_brand     : isom
    minor_version   : 512
    compatible_brands: isomiso2avc1mp41
    encoder         : Lavf62.12.102
  Duration: 00:08:44.07, start: 0.000000, bitrate: 487 kb/s
  Stream #0:0[0x1](und): Video: h264 (High) (avc1 / 0x31637661), yuv420p(progressive), 1280x720, 459 kb/s, 30 fps, 30 tbr, 15360 tbn (default)
    Metadata:
      handler_name    : VideoHandler
      encoder         : Lavc62.28.102 libx264
  Stream #0:1[0x2](und): Audio: aac (LC) (mp4a / 0x6134706D), 48000 Hz, stereo, fltp, 19 kb/s (default)
    Metadata:
      handler_name    : SoundHandler
Stream mapping:
  Stream #0:1 -> #0:0 (aac (native) -> pcm_s16le (native))
Press [q] to stop, [?] for help
[Parsed_ebur128_0 @ 0x148e05970] t: 0.0999792  TARGET:-23 LUFS    M:-120.7 S:-120.7     I: -70.0 LUFS       LRA:   0.0 LU  FTPK:  -inf  -inf dBFS  TPK:  -inf  -inf dBFS
Output #0, null, to 'pipe:':
  Metadata:
    major_brand     : isom
    minor_version   : 512
    compatible_brands: isomiso2avc1mp41
    encoder         : Lavf62.12.102
  Stream #0:0(und): Audio: pcm_s16le, 48000 Hz, stereo, s16, 1536 kb/s (default)
    Metadata:
      encoder         : Lavc62.28.102 pcm_s16le
      handler_name    : SoundHandler
[Parsed_ebur128_0 @ 0x148e05970] t: 0.199979   TARGET:-23 LUFS    M:-120.7 S:-120.7     I: -70.0 LUFS       LRA:   0.0 LU  FTPK:  -inf  -inf dBFS  TPK:  -inf  -inf dBFS
[Parsed_ebur128_0 @ 0x148e05970] t: 0.299979   TARGET:-23 LUFS    M:-120.7 S:-120.7     I: -70.0 LUFS       LRA:   0.0 LU  FTPK:  -inf  -inf dBFS  TPK:  -inf  -inf dBFS
[Parsed_ebur128_0 @ 0x148e05970] t: 0.399979   TARGET:-23 LUFS    M:-163.5 S:-120.7     I: -70.0 LUFS       LRA:   0.0 LU  FTPK:  -inf  -inf dBFS  TPK:  -inf  -inf dBFS
[Parsed_ebur128_0 @ 0x148e05970] t: 0.499979   TARGET:-23 LUFS    M:-163.5 S:-120.7     I: -70.0 LUFS       LRA:   0.0 LU  FTPK:  -inf  -inf dBFS  TPK:  -inf  -inf dBFS
[Parsed_ebur128_0 @ 0x148e05970] t: 0.599979   TARGET:-23 LUFS    M:-163.5 S:-120.7     I: -70.0 LUFS       LRA:   0.0 LU  FTPK:  -inf  -inf dBFS  TPK:  -inf  -inf dBFS
[Parsed_ebur128_0 @ 0x148e05970] t: 0.699979   TARGET:-23 LUFS    M:-163.5 S:-120.7     I: -70.0 LUFS       LRA:   0.0 LU  FTPK:  -inf  -inf dBFS  TPK:  -inf  -inf dBFS
[Parsed_ebur128_0 @ 0x148e05970] t: 0.799979   TARGET:-23 LUFS    M:-163.5 S:-120.7     I: -70.0 LUFS       LRA:   0.0 LU  FTPK:  -inf  -inf dBFS  TPK:  -inf  -inf dBFS
[Parsed_ebur128_0 @ 0x148e05970] t: 0.899979   TARGET:-23 LUFS    M:-163.5 S:-120.7     I: -70.0 LUFS       LRA:   0.0 LU  FTPK:  -inf  -inf dBFS  TPK:  -inf  -inf dBFS
[Parsed_ebur128_0 @ 0x148e05970] t: 0.999979   TARGET:-23 LUFS    M:-163.5 S:-120.7     I: -70.0 LUFS       LRA:   0.0 LU  FTPK:  -inf  -inf dBFS  TPK:  -inf  -inf dBFS
[Parsed_ebur128_0 @ 0x148e05970] t: 1.099979   TARGET:-23 LUFS    M:-163.5 S:-120.7     I: -70.0 LUFS       LRA:   0.0 LU  FTPK:  -inf  -inf dBFS  TPK:  -inf  -inf dBFS
[Parsed_ebur128_0 @ 0x148e05970] t: 1.199979   TARGET:-23 LUFS    M:-163.5 S:-120.7     I: -70.0 LUFS       LRA:   0.0 LU  FTPK:  -inf  -inf dBFS  TPK:  -inf  -inf dBFS
[Parsed_ebur128_0 @ 0x148e05970] t: 1.299979   TARGET:-23 LUFS    M:-163.5 S:-120.7     I: -70.0 LUFS       LRA:   0.0 LU  FTPK:  -inf  -inf dBFS  TPK:  -inf  -inf dBFS
[Parsed_ebur128_0 @ 0x148e05970] t: 1.399979   TARGET:-23 LUFS    M:-163.5 S:-120.7     I: -70.0 LUFS       LRA:   0.0 LU  FTPK:  -inf  -inf dBFS  TPK:  -inf  -inf dBFS
[Parsed_ebur128_0 @ 0x148e05970] t: 1.499979   TARGET:-23 LUFS    M:-163.5 S:-120.7     I: -70.0 LUFS       LRA:   0.0 LU  FTPK:  -inf  -inf dBFS  TPK:  -inf  -inf dBFS
[Parsed_ebur128_0 @ 0x148e05970] t: 1.599979   TARGET:-23 LUFS    M:-163.5 S:-120.7     I: -70.0 LUFS       LRA:   0.0 LU  FTPK:  -inf  -inf dBFS  TPK:  -inf  -inf dBFS
[Parsed_ebur128_0 @ 0x148e05970] t: 1.699979   TARGET:-23 LUFS    M:-163.5 S:-120.7     I: -70.0 LUFS       LRA:   0.0 LU  FTPK:  -inf  -inf dBFS  TPK:  -inf  -inf dBFS
[Parsed_ebur128_0 @ 0x148e05970] t: 1.799979   TARGET:-23 LUFS    M:-163.5 S:-120.7     I: -70.0 LUFS       LRA:   0.0 LU  FTPK:  -inf  -inf dBFS  TPK:  -inf  -inf dBFS
[Parsed_ebur128_0 @ 0x148e05970] t: 1.899979   TARGET:-23 LUFS    M:-163.5 S:-120.7     I: -70.0 LUFS       LRA:   0.0 LU  FTPK:  -inf  -inf dBFS  TPK:  -inf  -inf dBFS
[Parsed_ebur128_0 @ 0x148e05970] t: 1.999979   TARGET:-23 LUFS    M:-163.5 S:-120.7     I: -70.0 LUFS       LRA:   0.0 LU  FTPK:  -inf  -inf dBFS  TPK:  -inf  -inf dBFS
[Parsed_ebur128_0 @ 0x148e05970] t: 2.099979   TARGET:-23 LUFS    M:-163.5 S:-120.7     I: -70.0 LUFS       LRA:   0.0 LU  FTPK:  -inf  -inf dBFS  TPK:  -inf  -inf dBFS
[Parsed_ebur128_0 @ 0x148e05970] t: 2.199979   TARGET:-23 LUFS    M:-163.5 S:-120.7     I: -70.0 LUFS       LRA:   0.0 LU  FTPK:  -inf  -inf dBFS  TPK:  -inf  -inf dBFS
[Parsed_ebur128_0 @ 0x148e05970] t: 2.299979   TARGET:-23 LUFS    M:-163.5 S:-120.7     I: -70.0 LUFS       LRA:   0.0 LU  FTPK:  -inf  -inf dBFS  TPK:  -inf  -inf dBFS
[Parsed_ebur128_0 @ 0x148e05970] t: 2.399979   TARGET:-23 LUFS    M:-163.5 S:-120.7     I: -70.0 LUFS       LRA:   0.0 LU  FTPK:  -inf  -inf dBFS  TPK:  -inf  -inf dBFS
[Parsed_ebur128_0 @ 0x148e05970] t: 2.499979   TARGET:-23 LUFS    M:-163.5 S:-120.7     I: -70.0 LUFS       LRA:   0.0 LU  FTPK:  -inf  -inf dBFS  TPK:  -inf  -inf dBFS
[Parsed_ebur128_0 @ 0x148e05970] t: 2.599979   TARGET:-23 LUFS    M:-163.5 S:-120.7     I: -70.0 LUFS       LRA:   0.0 LU  FTPK:  -inf  -inf dBFS  TPK:  -inf  -inf dBFS
[Parsed_ebur128_0 @ 0x148e05970] t: 2.699979   TARGET:-23 LUFS    M:-163.5 S:-120.7     I: -70.0 LUFS       LRA:   0.0 LU  FTPK:  -inf  -inf dBFS  TPK:  -inf  -inf dBFS
[Parsed_ebur128_0 @ 0x148e05970] t: 2.799979   TARGET:-23 LUFS    M:-163.5 S:-120.7     I: -70.0 LUFS       LRA:   0.0 LU  FTPK:  -inf  -inf dBFS  TPK:  -inf  -inf dBFS
[Parsed_ebur128_0 @ 0x148e05970] t: 2.899979   TARGET:-23 LUFS    M:-163.5 S:-120.7     I: -70.0 LUFS       LRA:   0.0 LU  FTPK:  -inf  -inf dBFS  TPK:  -inf  -inf dBFS
[Parsed_ebur128_0 @ 0x148e05970] t: 2.999979   TARGET:-23 LUFS    M:-163.5 S:-172.3     I: -70.0 LUFS       LRA:   0.0 LU  FTPK:  -inf  -inf dBFS  TPK:  -inf  -inf dBFS
[Parsed_ebur128_0 @ 0x148e05970] t: 3.099979   TARGET:-23 LUFS    M:-163.5 S:-172.3     I: -70.0 LUFS       LRA:   0.0 LU  FTPK:  -inf  -inf dBFS  TPK:  -inf  -inf dBFS
[Parsed_ebur128_0 @ 0x148e05970] t: 3.199979   TARGET:-23 LUFS    M:-163.5 S:-172.3     I: -70.0 LUFS       LRA:   0.0 LU  FTPK:  -inf  -inf dBFS  TPK:  -inf  -inf dBFS
[Parsed_ebur128_0 @ 0x148e05970] t: 3.299979   TARGET:-23 LUFS    M:-163.5 S:-172.3     I: -70.0 LUFS       LRA:   0.0 LU  FTPK:  -inf  -inf dBFS  TPK:  -inf  -inf dBFS
[Parsed_ebur128_0 @ 0x148e05970] t: 3.399979   TARGET:-23 LUFS    M:-163.5 S:-172.3     I: -70.0 LUFS       LRA:   0.0 LU  FTPK:  -inf  -inf dBFS  TPK:  -inf  -inf dBFS
[Parsed_ebur128_0 @ 0x148e05970] t: 3.499979   TARGET:-23 LUFS    M:-163.5 S:-172.3     I: -70.0 LUFS       LRA:   0.0 LU  FTPK:  -inf  -inf dBFS  TPK:  -inf  -inf dBFS
[Parsed_ebur128_0 @ 0x148e05970] t: 3.599979   TARGET:-23 LUFS    M:-163.5 S:-172.3     I: -70.0 LUFS       LRA:   0.0 LU  FTPK:  -inf  -inf dBFS  TPK:  -inf  -inf dBFS
[Parsed_ebur128_0 @ 0x148e05970] t: 3.699979   TARGET:-23 LUFS    M:-163.5 S:-172.3     I: -70.0 LUFS       LRA:   0.0 LU  FTPK:  -inf  -inf dBFS  TPK:  -inf  -inf dBFS
[Parsed_ebur128_0 @ 0x148e05970] t: 3.799979   TARGET:-23 LUFS    M:-163.5 S:-172.3     I: -70.0 LUFS       LRA:   0.0 LU  FTPK:  -inf  -inf dBFS  TPK:  -inf  -inf dBFS
[Parsed_ebur128_0 @ 0x148e05970] t: 3.899979   TARGET:-23 LUFS    M:-163.5 S:-172.3     I: -70.0 LUFS       LRA:   0.0 LU  FTPK:  -inf  -inf dBFS  TPK:  -inf  -inf dBFS
[Parsed_ebur128_0 @ 0x148e05970] t: 3.999979   TARGET:-23 LUFS    M:-163.5 S:-172.3     I: -70.0 LUFS       LRA:   0.0 LU  FTPK:  -inf  -inf dBFS  TPK:  -inf  -inf dBFS
[Parsed_ebur128_0 @ 0x148e05970] t: 4.099979   TARGET:-23 LUFS    M:-163.5 S:-172.3     I: -70.0 LUFS       LRA:   0.0 LU  FTPK:  -inf  -inf dBFS  TPK:  -inf  -inf dBFS
[Parsed_ebur128_0 @ 0x148e05970] t: 4.199979   TARGET:-23 LUFS    M:-163.5 S:-172.3     I: -70.0 LUFS       LRA:   0.0 LU  FTPK:  -inf  -inf dBFS  TPK:  -inf  -inf dBFS
[Parsed_ebur128_0 @ 0x148e05970] t: 4.299979   TARGET:-23 LUFS    M:-163.5 S:-172.3     I: -70.0 LUFS       LRA:   0.0 LU  FTPK:  -inf  -inf dBFS  TPK:  -inf  -inf dBFS
[Parsed_ebur128_0 @ 0x148e05970] t: 4.399979   TARGET:-23 LUFS    M:-163.5 S:-172.3     I: -70.0 LUFS       LRA:   0.0 LU  FTPK:  -inf  -inf dBFS  TPK:  -inf  -inf dBFS
[Parsed_ebur128_0 @ 0x148e05970] t: 4.499979   TARGET:-23 LUFS    M:-163.5 S:-172.3     I: -70.0 LUFS       LRA:   0.0 LU  FTPK:  -inf  -inf dBFS  TPK:  -inf  -inf dBFS
[Parsed_ebur128_0 @ 0x148e05970] t: 4.599979   TARGET:-23 LUFS    M:-163.5 S:-172.3     I: -70.0 LUFS       LRA:   0.0 LU  FTPK:  -inf  -inf dBFS  TPK:  -inf  -inf dBFS
[Parsed_ebur128_0 @ 0x148e05970] t: 4.699979   TARGET:-23 LUFS    M:-163.5 S:-172.3     I: -70.0 LUFS       LRA:   0.0 LU  FTPK:  -inf  -inf dBFS  TPK:  -inf  -inf dBFS
[Parsed_ebur128_0 @ 0x148e05970] t: 4.799979   TARGET:-23 LUFS    M:-163.5 S:-172.3     I: -70.0 LUFS       LRA:   0.0 LU  FTPK:  -inf  -inf dBFS  TPK:  -inf  -inf dBFS
[Parsed_ebur128_0 @ 0x148e05970] t: 4.899979   TARGET:-23 LUFS    M:-163.5 S:-172.3     I: -70.0 LUFS       LRA:   0.0 LU  FTPK:  -inf  -inf dBFS  TPK:  -inf  -inf dBFS
[Parsed_ebur128_0 @ 0x148e05970] t: 4.999979   TARGET:-23 LUFS    M:-163.5 S:-172.3     I: -70.0 LUFS       LRA:   0.0 LU  FTPK:  -inf  -inf dBFS  TPK:  -inf  -inf dBFS
[Parsed_ebur128_0 @ 0x148e05970] t: 5.099979   TARGET:-23 LUFS    M:-163.5 S:-172.3     I: -70.0 LUFS       LRA:   0.0 LU  FTPK:  -inf  -inf dBFS  TPK:  -inf  -inf dBFS
[Parsed_ebur128_0 @ 0x148e05970] t: 5.199979   TARGET:-23 LUFS    M:-163.5 S:-172.3     I: -70.0 LUFS       LRA:   0.0 LU  FTPK:  -inf  -inf dBFS  TPK:  -inf  -inf dBFS
[Parsed_ebur128_0 @ 0x148e05970] t: 5.299979   TARGET:-23 LUFS    M:-163.5 S:-172.3     I: -70.0 LUFS       LRA:   0.0 LU  FTPK:  -inf  -inf dBFS  TPK:  -inf  -inf dBFS
[Parsed_ebur128_0 @ 0x148e05970] t: 5.399979   TARGET:-23 LUFS    M:-163.5 S:-172.3     I: -70.0 LUFS       LRA:   0.0 LU  FTPK:  -inf  -inf dBFS  TPK:  -inf  -inf dBFS
[Parsed_ebur128_0 @ 0x148e05970] t: 5.499979   TARGET:-23 LUFS    M:-163.5 S:-172.3     I: -70.0 LUFS       LRA:   0.0 LU  FTPK:  -inf  -inf dBFS  TPK:  -inf  -inf dBFS
[Parsed_ebur128_0 @ 0x148e05970] t: 5.599979   TARGET:-23 LUFS    M:-163.5 S:-172.3     I: -70.0 LUFS       LRA:   0.0 LU  FTPK:  -inf  -inf dBFS  TPK:  -inf  -inf dBFS
[Parsed_ebur128_0 @ 0x148e05970] t: 5.699979   TARGET:-23 LUFS    M:-163.5 S:-172.3     I: -70.0 LUFS       LRA:   0.0 LU  FTPK:  -inf  -inf dBFS  TPK:  -inf  -inf dBFS
[Parsed_ebur128_0 @ 0x148e05970] t: 5.799979   TARGET:-23 LUFS    M:-163.5 S:-172.3     I: -70.0 LUFS       LRA:   0.0 LU  FTPK:  -inf  -inf dBFS  TPK:  -inf  -inf dBFS
[Parsed_ebur128_0 @ 0x148e05970] t: 5.899979   TARGET:-23 LUFS    M:-163.5 S:-172.3     I: -70.0 LUFS       LRA:   0.0 LU  FTPK:  -inf  -inf dBFS  TPK:  -inf  -inf dBFS
[Parsed_ebur128_0 @ 0x148e05970] t: 5.999979   TARGET:-23 LUFS    M:-163.5 S:-172.3     I: -70.0 LUFS       LRA:   0.0 LU  FTPK:  -inf  -inf dBFS  TPK:  -inf  -inf dBFS
[Parsed_ebur128_0 @ 0x148e05970] t: 6.099979   TARGET:-23 LUFS    M:-163.5 S:-172.3     I: -70.0 LUFS       LRA:   0.0 LU  FTPK:  -inf  -inf dBFS  TPK:  -inf  -inf dBFS
[Parsed_ebur128_0 @ 0x148e05970] t: 6.199979   TARGET:-23 LUFS    M:-163.5 S:-172.3     I: -70.0 LUFS       LRA:   0.0 LU  FTPK:  -inf  -inf dBFS  TPK:  -inf  -inf dBFS
[Parsed_ebur128_0 @ 0x148e05970] t: 6.299979   TARGET:-23 LUFS    M:-163.5 S:-172.3     I: -70.0 LUFS       LRA:   0.0 LU  FTPK:  -inf  -inf dBFS  TPK:  -inf  -inf dBFS
[Parsed_ebur128_0 @ 0x148e05970] t: 6.399979   TARGET:-23 LUFS    M:-163.5 S:-172.3     I: -70.0 LUFS       LRA:   0.0 LU  FTPK:  -inf  -inf dBFS  TPK:  -inf  -inf dBFS
[Parsed_ebur128_0 @ 0x148e05970] t: 6.499979   TARGET:-23 LUFS    M:-163.5 S:-172.3     I: -70.0 LUFS       LRA:   0.0 LU  FTPK:  -inf  -inf dBFS  TPK:  -inf  -inf dBFS
[Parsed_ebur128_0 @ 0x148e05970] t: 6.599979   TARGET:-23 LUFS    M:-163.5 S:-172.3     I: -70.0 LUFS       LRA:   0.0 LU  FTPK:  -inf  -inf dBFS  TPK:  -inf  -inf dBFS
[Parsed_ebur128_0 @ 0x148e05970] t: 6.699979   TARGET:-23 LUFS    M:-163.5 S:-172.3     I: -70.0 LUFS       LRA:   0.0 LU  FTPK:  -inf  -inf dBFS  TPK:  -inf  -inf dBFS
[Parsed_ebur128_0 @ 0x148e05970] t: 6.799979   TARGET:-23 LUFS    M:-163.5 S:-172.3     I: -70.0 LUFS       LRA:   0.0 LU  FTPK:  -inf  -inf dBFS  TPK:  -inf  -inf dBFS
[Parsed_ebur128_0 @ 0x148e05970] t: 6.899979   TARGET:-23 LUFS    M:-163.5 S:-172.3     I: -70.0 LUFS       LRA:   0.0 LU  FTPK:  -inf  -inf dBFS  TPK:  -inf  -inf dBFS
[Parsed_ebur128_0 @ 0x148e05970] t: 6.999979   TARGET:-23 LUFS    M:-163.5 S:-172.3     I: -70.0 LUFS       LRA:   0.0 LU  FTPK:  -inf  -inf dBFS  TPK:  -inf  -inf dBFS
[Parsed_ebur128_0 @ 0x148e05970] t: 7.099979   TARGET:-23 LUFS    M:-163.5 S:-172.3     I: -70.0 LUFS       LRA:   0.0 LU  FTPK:  -inf  -inf dBFS  TPK:  -inf  -inf dBFS
[Parsed_ebur128_0 @ 0x148e05970] t: 7.199979   TARGET:-23 LUFS    M:-163.5 S:-172.3     I: -70.0 LUFS       LRA:   0.0 LU  FTPK:  -inf  -inf dBFS  TPK:  -inf  -inf dBFS
[Parsed_ebur128_0 @ 0x148e05970] t: 7.299979   TARGET:-23 LUFS    M:-163.5 S:-172.3     I: -70.0 LUFS       LRA:   0.0 LU  FTPK:  -inf  -inf dBFS  TPK:  -inf  -inf dBFS
[Parsed_ebur128_0 @ 0x148e05970] t: 7.399979   TARGET:-23 LUFS    M:-163.5 S:-172.3     I: -70.0 LUFS       LRA:   0.0 LU  FTPK:  -inf  -inf dBFS  TPK:  -inf  -inf dBFS
[Parsed_ebur128_0 @ 0x148e05970] t: 7.499979   TARGET:-23 LUFS    M:-163.5 S:-172.3     I: -70.0 LUFS       LRA:   0.0 LU  FTPK:  -inf  -inf dBFS  TPK:  -inf  -inf dBFS
[Parsed_ebur128_0 @ 0x148e05970] t: 7.599979   TARGET:-23 LUFS    M:-163.5 S:-172.3     I: -70.0 LUFS       LRA:   0.0 LU  FTPK:  -inf  -inf dBFS  TPK:  -inf  -inf dBFS
[Parsed_ebur128_0 @ 0x148e05970] t: 7.699979   TARGET:-23 LUFS    M:-163.5 S:-172.3     I: -70.0 LUFS       LRA:   0.0 LU  FTPK:  -inf  -inf dBFS  TPK:  -inf  -inf dBFS
[Parsed_ebur128_0 @ 0x148e05970] t: 7.799979   TARGET:-23 LUFS    M:-163.5 S:-172.3     I: -70.0 LUFS       LRA:   0.0 LU  FTPK:  -inf  -inf dBFS  TPK:  -inf  -inf dBFS
[Parsed_ebur128_0 @ 0x148e05970] t: 7.899979   TARGET:-23 LUFS    M:-163.5 S:-172.3     I: -70.0 LUFS       LRA:   0.0 LU  FTPK:  -inf  -inf dBFS  TPK:  -inf  -inf dBFS
[Parsed_ebur128_0 @ 0x148e05970] t: 7.999979   TARGET:-23 LUFS    M:-163.5 S:-172.3     I: -70.0 LUFS       LRA:   0.0 LU  FTPK:  -inf  -inf dBFS  TPK:  -inf  -inf dBFS
[Parsed_ebur128_0 @ 0x148e05970] t: 8.099979   TARGET:-23 LUFS    M:-163.5 S:-172.3     I: -70.0 LUFS       LRA:   0.0 LU  FTPK:  -inf  -inf dBFS  TPK:  -inf  -inf dBFS
[Parsed_ebur128_0 @ 0x148e05970] t: 8.199979   TARGET:-23 LUFS    M:-163.5 S:-172.3     I: -70.0 LUFS       LRA:   0.0 LU  FTPK:  -inf  -inf dBFS  TPK:  -inf  -inf dBFS
[Parsed_ebur128_0 @ 0x148e05970] t: 8.299979   TARGET:-23 LUFS    M:-163.5 S:-172.3     I: -70.0 LUFS       LRA:   0.0 LU  FTPK:  -inf  -inf dBFS  TPK:  -inf  -inf dBFS
[Parsed_ebur128_0 @ 0x148e05970] t: 8.399979   TARGET:-23 LUFS    M:-163.5 S:-172.3     I: -70.0 LUFS       LRA:   0.0 LU  FTPK:  -inf  -inf dBFS  TPK:  -inf  -inf dBFS
[Parsed_ebur128_0 @ 0x148e05970] t: 8.499979   TARGET:-23 LUFS    M:-163.5 S:-172.3     I: -70.0 LUFS       LRA:   0.0 LU  FTPK:  -inf  -inf dBFS  TPK:  -inf  -inf dBFS
[Parsed_ebur128_0 @ 0x148e05970] t: 8.599979   TARGET:-23 LUFS    M:-163.5 S:-172.3     I: -70.0 LUFS       LRA:   0.0 LU  FTPK:  -inf  -inf dBFS  TPK:  -inf  -inf dBFS
[Parsed_ebur128_0 @ 0x148e05970] t: 8.699979   TARGET:-23 LUFS    M:-163.5 S:-172.3     I: -70.0 LUFS       LRA:   0.0 LU  FTPK:  -inf  -inf dBFS  TPK:  -inf  -inf dBFS
[Parsed_ebur128_0 @ 0x148e05970] t: 8.799979   TARGET:-23 LUFS    M:-163.5 S:-172.3     I: -70.0 LUFS       LRA:   0.0 LU  FTPK:  -inf  -inf dBFS  TPK:  -inf  -inf dBFS
[Parsed_ebur128_0 @ 0x148e05970] t: 8.899979   TARGET:-23 LUFS    M:-163.5 S:-172.3     I: -70.0 LUFS       LRA:   0.0 LU  FTPK:  -inf  -inf dBFS  TPK:  -inf  -inf dBFS
[Parsed_ebur128_0 @ 0x148e05970] t: 8.999979   TARGET:-23 LUFS    M:-121.0 S:-129.8     I: -70.0 LUFS       LRA:   0.0 LU  FTPK: -95.7 -95.7 dBFS  TPK: -95.7 -95.7 dBFS
[Parsed_ebur128_0 @ 0x148e05970] t: 9.099979   TARGET:-23 LUFS    M: -34.2 S: -42.9     I: -34.2 LUFS       LRA:  20.0 LU  FTPK: -16.9 -16.9 dBFS  TPK: -16.9 -16.9 dBFS
[Parsed_ebur128_0 @ 0x148e05970] t: 9.199979   TARGET:-23 LUFS    M: -34.1 S: -42.9     I: -34.1 LUFS       LRA:  20.0 LU  FTPK: -40.4 -40.4 dBFS  TPK: -16.9 -16.9 dBFS
[Parsed_ebur128_0 @ 0x148e05970] t: 9.299979   TARGET:-23 LUFS    M: -34.1 S: -42.9     I: -34.1 LUFS       LRA:  20.0 LU  FTPK: -163.4 -163.4 dBFS  TPK: -16.9 -16.9 dBFS
[Parsed_ebur128_0 @ 0x148e05970] t: 9.399979   TARGET:-23 LUFS    M: -34.1 S: -42.9     I: -34.1 LUFS       LRA:  20.0 LU  FTPK:  -inf  -inf dBFS  TPK: -16.9 -16.9 dBFS
[Parsed_ebur128_0 @ 0x148e05970] t: 9.499979   TARGET:-23 LUFS    M: -55.7 S: -42.9     I: -34.1 LUFS       LRA:   0.0 LU  FTPK:  -inf  -inf dBFS  TPK: -16.9 -16.9 dBFS
[Parsed_ebur128_0 @ 0x148e05970] t: 9.599979   TARGET:-23 LUFS    M:-160.3 S: -42.9     I: -34.1 LUFS       LRA:   0.0 LU  FTPK:  -inf  -inf dBFS  TPK: -16.9 -16.9 dBFS
[Parsed_ebur128_0 @ 0x148e05970] t: 9.699979   TARGET:-23 LUFS    M:-163.8 S: -42.9     I: -34.1 LUFS       LRA:   0.0 LU  FTPK:  -inf  -inf dBFS  TPK: -16.9 -16.9 dBFS
[Parsed_ebur128_0 @ 0x148e05970] t: 9.799979   TARGET:-23 LUFS    M:-163.8 S: -42.9     I: -34.1 LUFS       LRA:   0.0 LU  FTPK:  -inf  -inf dBFS  TPK: -16.9 -16.9 dBFS
[Parsed_ebur128_0 @ 0x148e05970] t: 9.899979   TARGET:-23 LUFS    M:-163.8 S: -42.9     I: -34.1 LUFS       LRA:   0.0 LU  FTPK:  -inf  -inf dBFS  TPK: -16.9 -16.9 dBFS
[Parsed_ebur128_0 @ 0x148e05970] t: 9.999979   TARGET:-23 LUFS    M:-163.8 S: -42.9     I: -34.1 LUFS       LRA:   0.0 LU  FTPK:  -inf  -inf dBFS  TPK: -16.9 -16.9 dBFS
[Parsed_ebur128_0 @ 0x148e05970] t: 10.099979  TARGET:-23 LUFS    M:-163.8 S: -42.9     I: -34.1 LUFS       LRA:   0.0 LU  FTPK:  -inf  -inf dBFS  TPK: -16.9 -16.9 dBFS
[Parsed_ebur128_0 @ 0x148e05970] t: 10.199979  TARGET:-23 LUFS    M:-163.8 S: -42.9     I: -34.1 LUFS       LRA:   0.0 LU  FTPK:  -inf  -inf dBFS  TPK: -16.9 -16.9 dBFS
[Parsed_ebur128_0 @ 0x148e05970] t: 10.299979  TARGET:-23 LUFS    M:-163.8 S: -42.9     I: -34.1 LUFS       LRA:   0.0 LU  FTPK:  -inf  -inf dBFS  TPK: -16.9 -16.9 dBFS
[Parsed_ebur128_0 @ 0x148e05970] t: 10.399979  TARGET:-23 LUFS    M:-163.8 S: -42.9     I: -34.1 LUFS       LRA:   0.0 LU  FTPK:  -inf  -inf dBFS  TPK: -16.9 -16.9 dBFS
[Parsed_ebur128_0 @ 0x148e05970] t: 10.499979  TARGET:-23 LUFS    M:-163.8 S: -42.9     I: -34.1 LUFS       LRA:   0.0 LU  FTPK:  -inf  -inf dBFS  TPK: -16.9 -16.9 dBFS
[Parsed_ebur128_0 @ 0x148e05970] t: 10.599979  TARGET:-23 LUFS    M:-163.8 S: -42.9     I: -34.1 LUFS       LRA:   0.0 LU  FTPK:  -inf  -inf dBFS  TPK: -16.9 -16.9 dBFS
[Parsed_ebur128_0 @ 0x148e05970] t: 10.699979  TARGET:-23 LUFS    M:-163.8 S: -42.9     I: -34.1 LUFS       LRA:   0.0 LU  FTPK:  -inf  -inf dBFS  TPK: -16.9 -16.9 dBFS
[Parsed_ebur128_0 @ 0x148e05970] t: 10.799979  TARGET:-23 LUFS    M:-163.8 S: -42.9     I: -34.1 LUFS       LRA:   0.0 LU  FTPK:  -inf  -inf dBFS  TPK: -16.9 -16.9 dBFS
[Parsed_ebur128_0 @ 0x148e05970] t: 10.899979  TARGET:-23 LUFS    M:-163.8 S: -42.9     I: -34.1 LUFS       LRA:   0.0 LU  FTPK:  -inf  -inf dBFS  TPK: -16.9 -16.9 dBFS
[Parsed_ebur128_0 @ 0x148e05970] t: 10.999979  TARGET:-23 LUFS    M:-163.8 S: -42.9     I: -34.1 LUFS       LRA:   0.0 LU  FTPK:  -inf  -inf dBFS  TPK: -16.9 -16.9 dBFS
[Parsed_ebur128_0 @ 0x148e05970] t: 11.099979  TARGET:-23 LUFS    M:-163.8 S: -42.9     I: -34.1 LUFS       LRA:   0.0 LU  FTPK:  -inf  -inf dBFS  TPK: -16.9 -16.9 dBFS
[Parsed_ebur128_0 @ 0x148e05970] t: 11.199979  TARGET:-23 LUFS    M:-163.8 S: -42.9     I: -34.1 LUFS       LRA:   0.0 LU  FTPK:  -inf  -inf dBFS  TPK: -16.9 -16.9 dBFS
[Parsed_ebur128_0 @ 0x148e05970] t: 11.299979  TARGET:-23 LUFS    M:-163.8 S: -42.9     I: -34.1 LUFS       LRA:   0.0 LU  FTPK:  -inf  -inf dBFS  TPK: -16.9 -16.9 dBFS
[Parsed_ebur128_0 @ 0x148e05970] t: 11.399979  TARGET:-23 LUFS    M:-163.8 S: -42.9     I: -34.1 LUFS       LRA:   0.0 LU  FTPK:  -inf  -inf dBFS  TPK: -16.9 -16.9 dBFS
[Parsed_ebur128_0 @ 0x148e05970] t: 11.499979  TARGET:-23 LUFS    M:-163.8 S: -42.9     I: -34.1 LUFS       LRA:   0.0 LU  FTPK:  -inf  -inf dBFS  TPK: -16.9 -16.9 dBFS
[Parsed_ebur128_0 @ 0x148e05970] t: 11.599979  TARGET:-23 LUFS    M:-163.8 S: -42.9     I: -34.1 LUFS       LRA:   0.0 LU  FTPK:  -inf  -inf dBFS  TPK: -16.9 -16.9 dBFS
[Parsed_ebur128_0 @ 0x148e05970] t: 11.699979  TARGET:-23 LUFS    M:-163.8 S: -42.9     I: -34.1 LUFS       LRA:   0.0 LU  FTPK:  -inf  -inf dBFS  TPK: -16.9 -16.9 dBFS
[Parsed_ebur128_0 @ 0x148e05970] t: 11.799979  TARGET:-23 LUFS    M:-163.8 S: -42.9     I: -34.1 LUFS       LRA:   0.0 LU  FTPK:  -inf  -inf dBFS  TPK: -16.9 -16.9 dBFS
[Parsed_ebur128_0 @ 0x148e05970] t: 11.899979  TARGET:-23 LUFS    M:-163.8 S: -42.9     I: -34.1 LUFS       LRA:   0.0 LU  FTPK:  -inf  -inf dBFS  TPK: -16.9 -16.9 dBFS
[Parsed_ebur128_0 @ 0x148e05970] t: 11.999979  TARGET:-23 LUFS    M: -34.5 S: -40.0     I: -34.2 LUFS       LRA:   0.0 LU  FTPK: -15.3 -16.3 dBFS  TPK: -15.3 -16.3 dBFS
[Parsed_ebur128_0 @ 0x148e05970] t: 12.099979  TARGET:-23 LUFS    M: -34.0 S: -42.7     I: -34.2 LUFS       LRA:   0.0 LU  FTPK: -25.4 -26.5 dBFS  TPK: -15.3 -16.3 dBFS
[Parsed_ebur128_0 @ 0x148e05970] t: 12.199979  TARGET:-23 LUFS    M: -34.0 S: -42.7     I: -34.1 LUFS       LRA:   0.1 LU  FTPK:  -inf  -inf dBFS  TPK: -15.3 -16.3 dBFS
[Parsed_ebur128_0 @ 0x148e05970] t: 12.299979  TARGET:-23 LUFS    M: -34.0 S: -42.7     I: -34.1 LUFS       LRA:   0.1 LU  FTPK:  -inf  -inf dBFS  TPK: -15.3 -16.3 dBFS
[Parsed_ebur128_0 @ 0x148e05970] t: 12.399979  TARGET:-23 LUFS    M: -43.7 S: -42.7     I: -34.6 LUFS       LRA:   0.1 LU  FTPK:  -inf  -inf dBFS  TPK: -15.3 -16.3 dBFS
[Parsed_ebur128_0 @ 0x148e05970] t: 12.499979  TARGET:-23 LUFS    M:-162.9 S: -42.7     I: -34.6 LUFS       LRA:   0.1 LU  FTPK:  -inf  -inf dBFS  TPK: -15.3 -16.3 dBFS
[Parsed_ebur128_0 @ 0x148e05970] t: 12.599979  TARGET:-23 LUFS    M:-164.1 S: -42.7     I: -34.6 LUFS       LRA:   0.1 LU  FTPK:  -inf  -inf dBFS  TPK: -15.3 -16.3 dBFS
[Parsed_ebur128_0 @ 0x148e05970] t: 12.699979  TARGET:-23 LUFS    M:-164.1 S: -42.7     I: -34.6 LUFS       LRA:   0.1 LU  FTPK:  -inf  -inf dBFS  TPK: -15.3 -16.3 dBFS
[Parsed_ebur128_0 @ 0x148e05970] t: 12.799979  TARGET:-23 LUFS    M:-164.1 S: -42.7     I: -34.6 LUFS       LRA:   0.1 LU  FTPK:  -inf  -inf dBFS  TPK: -15.3 -16.3 dBFS
[Parsed_ebur128_0 @ 0x148e05970] t: 12.899979  TARGET:-23 LUFS    M:-164.1 S: -42.7     I: -34.6 LUFS       LRA:   0.1 LU  FTPK:  -inf  -inf dBFS  TPK: -15.3 -16.3 dBFS
[Parsed_ebur128_0 @ 0x148e05970] t: 12.999979  TARGET:-23 LUFS    M:-164.1 S: -42.7     I: -34.6 LUFS       LRA:   0.1 LU  FTPK:  -inf  -inf dBFS  TPK: -15.3 -16.3 dBFS
[Parsed_ebur128_0 @ 0x148e05970] t: 13.099979  TARGET:-23 LUFS    M:-164.1 S: -42.7     I: -34.6 LUFS       LRA:   0.1 LU  FTPK:  -inf  -inf dBFS  TPK: -15.3 -16.3 dBFS
[Parsed_ebur128_0 @ 0x148e05970] t: 13.199979  TARGET:-23 LUFS    M:-164.1 S: -42.7     I: -34.6 LUFS       LRA:   0.1 LU  FTPK:  -inf  -inf dBFS  TPK: -15.3 -16.3 dBFS
[Parsed_ebur128_0 @ 0x148e05970] t: 13.299979  TARGET:-23 LUFS    M:-164.1 S: -42.7     I: -34.6 LUFS       LRA:   0.1 LU  FTPK:  -inf  -inf dBFS  TPK: -15.3 -16.3 dBFS
[Parsed_ebur128_0 @ 0x148e05970] t: 13.399979  TARGET:-23 LUFS    M:-164.1 S: -42.7     I: -34.6 LUFS       LRA:   0.1 LU  FTPK:  -inf  -inf dBFS  TPK: -15.3 -16.3 dBFS
[Parsed_ebur128_0 @ 0x148e05970] t: 13.499979  TARGET:-23 LUFS    M:-164.1 S: -42.7     I: -34.6 LUFS       LRA:   0.1 LU  FTPK:  -inf  -inf dBFS  TPK: -15.3 -16.3 dBFS
[Parsed_ebur128_0 @ 0x148e05970] t: 13.599979  TARGET:-23 LUFS    M:-164.1 S: -42.7     I: -34.6 LUFS       LRA:   0.1 LU  FTPK:  -inf  -inf dBFS  TPK: -15.3 -16.3 dBFS
[Parsed_ebur128_0 @ 0x148e05970] t: 13.699979  TARGET:-23 LUFS    M:-164.1 S: -42.7     I: -34.6 LUFS       LRA:   0.1 LU  FTPK:  -inf  -inf dBFS  TPK: -15.3 -16.3 dBFS
[Parsed_ebur128_0 @ 0x148e05970] t: 13.799979  TARGET:-23 LUFS    M:-164.1 S: -42.7     I: -34.6 LUFS       LRA:   0.1 LU  FTPK:  -inf  -inf dBFS  TPK: -15.3 -16.3 dBFS
[Parsed_ebur128_0 @ 0x148e05970] t: 13.899979  TARGET:-23 LUFS    M:-164.1 S: -42.7     I: -34.6 LUFS       LRA:   0.1 LU  FTPK:  -inf  -inf dBFS  TPK: -15.3 -16.3 dBFS
[Parsed_ebur128_0 @ 0x148e05970] t: 13.999979  TARGET:-23 LUFS    M:-164.1 S: -42.7     I: -34.6 LUFS       LRA:   0.1 LU  FTPK:  -inf  -inf dBFS  TPK: -15.3 -16.3 dBFS
[Parsed_ebur128_0 @ 0x148e05970] t: 14.099979  TARGET:-23 LUFS    M:-164.1 S: -42.7     I: -34.6 LUFS       LRA:   0.1 LU  FTPK:  -inf  -inf dBFS  TPK: -15.3 -16.3 dBFS
[Parsed_ebur128_0 @ 0x148e05970] t: 14.199979  TARGET:-23 LUFS    M:-164.1 S: -42.7     I: -34.6 LUFS       LRA:   0.1 LU  FTPK:  -inf  -inf dBFS  TPK: -15.3 -16.3 dBFS
[Parsed_ebur128_0 @ 0x148e05970] t: 14.299979  TARGET:-23 LUFS    M:-164.1 S: -42.7     I: -34.6 LUFS       LRA:   0.1 LU  FTPK:  -inf  -inf dBFS  TPK: -15.3 -16.3 dBFS
[Parsed_ebur128_0 @ 0x148e05970] t: 14.399979  TARGET:-23 LUFS    M:-164.1 S: -42.7     I: -34.6 LUFS       LRA:   0.1 LU  FTPK:  -inf  -inf dBFS  TPK: -15.3 -16.3 dBFS
[Parsed_ebur128_0 @ 0x148e05970] t: 14.499979  TARGET:-23 LUFS    M:-164.1 S: -42.7     I: -34.6 LUFS       LRA:   0.1 LU  FTPK:  -inf  -inf dBFS  TPK: -15.3 -16.3 dBFS
[Parsed_ebur128_0 @ 0x148e05970] t: 14.599979  TARGET:-23 LUFS    M:-164.1 S: -42.7     I: -34.6 LUFS       LRA:   0.1 LU  FTPK:  -inf  -inf dBFS  TPK: -15.3 -16.3 dBFS
[Parsed_ebur128_0 @ 0x148e05970] t: 14.699979  TARGET:-23 LUFS    M:-164.1 S: -42.7     I: -34.6 LUFS       LRA:   0.1 LU  FTPK:  -inf  -inf dBFS  TPK: -15.3 -16.3 dBFS
[Parsed_ebur128_0 @ 0x148e05970] t: 14.799979  TARGET:-23 LUFS    M:-164.1 S: -42.7     I: -34.6 LUFS       LRA:   0.1 LU  FTPK:  -inf  -inf dBFS  TPK: -15.3 -16.3 dBFS
[Parsed_ebur128_0 @ 0x148e05970] t: 14.899979  TARGET:-23 LUFS    M:-164.1 S: -42.7     I: -34.6 LUFS       LRA:   0.1 LU  FTPK:  -inf  -inf dBFS  TPK: -15.3 -16.3 dBFS
[Parsed_ebur128_0 @ 0x148e05970] t: 14.999979  TARGET:-23 LUFS    M:-164.1 S: -52.4     I: -34.6 LUFS       LRA:   0.1 LU  FTPK:  -inf  -inf dBFS  TPK: -15.3 -16.3 dBFS
[Parsed_ebur128_0 @ 0x148e05970] t: 15.099979  TARGET:-23 LUFS    M:-164.1 S:-171.3     I: -34.6 LUFS       LRA:   0.1 LU  FTPK:  -inf  -inf dBFS  TPK: -15.3 -16.3 dBFS
[Parsed_ebur128_0 @ 0x148e05970] t: 15.199979  TARGET:-23 LUFS    M:-164.1 S:-172.4     I: -34.6 LUFS       LRA:   0.1 LU  FTPK:  -inf  -inf dBFS  TPK: -15.3 -16.3 dBFS
[Parsed_ebur128_0 @ 0x148e05970] t: 15.299979  TARGET:-23 LUFS    M:-164.1 S:-172.4     I: -34.6 LUFS       LRA:   0.1 LU  FTPK:  -inf  -inf dBFS  TPK: -15.3 -16.3 dBFS
[Parsed_ebur128_0 @ 0x148e05970] t: 15.399979  TARGET:-23 LUFS    M:-164.1 S:-172.4     I: -34.6 LUFS       LRA:   0.1 LU  FTPK:  -inf  -inf dBFS  TPK: -15.3 -16.3 dBFS
[Parsed_ebur128_0 @ 0x148e05970] t: 15.499979  TARGET:-23 LUFS    M:-164.1 S:-172.4     I: -34.6 LUFS       LRA:   0.1 LU  FTPK:  -inf  -inf dBFS  TPK: -15.3 -16.3 dBFS
[Parsed_ebur128_0 @ 0x148e05970] t: 15.599979  TARGET:-23 LUFS    M:-164.1 S:-172.4     I: -34.6 LUFS       LRA:   0.1 LU  FTPK:  -inf  -inf dBFS  TPK: -15.3 -16.3 dBFS
[Parsed_ebur128_0 @ 0x148e05970] t: 15.699979  TARGET:-23 LUFS    M:-121.8 S:-130.5     I: -34.6 LUFS       LRA:   0.1 LU  FTPK: -95.3 -95.3 dBFS  TPK: -15.3 -16.3 dBFS
[Parsed_ebur128_0 @ 0x148e05970] t: 15.799979  TARGET:-23 LUFS    M: -37.2 S: -45.9     I: -34.8 LUFS       LRA:   0.1 LU  FTPK: -20.0 -20.0 dBFS  TPK: -15.3 -16.3 dBFS
[Parsed_ebur128_0 @ 0x148e05970] t: 15.899979  TARGET:-23 LUFS    M: -37.1 S: -45.9     I: -34.9 LUFS       LRA:   0.1 LU  FTPK: -43.3 -43.3 dBFS  TPK: -15.3 -16.3 dBFS
[Parsed_ebur128_0 @ 0x148e05970] t: 15.999979  TARGET:-23 LUFS    M: -37.1 S: -45.9     I: -35.1 LUFS       LRA:   0.1 LU  FTPK: -128.9 -128.9 dBFS  TPK: -15.3 -16.3 dBFS
[Parsed_ebur128_0 @ 0x148e05970] t: 16.099979  TARGET:-23 LUFS    M: -37.1 S: -45.9     I: -35.2 LUFS       LRA:   0.2 LU  FTPK:  -inf  -inf dBFS  TPK: -15.3 -16.3 dBFS
[Parsed_ebur128_0 @ 0x148e05970] t: 16.199979  TARGET:-23 LUFS    M: -58.7 S: -45.9     I: -35.2 LUFS       LRA:   0.2 LU  FTPK:  -inf  -inf dBFS  TPK: -15.3 -16.3 dBFS
[Parsed_ebur128_0 @ 0x148e05970] t: 16.299979  TARGET:-23 LUFS    M:-150.3 S: -45.9     I: -35.2 LUFS       LRA:   3.1 LU  FTPK:  -inf  -inf dBFS  TPK: -15.3 -16.3 dBFS
[Parsed_ebur128_0 @ 0x148e05970] t: 16.399979  TARGET:-23 LUFS    M:-163.9 S: -45.9     I: -35.2 LUFS       LRA:   3.1 LU  FTPK:  -inf  -inf dBFS  TPK: -15.3 -16.3 dBFS
[Parsed_ebur128_0 @ 0x148e05970] t: 16.499979  TARGET:-23 LUFS    M:-163.9 S: -45.9     I: -35.2 LUFS       LRA:   3.1 LU  FTPK:  -inf  -inf dBFS  TPK: -15.3 -16.3 dBFS
[Parsed_ebur128_0 @ 0x148e05970] t: 16.599979  TARGET:-23 LUFS    M:-163.9 S: -45.9     I: -35.2 LUFS       LRA:   3.1 LU  FTPK:  -inf  -inf dBFS  TPK: -15.3 -16.3 dBFS
[Parsed_ebur128_0 @ 0x148e05970] t: 16.699979  TARGET:-23 LUFS    M:-163.9 S: -45.9     I: -35.2 LUFS       LRA:   3.1 LU  FTPK:  -inf  -inf dBFS  TPK: -15.3 -16.3 dBFS
[Parsed_ebur128_0 @ 0x148e05970] t: 16.799979  TARGET:-23 LUFS    M:-163.9 S: -45.9     I: -35.2 LUFS       LRA:   3.1 LU  FTPK:  -inf  -inf dBFS  TPK: -15.3 -16.3 dBFS
[Parsed_ebur128_0 @ 0x148e05970] t: 16.899979  TARGET:-23 LUFS    M:-163.9 S: -45.9     I: -35.2 LUFS       LRA:   3.1 LU  FTPK:  -inf  -inf dBFS  TPK: -15.3 -16.3 dBFS
[Parsed_ebur128_0 @ 0x148e05970] t: 16.999979  TARGET:-23 LUFS    M:-163.9 S: -45.9     I: -35.2 LUFS       LRA:   3.1 LU  FTPK:  -inf  -inf dBFS  TPK: -15.3 -16.3 dBFS
[Parsed_ebur128_0 @ 0x148e05970] t: 17.099979  TARGET:-23 LUFS    M:-163.9 S: -45.9     I: -35.2 LUFS       LRA:   3.1 LU  FTPK:  -inf  -inf dBFS  TPK: -15.3 -16.3 dBFS
[Parsed_ebur128_0 @ 0x148e05970] t: 17.199979  TARGET:-23 LUFS    M:-163.9 S: -45.9     I: -35.2 LUFS       LRA:   3.1 LU  FTPK:  -inf  -inf dBFS  TPK: -15.3 -16.3 dBFS
[Parsed_ebur128_0 @ 0x148e05970] t: 17.299979  TARGET:-23 LUFS    M:-163.9 S: -45.9     I: -35.2 LUFS       LRA:   3.1 LU  FTPK:  -inf  -inf dBFS  TPK: -15.3 -16.3 dBFS
[Parsed_ebur128_0 @ 0x148e05970] t: 17.399979  TARGET:-23 LUFS    M:-163.9 S: -45.9     I: -35.2 LUFS       LRA:   3.1 LU  FTPK:  -inf  -inf dBFS  TPK: -15.3 -16.3 dBFS
[Parsed_ebur128_0 @ 0x148e05970] t: 17.499979  TARGET:-23 LUFS    M:-163.9 S: -45.9     I: -35.2 LUFS       LRA:   3.1 LU  FTPK:  -inf  -inf dBFS  TPK: -15.3 -16.3 dBFS
[Parsed_ebur128_0 @ 0x148e05970] t: 17.599979  TARGET:-23 LUFS    M:-163.9 S: -45.9     I: -35.2 LUFS       LRA:   3.1 LU  FTPK:  -inf  -inf dBFS  TPK: -15.3 -16.3 dBFS
[Parsed_ebur128_0 @ 0x148e05970] t: 17.699979  TARGET:-23 LUFS    M:-163.9 S: -45.9     I: -35.2 LUFS       LRA:   3.1 LU  FTPK:  -inf  -inf dBFS  TPK: -15.3 -16.3 dBFS
[Parsed_ebur128_0 @ 0x148e05970] t: 17.799979  TARGET:-23 LUFS    M:-163.9 S: -45.9     I: -35.2 LUFS       LRA:   3.1 LU  FTPK:  -inf  -inf dBFS  TPK: -15.3 -16.3 dBFS
[Parsed_ebur128_0 @ 0x148e05970] t: 17.899979  TARGET:-23 LUFS    M:-163.9 S: -45.9     I: -35.2 LUFS       LRA:   3.1 LU  FTPK:  -inf  -inf dBFS  TPK: -15.3 -16.3 dBFS
[Parsed_ebur128_0 @ 0x148e05970] t: 17.999979  TARGET:-23 LUFS    M:-163.9 S: -45.9     I: -35.2 LUFS       LRA:   3.1 LU  FTPK:  -inf  -inf dBFS  TPK: -15.3 -16.3 dBFS
[Parsed_ebur128_0 @ 0x148e05970] t: 18.099979  TARGET:-23 LUFS    M:-163.9 S: -45.9     I: -35.2 LUFS       LRA:   3.1 LU  FTPK:  -inf  -inf dBFS  TPK: -15.3 -16.3 dBFS
[Parsed_ebur128_0 @ 0x148e05970] t: 18.199979  TARGET:-23 LUFS    M:-163.9 S: -45.9     I: -35.2 LUFS       LRA:   3.1 LU  FTPK:  -inf  -inf dBFS  TPK: -15.3 -16.3 dBFS
[Parsed_ebur128_0 @ 0x148e05970] t: 18.299979  TARGET:-23 LUFS    M:-163.9 S: -45.9     I: -35.2 LUFS       LRA:   3.1 LU  FTPK:  -inf  -inf dBFS  TPK: -15.3 -16.3 dBFS
[Parsed_ebur128_0 @ 0x148e05970] t: 18.399979  TARGET:-23 LUFS    M:-163.9 S: -45.9     I: -35.2 LUFS       LRA:   3.1 LU  FTPK:  -inf  -inf dBFS  TPK: -15.3 -16.3 dBFS
[Parsed_ebur128_0 @ 0x148e05970] t: 18.499979  TARGET:-23 LUFS    M:-163.9 S: -45.9     I: -35.2 LUFS       LRA:   3.1 LU  FTPK:  -inf  -inf dBFS  TPK: -15.3 -16.3 dBFS
[Parsed_ebur128_0 @ 0x148e05970] t: 18.599979  TARGET:-23 LUFS    M:-163.9 S: -45.9     I: -35.2 LUFS       LRA:   3.1 LU  FTPK:  -inf  -inf dBFS  TPK: -15.3 -16.3 dBFS
[Parsed_ebur128_0 @ 0x148e05970] t: 18.699979  TARGET:-23 LUFS    M:-163.9 S: -45.9     I: -35.2 LUFS       LRA:   3.1 LU  FTPK:  -inf  -inf dBFS  TPK: -15.3 -16.3 dBFS
[Parsed_ebur128_0 @ 0x148e05970] t: 18.799979  TARGET:-23 LUFS    M:-163.9 S: -67.4     I: -35.2 LUFS       LRA:   3.1 LU  FTPK:  -inf  -inf dBFS  TPK: -15.3 -16.3 dBFS
[Parsed_ebur128_0 @ 0x148e05970] t: 18.899979  TARGET:-23 LUFS    M:-163.9 S:-159.0     I: -35.2 LUFS       LRA:   3.1 LU  FTPK:  -inf  -inf dBFS  TPK: -15.3 -16.3 dBFS
[Parsed_ebur128_0 @ 0x148e05970] t: 18.999979  TARGET:-23 LUFS    M:-163.9 S:-172.2     I: -35.2 LUFS       LRA:   3.1 LU  FTPK:  -inf  -inf dBFS  TPK: -15.3 -16.3 dBFS
[Parsed_ebur128_0 @ 0x148e05970] t: 19.099979  TARGET:-23 LUFS    M:-163.9 S:-172.2     I: -35.2 LUFS       LRA:   3.1 LU  FTPK:  -inf  -inf dBFS  TPK: -15.3 -16.3 dBFS
[Parsed_ebur128_0 @ 0x148e05970] t: 19.199979  TARGET:-23 LUFS    M:-163.9 S:-172.2     I: -35.2 LUFS       LRA:   3.1 LU  FTPK:  -inf  -inf dBFS  TPK: -15.3 -16.3 dBFS
[Parsed_ebur128_0 @ 0x148e05970] t: 19.299979  TARGET:-23 LUFS    M:-163.9 S:-172.2     I: -35.2 LUFS       LRA:   3.1 LU  FTPK:  -inf  -inf dBFS  TPK: -15.3 -16.3 dBFS
[Parsed_ebur128_0 @ 0x148e05970] t: 19.399979  TARGET:-23 LUFS    M:-163.9 S:-172.2     I: -35.2 LUFS       LRA:   3.1 LU  FTPK:  -inf  -inf dBFS  TPK: -15.3 -16.3 dBFS
[Parsed_ebur128_0 @ 0x148e05970] t: 19.499979  TARGET:-23 LUFS    M:-163.9 S:-172.2     I: -35.2 LUFS       LRA:   3.1 LU  FTPK:  -inf  -inf dBFS  TPK: -15.3 -16.3 dBFS
[Parsed_ebur128_0 @ 0x148e05970] t: 19.599979  TARGET:-23 LUFS    M:-163.9 S:-172.2     I: -35.2 LUFS       LRA:   3.1 LU  FTPK:  -inf  -inf dBFS  TPK: -15.3 -16.3 dBFS
[Parsed_ebur128_0 @ 0x148e05970] t: 19.699979  TARGET:-23 LUFS    M:-163.9 S:-172.2     I: -35.2 LUFS       LRA:   3.1 LU  FTPK:  -inf  -inf dBFS  TPK: -15.3 -16.3 dBFS
[Parsed_ebur128_0 @ 0x148e05970] t: 19.799979  TARGET:-23 LUFS    M:-115.7 S:-124.4     I: -35.2 LUFS       LRA:   3.1 LU  FTPK: -92.7 -91.8 dBFS  TPK: -15.3 -16.3 dBFS
[Parsed_ebur128_0 @ 0x148e05970] t: 19.899979  TARGET:-23 LUFS    M: -36.1 S: -44.8     I: -35.3 LUFS       LRA:   3.1 LU  FTPK: -15.3 -16.3 dBFS  TPK: -15.3 -16.3 dBFS
[Parsed_ebur128_0 @ 0x148e05970] t: 19.999979  TARGET:-23 LUFS    M: -36.1 S: -44.8     I: -35.3 LUFS       LRA:   3.1 LU  FTPK: -46.1 -47.1 dBFS  TPK: -15.3 -16.3 dBFS
[Parsed_ebur128_0 @ 0x148e05970] t: 20.099979  TARGET:-23 LUFS    M: -36.1 S: -44.8     I: -35.4 LUFS       LRA:   3.1 LU  FTPK:  -inf  -inf dBFS  TPK: -15.3 -16.3 dBFS
[Parsed_ebur128_0 @ 0x148e05970] t: 20.199979  TARGET:-23 LUFS    M: -36.1 S: -44.8     I: -35.4 LUFS       LRA:   3.1 LU  FTPK:  -inf  -inf dBFS  TPK: -15.3 -16.3 dBFS
[Parsed_ebur128_0 @ 0x148e05970] t: 20.299979  TARGET:-23 LUFS    M: -65.2 S: -44.8     I: -35.4 LUFS       LRA:   3.1 LU  FTPK:  -inf  -inf dBFS  TPK: -15.3 -16.3 dBFS
[Parsed_ebur128_0 @ 0x148e05970] t: 20.399979  TARGET:-23 LUFS    M:-164.1 S: -44.8     I: -35.4 LUFS       LRA:   3.1 LU  FTPK:  -inf  -inf dBFS  TPK: -15.3 -16.3 dBFS
[Parsed_ebur128_0 @ 0x148e05970] t: 20.499979  TARGET:-23 LUFS    M:-164.1 S: -44.8     I: -35.4 LUFS       LRA:   3.1 LU  FTPK:  -inf  -inf dBFS  TPK: -15.3 -16.3 dBFS
[Parsed_ebur128_0 @ 0x148e05970] t: 20.599979  TARGET:-23 LUFS    M: -50.3 S: -44.6     I: -35.4 LUFS       LRA:   3.1 LU  FTPK: -26.0 -27.0 dBFS  TPK: -15.3 -16.3 dBFS
[Parsed_ebur128_0 @ 0x148e05970] t: 20.699979  TARGET:-23 LUFS    M: -32.6 S: -39.8     I: -35.2 LUFS       LRA:   3.1 LU  FTPK: -17.2 -18.3 dBFS  TPK: -15.3 -16.3 dBFS
[Parsed_ebur128_0 @ 0x148e05970] t: 20.799979  TARGET:-23 LUFS    M: -29.8 S: -37.6     I: -34.7 LUFS       LRA:   3.1 LU  FTPK: -18.0 -19.0 dBFS  TPK: -15.3 -16.3 dBFS
[Parsed_ebur128_0 @ 0x148e05970] t: 20.899979  TARGET:-23 LUFS    M: -28.5 S: -36.6     I: -34.0 LUFS       LRA:   3.1 LU  FTPK: -19.4 -20.4 dBFS  TPK: -15.3 -16.3 dBFS
[Parsed_ebur128_0 @ 0x148e05970] t: 20.999979  TARGET:-23 LUFS    M: -28.5 S: -36.6     I: -33.5 LUFS       LRA:   3.2 LU  FTPK: -73.5 -79.4 dBFS  TPK: -15.3 -16.3 dBFS
[Parsed_ebur128_0 @ 0x148e05970] t: 21.099979  TARGET:-23 LUFS    M: -30.7 S: -36.6     I: -33.4 LUFS       LRA:   5.8 LU  FTPK:  -inf  -inf dBFS  TPK: -15.3 -16.3 dBFS
[Parsed_ebur128_0 @ 0x148e05970] t: 21.199979  TARGET:-23 LUFS    M: -34.6 S: -36.6     I: -33.4 LUFS       LRA:   6.1 LU  FTPK:  -inf  -inf dBFS  TPK: -15.3 -16.3 dBFS
[Parsed_ebur128_0 @ 0x148e05970] t: 21.299979  TARGET:-23 LUFS    M:-103.2 S: -36.6     I: -33.4 LUFS       LRA:   8.3 LU  FTPK:  -inf  -inf dBFS  TPK: -15.3 -16.3 dBFS
[Parsed_ebur128_0 @ 0x148e05970] t: 21.399979  TARGET:-23 LUFS    M:-165.3 S: -36.6     I: -33.4 LUFS       LRA:   9.3 LU  FTPK:  -inf  -inf dBFS  TPK: -15.3 -16.3 dBFS
[Parsed_ebur128_0 @ 0x148e05970] t: 21.499979  TARGET:-23 LUFS    M: -37.4 S: -36.1     I: -33.5 LUFS       LRA:   9.3 LU  FTPK: -17.1 -18.1 dBFS  TPK: -15.3 -16.3 dBFS
[Parsed_ebur128_0 @ 0x148e05970] t: 21.599979  TARGET:-23 LUFS    M: -31.4 S: -35.0     I: -33.4 LUFS       LRA:   9.3 LU  FTPK: -17.3 -18.3 dBFS  TPK: -15.3 -16.3 dBFS
[Parsed_ebur128_0 @ 0x148e05970] t: 21.699979  TARGET:-23 LUFS    M: -29.6 S: -34.4     I: -33.2 LUFS       LRA:   9.3 LU  FTPK: -16.3 -17.3 dBFS  TPK: -15.3 -16.3 dBFS
[Parsed_ebur128_0 @ 0x148e05970] t: 21.799979  TARGET:-23 LUFS    M: -29.6 S: -34.4     I: -32.8 LUFS       LRA:   9.3 LU  FTPK: -127.4 -129.9 dBFS  TPK: -15.3 -16.3 dBFS
[Parsed_ebur128_0 @ 0x148e05970] t: 21.899979  TARGET:-23 LUFS    M: -30.4 S: -34.4     I: -32.7 LUFS       LRA:   9.3 LU  FTPK:  -inf  -inf dBFS  TPK: -15.3 -16.3 dBFS
[Parsed_ebur128_0 @ 0x148e05970] t: 21.999979  TARGET:-23 LUFS    M: -34.3 S: -34.4     I: -32.7 LUFS       LRA:   9.3 LU  FTPK:  -inf  -inf dBFS  TPK: -15.3 -16.3 dBFS
[Parsed_ebur128_0 @ 0x148e05970] t: 22.099979  TARGET:-23 LUFS    M:-140.7 S: -34.4     I: -32.7 LUFS       LRA:   9.8 LU  FTPK:  -inf  -inf dBFS  TPK: -15.3 -16.3 dBFS
[Parsed_ebur128_0 @ 0x148e05970] t: 22.199979  TARGET:-23 LUFS    M:-166.2 S: -34.4     I: -32.7 LUFS       LRA:  10.9 LU  FTPK:  -inf  -inf dBFS  TPK: -15.3 -16.3 dBFS
[Parsed_ebur128_0 @ 0x148e05970] t: 22.299979  TARGET:-23 LUFS    M:-166.2 S: -34.4     I: -32.7 LUFS       LRA:  11.5 LU  FTPK:  -inf  -inf dBFS  TPK: -15.3 -16.3 dBFS
[Parsed_ebur128_0 @ 0x148e05970] t: 22.399979  TARGET:-23 LUFS    M:-166.2 S: -34.4     I: -32.7 LUFS       LRA:  11.5 LU  FTPK:  -inf  -inf dBFS  TPK: -15.3 -16.3 dBFS
[Parsed_ebur128_0 @ 0x148e05970] t: 22.499979  TARGET:-23 LUFS    M:-166.2 S: -34.4     I: -32.7 LUFS       LRA:  11.5 LU  FTPK:  -inf  -inf dBFS  TPK: -15.3 -16.3 dBFS
[Parsed_ebur128_0 @ 0x148e05970] t: 22.599979  TARGET:-23 LUFS    M:-166.2 S: -34.4     I: -32.7 LUFS       LRA:  11.5 LU  FTPK:  -inf  -inf dBFS  TPK: -15.3 -16.3 dBFS
[Parsed_ebur128_0 @ 0x148e05970] t: 22.699979  TARGET:-23 LUFS    M:-166.2 S: -34.4     I: -32.7 LUFS       LRA:  11.5 LU  FTPK:  -inf  -inf dBFS  TPK: -15.3 -16.3 dBFS
[Parsed_ebur128_0 @ 0x148e05970] t: 22.799979  TARGET:-23 LUFS    M:-166.2 S: -34.4     I: -32.7 LUFS       LRA:  11.5 LU  FTPK:  -inf  -inf dBFS  TPK: -15.3 -16.3 dBFS
[Parsed_ebur128_0 @ 0x148e05970] t: 22.899979  TARGET:-23 LUFS    M:-166.2 S: -34.8     I: -32.7 LUFS       LRA:  11.5 LU  FTPK:  -inf  -inf dBFS  TPK: -15.3 -16.3 dBFS
[Parsed_ebur128_0 @ 0x148e05970] t: 22.999979  TARGET:-23 LUFS    M:-166.2 S: -34.8     I: -32.7 LUFS       LRA:  11.5 LU  FTPK:  -inf  -inf dBFS  TPK: -15.3 -16.3 dBFS
[Parsed_ebur128_0 @ 0x148e05970] t: 23.099979  TARGET:-23 LUFS    M:-166.2 S: -34.8     I: -32.7 LUFS       LRA:  11.5 LU  FTPK:  -inf  -inf dBFS  TPK: -15.3 -16.3 dBFS
[Parsed_ebur128_0 @ 0x148e05970] t: 23.199979  TARGET:-23 LUFS    M:-166.2 S: -34.8     I: -32.7 LUFS       LRA:  11.5 LU  FTPK:  -inf  -inf dBFS  TPK: -15.3 -16.3 dBFS
[Parsed_ebur128_0 @ 0x148e05970] t: 23.299979  TARGET:-23 LUFS    M:-166.2 S: -34.8     I: -32.7 LUFS       LRA:  11.5 LU  FTPK:  -inf  -inf dBFS  TPK: -15.3 -16.3 dBFS
[Parsed_ebur128_0 @ 0x148e05970] t: 23.399979  TARGET:-23 LUFS    M:-166.2 S: -34.8     I: -32.7 LUFS       LRA:  11.5 LU  FTPK:  -inf  -inf dBFS  TPK: -15.3 -16.3 dBFS
[Parsed_ebur128_0 @ 0x148e05970] t: 23.499979  TARGET:-23 LUFS    M:-166.2 S: -34.8     I: -32.7 LUFS       LRA:  11.5 LU  FTPK:  -inf  -inf dBFS  TPK: -15.3 -16.3 dBFS
[Parsed_ebur128_0 @ 0x148e05970] t: 23.599979  TARGET:-23 LUFS    M:-166.2 S: -34.8     I: -32.7 LUFS       LRA:  11.5 LU  FTPK:  -inf  -inf dBFS  TPK: -15.3 -16.3 dBFS
[Parsed_ebur128_0 @ 0x148e05970] t: 23.699979  TARGET:-23 LUFS    M:-166.2 S: -35.8     I: -32.7 LUFS       LRA:  11.5 LU  FTPK:  -inf  -inf dBFS  TPK: -15.3 -16.3 dBFS
[Parsed_ebur128_0 @ 0x148e05970] t: 23.799979  TARGET:-23 LUFS    M:-166.2 S: -37.1     I: -32.7 LUFS       LRA:  11.5 LU  FTPK:  -inf  -inf dBFS  TPK: -15.3 -16.3 dBFS
[Parsed_ebur128_0 @ 0x148e05970] t: 23.899979  TARGET:-23 LUFS    M:-166.2 S: -38.3     I: -32.7 LUFS       LRA:  11.5 LU  FTPK:  -inf  -inf dBFS  TPK: -15.3 -16.3 dBFS
[Parsed_ebur128_0 @ 0x148e05970] t: 23.999979  TARGET:-23 LUFS    M:-166.2 S: -38.3     I: -32.7 LUFS       LRA:  11.5 LU  FTPK:  -inf  -inf dBFS  TPK: -15.3 -16.3 dBFS
[Parsed_ebur128_0 @ 0x148e05970] t: 24.099979  TARGET:-23 LUFS    M:-166.2 S: -38.3     I: -32.7 LUFS       LRA:  11.5 LU  FTPK:  -inf  -inf dBFS  TPK: -15.3 -16.3 dBFS
[Parsed_ebur128_0 @ 0x148e05970] t: 24.199979  TARGET:-23 LUFS    M:-166.2 S: -38.3     I: -32.7 LUFS       LRA:  11.5 LU  FTPK:  -inf  -inf dBFS  TPK: -15.3 -16.3 dBFS
[Parsed_ebur128_0 @ 0x148e05970] t: 24.299979  TARGET:-23 LUFS    M:-166.2 S: -38.3     I: -32.7 LUFS       LRA:  11.5 LU  FTPK:  -inf  -inf dBFS  TPK: -15.3 -16.3 dBFS
[Parsed_ebur128_0 @ 0x148e05970] t: 24.399979  TARGET:-23 LUFS    M:-166.2 S: -38.3     I: -32.7 LUFS       LRA:  11.5 LU  FTPK:  -inf  -inf dBFS  TPK: -15.3 -16.3 dBFS
[Parsed_ebur128_0 @ 0x148e05970] t: 24.499979  TARGET:-23 LUFS    M:-166.2 S: -39.1     I: -32.7 LUFS       LRA:  11.5 LU  FTPK:  -inf  -inf dBFS  TPK: -15.3 -16.3 dBFS
[Parsed_ebur128_0 @ 0x148e05970] t: 24.599979  TARGET:-23 LUFS    M:-166.2 S: -43.1     I: -32.7 LUFS       LRA:  11.5 LU  FTPK:  -inf  -inf dBFS  TPK: -15.3 -16.3 dBFS
[Parsed_ebur128_0 @ 0x148e05970] t: 24.699979  TARGET:-23 LUFS    M:-166.2 S:-149.4     I: -32.7 LUFS       LRA:  11.5 LU  FTPK:  -inf  -inf dBFS  TPK: -15.3 -16.3 dBFS
[Parsed_ebur128_0 @ 0x148e05970] t: 24.799979  TARGET:-23 LUFS    M:-166.2 S:-174.1     I: -32.7 LUFS       LRA:  11.5 LU  FTPK:  -inf  -inf dBFS  TPK: -15.3 -16.3 dBFS
[Parsed_ebur128_0 @ 0x148e05970] t: 24.899979  TARGET:-23 LUFS    M:-166.2 S:-174.1     I: -32.7 LUFS       LRA:  11.5 LU  FTPK:  -inf  -inf dBFS  TPK: -15.3 -16.3 dBFS
[Parsed_ebur128_0 @ 0x148e05970] t: 24.999979  TARGET:-23 LUFS    M:-166.2 S:-174.1     I: -32.7 LUFS       LRA:  11.5 LU  FTPK:  -inf  -inf dBFS  TPK: -15.3 -16.3 dBFS
[Parsed_ebur128_0 @ 0x148e05970] t: 25.099979  TARGET:-23 LUFS    M:-166.2 S:-174.1     I: -32.7 LUFS       LRA:  11.5 LU  FTPK:  -inf  -inf dBFS  TPK: -15.3 -16.3 dBFS
[Parsed_ebur128_0 @ 0x148e05970] t: 25.199979  TARGET:-23 LUFS    M:-166.2 S:-174.1     I: -32.7 LUFS       LRA:  11.5 LU  FTPK:  -inf  -inf dBFS  TPK: -15.3 -16.3 dBFS
[Parsed_ebur128_0 @ 0x148e05970] t: 25.299979  TARGET:-23 LUFS    M:-166.2 S:-174.1     I: -32.7 LUFS       LRA:  11.5 LU  FTPK:  -inf  -inf dBFS  TPK: -15.3 -16.3 dBFS
[Parsed_ebur128_0 @ 0x148e05970] t: 25.399979  TARGET:-23 LUFS    M:-166.2 S:-174.1     I: -32.7 LUFS       LRA:  11.5 LU  FTPK:  -inf  -inf dBFS  TPK: -15.3 -16.3 dBFS
[Parsed_ebur128_0 @ 0x148e05970] t: 25.499979  TARGET:-23 LUFS    M:-166.2 S:-174.1     I: -32.7 LUFS       LRA:  11.5 LU  FTPK:  -inf  -inf dBFS  TPK: -15.3 -16.3 dBFS
[Parsed_ebur128_0 @ 0x148e05970] t: 25.599979  TARGET:-23 LUFS    M:-166.2 S:-174.1     I: -32.7 LUFS       LRA:  11.5 LU  FTPK:  -inf  -inf dBFS  TPK: -15.3 -16.3 dBFS
[Parsed_ebur128_0 @ 0x148e05970] t: 25.699979  TARGET:-23 LUFS    M:-166.2 S:-174.1     I: -32.7 LUFS       LRA:  11.5 LU  FTPK:  -inf  -inf dBFS  TPK: -15.3 -16.3 dBFS
[Parsed_ebur128_0 @ 0x148e05970] t: 25.799979  TARGET:-23 LUFS    M:-166.2 S:-174.1     I: -32.7 LUFS       LRA:  11.5 LU  FTPK:  -inf  -inf dBFS  TPK: -15.3 -16.3 dBFS
[Parsed_ebur128_0 @ 0x148e05970] t: 25.899979  TARGET:-23 LUFS    M:-166.2 S:-174.1     I: -32.7 LUFS       LRA:  11.5 LU  FTPK:  -inf  -inf dBFS  TPK: -15.3 -16.3 dBFS
[Parsed_ebur128_0 @ 0x148e05970] t: 25.999979  TARGET:-23 LUFS    M:-166.2 S:-174.1     I: -32.7 LUFS       LRA:  11.5 LU  FTPK:  -inf  -inf dBFS  TPK: -15.3 -16.3 dBFS
[Parsed_ebur128_0 @ 0x148e05970] t: 26.099979  TARGET:-23 LUFS    M:-166.2 S:-174.1     I: -32.7 LUFS       LRA:  11.5 LU  FTPK:  -inf  -inf dBFS  TPK: -15.3 -16.3 dBFS
[Parsed_ebur128_0 @ 0x148e05970] t: 26.199979  TARGET:-23 LUFS    M:-166.2 S:-174.1     I: -32.7 LUFS       LRA:  11.5 LU  FTPK:  -inf  -inf dBFS  TPK: -15.3 -16.3 dBFS
[Parsed_ebur128_0 @ 0x148e05970] t: 26.299979  TARGET:-23 LUFS    M:-166.2 S:-174.1     I: -32.7 LUFS       LRA:  11.5 LU  FTPK:  -inf  -inf dBFS  TPK: -15.3 -16.3 dBFS
[Parsed_ebur128_0 @ 0x148e05970] t: 26.399979  TARGET:-23 LUFS    M:-166.2 S:-174.1     I: -32.7 LUFS       LRA:  11.5 LU  FTPK:  -inf  -inf dBFS  TPK: -15.3 -16.3 dBFS
[Parsed_ebur128_0 @ 0x148e05970] t: 26.499979  TARGET:-23 LUFS    M:-166.2 S:-174.1     I: -32.7 LUFS       LRA:  11.5 LU  FTPK:  -inf  -inf dBFS  TPK: -15.3 -16.3 dBFS
[Parsed_ebur128_0 @ 0x148e05970] t: 26.599979  TARGET:-23 LUFS    M:-166.2 S:-174.1     I: -32.7 LUFS       LRA:  11.5 LU  FTPK:  -inf  -inf dBFS  TPK: -15.3 -16.3 dBFS
[Parsed_ebur128_0 @ 0x148e05970] t: 26.699979  TARGET:-23 LUFS    M:-166.2 S:-174.1     I: -32.7 LUFS       LRA:  11.5 LU  FTPK:  -inf  -inf dBFS  TPK: -15.3 -16.3 dBFS
[Parsed_ebur128_0 @ 0x148e05970] t: 26.799979  TARGET:-23 LUFS    M:-166.2 S:-174.1     I: -32.7 LUFS       LRA:  11.5 LU  FTPK:  -inf  -inf dBFS  TPK: -15.3 -16.3 dBFS
[Parsed_ebur128_0 @ 0x148e05970] t: 26.899979  TARGET:-23 LUFS    M:-166.2 S:-174.1     I: -32.7 LUFS       LRA:  11.5 LU  FTPK:  -inf  -inf dBFS  TPK: -15.3 -16.3 dBFS
[Parsed_ebur128_0 @ 0x148e05970] t: 26.999979  TARGET:-23 LUFS    M:-166.2 S:-174.1     I: -32.7 LUFS       LRA:  11.5 LU  FTPK:  -inf  -inf dBFS  TPK: -15.3 -16.3 dBFS
[Parsed_ebur128_0 @ 0x148e05970] t: 27.099979  TARGET:-23 LUFS    M:-166.2 S:-174.1     I: -32.7 LUFS       LRA:  11.5 LU  FTPK:  -inf  -inf dBFS  TPK: -15.3 -16.3 dBFS
[Parsed_ebur128_0 @ 0x148e05970] t: 27.199979  TARGET:-23 LUFS    M:-166.2 S:-174.1     I: -32.7 LUFS       LRA:  11.5 LU  FTPK:  -inf  -inf dBFS  TPK: -15.3 -16.3 dBFS
[Parsed_ebur128_0 @ 0x148e05970] t: 27.299979  TARGET:-23 LUFS    M:-166.2 S:-174.1     I: -32.7 LUFS       LRA:  11.5 LU  FTPK:  -inf  -inf dBFS  TPK: -15.3 -16.3 dBFS
[Parsed_ebur128_0 @ 0x148e05970] t: 27.399979  TARGET:-23 LUFS    M:-166.2 S:-174.1     I: -32.7 LUFS       LRA:  11.5 LU  FTPK:  -inf  -inf dBFS  TPK: -15.3 -16.3 dBFS
[Parsed_ebur128_0 @ 0x148e05970] t: 27.499979  TARGET:-23 LUFS    M:-166.2 S:-174.1     I: -32.7 LUFS       LRA:  11.5 LU  FTPK:  -inf  -inf dBFS  TPK: -15.3 -16.3 dBFS
[Parsed_ebur128_0 @ 0x148e05970] t: 27.599979  TARGET:-23 LUFS    M:-166.2 S:-174.1     I: -32.7 LUFS       LRA:  11.5 LU  FTPK:  -inf  -inf dBFS  TPK: -15.3 -16.3 dBFS
[Parsed_ebur128_0 @ 0x148e05970] t: 27.699979  TARGET:-23 LUFS    M:-166.2 S:-174.1     I: -32.7 LUFS       LRA:  11.5 LU  FTPK:  -inf  -inf dBFS  TPK: -15.3 -16.3 dBFS
[Parsed_ebur128_0 @ 0x148e05970] t: 27.799979  TARGET:-23 LUFS    M:-166.2 S:-174.1     I: -32.7 LUFS       LRA:  11.5 LU  FTPK:  -inf  -inf dBFS  TPK: -15.3 -16.3 dBFS
[Parsed_ebur128_0 @ 0x148e05970] t: 27.899979  TARGET:-23 LUFS    M:-166.2 S:-174.1     I: -32.7 LUFS       LRA:  11.5 LU  FTPK:  -inf  -inf dBFS  TPK: -15.3 -16.3 dBFS
[Parsed_ebur128_0 @ 0x148e05970] t: 27.999979  TARGET:-23 LUFS    M:-166.2 S:-174.1     I: -32.7 LUFS       LRA:  11.5 LU  FTPK:  -inf  -inf dBFS  TPK: -15.3 -16.3 dBFS
[Parsed_ebur128_0 @ 0x148e05970] t: 28.099979  TARGET:-23 LUFS    M:-166.2 S:-174.1     I: -32.7 LUFS       LRA:  11.5 LU  FTPK:  -inf  -inf dBFS  TPK: -15.3 -16.3 dBFS
[Parsed_ebur128_0 @ 0x148e05970] t: 28.199979  TARGET:-23 LUFS    M:-166.2 S:-174.1     I: -32.7 LUFS       LRA:  11.5 LU  FTPK:  -inf  -inf dBFS  TPK: -15.3 -16.3 dBFS
[Parsed_ebur128_0 @ 0x148e05970] t: 28.299979  TARGET:-23 LUFS    M:-166.2 S:-174.1     I: -32.7 LUFS       LRA:  11.5 LU  FTPK:  -inf  -inf dBFS  TPK: -15.3 -16.3 dBFS
[Parsed_ebur128_0 @ 0x148e05970] t: 28.399979  TARGET:-23 LUFS    M:-166.2 S:-174.1     I: -32.7 LUFS       LRA:  11.5 LU  FTPK:  -inf  -inf dBFS  TPK: -15.3 -16.3 dBFS
[Parsed_ebur128_0 @ 0x148e05970] t: 28.499979  TARGET:-23 LUFS    M:-166.2 S:-174.1     I: -32.7 LUFS       LRA:  11.5 LU  FTPK:  -inf  -inf dBFS  TPK: -15.3 -16.3 dBFS
[Parsed_ebur128_0 @ 0x148e05970] t: 28.599979  TARGET:-23 LUFS    M:-166.2 S:-174.1     I: -32.7 LUFS       LRA:  11.5 LU  FTPK:  -inf  -inf dBFS  TPK: -15.3 -16.3 dBFS
[Parsed_ebur128_0 @ 0x148e05970] t: 28.699979  TARGET:-23 LUFS    M:-166.2 S:-174.1     I: -32.7 LUFS       LRA:  11.5 LU  FTPK:  -inf  -inf dBFS  TPK: -15.3 -16.3 dBFS
[Parsed_ebur128_0 @ 0x148e05970] t: 28.799979  TARGET:-23 LUFS    M:-166.2 S:-174.1     I: -32.7 LUFS       LRA:  11.5 LU  FTPK:  -inf  -inf dBFS  TPK: -15.3 -16.3 dBFS
[Parsed_ebur128_0 @ 0x148e05970] t: 28.899979  TARGET:-23 LUFS    M:-166.2 S:-174.1     I: -32.7 LUFS       LRA:  11.5 LU  FTPK:  -inf  -inf dBFS  TPK: -15.3 -16.3 dBFS
[Parsed_ebur128_0 @ 0x148e05970] t: 28.999979  TARGET:-23 LUFS    M:-166.2 S:-174.1     I: -32.7 LUFS       LRA:  11.5 LU  FTPK:  -inf  -inf dBFS  TPK: -15.3 -16.3 dBFS
[Parsed_ebur128_0 @ 0x148e05970] t: 29.099979  TARGET:-23 LUFS    M:-166.2 S:-174.1     I: -32.7 LUFS       LRA:  11.5 LU  FTPK:  -inf  -inf dBFS  TPK: -15.3 -16.3 dBFS
[Parsed_ebur128_0 @ 0x148e05970] t: 29.199979  TARGET:-23 LUFS    M:-166.2 S:-174.1     I: -32.7 LUFS       LRA:  11.5 LU  FTPK:  -inf  -inf dBFS  TPK: -15.3 -16.3 dBFS
[Parsed_ebur128_0 @ 0x148e05970] t: 29.299979  TARGET:-23 LUFS    M:-166.2 S:-174.1     I: -32.7 LUFS       LRA:  11.5 LU  FTPK:  -inf  -inf dBFS  TPK: -15.3 -16.3 dBFS
[Parsed_ebur128_0 @ 0x148e05970] t: 29.399979  TARGET:-23 LUFS    M:-166.2 S:-174.1     I: -32.7 LUFS       LRA:  11.5 LU  FTPK:  -inf  -inf dBFS  TPK: -15.3 -16.3 dBFS
[Parsed_ebur128_0 @ 0x148e05970] t: 29.499979  TARGET:-23 LUFS    M:-166.2 S:-174.1     I: -32.7 LUFS       LRA:  11.5 LU  FTPK:  -inf  -inf dBFS  TPK: -15.3 -16.3 dBFS
[Parsed_ebur128_0 @ 0x148e05970] t: 29.599979  TARGET:-23 LUFS    M:-166.2 S:-174.1     I: -32.7 LUFS       LRA:  11.5 LU  FTPK:  -inf  -inf dBFS  TPK: -15.3 -16.3 dBFS
[Parsed_ebur128_0 @ 0x148e05970] t: 29.699979  TARGET:-23 LUFS    M:-166.2 S:-174.1     I: -32.7 LUFS       LRA:  11.5 LU  FTPK:  -inf  -inf dBFS  TPK: -15.3 -16.3 dBFS
[Parsed_ebur128_0 @ 0x148e05970] t: 29.799979  TARGET:-23 LUFS    M:-166.2 S:-174.1     I: -32.7 LUFS       LRA:  11.5 LU  FTPK:  -inf  -inf dBFS  TPK: -15.3 -16.3 dBFS
[Parsed_ebur128_0 @ 0x148e05970] t: 29.899979  TARGET:-23 LUFS    M:-166.2 S:-174.1     I: -32.7 LUFS       LRA:  11.5 LU  FTPK:  -inf  -inf dBFS  TPK: -15.3 -16.3 dBFS
[Parsed_ebur128_0 @ 0x148e05970] t: 29.999979  TARGET:-23 LUFS    M:-166.2 S:-174.1     I: -32.7 LUFS       LRA:  11.5 LU  FTPK:  -inf  -inf dBFS  TPK: -15.3 -16.3 dBFS
[Parsed_ebur128_0 @ 0x148e05970] t: 30.099979  TARGET:-23 LUFS    M:-166.2 S:-174.1     I: -32.7 LUFS       LRA:  11.5 LU  FTPK:  -inf  -inf dBFS  TPK: -15.3 -16.3 dBFS
[Parsed_ebur128_0 @ 0x148e05970] t: 30.199979  TARGET:-23 LUFS    M:-166.2 S:-174.1     I: -32.7 LUFS       LRA:  11.5 LU  FTPK:  -inf  -inf dBFS  TPK: -15.3 -16.3 dBFS
[Parsed_ebur128_0 @ 0x148e05970] t: 30.299979  TARGET:-23 LUFS    M:-166.2 S:-174.1     I: -32.7 LUFS       LRA:  11.5 LU  FTPK:  -inf  -inf dBFS  TPK: -15.3 -16.3 dBFS
[Parsed_ebur128_0 @ 0x148e05970] t: 30.399979  TARGET:-23 LUFS    M:-166.2 S:-174.1     I: -32.7 LUFS       LRA:  11.5 LU  FTPK:  -inf  -inf dBFS  TPK: -15.3 -16.3 dBFS
[Parsed_ebur128_0 @ 0x148e05970] t: 30.499979  TARGET:-23 LUFS    M:-166.2 S:-174.1     I: -32.7 LUFS       LRA:  11.5 LU  FTPK:  -inf  -inf dBFS  TPK: -15.3 -16.3 dBFS
[Parsed_ebur128_0 @ 0x148e05970] t: 30.599979  TARGET:-23 LUFS    M:-166.2 S:-174.1     I: -32.7 LUFS       LRA:  11.5 LU  FTPK:  -inf  -inf dBFS  TPK: -15.3 -16.3 dBFS
[Parsed_ebur128_0 @ 0x148e05970] t: 30.699979  TARGET:-23 LUFS    M:-166.2 S:-174.1     I: -32.7 LUFS       LRA:  11.5 LU  FTPK:  -inf  -inf dBFS  TPK: -15.3 -16.3 dBFS
[Parsed_ebur128_0 @ 0x148e05970] t: 30.799979  TARGET:-23 LUFS    M:-166.2 S:-174.1     I: -32.7 LUFS       LRA:  11.5 LU  FTPK:  -inf  -inf dBFS  TPK: -15.3 -16.3 dBFS
[Parsed_ebur128_0 @ 0x148e05970] t: 30.899979  TARGET:-23 LUFS    M:-166.2 S:-174.1     I: -32.7 LUFS       LRA:  11.5 LU  FTPK:  -inf  -inf dBFS  TPK: -15.3 -16.3 dBFS
[Parsed_ebur128_0 @ 0x148e05970] t: 30.999979  TARGET:-23 LUFS    M:-166.2 S:-174.1     I: -32.7 LUFS       LRA:  11.5 LU  FTPK:  -inf  -inf dBFS  TPK: -15.3 -16.3 dBFS
[Parsed_ebur128_0 @ 0x148e05970] t: 31.099979  TARGET:-23 LUFS    M:-166.2 S:-174.1     I: -32.7 LUFS       LRA:  11.5 LU  FTPK:  -inf  -inf dBFS  TPK: -15.3 -16.3 dBFS
[Parsed_ebur128_0 @ 0x148e05970] t: 31.199979  TARGET:-23 LUFS    M:-166.2 S:-174.1     I: -32.7 LUFS       LRA:  11.5 LU  FTPK:  -inf  -inf dBFS  TPK: -15.3 -16.3 dBFS
[Parsed_ebur128_0 @ 0x148e05970] t: 31.299979  TARGET:-23 LUFS    M:-166.2 S:-174.1     I: -32.7 LUFS       LRA:  11.5 LU  FTPK:  -inf  -inf dBFS  TPK: -15.3 -16.3 dBFS
[Parsed_ebur128_0 @ 0x148e05970] t: 31.399979  TARGET:-23 LUFS    M:-166.2 S:-174.1     I: -32.7 LUFS       LRA:  11.5 LU  FTPK:  -inf  -inf dBFS  TPK: -15.3 -16.3 dBFS
[Parsed_ebur128_0 @ 0x148e05970] t: 31.499979  TARGET:-23 LUFS    M:-166.2 S:-174.1     I: -32.7 LUFS       LRA:  11.5 LU  FTPK:  -inf  -inf dBFS  TPK: -15.3 -16.3 dBFS
[Parsed_ebur128_0 @ 0x148e05970] t: 31.599979  TARGET:-23 LUFS    M:-166.2 S:-174.1     I: -32.7 LUFS       LRA:  11.5 LU  FTPK:  -inf  -inf dBFS  TPK: -15.3 -16.3 dBFS
[Parsed_ebur128_0 @ 0x148e05970] t: 31.699979  TARGET:-23 LUFS    M:-166.2 S:-174.1     I: -32.7 LUFS       LRA:  11.5 LU  FTPK:  -inf  -inf dBFS  TPK: -15.3 -16.3 dBFS
[Parsed_ebur128_0 @ 0x148e05970] t: 31.799979  TARGET:-23 LUFS    M:-166.2 S:-174.1     I: -32.7 LUFS       LRA:  11.5 LU  FTPK:  -inf  -inf dBFS  TPK: -15.3 -16.3 dBFS
[Parsed_ebur128_0 @ 0x148e05970] t: 31.899979  TARGET:-23 LUFS    M:-166.2 S:-174.1     I: -32.7 LUFS       LRA:  11.5 LU  FTPK:  -inf  -inf dBFS  TPK: -15.3 -16.3 dBFS
[Parsed_ebur128_0 @ 0x148e05970] t: 31.999979  TARGET:-23 LUFS    M:-166.2 S:-174.1     I: -32.7 LUFS       LRA:  11.5 LU  FTPK:  -inf  -inf dBFS  TPK: -15.3 -16.3 dBFS
[Parsed_ebur128_0 @ 0x148e05970] t: 32.099979  TARGET:-23 LUFS    M:-166.2 S:-174.1     I: -32.7 LUFS       LRA:  11.5 LU  FTPK:  -inf  -inf dBFS  TPK: -15.3 -16.3 dBFS
[Parsed_ebur128_0 @ 0x148e05970] t: 32.199979  TARGET:-23 LUFS    M:-166.2 S:-174.1     I: -32.7 LUFS       LRA:  11.5 LU  FTPK:  -inf  -inf dBFS  TPK: -15.3 -16.3 dBFS
[Parsed_ebur128_0 @ 0x148e05970] t: 32.299979  TARGET:-23 LUFS    M:-166.2 S:-174.1     I: -32.7 LUFS       LRA:  11.5 LU  FTPK:  -inf  -inf dBFS  TPK: -15.3 -16.3 dBFS
[Parsed_ebur128_0 @ 0x148e05970] t: 32.399979  TARGET:-23 LUFS    M:-166.2 S:-174.1     I: -32.7 LUFS       LRA:  11.5 LU  FTPK:  -inf  -inf dBFS  TPK: -15.3 -16.3 dBFS
[Parsed_ebur128_0 @ 0x148e05970] t: 32.499979  TARGET:-23 LUFS    M:-166.2 S:-174.1     I: -32.7 LUFS       LRA:  11.5 LU  FTPK:  -inf  -inf dBFS  TPK: -15.3 -16.3 dBFS
[Parsed_ebur128_0 @ 0x148e05970] t: 32.599979  TARGET:-23 LUFS    M:-166.2 S:-174.1     I: -32.7 LUFS       LRA:  11.5 LU  FTPK:  -inf  -inf dBFS  TPK: -15.3 -16.3 dBFS
[Parsed_ebur128_0 @ 0x148e05970] t: 32.699979  TARGET:-23 LUFS    M:-166.2 S:-174.1     I: -32.7 LUFS       LRA:  11.5 LU  FTPK:  -inf  -inf dBFS  TPK: -15.3 -16.3 dBFS
[Parsed_ebur128_0 @ 0x148e05970] t: 32.799979  TARGET:-23 LUFS    M:-166.2 S:-174.1     I: -32.7 LUFS       LRA:  11.5 LU  FTPK:  -inf  -inf dBFS  TPK: -15.3 -16.3 dBFS
[Parsed_ebur128_0 @ 0x148e05970] t: 32.899979  TARGET:-23 LUFS    M:-166.2 S:-174.1     I: -32.7 LUFS       LRA:  11.5 LU  FTPK:  -inf  -inf dBFS  TPK: -15.3 -16.3 dBFS
[Parsed_ebur128_0 @ 0x148e05970] t: 32.999979  TARGET:-23 LUFS    M:-166.2 S:-174.1     I: -32.7 LUFS       LRA:  11.5 LU  FTPK:  -inf  -inf dBFS  TPK: -15.3 -16.3 dBFS
[Parsed_ebur128_0 @ 0x148e05970] t: 33.099979  TARGET:-23 LUFS    M:-166.2 S:-174.1     I: -32.7 LUFS       LRA:  11.5 LU  FTPK:  -inf  -inf dBFS  TPK: -15.3 -16.3 dBFS
[Parsed_ebur128_0 @ 0x148e05970] t: 33.199979  TARGET:-23 LUFS    M:-166.2 S:-174.1     I: -32.7 LUFS       LRA:  11.5 LU  FTPK:  -inf  -inf dBFS  TPK: -15.3 -16.3 dBFS
[Parsed_ebur128_0 @ 0x148e05970] t: 33.299979  TARGET:-23 LUFS    M:-166.2 S:-174.1     I: -32.7 LUFS       LRA:  11.5 LU  FTPK:  -inf  -inf dBFS  TPK: -15.3 -16.3 dBFS
[Parsed_ebur128_0 @ 0x148e05970] t: 33.399979  TARGET:-23 LUFS    M:-166.2 S:-174.1     I: -32.7 LUFS       LRA:  11.5 LU  FTPK:  -inf  -inf dBFS  TPK: -15.3 -16.3 dBFS
[Parsed_ebur128_0 @ 0x148e05970] t: 33.499979  TARGET:-23 LUFS    M:-166.2 S:-174.1     I: -32.7 LUFS       LRA:  11.5 LU  FTPK:  -inf  -inf dBFS  TPK: -15.3 -16.3 dBFS
[Parsed_ebur128_0 @ 0x148e05970] t: 33.599979  TARGET:-23 LUFS    M:-166.2 S:-174.1     I: -32.7 LUFS       LRA:  11.5 LU  FTPK:  -inf  -inf dBFS  TPK: -15.3 -16.3 dBFS
[Parsed_ebur128_0 @ 0x148e05970] t: 33.699979  TARGET:-23 LUFS    M:-166.2 S:-174.1     I: -32.7 LUFS       LRA:  11.5 LU  FTPK:  -inf  -inf dBFS  TPK: -15.3 -16.3 dBFS
[Parsed_ebur128_0 @ 0x148e05970] t: 33.799979  TARGET:-23 LUFS    M:-166.2 S:-174.1     I: -32.7 LUFS       LRA:  11.5 LU  FTPK:  -inf  -inf dBFS  TPK: -15.3 -16.3 dBFS
[Parsed_ebur128_0 @ 0x148e05970] t: 33.899979  TARGET:-23 LUFS    M:-166.2 S:-174.1     I: -32.7 LUFS       LRA:  11.5 LU  FTPK:  -inf  -inf dBFS  TPK: -15.3 -16.3 dBFS
[Parsed_ebur128_0 @ 0x148e05970] t: 33.999979  TARGET:-23 LUFS    M:-166.2 S:-174.1     I: -32.7 LUFS       LRA:  11.5 LU  FTPK:  -inf  -inf dBFS  TPK: -15.3 -16.3 dBFS
[Parsed_ebur128_0 @ 0x148e05970] t: 34.099979  TARGET:-23 LUFS    M:-166.2 S:-174.1     I: -32.7 LUFS       LRA:  11.5 LU  FTPK:  -inf  -inf dBFS  TPK: -15.3 -16.3 dBFS
[Parsed_ebur128_0 @ 0x148e05970] t: 34.199979  TARGET:-23 LUFS    M:-166.2 S:-174.1     I: -32.7 LUFS       LRA:  11.5 LU  FTPK:  -inf  -inf dBFS  TPK: -15.3 -16.3 dBFS
[Parsed_ebur128_0 @ 0x148e05970] t: 34.299979  TARGET:-23 LUFS    M:-166.2 S:-174.1     I: -32.7 LUFS       LRA:  11.5 LU  FTPK:  -inf  -inf dBFS  TPK: -15.3 -16.3 dBFS
[Parsed_ebur128_0 @ 0x148e05970] t: 34.399979  TARGET:-23 LUFS    M:-166.2 S:-174.1     I: -32.7 LUFS       LRA:  11.5 LU  FTPK:  -inf  -inf dBFS  TPK: -15.3 -16.3 dBFS
[Parsed_ebur128_0 @ 0x148e05970] t: 34.499979  TARGET:-23 LUFS    M:-166.2 S:-174.1     I: -32.7 LUFS       LRA:  11.5 LU  FTPK:  -inf  -inf dBFS  TPK: -15.3 -16.3 dBFS
[Parsed_ebur128_0 @ 0x148e05970] t: 34.599979  TARGET:-23 LUFS    M:-166.2 S:-174.1     I: -32.7 LUFS       LRA:  11.5 LU  FTPK:  -inf  -inf dBFS  TPK: -15.3 -16.3 dBFS
[Parsed_ebur128_0 @ 0x148e05970] t: 34.699979  TARGET:-23 LUFS    M:-166.2 S:-174.1     I: -32.7 LUFS       LRA:  11.5 LU  FTPK:  -inf  -inf dBFS  TPK: -15.3 -16.3 dBFS
[Parsed_ebur128_0 @ 0x148e05970] t: 34.799979  TARGET:-23 LUFS    M:-166.2 S:-174.1     I: -32.7 LUFS       LRA:  11.5 LU  FTPK:  -inf  -inf dBFS  TPK: -15.3 -16.3 dBFS
[Parsed_ebur128_0 @ 0x148e05970] t: 34.899979  TARGET:-23 LUFS    M:-166.2 S:-174.1     I: -32.7 LUFS       LRA:  11.5 LU  FTPK:  -inf  -inf dBFS  TPK: -15.3 -16.3 dBFS
[Parsed_ebur128_0 @ 0x148e05970] t: 34.999979  TARGET:-23 LUFS    M:-166.2 S:-174.1     I: -32.7 LUFS       LRA:  11.5 LU  FTPK:  -inf  -inf dBFS  TPK: -15.3 -16.3 dBFS
[Parsed_ebur128_0 @ 0x148e05970] t: 35.099979  TARGET:-23 LUFS    M:-166.2 S:-174.1     I: -32.7 LUFS       LRA:  11.5 LU  FTPK:  -inf  -inf dBFS  TPK: -15.3 -16.3 dBFS
[Parsed_ebur128_0 @ 0x148e05970] t: 35.199979  TARGET:-23 LUFS    M:-166.2 S:-174.1     I: -32.7 LUFS       LRA:  11.5 LU  FTPK:  -inf  -inf dBFS  TPK: -15.3 -16.3 dBFS
[Parsed_ebur128_0 @ 0x148e05970] t: 35.299979  TARGET:-23 LUFS    M:-166.2 S:-174.1     I: -32.7 LUFS       LRA:  11.5 LU  FTPK:  -inf  -inf dBFS  TPK: -15.3 -16.3 dBFS
[Parsed_ebur128_0 @ 0x148e05970] t: 35.399979  TARGET:-23 LUFS    M:-118.9 S:-127.6     I: -32.7 LUFS       LRA:  11.5 LU  FTPK: -89.1 -89.1 dBFS  TPK: -15.3 -16.3 dBFS
[Parsed_ebur128_0 @ 0x148e05970] t: 35.499979  TARGET:-23 LUFS    M: -34.1 S: -42.9     I: -32.8 LUFS       LRA:  11.5 LU  FTPK: -16.9 -16.9 dBFS  TPK: -15.3 -16.3 dBFS
[Parsed_ebur128_0 @ 0x148e05970] t: 35.599979  TARGET:-23 LUFS    M: -34.1 S: -42.9     I: -32.8 LUFS       LRA:  11.5 LU  FTPK: -40.4 -40.4 dBFS  TPK: -15.3 -16.3 dBFS
[Parsed_ebur128_0 @ 0x148e05970] t: 35.699979  TARGET:-23 LUFS    M: -34.1 S: -42.9     I: -32.9 LUFS       LRA:  11.5 LU  FTPK: -136.2 -136.2 dBFS  TPK: -15.3 -16.3 dBFS
[Parsed_ebur128_0 @ 0x148e05970] t: 35.799979  TARGET:-23 LUFS    M: -34.1 S: -42.9     I: -32.9 LUFS       LRA:  11.5 LU  FTPK:  -inf  -inf dBFS  TPK: -15.3 -16.3 dBFS
[Parsed_ebur128_0 @ 0x148e05970] t: 35.899979  TARGET:-23 LUFS    M: -55.7 S: -42.9     I: -32.9 LUFS       LRA:  11.5 LU  FTPK:  -inf  -inf dBFS  TPK: -15.3 -16.3 dBFS
[Parsed_ebur128_0 @ 0x148e05970] t: 35.999979  TARGET:-23 LUFS    M: -34.0 S: -39.8     I: -32.9 LUFS       LRA:  11.5 LU  FTPK: -15.3 -16.3 dBFS  TPK: -15.3 -16.3 dBFS
[Parsed_ebur128_0 @ 0x148e05970] t: 36.099979  TARGET:-23 LUFS    M: -34.0 S: -39.8     I: -33.0 LUFS       LRA:  11.5 LU  FTPK: -37.4 -38.4 dBFS  TPK: -15.3 -16.3 dBFS
[Parsed_ebur128_0 @ 0x148e05970] t: 36.199979  TARGET:-23 LUFS    M: -34.0 S: -39.8     I: -33.0 LUFS       LRA:  11.5 LU  FTPK:  -inf  -inf dBFS  TPK: -15.3 -16.3 dBFS
[Parsed_ebur128_0 @ 0x148e05970] t: 36.299979  TARGET:-23 LUFS    M: -34.0 S: -39.8     I: -33.0 LUFS       LRA:  11.5 LU  FTPK:  -inf  -inf dBFS  TPK: -15.3 -16.3 dBFS
[Parsed_ebur128_0 @ 0x148e05970] t: 36.399979  TARGET:-23 LUFS    M: -56.2 S: -39.8     I: -33.1 LUFS       LRA:  11.5 LU  FTPK:  -inf  -inf dBFS  TPK: -15.3 -16.3 dBFS
[Parsed_ebur128_0 @ 0x148e05970] t: 36.499979  TARGET:-23 LUFS    M:-166.6 S: -39.8     I: -33.1 LUFS       LRA:  11.5 LU  FTPK:  -inf  -inf dBFS  TPK: -15.3 -16.3 dBFS
[Parsed_ebur128_0 @ 0x148e05970] t: 36.599979  TARGET:-23 LUFS    M:-166.6 S: -39.8     I: -33.1 LUFS       LRA:  11.5 LU  FTPK:  -inf  -inf dBFS  TPK: -15.3 -16.3 dBFS
[Parsed_ebur128_0 @ 0x148e05970] t: 36.699979  TARGET:-23 LUFS    M:-166.6 S: -39.8     I: -33.1 LUFS       LRA:  11.5 LU  FTPK:  -inf  -inf dBFS  TPK: -15.3 -16.3 dBFS
[Parsed_ebur128_0 @ 0x148e05970] t: 36.799979  TARGET:-23 LUFS    M:-166.6 S: -39.8     I: -33.1 LUFS       LRA:  11.5 LU  FTPK:  -inf  -inf dBFS  TPK: -15.3 -16.3 dBFS
[Parsed_ebur128_0 @ 0x148e05970] t: 36.899979  TARGET:-23 LUFS    M:-166.6 S: -39.8     I: -33.1 LUFS       LRA:  11.5 LU  FTPK:  -inf  -inf dBFS  TPK: -15.3 -16.3 dBFS
[Parsed_ebur128_0 @ 0x148e05970] t: 36.999979  TARGET:-23 LUFS    M:-166.6 S: -39.8     I: -33.1 LUFS       LRA:  11.5 LU  FTPK:  -inf  -inf dBFS  TPK: -15.3 -16.3 dBFS
[Parsed_ebur128_0 @ 0x148e05970] t: 37.099979  TARGET:-23 LUFS    M:-166.6 S: -39.8     I: -33.1 LUFS       LRA:  11.5 LU  FTPK:  -inf  -inf dBFS  TPK: -15.3 -16.3 dBFS
[Parsed_ebur128_0 @ 0x148e05970] t: 37.199979  TARGET:-23 LUFS    M:-166.6 S: -39.8     I: -33.1 LUFS       LRA:  11.5 LU  FTPK:  -inf  -inf dBFS  TPK: -15.3 -16.3 dBFS
[Parsed_ebur128_0 @ 0x148e05970] t: 37.299979  TARGET:-23 LUFS    M:-166.6 S: -39.8     I: -33.1 LUFS       LRA:  11.5 LU  FTPK:  -inf  -inf dBFS  TPK: -15.3 -16.3 dBFS
[Parsed_ebur128_0 @ 0x148e05970] t: 37.399979  TARGET:-23 LUFS    M:-166.6 S: -39.8     I: -33.1 LUFS       LRA:  11.5 LU  FTPK:  -inf  -inf dBFS  TPK: -15.3 -16.3 dBFS
[Parsed_ebur128_0 @ 0x148e05970] t: 37.499979  TARGET:-23 LUFS    M:-166.6 S: -39.8     I: -33.1 LUFS       LRA:  11.5 LU  FTPK:  -inf  -inf dBFS  TPK: -15.3 -16.3 dBFS
[Parsed_ebur128_0 @ 0x148e05970] t: 37.599979  TARGET:-23 LUFS    M:-166.6 S: -39.8     I: -33.1 LUFS       LRA:  11.5 LU  FTPK:  -inf  -inf dBFS  TPK: -15.3 -16.3 dBFS
[Parsed_ebur128_0 @ 0x148e05970] t: 37.699979  TARGET:-23 LUFS    M:-166.6 S: -39.8     I: -33.1 LUFS       LRA:  11.5 LU  FTPK:  -inf  -inf dBFS  TPK: -15.3 -16.3 dBFS
[Parsed_ebur128_0 @ 0x148e05970] t: 37.799979  TARGET:-23 LUFS    M:-166.6 S: -39.8     I: -33.1 LUFS       LRA:  11.5 LU  FTPK:  -inf  -inf dBFS  TPK: -15.3 -16.3 dBFS
[Parsed_ebur128_0 @ 0x148e05970] t: 37.899979  TARGET:-23 LUFS    M:-166.6 S: -39.8     I: -33.1 LUFS       LRA:  11.5 LU  FTPK:  -inf  -inf dBFS  TPK: -15.3 -16.3 dBFS
[Parsed_ebur128_0 @ 0x148e05970] t: 37.999979  TARGET:-23 LUFS    M:-166.6 S: -39.8     I: -33.1 LUFS       LRA:  11.5 LU  FTPK:  -inf  -inf dBFS  TPK: -15.3 -16.3 dBFS
[Parsed_ebur128_0 @ 0x148e05970] t: 38.099979  TARGET:-23 LUFS    M:-166.6 S: -39.8     I: -33.1 LUFS       LRA:  11.5 LU  FTPK:  -inf  -inf dBFS  TPK: -15.3 -16.3 dBFS
[Parsed_ebur128_0 @ 0x148e05970] t: 38.199979  TARGET:-23 LUFS    M:-166.6 S: -39.8     I: -33.1 LUFS       LRA:  11.5 LU  FTPK:  -inf  -inf dBFS  TPK: -15.3 -16.3 dBFS
[Parsed_ebur128_0 @ 0x148e05970] t: 38.299979  TARGET:-23 LUFS    M:-166.6 S: -39.8     I: -33.1 LUFS       LRA:  11.5 LU  FTPK:  -inf  -inf dBFS  TPK: -15.3 -16.3 dBFS
[Parsed_ebur128_0 @ 0x148e05970] t: 38.399979  TARGET:-23 LUFS    M:-166.6 S: -39.8     I: -33.1 LUFS       LRA:  11.5 LU  FTPK:  -inf  -inf dBFS  TPK: -15.3 -16.3 dBFS
[Parsed_ebur128_0 @ 0x148e05970] t: 38.499979  TARGET:-23 LUFS    M:-166.6 S: -42.7     I: -33.1 LUFS       LRA:  11.5 LU  FTPK:  -inf  -inf dBFS  TPK: -15.3 -16.3 dBFS
[Parsed_ebur128_0 @ 0x148e05970] t: 38.599979  TARGET:-23 LUFS    M:-166.6 S: -42.7     I: -33.1 LUFS       LRA:  11.5 LU  FTPK:  -inf  -inf dBFS  TPK: -15.3 -16.3 dBFS
[Parsed_ebur128_0 @ 0x148e05970] t: 38.699979  TARGET:-23 LUFS    M:-166.6 S: -42.7     I: -33.1 LUFS       LRA:  11.5 LU  FTPK:  -inf  -inf dBFS  TPK: -15.3 -16.3 dBFS
[Parsed_ebur128_0 @ 0x148e05970] t: 38.799979  TARGET:-23 LUFS    M:-166.6 S: -42.7     I: -33.1 LUFS       LRA:  11.5 LU  FTPK:  -inf  -inf dBFS  TPK: -15.3 -16.3 dBFS
[Parsed_ebur128_0 @ 0x148e05970] t: 38.899979  TARGET:-23 LUFS    M:-166.6 S: -42.7     I: -33.1 LUFS       LRA:  11.5 LU  FTPK:  -inf  -inf dBFS  TPK: -15.3 -16.3 dBFS
[Parsed_ebur128_0 @ 0x148e05970] t: 38.999979  TARGET:-23 LUFS    M:-166.6 S: -65.0     I: -33.1 LUFS       LRA:  11.5 LU  FTPK:  -inf  -inf dBFS  TPK: -15.3 -16.3 dBFS
[Parsed_ebur128_0 @ 0x148e05970] t: 39.099979  TARGET:-23 LUFS    M:-166.6 S:-174.6     I: -33.1 LUFS       LRA:  11.5 LU  FTPK:  -inf  -inf dBFS  TPK: -15.3 -16.3 dBFS
[Parsed_ebur128_0 @ 0x148e05970] t: 39.199979  TARGET:-23 LUFS    M:-166.6 S:-174.6     I: -33.1 LUFS       LRA:  11.5 LU  FTPK:  -inf  -inf dBFS  TPK: -15.3 -16.3 dBFS
[Parsed_ebur128_0 @ 0x148e05970] t: 39.299979  TARGET:-23 LUFS    M:-166.6 S:-174.6     I: -33.1 LUFS       LRA:  11.5 LU  FTPK:  -inf  -inf dBFS  TPK: -15.3 -16.3 dBFS
[Parsed_ebur128_0 @ 0x148e05970] t: 39.399979  TARGET:-23 LUFS    M:-166.6 S:-174.6     I: -33.1 LUFS       LRA:  11.5 LU  FTPK:  -inf  -inf dBFS  TPK: -15.3 -16.3 dBFS
[Parsed_ebur128_0 @ 0x148e05970] t: 39.499979  TARGET:-23 LUFS    M:-166.6 S:-174.6     I: -33.1 LUFS       LRA:  11.5 LU  FTPK:  -inf  -inf dBFS  TPK: -15.3 -16.3 dBFS
[Parsed_ebur128_0 @ 0x148e05970] t: 39.599979  TARGET:-23 LUFS    M:-166.6 S:-174.6     I: -33.1 LUFS       LRA:  11.5 LU  FTPK:  -inf  -inf dBFS  TPK: -15.3 -16.3 dBFS
[Parsed_ebur128_0 @ 0x148e05970] t: 39.699979  TARGET:-23 LUFS    M:-166.6 S:-174.6     I: -33.1 LUFS       LRA:  11.5 LU  FTPK:  -inf  -inf dBFS  TPK: -15.3 -16.3 dBFS
[Parsed_ebur128_0 @ 0x148e05970] t: 39.799979  TARGET:-23 LUFS    M:-166.6 S:-174.6     I: -33.1 LUFS       LRA:  11.5 LU  FTPK:  -inf  -inf dBFS  TPK: -15.3 -16.3 dBFS
[Parsed_ebur128_0 @ 0x148e05970] t: 39.899979  TARGET:-23 LUFS    M:-166.6 S:-174.6     I: -33.1 LUFS       LRA:  11.5 LU  FTPK:  -inf  -inf dBFS  TPK: -15.3 -16.3 dBFS
[Parsed_ebur128_0 @ 0x148e05970] t: 39.999979  TARGET:-23 LUFS    M:-166.6 S:-174.6     I: -33.1 LUFS       LRA:  11.5 LU  FTPK:  -inf  -inf dBFS  TPK: -15.3 -16.3 dBFS
[Parsed_ebur128_0 @ 0x148e05970] t: 40.099979  TARGET:-23 LUFS    M:-166.6 S:-174.6     I: -33.1 LUFS       LRA:  11.5 LU  FTPK:  -inf  -inf dBFS  TPK: -15.3 -16.3 dBFS
[Parsed_ebur128_0 @ 0x148e05970] t: 40.199979  TARGET:-23 LUFS    M:-166.6 S:-174.6     I: -33.1 LUFS       LRA:  11.5 LU  FTPK:  -inf  -inf dBFS  TPK: -15.3 -16.3 dBFS
[Parsed_ebur128_0 @ 0x148e05970] t: 40.299979  TARGET:-23 LUFS    M:-166.6 S:-174.6     I: -33.1 LUFS       LRA:  11.5 LU  FTPK:  -inf  -inf dBFS  TPK: -15.3 -16.3 dBFS
[Parsed_ebur128_0 @ 0x148e05970] t: 40.399979  TARGET:-23 LUFS    M:-166.6 S:-174.6     I: -33.1 LUFS       LRA:  11.5 LU  FTPK:  -inf  -inf dBFS  TPK: -15.3 -16.3 dBFS
[Parsed_ebur128_0 @ 0x148e05970] t: 40.499979  TARGET:-23 LUFS    M:-166.6 S:-174.6     I: -33.1 LUFS       LRA:  11.5 LU  FTPK:  -inf  -inf dBFS  TPK: -15.3 -16.3 dBFS
[Parsed_ebur128_0 @ 0x148e05970] t: 40.599979  TARGET:-23 LUFS    M:-166.6 S:-174.6     I: -33.1 LUFS       LRA:  11.5 LU  FTPK:  -inf  -inf dBFS  TPK: -15.3 -16.3 dBFS
[Parsed_ebur128_0 @ 0x148e05970] t: 40.699979  TARGET:-23 LUFS    M: -36.1 S: -44.9     I: -33.2 LUFS       LRA:  11.5 LU  FTPK: -15.2 -16.3 dBFS  TPK: -15.2 -16.3 dBFS
[Parsed_ebur128_0 @ 0x148e05970] t: 40.799979  TARGET:-23 LUFS    M: -36.1 S: -44.8     I: -33.2 LUFS       LRA:  11.5 LU  FTPK: -37.2 -38.2 dBFS  TPK: -15.2 -16.3 dBFS
[Parsed_ebur128_0 @ 0x148e05970] t: 40.899979  TARGET:-23 LUFS    M: -36.1 S: -44.8     I: -33.3 LUFS       LRA:  11.5 LU  FTPK: -172.9 -172.5 dBFS  TPK: -15.2 -16.3 dBFS
[Parsed_ebur128_0 @ 0x148e05970] t: 40.999979  TARGET:-23 LUFS    M: -36.1 S: -44.8     I: -33.3 LUFS       LRA:  11.5 LU  FTPK:  -inf  -inf dBFS  TPK: -15.2 -16.3 dBFS
[Parsed_ebur128_0 @ 0x148e05970] t: 41.099979  TARGET:-23 LUFS    M: -54.4 S: -44.8     I: -33.3 LUFS       LRA:  11.5 LU  FTPK:  -inf  -inf dBFS  TPK: -15.2 -16.3 dBFS
[Parsed_ebur128_0 @ 0x148e05970] t: 41.199979  TARGET:-23 LUFS    M:-166.8 S: -44.8     I: -33.3 LUFS       LRA:  11.5 LU  FTPK:  -inf  -inf dBFS  TPK: -15.2 -16.3 dBFS
[Parsed_ebur128_0 @ 0x148e05970] t: 41.299979  TARGET:-23 LUFS    M:-166.8 S: -44.8     I: -33.3 LUFS       LRA:  11.5 LU  FTPK:  -inf  -inf dBFS  TPK: -15.2 -16.3 dBFS
[Parsed_ebur128_0 @ 0x148e05970] t: 41.399979  TARGET:-23 LUFS    M:-166.8 S: -44.8     I: -33.3 LUFS       LRA:  11.5 LU  FTPK:  -inf  -inf dBFS  TPK: -15.2 -16.3 dBFS
[Parsed_ebur128_0 @ 0x148e05970] t: 41.499979  TARGET:-23 LUFS    M:-166.8 S: -44.8     I: -33.3 LUFS       LRA:  11.5 LU  FTPK:  -inf  -inf dBFS  TPK: -15.2 -16.3 dBFS
[Parsed_ebur128_0 @ 0x148e05970] t: 41.599979  TARGET:-23 LUFS    M:-166.8 S: -44.8     I: -33.3 LUFS       LRA:  11.5 LU  FTPK:  -inf  -inf dBFS  TPK: -15.2 -16.3 dBFS
[Parsed_ebur128_0 @ 0x148e05970] t: 41.699979  TARGET:-23 LUFS    M:-166.8 S: -44.8     I: -33.3 LUFS       LRA:  11.5 LU  FTPK:  -inf  -inf dBFS  TPK: -15.2 -16.3 dBFS
[Parsed_ebur128_0 @ 0x148e05970] t: 41.799979  TARGET:-23 LUFS    M: -35.1 S: -41.3     I: -33.4 LUFS       LRA:  11.5 LU  FTPK: -17.3 -18.3 dBFS  TPK: -15.2 -16.3 dBFS
[Parsed_ebur128_0 @ 0x148e05970] t: 41.899979  TARGET:-23 LUFS    M: -30.7 S: -38.3     I: -33.3 LUFS       LRA:  11.5 LU  FTPK: -18.0 -19.0 dBFS  TPK: -15.2 -16.3 dBFS
[Parsed_ebur128_0 @ 0x148e05970] t: 41.999979  TARGET:-23 LUFS    M: -28.9 S: -36.9     I: -33.1 LUFS       LRA:  11.5 LU  FTPK: -19.3 -20.3 dBFS  TPK: -15.2 -16.3 dBFS
[Parsed_ebur128_0 @ 0x148e05970] t: 42.099979  TARGET:-23 LUFS    M: -28.9 S: -36.8     I: -32.9 LUFS       LRA:  11.5 LU  FTPK: -38.4 -39.7 dBFS  TPK: -15.2 -16.3 dBFS
[Parsed_ebur128_0 @ 0x148e05970] t: 42.199979  TARGET:-23 LUFS    M: -30.0 S: -36.8     I: -32.8 LUFS       LRA:  11.5 LU  FTPK:  -inf  -inf dBFS  TPK: -15.2 -16.3 dBFS
[Parsed_ebur128_0 @ 0x148e05970] t: 42.299979  TARGET:-23 LUFS    M: -33.5 S: -36.8     I: -32.8 LUFS       LRA:  11.5 LU  FTPK:  -inf  -inf dBFS  TPK: -15.2 -16.3 dBFS
[Parsed_ebur128_0 @ 0x148e05970] t: 42.399979  TARGET:-23 LUFS    M: -62.4 S: -36.8     I: -32.8 LUFS       LRA:  11.5 LU  FTPK:  -inf  -inf dBFS  TPK: -15.2 -16.3 dBFS
[Parsed_ebur128_0 @ 0x148e05970] t: 42.499979  TARGET:-23 LUFS    M:-170.7 S: -36.8     I: -32.8 LUFS       LRA:  11.5 LU  FTPK:  -inf  -inf dBFS  TPK: -15.2 -16.3 dBFS
[Parsed_ebur128_0 @ 0x148e05970] t: 42.599979  TARGET:-23 LUFS    M:-170.7 S: -36.8     I: -32.8 LUFS       LRA:  11.5 LU  FTPK:  -inf  -inf dBFS  TPK: -15.2 -16.3 dBFS
[Parsed_ebur128_0 @ 0x148e05970] t: 42.699979  TARGET:-23 LUFS    M:-170.7 S: -36.8     I: -32.8 LUFS       LRA:  11.5 LU  FTPK:  -inf  -inf dBFS  TPK: -15.2 -16.3 dBFS
[Parsed_ebur128_0 @ 0x148e05970] t: 42.799979  TARGET:-23 LUFS    M:-170.7 S: -36.8     I: -32.8 LUFS       LRA:  11.5 LU  FTPK:  -inf  -inf dBFS  TPK: -15.2 -16.3 dBFS
[Parsed_ebur128_0 @ 0x148e05970] t: 42.899979  TARGET:-23 LUFS    M:-170.7 S: -36.8     I: -32.8 LUFS       LRA:  11.5 LU  FTPK:  -inf  -inf dBFS  TPK: -15.2 -16.3 dBFS
[Parsed_ebur128_0 @ 0x148e05970] t: 42.999979  TARGET:-23 LUFS    M:-170.7 S: -36.8     I: -32.8 LUFS       LRA:  11.5 LU  FTPK:  -inf  -inf dBFS  TPK: -15.2 -16.3 dBFS
[Parsed_ebur128_0 @ 0x148e05970] t: 43.099979  TARGET:-23 LUFS    M:-170.7 S: -36.8     I: -32.8 LUFS       LRA:  11.5 LU  FTPK:  -inf  -inf dBFS  TPK: -15.2 -16.3 dBFS
[Parsed_ebur128_0 @ 0x148e05970] t: 43.199979  TARGET:-23 LUFS    M:-170.7 S: -36.8     I: -32.8 LUFS       LRA:  11.5 LU  FTPK:  -inf  -inf dBFS  TPK: -15.2 -16.3 dBFS
[Parsed_ebur128_0 @ 0x148e05970] t: 43.299979  TARGET:-23 LUFS    M:-170.7 S: -36.8     I: -32.8 LUFS       LRA:  11.5 LU  FTPK:  -inf  -inf dBFS  TPK: -15.2 -16.3 dBFS
[Parsed_ebur128_0 @ 0x148e05970] t: 43.399979  TARGET:-23 LUFS    M:-170.7 S: -36.8     I: -32.8 LUFS       LRA:  11.5 LU  FTPK:  -inf  -inf dBFS  TPK: -15.2 -16.3 dBFS
[Parsed_ebur128_0 @ 0x148e05970] t: 43.499979  TARGET:-23 LUFS    M:-170.7 S: -36.8     I: -32.8 LUFS       LRA:  11.5 LU  FTPK:  -inf  -inf dBFS  TPK: -15.2 -16.3 dBFS
[Parsed_ebur128_0 @ 0x148e05970] t: 43.599979  TARGET:-23 LUFS    M:-170.7 S: -36.8     I: -32.8 LUFS       LRA:  11.5 LU  FTPK:  -inf  -inf dBFS  TPK: -15.2 -16.3 dBFS
[Parsed_ebur128_0 @ 0x148e05970] t: 43.699979  TARGET:-23 LUFS    M:-170.7 S: -37.6     I: -32.8 LUFS       LRA:  11.5 LU  FTPK:  -inf  -inf dBFS  TPK: -15.2 -16.3 dBFS
[Parsed_ebur128_0 @ 0x148e05970] t: 43.799979  TARGET:-23 LUFS    M:-170.7 S: -37.6     I: -32.8 LUFS       LRA:  11.5 LU  FTPK:  -inf  -inf dBFS  TPK: -15.2 -16.3 dBFS
[Parsed_ebur128_0 @ 0x148e05970] t: 43.899979  TARGET:-23 LUFS    M:-170.7 S: -37.6     I: -32.8 LUFS       LRA:  11.5 LU  FTPK:  -inf  -inf dBFS  TPK: -15.2 -16.3 dBFS
[Parsed_ebur128_0 @ 0x148e05970] t: 43.999979  TARGET:-23 LUFS    M:-170.7 S: -37.6     I: -32.8 LUFS       LRA:  11.5 LU  FTPK:  -inf  -inf dBFS  TPK: -15.2 -16.3 dBFS
[Parsed_ebur128_0 @ 0x148e05970] t: 44.099979  TARGET:-23 LUFS    M:-170.7 S: -37.6     I: -32.8 LUFS       LRA:  11.5 LU  FTPK:  -inf  -inf dBFS  TPK: -15.2 -16.3 dBFS
[Parsed_ebur128_0 @ 0x148e05970] t: 44.199979  TARGET:-23 LUFS    M:-170.7 S: -37.6     I: -32.8 LUFS       LRA:  11.5 LU  FTPK:  -inf  -inf dBFS  TPK: -15.2 -16.3 dBFS
[Parsed_ebur128_0 @ 0x148e05970] t: 44.299979  TARGET:-23 LUFS    M:-170.7 S: -37.6     I: -32.8 LUFS       LRA:  11.5 LU  FTPK:  -inf  -inf dBFS  TPK: -15.2 -16.3 dBFS
[Parsed_ebur128_0 @ 0x148e05970] t: 44.399979  TARGET:-23 LUFS    M:-170.7 S: -37.6     I: -32.8 LUFS       LRA:  11.5 LU  FTPK:  -inf  -inf dBFS  TPK: -15.2 -16.3 dBFS
[Parsed_ebur128_0 @ 0x148e05970] t: 44.499979  TARGET:-23 LUFS    M:-170.7 S: -37.6     I: -32.8 LUFS       LRA:  11.5 LU  FTPK:  -inf  -inf dBFS  TPK: -15.2 -16.3 dBFS
[Parsed_ebur128_0 @ 0x148e05970] t: 44.599979  TARGET:-23 LUFS    M:-170.7 S: -37.6     I: -32.8 LUFS       LRA:  11.5 LU  FTPK:  -inf  -inf dBFS  TPK: -15.2 -16.3 dBFS
[Parsed_ebur128_0 @ 0x148e05970] t: 44.699979  TARGET:-23 LUFS    M:-170.7 S: -37.6     I: -32.8 LUFS       LRA:  11.5 LU  FTPK:  -inf  -inf dBFS  TPK: -15.2 -16.3 dBFS
[Parsed_ebur128_0 @ 0x148e05970] t: 44.799979  TARGET:-23 LUFS    M:-170.7 S: -38.8     I: -32.8 LUFS       LRA:  11.5 LU  FTPK:  -inf  -inf dBFS  TPK: -15.2 -16.3 dBFS
[Parsed_ebur128_0 @ 0x148e05970] t: 44.899979  TARGET:-23 LUFS    M:-170.7 S: -42.2     I: -32.8 LUFS       LRA:  11.5 LU  FTPK:  -inf  -inf dBFS  TPK: -15.2 -16.3 dBFS
[Parsed_ebur128_0 @ 0x148e05970] t: 44.999979  TARGET:-23 LUFS    M:-170.7 S: -71.2     I: -32.8 LUFS       LRA:  11.5 LU  FTPK:  -inf  -inf dBFS  TPK: -15.2 -16.3 dBFS
[Parsed_ebur128_0 @ 0x148e05970] t: 45.099979  TARGET:-23 LUFS    M:-170.7 S:-176.5     I: -32.8 LUFS       LRA:  11.5 LU  FTPK:  -inf  -inf dBFS  TPK: -15.2 -16.3 dBFS
[Parsed_ebur128_0 @ 0x148e05970] t: 45.199979  TARGET:-23 LUFS    M:-170.7 S:-176.5     I: -32.8 LUFS       LRA:  11.5 LU  FTPK:  -inf  -inf dBFS  TPK: -15.2 -16.3 dBFS
[Parsed_ebur128_0 @ 0x148e05970] t: 45.299979  TARGET:-23 LUFS    M:-170.7 S:-176.5     I: -32.8 LUFS       LRA:  11.5 LU  FTPK:  -inf  -inf dBFS  TPK: -15.2 -16.3 dBFS
[Parsed_ebur128_0 @ 0x148e05970] t: 45.399979  TARGET:-23 LUFS    M:-170.7 S:-176.5     I: -32.8 LUFS       LRA:  11.5 LU  FTPK:  -inf  -inf dBFS  TPK: -15.2 -16.3 dBFS
[Parsed_ebur128_0 @ 0x148e05970] t: 45.499979  TARGET:-23 LUFS    M:-170.7 S:-176.5     I: -32.8 LUFS       LRA:  11.5 LU  FTPK:  -inf  -inf dBFS  TPK: -15.2 -16.3 dBFS
[Parsed_ebur128_0 @ 0x148e05970] t: 45.599979  TARGET:-23 LUFS    M:-170.7 S:-176.5     I: -32.8 LUFS       LRA:  11.5 LU  FTPK:  -inf  -inf dBFS  TPK: -15.2 -16.3 dBFS
[Parsed_ebur128_0 @ 0x148e05970] t: 45.699979  TARGET:-23 LUFS    M:-170.7 S:-176.5     I: -32.8 LUFS       LRA:  11.5 LU  FTPK:  -inf  -inf dBFS  TPK: -15.2 -16.3 dBFS
[Parsed_ebur128_0 @ 0x148e05970] t: 45.799979  TARGET:-23 LUFS    M:-170.7 S:-176.5     I: -32.8 LUFS       LRA:  11.5 LU  FTPK:  -inf  -inf dBFS  TPK: -15.2 -16.3 dBFS
[Parsed_ebur128_0 @ 0x148e05970] t: 45.899979  TARGET:-23 LUFS    M:-170.7 S:-176.5     I: -32.8 LUFS       LRA:  11.5 LU  FTPK:  -inf  -inf dBFS  TPK: -15.2 -16.3 dBFS
[Parsed_ebur128_0 @ 0x148e05970] t: 45.999979  TARGET:-23 LUFS    M:-170.7 S:-176.5     I: -32.8 LUFS       LRA:  11.5 LU  FTPK:  -inf  -inf dBFS  TPK: -15.2 -16.3 dBFS
[Parsed_ebur128_0 @ 0x148e05970] t: 46.099979  TARGET:-23 LUFS    M:-170.7 S:-176.5     I: -32.8 LUFS       LRA:  11.5 LU  FTPK:  -inf  -inf dBFS  TPK: -15.2 -16.3 dBFS
[Parsed_ebur128_0 @ 0x148e05970] t: 46.199979  TARGET:-23 LUFS    M:-170.7 S:-176.5     I: -32.8 LUFS       LRA:  11.5 LU  FTPK:  -inf  -inf dBFS  TPK: -15.2 -16.3 dBFS
[Parsed_ebur128_0 @ 0x148e05970] t: 46.299979  TARGET:-23 LUFS    M:-170.7 S:-176.5     I: -32.8 LUFS       LRA:  11.5 LU  FTPK:  -inf  -inf dBFS  TPK: -15.2 -16.3 dBFS
[Parsed_ebur128_0 @ 0x148e05970] t: 46.399979  TARGET:-23 LUFS    M:-170.7 S:-176.5     I: -32.8 LUFS       LRA:  11.5 LU  FTPK:  -inf  -inf dBFS  TPK: -15.2 -16.3 dBFS
[Parsed_ebur128_0 @ 0x148e05970] t: 46.499979  TARGET:-23 LUFS    M:-170.7 S:-176.5     I: -32.8 LUFS       LRA:  11.5 LU  FTPK:  -inf  -inf dBFS  TPK: -15.2 -16.3 dBFS
[Parsed_ebur128_0 @ 0x148e05970] t: 46.599979  TARGET:-23 LUFS    M:-170.7 S:-176.5     I: -32.8 LUFS       LRA:  11.5 LU  FTPK:  -inf  -inf dBFS  TPK: -15.2 -16.3 dBFS
[Parsed_ebur128_0 @ 0x148e05970] t: 46.699979  TARGET:-23 LUFS    M:-170.7 S:-176.5     I: -32.8 LUFS       LRA:  11.5 LU  FTPK:  -inf  -inf dBFS  TPK: -15.2 -16.3 dBFS
[Parsed_ebur128_0 @ 0x148e05970] t: 46.799979  TARGET:-23 LUFS    M:-170.7 S:-176.5     I: -32.8 LUFS       LRA:  11.5 LU  FTPK:  -inf  -inf dBFS  TPK: -15.2 -16.3 dBFS
[Parsed_ebur128_0 @ 0x148e05970] t: 46.899979  TARGET:-23 LUFS    M:-170.7 S:-176.5     I: -32.8 LUFS       LRA:  11.5 LU  FTPK:  -inf  -inf dBFS  TPK: -15.2 -16.3 dBFS
[Parsed_ebur128_0 @ 0x148e05970] t: 46.999979  TARGET:-23 LUFS    M: -32.2 S: -40.9     I: -32.8 LUFS       LRA:  11.5 LU  FTPK: -16.3 -17.3 dBFS  TPK: -15.2 -16.3 dBFS
[Parsed_ebur128_0 @ 0x148e05970] t: 47.099979  TARGET:-23 LUFS    M: -31.6 S: -40.3     I: -32.7 LUFS       LRA:  11.5 LU  FTPK: -19.4 -20.5 dBFS  TPK: -15.2 -16.3 dBFS
[Parsed_ebur128_0 @ 0x148e05970] t: 47.199979  TARGET:-23 LUFS    M: -31.6 S: -40.3     I: -32.7 LUFS       LRA:  11.5 LU  FTPK:  -inf  -inf dBFS  TPK: -15.2 -16.3 dBFS
[Parsed_ebur128_0 @ 0x148e05970] t: 47.299979  TARGET:-23 LUFS    M: -31.6 S: -40.3     I: -32.7 LUFS       LRA:  11.5 LU  FTPK:  -inf  -inf dBFS  TPK: -15.2 -16.3 dBFS
[Parsed_ebur128_0 @ 0x148e05970] t: 47.399979  TARGET:-23 LUFS    M: -40.4 S: -40.3     I: -32.8 LUFS       LRA:  11.5 LU  FTPK:  -inf  -inf dBFS  TPK: -15.2 -16.3 dBFS
[Parsed_ebur128_0 @ 0x148e05970] t: 47.499979  TARGET:-23 LUFS    M:-172.5 S: -40.3     I: -32.8 LUFS       LRA:  11.5 LU  FTPK:  -inf  -inf dBFS  TPK: -15.2 -16.3 dBFS
[Parsed_ebur128_0 @ 0x148e05970] t: 47.599979  TARGET:-23 LUFS    M:-172.5 S: -40.3     I: -32.8 LUFS       LRA:  11.5 LU  FTPK:  -inf  -inf dBFS  TPK: -15.2 -16.3 dBFS
[Parsed_ebur128_0 @ 0x148e05970] t: 47.699979  TARGET:-23 LUFS    M:-172.5 S: -40.3     I: -32.8 LUFS       LRA:  11.5 LU  FTPK:  -inf  -inf dBFS  TPK: -15.2 -16.3 dBFS
[Parsed_ebur128_0 @ 0x148e05970] t: 47.799979  TARGET:-23 LUFS    M:-172.5 S: -40.3     I: -32.8 LUFS       LRA:  11.5 LU  FTPK:  -inf  -inf dBFS  TPK: -15.2 -16.3 dBFS
[Parsed_ebur128_0 @ 0x148e05970] t: 47.899979  TARGET:-23 LUFS    M:-172.5 S: -40.3     I: -32.8 LUFS       LRA:  11.5 LU  FTPK:  -inf  -inf dBFS  TPK: -15.2 -16.3 dBFS
[Parsed_ebur128_0 @ 0x148e05970] t: 47.999979  TARGET:-23 LUFS    M:-172.5 S: -40.3     I: -32.8 LUFS       LRA:  11.5 LU  FTPK:  -inf  -inf dBFS  TPK: -15.2 -16.3 dBFS
[Parsed_ebur128_0 @ 0x148e05970] t: 48.099979  TARGET:-23 LUFS    M:-172.5 S: -40.3     I: -32.8 LUFS       LRA:  11.5 LU  FTPK:  -inf  -inf dBFS  TPK: -15.2 -16.3 dBFS
[Parsed_ebur128_0 @ 0x148e05970] t: 48.199979  TARGET:-23 LUFS    M:-172.5 S: -40.3     I: -32.8 LUFS       LRA:  11.5 LU  FTPK:  -inf  -inf dBFS  TPK: -15.2 -16.3 dBFS
[Parsed_ebur128_0 @ 0x148e05970] t: 48.299979  TARGET:-23 LUFS    M:-172.5 S: -40.3     I: -32.8 LUFS       LRA:  11.5 LU  FTPK:  -inf  -inf dBFS  TPK: -15.2 -16.3 dBFS
[Parsed_ebur128_0 @ 0x148e05970] t: 48.399979  TARGET:-23 LUFS    M:-172.5 S: -40.3     I: -32.8 LUFS       LRA:  11.1 LU  FTPK:  -inf  -inf dBFS  TPK: -15.2 -16.3 dBFS
[Parsed_ebur128_0 @ 0x148e05970] t: 48.499979  TARGET:-23 LUFS    M:-172.5 S: -40.3     I: -32.8 LUFS       LRA:  11.1 LU  FTPK:  -inf  -inf dBFS  TPK: -15.2 -16.3 dBFS
[Parsed_ebur128_0 @ 0x148e05970] t: 48.599979  TARGET:-23 LUFS    M:-172.5 S: -40.3     I: -32.8 LUFS       LRA:  11.1 LU  FTPK:  -inf  -inf dBFS  TPK: -15.2 -16.3 dBFS
[Parsed_ebur128_0 @ 0x148e05970] t: 48.699979  TARGET:-23 LUFS    M:-172.5 S: -40.3     I: -32.8 LUFS       LRA:  11.1 LU  FTPK:  -inf  -inf dBFS  TPK: -15.2 -16.3 dBFS
[Parsed_ebur128_0 @ 0x148e05970] t: 48.799979  TARGET:-23 LUFS    M:-172.5 S: -40.3     I: -32.8 LUFS       LRA:  11.1 LU  FTPK:  -inf  -inf dBFS  TPK: -15.2 -16.3 dBFS
[Parsed_ebur128_0 @ 0x148e05970] t: 48.899979  TARGET:-23 LUFS    M:-172.5 S: -40.3     I: -32.8 LUFS       LRA:  11.1 LU  FTPK:  -inf  -inf dBFS  TPK: -15.2 -16.3 dBFS
[Parsed_ebur128_0 @ 0x148e05970] t: 48.999979  TARGET:-23 LUFS    M:-172.5 S: -40.3     I: -32.8 LUFS       LRA:  11.1 LU  FTPK:  -inf  -inf dBFS  TPK: -15.2 -16.3 dBFS
[Parsed_ebur128_0 @ 0x148e05970] t: 49.099979  TARGET:-23 LUFS    M:-172.5 S: -40.3     I: -32.8 LUFS       LRA:  11.1 LU  FTPK:  -inf  -inf dBFS  TPK: -15.2 -16.3 dBFS
[Parsed_ebur128_0 @ 0x148e05970] t: 49.199979  TARGET:-23 LUFS    M:-172.5 S: -40.3     I: -32.8 LUFS       LRA:  11.1 LU  FTPK:  -inf  -inf dBFS  TPK: -15.2 -16.3 dBFS
[Parsed_ebur128_0 @ 0x148e05970] t: 49.299979  TARGET:-23 LUFS    M:-172.5 S: -40.3     I: -32.8 LUFS       LRA:  11.1 LU  FTPK:  -inf  -inf dBFS  TPK: -15.2 -16.3 dBFS
[Parsed_ebur128_0 @ 0x148e05970] t: 49.399979  TARGET:-23 LUFS    M:-172.5 S: -40.3     I: -32.8 LUFS       LRA:  11.1 LU  FTPK:  -inf  -inf dBFS  TPK: -15.2 -16.3 dBFS
[Parsed_ebur128_0 @ 0x148e05970] t: 49.499979  TARGET:-23 LUFS    M:-172.5 S: -40.3     I: -32.8 LUFS       LRA:  11.1 LU  FTPK:  -inf  -inf dBFS  TPK: -15.2 -16.3 dBFS
[Parsed_ebur128_0 @ 0x148e05970] t: 49.599979  TARGET:-23 LUFS    M:-172.5 S: -40.3     I: -32.8 LUFS       LRA:  11.1 LU  FTPK:  -inf  -inf dBFS  TPK: -15.2 -16.3 dBFS
[Parsed_ebur128_0 @ 0x148e05970] t: 49.699979  TARGET:-23 LUFS    M:-172.5 S: -40.3     I: -32.8 LUFS       LRA:  11.1 LU  FTPK:  -inf  -inf dBFS  TPK: -15.2 -16.3 dBFS
[Parsed_ebur128_0 @ 0x148e05970] t: 49.799979  TARGET:-23 LUFS    M:-172.5 S: -40.3     I: -32.8 LUFS       LRA:  11.1 LU  FTPK:  -inf  -inf dBFS  TPK: -15.2 -16.3 dBFS
[Parsed_ebur128_0 @ 0x148e05970] t: 49.899979  TARGET:-23 LUFS    M:-172.5 S: -40.3     I: -32.8 LUFS       LRA:  11.1 LU  FTPK:  -inf  -inf dBFS  TPK: -15.2 -16.3 dBFS
[Parsed_ebur128_0 @ 0x148e05970] t: 49.999979  TARGET:-23 LUFS    M:-172.5 S: -49.1     I: -32.8 LUFS       LRA:  11.1 LU  FTPK:  -inf  -inf dBFS  TPK: -15.2 -16.3 dBFS
[Parsed_ebur128_0 @ 0x148e05970] t: 50.099979  TARGET:-23 LUFS    M:-172.5 S:-177.4     I: -32.8 LUFS       LRA:  11.1 LU  FTPK:  -inf  -inf dBFS  TPK: -15.2 -16.3 dBFS
[Parsed_ebur128_0 @ 0x148e05970] t: 50.199979  TARGET:-23 LUFS    M:-172.5 S:-177.4     I: -32.8 LUFS       LRA:  11.1 LU  FTPK:  -inf  -inf dBFS  TPK: -15.2 -16.3 dBFS
[Parsed_ebur128_0 @ 0x148e05970] t: 50.299979  TARGET:-23 LUFS    M:-172.5 S:-177.4     I: -32.8 LUFS       LRA:  11.1 LU  FTPK:  -inf  -inf dBFS  TPK: -15.2 -16.3 dBFS
[Parsed_ebur128_0 @ 0x148e05970] t: 50.399979  TARGET:-23 LUFS    M:-172.5 S:-177.4     I: -32.8 LUFS       LRA:  11.1 LU  FTPK:  -inf  -inf dBFS  TPK: -15.2 -16.3 dBFS
[Parsed_ebur128_0 @ 0x148e05970] t: 50.499979  TARGET:-23 LUFS    M:-172.5 S:-177.4     I: -32.8 LUFS       LRA:  11.1 LU  FTPK:  -inf  -inf dBFS  TPK: -15.2 -16.3 dBFS
[Parsed_ebur128_0 @ 0x148e05970] t: 50.599979  TARGET:-23 LUFS    M:-172.5 S:-177.4     I: -32.8 LUFS       LRA:  11.1 LU  FTPK:  -inf  -inf dBFS  TPK: -15.2 -16.3 dBFS
[Parsed_ebur128_0 @ 0x148e05970] t: 50.699979  TARGET:-23 LUFS    M:-172.5 S:-177.4     I: -32.8 LUFS       LRA:  11.1 LU  FTPK:  -inf  -inf dBFS  TPK: -15.2 -16.3 dBFS
[Parsed_ebur128_0 @ 0x148e05970] t: 50.799979  TARGET:-23 LUFS    M:-172.5 S:-177.4     I: -32.8 LUFS       LRA:  11.1 LU  FTPK:  -inf  -inf dBFS  TPK: -15.2 -16.3 dBFS
[Parsed_ebur128_0 @ 0x148e05970] t: 50.899979  TARGET:-23 LUFS    M:-172.5 S:-177.4     I: -32.8 LUFS       LRA:  11.1 LU  FTPK:  -inf  -inf dBFS  TPK: -15.2 -16.3 dBFS
[Parsed_ebur128_0 @ 0x148e05970] t: 50.999979  TARGET:-23 LUFS    M:-172.5 S:-177.4     I: -32.8 LUFS       LRA:  11.1 LU  FTPK:  -inf  -inf dBFS  TPK: -15.2 -16.3 dBFS
[Parsed_ebur128_0 @ 0x148e05970] t: 51.099979  TARGET:-23 LUFS    M:-172.5 S:-177.4     I: -32.8 LUFS       LRA:  11.1 LU  FTPK:  -inf  -inf dBFS  TPK: -15.2 -16.3 dBFS
[Parsed_ebur128_0 @ 0x148e05970] t: 51.199979  TARGET:-23 LUFS    M:-172.5 S:-177.4     I: -32.8 LUFS       LRA:  11.1 LU  FTPK:  -inf  -inf dBFS  TPK: -15.2 -16.3 dBFS
[Parsed_ebur128_0 @ 0x148e05970] t: 51.299979  TARGET:-23 LUFS    M:-172.5 S:-177.4     I: -32.8 LUFS       LRA:  11.1 LU  FTPK:  -inf  -inf dBFS  TPK: -15.2 -16.3 dBFS
[Parsed_ebur128_0 @ 0x148e05970] t: 51.399979  TARGET:-23 LUFS    M:-172.5 S:-177.4     I: -32.8 LUFS       LRA:  11.1 LU  FTPK:  -inf  -inf dBFS  TPK: -15.2 -16.3 dBFS
[Parsed_ebur128_0 @ 0x148e05970] t: 51.499979  TARGET:-23 LUFS    M:-172.5 S:-177.4     I: -32.8 LUFS       LRA:  11.1 LU  FTPK:  -inf  -inf dBFS  TPK: -15.2 -16.3 dBFS
[Parsed_ebur128_0 @ 0x148e05970] t: 51.599979  TARGET:-23 LUFS    M:-172.5 S:-177.4     I: -32.8 LUFS       LRA:  11.1 LU  FTPK:  -inf  -inf dBFS  TPK: -15.2 -16.3 dBFS
[Parsed_ebur128_0 @ 0x148e05970] t: 51.699979  TARGET:-23 LUFS    M:-172.5 S:-177.4     I: -32.8 LUFS       LRA:  11.1 LU  FTPK:  -inf  -inf dBFS  TPK: -15.2 -16.3 dBFS
[Parsed_ebur128_0 @ 0x148e05970] t: 51.799979  TARGET:-23 LUFS    M:-172.5 S:-177.4     I: -32.8 LUFS       LRA:  11.1 LU  FTPK:  -inf  -inf dBFS  TPK: -15.2 -16.3 dBFS
[Parsed_ebur128_0 @ 0x148e05970] t: 51.899979  TARGET:-23 LUFS    M:-172.5 S:-177.4     I: -32.8 LUFS       LRA:  11.1 LU  FTPK:  -inf  -inf dBFS  TPK: -15.2 -16.3 dBFS
[Parsed_ebur128_0 @ 0x148e05970] t: 51.999979  TARGET:-23 LUFS    M:-172.5 S:-177.4     I: -32.8 LUFS       LRA:  11.1 LU  FTPK:  -inf  -inf dBFS  TPK: -15.2 -16.3 dBFS
[Parsed_ebur128_0 @ 0x148e05970] t: 52.099979  TARGET:-23 LUFS    M:-172.5 S:-177.4     I: -32.8 LUFS       LRA:  11.1 LU  FTPK:  -inf  -inf dBFS  TPK: -15.2 -16.3 dBFS
[Parsed_ebur128_0 @ 0x148e05970] t: 52.199979  TARGET:-23 LUFS    M:-172.5 S:-177.4     I: -32.8 LUFS       LRA:  11.1 LU  FTPK:  -inf  -inf dBFS  TPK: -15.2 -16.3 dBFS
[Parsed_ebur128_0 @ 0x148e05970] t: 52.299979  TARGET:-23 LUFS    M:-172.5 S:-177.4     I: -32.8 LUFS       LRA:  11.1 LU  FTPK:  -inf  -inf dBFS  TPK: -15.2 -16.3 dBFS
[Parsed_ebur128_0 @ 0x148e05970] t: 52.399979  TARGET:-23 LUFS    M:-172.5 S:-177.4     I: -32.8 LUFS       LRA:  11.1 LU  FTPK:  -inf  -inf dBFS  TPK: -15.2 -16.3 dBFS
[Parsed_ebur128_0 @ 0x148e05970] t: 52.499979  TARGET:-23 LUFS    M:-172.5 S:-177.4     I: -32.8 LUFS       LRA:  11.1 LU  FTPK:  -inf  -inf dBFS  TPK: -15.2 -16.3 dBFS
[Parsed_ebur128_0 @ 0x148e05970] t: 52.599979  TARGET:-23 LUFS    M:-172.5 S:-177.4     I: -32.8 LUFS       LRA:  11.1 LU  FTPK:  -inf  -inf dBFS  TPK: -15.2 -16.3 dBFS
[Parsed_ebur128_0 @ 0x148e05970] t: 52.699979  TARGET:-23 LUFS    M:-172.5 S:-177.4     I: -32.8 LUFS       LRA:  11.1 LU  FTPK:  -inf  -inf dBFS  TPK: -15.2 -16.3 dBFS
[Parsed_ebur128_0 @ 0x148e05970] t: 52.799979  TARGET:-23 LUFS    M:-172.5 S:-177.4     I: -32.8 LUFS       LRA:  11.1 LU  FTPK:  -inf  -inf dBFS  TPK: -15.2 -16.3 dBFS
[Parsed_ebur128_0 @ 0x148e05970] t: 52.899979  TARGET:-23 LUFS    M:-172.5 S:-177.4     I: -32.8 LUFS       LRA:  11.1 LU  FTPK:  -inf  -inf dBFS  TPK: -15.2 -16.3 dBFS
[Parsed_ebur128_0 @ 0x148e05970] t: 52.999979  TARGET:-23 LUFS    M:-172.5 S:-177.4     I: -32.8 LUFS       LRA:  11.1 LU  FTPK:  -inf  -inf dBFS  TPK: -15.2 -16.3 dBFS
[Parsed_ebur128_0 @ 0x148e05970] t: 53.099979  TARGET:-23 LUFS    M:-172.5 S:-177.4     I: -32.8 LUFS       LRA:  11.1 LU  FTPK:  -inf  -inf dBFS  TPK: -15.2 -16.3 dBFS
[Parsed_ebur128_0 @ 0x148e05970] t: 53.199979  TARGET:-23 LUFS    M:-172.5 S:-177.4     I: -32.8 LUFS       LRA:  11.1 LU  FTPK:  -inf  -inf dBFS  TPK: -15.2 -16.3 dBFS
[Parsed_ebur128_0 @ 0x148e05970] t: 53.299979  TARGET:-23 LUFS    M:-172.5 S:-177.4     I: -32.8 LUFS       LRA:  11.1 LU  FTPK:  -inf  -inf dBFS  TPK: -15.2 -16.3 dBFS
[Parsed_ebur128_0 @ 0x148e05970] t: 53.399979  TARGET:-23 LUFS    M:-172.5 S:-177.4     I: -32.8 LUFS       LRA:  11.1 LU  FTPK:  -inf  -inf dBFS  TPK: -15.2 -16.3 dBFS
[Parsed_ebur128_0 @ 0x148e05970] t: 53.499979  TARGET:-23 LUFS    M:-172.5 S:-177.4     I: -32.8 LUFS       LRA:  11.1 LU  FTPK:  -inf  -inf dBFS  TPK: -15.2 -16.3 dBFS
[Parsed_ebur128_0 @ 0x148e05970] t: 53.599979  TARGET:-23 LUFS    M: -35.1 S: -43.9     I: -32.8 LUFS       LRA:  11.1 LU  FTPK: -17.0 -17.0 dBFS  TPK: -15.2 -16.3 dBFS
[Parsed_ebur128_0 @ 0x148e05970] t: 53.699979  TARGET:-23 LUFS    M: -34.1 S: -42.9     I: -32.8 LUFS       LRA:  11.1 LU  FTPK: -23.6 -23.6 dBFS  TPK: -15.2 -16.3 dBFS
[Parsed_ebur128_0 @ 0x148e05970] t: 53.799979  TARGET:-23 LUFS    M: -34.1 S: -42.9     I: -32.8 LUFS       LRA:  11.1 LU  FTPK: -46.9 -46.9 dBFS  TPK: -15.2 -16.3 dBFS
[Parsed_ebur128_0 @ 0x148e05970] t: 53.899979  TARGET:-23 LUFS    M: -34.1 S: -42.9     I: -32.9 LUFS       LRA:  11.1 LU  FTPK:  -inf  -inf dBFS  TPK: -15.2 -16.3 dBFS
[Parsed_ebur128_0 @ 0x148e05970] t: 53.999979  TARGET:-23 LUFS    M: -41.0 S: -42.9     I: -32.9 LUFS       LRA:  11.1 LU  FTPK:  -inf  -inf dBFS  TPK: -15.2 -16.3 dBFS
[Parsed_ebur128_0 @ 0x148e05970] t: 54.099979  TARGET:-23 LUFS    M: -64.8 S: -42.9     I: -32.9 LUFS       LRA:  11.1 LU  FTPK:  -inf  -inf dBFS  TPK: -15.2 -16.3 dBFS
[Parsed_ebur128_0 @ 0x148e05970] t: 54.199979  TARGET:-23 LUFS    M:-175.3 S: -42.9     I: -32.9 LUFS       LRA:  11.1 LU  FTPK:  -inf  -inf dBFS  TPK: -15.2 -16.3 dBFS
[Parsed_ebur128_0 @ 0x148e05970] t: 54.299979  TARGET:-23 LUFS    M:-175.3 S: -42.9     I: -32.9 LUFS       LRA:  11.1 LU  FTPK:  -inf  -inf dBFS  TPK: -15.2 -16.3 dBFS
[Parsed_ebur128_0 @ 0x148e05970] t: 54.399979  TARGET:-23 LUFS    M:-175.3 S: -42.9     I: -32.9 LUFS       LRA:  11.1 LU  FTPK:  -inf  -inf dBFS  TPK: -15.2 -16.3 dBFS
[Parsed_ebur128_0 @ 0x148e05970] t: 54.499979  TARGET:-23 LUFS    M:-175.3 S: -42.9     I: -32.9 LUFS       LRA:  11.1 LU  FTPK:  -inf  -inf dBFS  TPK: -15.2 -16.3 dBFS
[Parsed_ebur128_0 @ 0x148e05970] t: 54.599979  TARGET:-23 LUFS    M:-175.3 S: -42.9     I: -32.9 LUFS       LRA:  11.1 LU  FTPK:  -inf  -inf dBFS  TPK: -15.2 -16.3 dBFS
[Parsed_ebur128_0 @ 0x148e05970] t: 54.699979  TARGET:-23 LUFS    M:-175.3 S: -42.9     I: -32.9 LUFS       LRA:  11.1 LU  FTPK:  -inf  -inf dBFS  TPK: -15.2 -16.3 dBFS
[Parsed_ebur128_0 @ 0x148e05970] t: 54.799979  TARGET:-23 LUFS    M:-175.3 S: -42.9     I: -32.9 LUFS       LRA:  11.1 LU  FTPK:  -inf  -inf dBFS  TPK: -15.2 -16.3 dBFS
[Parsed_ebur128_0 @ 0x148e05970] t: 54.899979  TARGET:-23 LUFS    M:-175.3 S: -42.9     I: -32.9 LUFS       LRA:  11.1 LU  FTPK:  -inf  -inf dBFS  TPK: -15.2 -16.3 dBFS
[Parsed_ebur128_0 @ 0x148e05970] t: 54.999979  TARGET:-23 LUFS    M:-175.3 S: -42.9     I: -32.9 LUFS       LRA:  11.1 LU  FTPK:  -inf  -inf dBFS  TPK: -15.2 -16.3 dBFS
[Parsed_ebur128_0 @ 0x148e05970] t: 55.099979  TARGET:-23 LUFS    M:-175.3 S: -42.9     I: -32.9 LUFS       LRA:  11.1 LU  FTPK:  -inf  -inf dBFS  TPK: -15.2 -16.3 dBFS
[Parsed_ebur128_0 @ 0x148e05970] t: 55.199979  TARGET:-23 LUFS    M: -34.0 S: -39.8     I: -32.9 LUFS       LRA:  11.1 LU  FTPK: -15.3 -16.3 dBFS  TPK: -15.2 -16.3 dBFS
[Parsed_ebur128_0 @ 0x148e05970] t: 55.299979  TARGET:-23 LUFS    M: -34.0 S: -39.8     I: -33.0 LUFS       LRA:  11.1 LU  FTPK: -37.4 -38.4 dBFS  TPK: -15.2 -16.3 dBFS
[Parsed_ebur128_0 @ 0x148e05970] t: 55.399979  TARGET:-23 LUFS    M: -34.0 S: -39.8     I: -33.0 LUFS       LRA:  11.1 LU  FTPK:  -inf  -inf dBFS  TPK: -15.2 -16.3 dBFS
[Parsed_ebur128_0 @ 0x148e05970] t: 55.499979  TARGET:-23 LUFS    M: -34.0 S: -39.8     I: -33.0 LUFS       LRA:  11.1 LU  FTPK:  -inf  -inf dBFS  TPK: -15.2 -16.3 dBFS
[Parsed_ebur128_0 @ 0x148e05970] t: 55.599979  TARGET:-23 LUFS    M: -56.2 S: -39.8     I: -33.1 LUFS       LRA:  11.1 LU  FTPK:  -inf  -inf dBFS  TPK: -15.2 -16.3 dBFS
[Parsed_ebur128_0 @ 0x148e05970] t: 55.699979  TARGET:-23 LUFS    M:   nan S: -39.8     I: -33.1 LUFS       LRA:  11.1 LU  FTPK:  -inf  -inf dBFS  TPK: -15.2 -16.3 dBFS
[Parsed_ebur128_0 @ 0x148e05970] t: 55.799979  TARGET:-23 LUFS    M:   nan S: -39.8     I: -33.1 LUFS       LRA:  11.1 LU  FTPK:  -inf  -inf dBFS  TPK: -15.2 -16.3 dBFS
[Parsed_ebur128_0 @ 0x148e05970] t: 55.899979  TARGET:-23 LUFS    M:   nan S: -39.8     I: -33.1 LUFS       LRA:  11.1 LU  FTPK:  -inf  -inf dBFS  TPK: -15.2 -16.3 dBFS
[Parsed_ebur128_0 @ 0x148e05970] t: 55.999979  TARGET:-23 LUFS    M:   nan S: -39.8     I: -33.1 LUFS       LRA:  11.1 LU  FTPK:  -inf  -inf dBFS  TPK: -15.2 -16.3 dBFS
[Parsed_ebur128_0 @ 0x148e05970] t: 56.099979  TARGET:-23 LUFS    M:   nan S: -39.8     I: -33.1 LUFS       LRA:  11.1 LU  FTPK:  -inf  -inf dBFS  TPK: -15.2 -16.3 dBFS
[Parsed_ebur128_0 @ 0x148e05970] t: 56.199979  TARGET:-23 LUFS    M:   nan S: -39.8     I: -33.1 LUFS       LRA:  11.1 LU  FTPK:  -inf  -inf dBFS  TPK: -15.2 -16.3 dBFS
[Parsed_ebur128_0 @ 0x148e05970] t: 56.299979  TARGET:-23 LUFS    M:   nan S: -39.8     I: -33.1 LUFS       LRA:  11.1 LU  FTPK:  -inf  -inf dBFS  TPK: -15.2 -16.3 dBFS
[Parsed_ebur128_0 @ 0x148e05970] t: 56.399979  TARGET:-23 LUFS    M:   nan S: -39.8     I: -33.1 LUFS       LRA:  11.1 LU  FTPK:  -inf  -inf dBFS  TPK: -15.2 -16.3 dBFS
[Parsed_ebur128_0 @ 0x148e05970] t: 56.499979  TARGET:-23 LUFS    M:   nan S: -39.8     I: -33.1 LUFS       LRA:  11.1 LU  FTPK:  -inf  -inf dBFS  TPK: -15.2 -16.3 dBFS
[Parsed_ebur128_0 @ 0x148e05970] t: 56.599979  TARGET:-23 LUFS    M:   nan S: -41.9     I: -33.1 LUFS       LRA:  11.1 LU  FTPK:  -inf  -inf dBFS  TPK: -15.2 -16.3 dBFS
[Parsed_ebur128_0 @ 0x148e05970] t: 56.699979  TARGET:-23 LUFS    M:   nan S: -42.7     I: -33.1 LUFS       LRA:  11.1 LU  FTPK:  -inf  -inf dBFS  TPK: -15.2 -16.3 dBFS
[Parsed_ebur128_0 @ 0x148e05970] t: 56.799979  TARGET:-23 LUFS    M:   nan S: -42.7     I: -33.1 LUFS       LRA:  11.1 LU  FTPK:  -inf  -inf dBFS  TPK: -15.2 -16.3 dBFS
[Parsed_ebur128_0 @ 0x148e05970] t: 56.899979  TARGET:-23 LUFS    M:   nan S: -42.7     I: -33.1 LUFS       LRA:  11.1 LU  FTPK:  -inf  -inf dBFS  TPK: -15.2 -16.3 dBFS
[Parsed_ebur128_0 @ 0x148e05970] t: 56.999979  TARGET:-23 LUFS    M:   nan S: -42.7     I: -33.1 LUFS       LRA:  11.1 LU  FTPK:  -inf  -inf dBFS  TPK: -15.2 -16.3 dBFS
[Parsed_ebur128_0 @ 0x148e05970] t: 57.099979  TARGET:-23 LUFS    M:   nan S: -42.7     I: -33.1 LUFS       LRA:  11.1 LU  FTPK:  -inf  -inf dBFS  TPK: -15.2 -16.3 dBFS
[Parsed_ebur128_0 @ 0x148e05970] t: 57.199979  TARGET:-23 LUFS    M:   nan S: -42.7     I: -33.1 LUFS       LRA:  11.1 LU  FTPK:  -inf  -inf dBFS  TPK: -15.2 -16.3 dBFS
[Parsed_ebur128_0 @ 0x148e05970] t: 57.299979  TARGET:-23 LUFS    M:   nan S: -42.7     I: -33.1 LUFS       LRA:  11.1 LU  FTPK:  -inf  -inf dBFS  TPK: -15.2 -16.3 dBFS
[Parsed_ebur128_0 @ 0x148e05970] t: 57.399979  TARGET:-23 LUFS    M:   nan S: -42.7     I: -33.1 LUFS       LRA:  11.1 LU  FTPK:  -inf  -inf dBFS  TPK: -15.2 -16.3 dBFS
[Parsed_ebur128_0 @ 0x148e05970] t: 57.499979  TARGET:-23 LUFS    M:   nan S: -42.7     I: -33.1 LUFS       LRA:  11.1 LU  FTPK:  -inf  -inf dBFS  TPK: -15.2 -16.3 dBFS
[Parsed_ebur128_0 @ 0x148e05970] t: 57.599979  TARGET:-23 LUFS    M:   nan S: -42.7     I: -33.1 LUFS       LRA:  11.1 LU  FTPK:  -inf  -inf dBFS  TPK: -15.2 -16.3 dBFS
[Parsed_ebur128_0 @ 0x148e05970] t: 57.699979  TARGET:-23 LUFS    M:   nan S: -42.7     I: -33.1 LUFS       LRA:  11.1 LU  FTPK:  -inf  -inf dBFS  TPK: -15.2 -16.3 dBFS
[Parsed_ebur128_0 @ 0x148e05970] t: 57.799979  TARGET:-23 LUFS    M:   nan S: -42.7     I: -33.1 LUFS       LRA:  11.1 LU  FTPK:  -inf  -inf dBFS  TPK: -15.2 -16.3 dBFS
[Parsed_ebur128_0 @ 0x148e05970] t: 57.899979  TARGET:-23 LUFS    M:   nan S: -42.7     I: -33.1 LUFS       LRA:  11.1 LU  FTPK:  -inf  -inf dBFS  TPK: -15.2 -16.3 dBFS
[Parsed_ebur128_0 @ 0x148e05970] t: 57.999979  TARGET:-23 LUFS    M:   nan S: -42.7     I: -33.1 LUFS       LRA:  11.1 LU  FTPK:  -inf  -inf dBFS  TPK: -15.2 -16.3 dBFS
[Parsed_ebur128_0 @ 0x148e05970] t: 58.099979  TARGET:-23 LUFS    M:   nan S: -42.7     I: -33.1 LUFS       LRA:  11.1 LU  FTPK:  -inf  -inf dBFS  TPK: -15.2 -16.3 dBFS
[Parsed_ebur128_0 @ 0x148e05970] t: 58.199979  TARGET:-23 LUFS    M:   nan S: -65.0     I: -33.1 LUFS       LRA:  11.1 LU  FTPK:  -inf  -inf dBFS  TPK: -15.2 -16.3 dBFS
[Parsed_ebur128_0 @ 0x148e05970] t: 58.299979  TARGET:-23 LUFS    M:   nan S:-178.4     I: -33.1 LUFS       LRA:  11.1 LU  FTPK:  -inf  -inf dBFS  TPK: -15.2 -16.3 dBFS
[Parsed_ebur128_0 @ 0x148e05970] t: 58.399979  TARGET:-23 LUFS    M:   nan S:-178.4     I: -33.1 LUFS       LRA:  11.1 LU  FTPK:  -inf  -inf dBFS  TPK: -15.2 -16.3 dBFS
[Parsed_ebur128_0 @ 0x148e05970] t: 58.499979  TARGET:-23 LUFS    M:   nan S:-178.4     I: -33.1 LUFS       LRA:  11.1 LU  FTPK:  -inf  -inf dBFS  TPK: -15.2 -16.3 dBFS
[Parsed_ebur128_0 @ 0x148e05970] t: 58.599979  TARGET:-23 LUFS    M:   nan S:-178.4     I: -33.1 LUFS       LRA:  11.1 LU  FTPK:  -inf  -inf dBFS  TPK: -15.2 -16.3 dBFS
[Parsed_ebur128_0 @ 0x148e05970] t: 58.699979  TARGET:-23 LUFS    M:   nan S:-178.4     I: -33.1 LUFS       LRA:  11.1 LU  FTPK:  -inf  -inf dBFS  TPK: -15.2 -16.3 dBFS
[Parsed_ebur128_0 @ 0x148e05970] t: 58.799979  TARGET:-23 LUFS    M:   nan S:-178.4     I: -33.1 LUFS       LRA:  11.1 LU  FTPK:  -inf  -inf dBFS  TPK: -15.2 -16.3 dBFS
[Parsed_ebur128_0 @ 0x148e05970] t: 58.899979  TARGET:-23 LUFS    M:   nan S:-178.4     I: -33.1 LUFS       LRA:  11.1 LU  FTPK:  -inf  -inf dBFS  TPK: -15.2 -16.3 dBFS
[Parsed_ebur128_0 @ 0x148e05970] t: 58.999979  TARGET:-23 LUFS    M:   nan S:-178.4     I: -33.1 LUFS       LRA:  11.1 LU  FTPK:  -inf  -inf dBFS  TPK: -15.2 -16.3 dBFS
[Parsed_ebur128_0 @ 0x148e05970] t: 59.099979  TARGET:-23 LUFS    M:   nan S:-178.4     I: -33.1 LUFS       LRA:  11.1 LU  FTPK:  -inf  -inf dBFS  TPK: -15.2 -16.3 dBFS
[Parsed_ebur128_0 @ 0x148e05970] t: 59.199979  TARGET:-23 LUFS    M:   nan S:-178.4     I: -33.1 LUFS       LRA:  11.1 LU  FTPK:  -inf  -inf dBFS  TPK: -15.2 -16.3 dBFS
[Parsed_ebur128_0 @ 0x148e05970] t: 59.299979  TARGET:-23 LUFS    M:   nan S:-178.4     I: -33.1 LUFS       LRA:  11.1 LU  FTPK:  -inf  -inf dBFS  TPK: -15.2 -16.3 dBFS
[Parsed_ebur128_0 @ 0x148e05970] t: 59.399979  TARGET:-23 LUFS    M:   nan S:-178.4     I: -33.1 LUFS       LRA:  11.1 LU  FTPK:  -inf  -inf dBFS  TPK: -15.2 -16.3 dBFS
[Parsed_ebur128_0 @ 0x148e05970] t: 59.499979  TARGET:-23 LUFS    M:   nan S:-178.4     I: -33.1 LUFS       LRA:  11.1 LU  FTPK:  -inf  -inf dBFS  TPK: -15.2 -16.3 dBFS
[Parsed_ebur128_0 @ 0x148e05970] t: 59.599979  TARGET:-23 LUFS    M:   nan S:-178.4     I: -33.1 LUFS       LRA:  11.1 LU  FTPK:  -inf  -inf dBFS  TPK: -15.2 -16.3 dBFS
[Parsed_ebur128_0 @ 0x148e05970] t: 59.699979  TARGET:-23 LUFS    M:   nan S:-178.4     I: -33.1 LUFS       LRA:  11.1 LU  FTPK:  -inf  -inf dBFS  TPK: -15.2 -16.3 dBFS
[Parsed_ebur128_0 @ 0x148e05970] t: 59.799979  TARGET:-23 LUFS    M:   nan S:-178.4     I: -33.1 LUFS       LRA:  11.1 LU  FTPK:  -inf  -inf dBFS  TPK: -15.2 -16.3 dBFS
[Parsed_ebur128_0 @ 0x148e05970] t: 59.899979  TARGET:-23 LUFS    M:   nan S:-178.4     I: -33.1 LUFS       LRA:  11.1 LU  FTPK:  -inf  -inf dBFS  TPK: -15.2 -16.3 dBFS
[Parsed_ebur128_0 @ 0x148e05970] t: 59.999979  TARGET:-23 LUFS    M:   nan S:-178.4     I: -33.1 LUFS       LRA:  11.1 LU  FTPK:  -inf  -inf dBFS  TPK: -15.2 -16.3 dBFS
[Parsed_ebur128_0 @ 0x148e05970] t: 60.099979  TARGET:-23 LUFS    M:   nan S:-178.4     I: -33.1 LUFS       LRA:  11.1 LU  FTPK:  -inf  -inf dBFS  TPK: -15.2 -16.3 dBFS
[Parsed_ebur128_0 @ 0x148e05970] t: 60.199979  TARGET:-23 LUFS    M:   nan S:-178.4     I: -33.1 LUFS       LRA:  11.1 LU  FTPK:  -inf  -inf dBFS  TPK: -15.2 -16.3 dBFS
[Parsed_ebur128_0 @ 0x148e05970] t: 60.299979  TARGET:-23 LUFS    M:   nan S:-178.4     I: -33.1 LUFS       LRA:  11.1 LU  FTPK:  -inf  -inf dBFS  TPK: -15.2 -16.3 dBFS
[Parsed_ebur128_0 @ 0x148e05970] t: 60.399979  TARGET:-23 LUFS    M:   nan S:-178.4     I: -33.1 LUFS       LRA:  11.1 LU  FTPK:  -inf  -inf dBFS  TPK: -15.2 -16.3 dBFS
[Parsed_ebur128_0 @ 0x148e05970] t: 60.499979  TARGET:-23 LUFS    M:   nan S:-178.4     I: -33.1 LUFS       LRA:  11.1 LU  FTPK:  -inf  -inf dBFS  TPK: -15.2 -16.3 dBFS
[Parsed_ebur128_0 @ 0x148e05970] t: 60.599979  TARGET:-23 LUFS    M:   nan S:-178.4     I: -33.1 LUFS       LRA:  11.1 LU  FTPK:  -inf  -inf dBFS  TPK: -15.2 -16.3 dBFS
[Parsed_ebur128_0 @ 0x148e05970] t: 60.699979  TARGET:-23 LUFS    M:   nan S:-178.4     I: -33.1 LUFS       LRA:  11.1 LU  FTPK:  -inf  -inf dBFS  TPK: -15.2 -16.3 dBFS
[Parsed_ebur128_0 @ 0x148e05970] t: 60.799979  TARGET:-23 LUFS    M:   nan S:-178.4     I: -33.1 LUFS       LRA:  11.1 LU  FTPK:  -inf  -inf dBFS  TPK: -15.2 -16.3 dBFS
[Parsed_ebur128_0 @ 0x148e05970] t: 60.899979  TARGET:-23 LUFS    M:   nan S:-178.4     I: -33.1 LUFS       LRA:  11.1 LU  FTPK:  -inf  -inf dBFS  TPK: -15.2 -16.3 dBFS
[Parsed_ebur128_0 @ 0x148e05970] t: 60.999979  TARGET:-23 LUFS    M:   nan S:-178.4     I: -33.1 LUFS       LRA:  11.1 LU  FTPK:  -inf  -inf dBFS  TPK: -15.2 -16.3 dBFS
[Parsed_ebur128_0 @ 0x148e05970] t: 61.099979  TARGET:-23 LUFS    M:   nan S:-178.4     I: -33.1 LUFS       LRA:  11.1 LU  FTPK:  -inf  -inf dBFS  TPK: -15.2 -16.3 dBFS
[Parsed_ebur128_0 @ 0x148e05970] t: 61.199979  TARGET:-23 LUFS    M:   nan S:-178.4     I: -33.1 LUFS       LRA:  11.1 LU  FTPK:  -inf  -inf dBFS  TPK: -15.2 -16.3 dBFS
[Parsed_ebur128_0 @ 0x148e05970] t: 61.299979  TARGET:-23 LUFS    M:   nan S:-178.4     I: -33.1 LUFS       LRA:  11.1 LU  FTPK:  -inf  -inf dBFS  TPK: -15.2 -16.3 dBFS
[Parsed_ebur128_0 @ 0x148e05970] t: 61.399979  TARGET:-23 LUFS    M:   nan S:-178.4     I: -33.1 LUFS       LRA:  11.1 LU  FTPK:  -inf  -inf dBFS  TPK: -15.2 -16.3 dBFS
[Parsed_ebur128_0 @ 0x148e05970] t: 61.499979  TARGET:-23 LUFS    M:   nan S:-178.4     I: -33.1 LUFS       LRA:  11.1 LU  FTPK:  -inf  -inf dBFS  TPK: -15.2 -16.3 dBFS
[Parsed_ebur128_0 @ 0x148e05970] t: 61.599979  TARGET:-23 LUFS    M:   nan S:-178.4     I: -33.1 LUFS       LRA:  11.1 LU  FTPK:  -inf  -inf dBFS  TPK: -15.2 -16.3 dBFS
[Parsed_ebur128_0 @ 0x148e05970] t: 61.699979  TARGET:-23 LUFS    M:   nan S:-178.4     I: -33.1 LUFS       LRA:  11.1 LU  FTPK:  -inf  -inf dBFS  TPK: -15.2 -16.3 dBFS
[Parsed_ebur128_0 @ 0x148e05970] t: 61.799979  TARGET:-23 LUFS    M:   nan S:-178.4     I: -33.1 LUFS       LRA:  11.1 LU  FTPK:  -inf  -inf dBFS  TPK: -15.2 -16.3 dBFS
[Parsed_ebur128_0 @ 0x148e05970] t: 61.899979  TARGET:-23 LUFS    M:   nan S:-178.4     I: -33.1 LUFS       LRA:  11.1 LU  FTPK:  -inf  -inf dBFS  TPK: -15.2 -16.3 dBFS
[Parsed_ebur128_0 @ 0x148e05970] t: 61.999979  TARGET:-23 LUFS    M:   nan S:-178.4     I: -33.1 LUFS       LRA:  11.1 LU  FTPK:  -inf  -inf dBFS  TPK: -15.2 -16.3 dBFS
[Parsed_ebur128_0 @ 0x148e05970] t: 62.099979  TARGET:-23 LUFS    M:   nan S:-178.4     I: -33.1 LUFS       LRA:  11.1 LU  FTPK:  -inf  -inf dBFS  TPK: -15.2 -16.3 dBFS
[Parsed_ebur128_0 @ 0x148e05970] t: 62.199979  TARGET:-23 LUFS    M:   nan S:-178.4     I: -33.1 LUFS       LRA:  11.1 LU  FTPK:  -inf  -inf dBFS  TPK: -15.2 -16.3 dBFS
[Parsed_ebur128_0 @ 0x148e05970] t: 62.299979  TARGET:-23 LUFS    M:   nan S:-178.4     I: -33.1 LUFS       LRA:  11.1 LU  FTPK:  -inf  -inf dBFS  TPK: -15.2 -16.3 dBFS
[Parsed_ebur128_0 @ 0x148e05970] t: 62.399979  TARGET:-23 LUFS    M:   nan S:-178.4     I: -33.1 LUFS       LRA:  11.1 LU  FTPK:  -inf  -inf dBFS  TPK: -15.2 -16.3 dBFS
[Parsed_ebur128_0 @ 0x148e05970] t: 62.499979  TARGET:-23 LUFS    M:   nan S:-178.4     I: -33.1 LUFS       LRA:  11.1 LU  FTPK:  -inf  -inf dBFS  TPK: -15.2 -16.3 dBFS
[Parsed_ebur128_0 @ 0x148e05970] t: 62.599979  TARGET:-23 LUFS    M:   nan S:-178.4     I: -33.1 LUFS       LRA:  11.1 LU  FTPK:  -inf  -inf dBFS  TPK: -15.2 -16.3 dBFS
[Parsed_ebur128_0 @ 0x148e05970] t: 62.699979  TARGET:-23 LUFS    M:   nan S:-178.4     I: -33.1 LUFS       LRA:  11.1 LU  FTPK:  -inf  -inf dBFS  TPK: -15.2 -16.3 dBFS
[Parsed_ebur128_0 @ 0x148e05970] t: 62.799979  TARGET:-23 LUFS    M:   nan S:-178.4     I: -33.1 LUFS       LRA:  11.1 LU  FTPK:  -inf  -inf dBFS  TPK: -15.2 -16.3 dBFS
[Parsed_ebur128_0 @ 0x148e05970] t: 62.899979  TARGET:-23 LUFS    M:   nan S:-178.4     I: -33.1 LUFS       LRA:  11.1 LU  FTPK:  -inf  -inf dBFS  TPK: -15.2 -16.3 dBFS
[Parsed_ebur128_0 @ 0x148e05970] t: 62.999979  TARGET:-23 LUFS    M: -36.6 S: -45.4     I: -33.1 LUFS       LRA:  11.1 LU  FTPK: -15.2 -16.2 dBFS  TPK: -15.2 -16.2 dBFS
[Parsed_ebur128_0 @ 0x148e05970] t: 63.099979  TARGET:-23 LUFS    M: -36.1 S: -44.8     I: -33.1 LUFS       LRA:  11.1 LU  FTPK: -27.7 -28.7 dBFS  TPK: -15.2 -16.2 dBFS
[Parsed_ebur128_0 @ 0x148e05970] t: 63.199979  TARGET:-23 LUFS    M: -36.1 S: -44.8     I: -33.2 LUFS       LRA:  11.1 LU  FTPK: -80.4 -83.6 dBFS  TPK: -15.2 -16.2 dBFS
[Parsed_ebur128_0 @ 0x148e05970] t: 63.299979  TARGET:-23 LUFS    M: -36.1 S: -44.8     I: -33.2 LUFS       LRA:  11.1 LU  FTPK:  -inf  -inf dBFS  TPK: -15.2 -16.2 dBFS
[Parsed_ebur128_0 @ 0x148e05970] t: 63.399979  TARGET:-23 LUFS    M: -45.1 S: -44.8     I: -33.2 LUFS       LRA:  11.1 LU  FTPK:  -inf  -inf dBFS  TPK: -15.2 -16.2 dBFS
[Parsed_ebur128_0 @ 0x148e05970] t: 63.499979  TARGET:-23 LUFS    M:-107.3 S: -44.8     I: -33.2 LUFS       LRA:  11.1 LU  FTPK:  -inf  -inf dBFS  TPK: -15.2 -16.2 dBFS
[Parsed_ebur128_0 @ 0x148e05970] t: 63.599979  TARGET:-23 LUFS    M:   nan S: -44.8     I: -33.2 LUFS       LRA:  11.1 LU  FTPK:  -inf  -inf dBFS  TPK: -15.2 -16.2 dBFS
[Parsed_ebur128_0 @ 0x148e05970] t: 63.699979  TARGET:-23 LUFS    M:   nan S: -44.8     I: -33.2 LUFS       LRA:  11.1 LU  FTPK:  -inf  -inf dBFS  TPK: -15.2 -16.2 dBFS
[Parsed_ebur128_0 @ 0x148e05970] t: 63.799979  TARGET:-23 LUFS    M:   nan S: -44.8     I: -33.2 LUFS       LRA:  11.1 LU  FTPK:  -inf  -inf dBFS  TPK: -15.2 -16.2 dBFS
[Parsed_ebur128_0 @ 0x148e05970] t: 63.899979  TARGET:-23 LUFS    M:   nan S: -44.8     I: -33.2 LUFS       LRA:  11.1 LU  FTPK:  -inf  -inf dBFS  TPK: -15.2 -16.2 dBFS
[Parsed_ebur128_0 @ 0x148e05970] t: 63.999979  TARGET:-23 LUFS    M:   nan S: -44.8     I: -33.2 LUFS       LRA:  11.1 LU  FTPK:  -inf  -inf dBFS  TPK: -15.2 -16.2 dBFS
[Parsed_ebur128_0 @ 0x148e05970] t: 64.099979  TARGET:-23 LUFS    M: -41.2 S: -43.7     I: -33.3 LUFS       LRA:  11.1 LU  FTPK: -22.5 -21.5 dBFS  TPK: -15.2 -16.2 dBFS
[Parsed_ebur128_0 @ 0x148e05970] t: 64.199979  TARGET:-23 LUFS    M: -32.3 S: -39.5     I: -33.2 LUFS       LRA:  11.1 LU  FTPK: -18.3 -17.3 dBFS  TPK: -15.2 -16.2 dBFS
[Parsed_ebur128_0 @ 0x148e05970] t: 64.299979  TARGET:-23 LUFS    M: -29.5 S: -37.3     I: -33.2 LUFS       LRA:  11.1 LU  FTPK: -19.0 -18.0 dBFS  TPK: -15.2 -16.2 dBFS
[Parsed_ebur128_0 @ 0x148e05970] t: 64.399979  TARGET:-23 LUFS    M: -28.5 S: -36.6     I: -33.0 LUFS       LRA:  11.1 LU  FTPK: -21.1 -20.0 dBFS  TPK: -15.2 -16.2 dBFS
[Parsed_ebur128_0 @ 0x148e05970] t: 64.499979  TARGET:-23 LUFS    M: -28.8 S: -36.6     I: -32.9 LUFS       LRA:  11.1 LU  FTPK: -91.3 -89.9 dBFS  TPK: -15.2 -16.2 dBFS
[Parsed_ebur128_0 @ 0x148e05970] t: 64.599979  TARGET:-23 LUFS    M: -30.9 S: -36.6     I: -32.8 LUFS       LRA:  11.1 LU  FTPK:  -inf  -inf dBFS  TPK: -15.2 -16.2 dBFS
[Parsed_ebur128_0 @ 0x148e05970] t: 64.699979  TARGET:-23 LUFS    M: -35.6 S: -36.6     I: -32.9 LUFS       LRA:  11.1 LU  FTPK:  -inf  -inf dBFS  TPK: -15.2 -16.2 dBFS
[Parsed_ebur128_0 @ 0x148e05970] t: 64.799979  TARGET:-23 LUFS    M:-118.4 S: -36.6     I: -32.9 LUFS       LRA:  11.1 LU  FTPK:  -inf  -inf dBFS  TPK: -15.2 -16.2 dBFS
[Parsed_ebur128_0 @ 0x148e05970] t: 64.899979  TARGET:-23 LUFS    M:   nan S: -36.6     I: -32.9 LUFS       LRA:  11.1 LU  FTPK:  -inf  -inf dBFS  TPK: -15.2 -16.2 dBFS
[Parsed_ebur128_0 @ 0x148e05970] t: 64.999979  TARGET:-23 LUFS    M:   nan S: -36.6     I: -32.9 LUFS       LRA:  11.1 LU  FTPK:  -inf  -inf dBFS  TPK: -15.2 -16.2 dBFS
[Parsed_ebur128_0 @ 0x148e05970] t: 65.099979  TARGET:-23 LUFS    M:   nan S: -36.6     I: -32.9 LUFS       LRA:  11.1 LU  FTPK:  -inf  -inf dBFS  TPK: -15.2 -16.2 dBFS
[Parsed_ebur128_0 @ 0x148e05970] t: 65.199979  TARGET:-23 LUFS    M:   nan S: -36.6     I: -32.9 LUFS       LRA:  11.1 LU  FTPK:  -inf  -inf dBFS  TPK: -15.2 -16.2 dBFS
[Parsed_ebur128_0 @ 0x148e05970] t: 65.299979  TARGET:-23 LUFS    M:   nan S: -36.6     I: -32.9 LUFS       LRA:  11.1 LU  FTPK:  -inf  -inf dBFS  TPK: -15.2 -16.2 dBFS
[Parsed_ebur128_0 @ 0x148e05970] t: 65.399979  TARGET:-23 LUFS    M:   nan S: -36.6     I: -32.9 LUFS       LRA:  11.1 LU  FTPK:  -inf  -inf dBFS  TPK: -15.2 -16.2 dBFS
[Parsed_ebur128_0 @ 0x148e05970] t: 65.499979  TARGET:-23 LUFS    M:   nan S: -36.6     I: -32.9 LUFS       LRA:  11.1 LU  FTPK:  -inf  -inf dBFS  TPK: -15.2 -16.2 dBFS
[Parsed_ebur128_0 @ 0x148e05970] t: 65.599979  TARGET:-23 LUFS    M:   nan S: -36.6     I: -32.9 LUFS       LRA:  11.1 LU  FTPK:  -inf  -inf dBFS  TPK: -15.2 -16.2 dBFS
[Parsed_ebur128_0 @ 0x148e05970] t: 65.699979  TARGET:-23 LUFS    M:   nan S: -36.6     I: -32.9 LUFS       LRA:  11.1 LU  FTPK:  -inf  -inf dBFS  TPK: -15.2 -16.2 dBFS
[Parsed_ebur128_0 @ 0x148e05970] t: 65.799979  TARGET:-23 LUFS    M:   nan S: -36.6     I: -32.9 LUFS       LRA:  11.1 LU  FTPK:  -inf  -inf dBFS  TPK: -15.2 -16.2 dBFS
[Parsed_ebur128_0 @ 0x148e05970] t: 65.899979  TARGET:-23 LUFS    M:   nan S: -36.6     I: -32.9 LUFS       LRA:  11.1 LU  FTPK:  -inf  -inf dBFS  TPK: -15.2 -16.2 dBFS
[Parsed_ebur128_0 @ 0x148e05970] t: 65.999979  TARGET:-23 LUFS    M:   nan S: -37.2     I: -32.9 LUFS       LRA:  11.1 LU  FTPK:  -inf  -inf dBFS  TPK: -15.2 -16.2 dBFS
[Parsed_ebur128_0 @ 0x148e05970] t: 66.099979  TARGET:-23 LUFS    M:   nan S: -37.3     I: -32.9 LUFS       LRA:  10.6 LU  FTPK:  -inf  -inf dBFS  TPK: -15.2 -16.2 dBFS
[Parsed_ebur128_0 @ 0x148e05970] t: 66.199979  TARGET:-23 LUFS    M:   nan S: -37.3     I: -32.9 LUFS       LRA:  10.6 LU  FTPK:  -inf  -inf dBFS  TPK: -15.2 -16.2 dBFS
[Parsed_ebur128_0 @ 0x148e05970] t: 66.299979  TARGET:-23 LUFS    M:   nan S: -37.3     I: -32.9 LUFS       LRA:  10.6 LU  FTPK:  -inf  -inf dBFS  TPK: -15.2 -16.2 dBFS
[Parsed_ebur128_0 @ 0x148e05970] t: 66.399979  TARGET:-23 LUFS    M:   nan S: -37.3     I: -32.9 LUFS       LRA:  10.6 LU  FTPK:  -inf  -inf dBFS  TPK: -15.2 -16.2 dBFS
[Parsed_ebur128_0 @ 0x148e05970] t: 66.499979  TARGET:-23 LUFS    M:   nan S: -37.3     I: -32.9 LUFS       LRA:  10.6 LU  FTPK:  -inf  -inf dBFS  TPK: -15.2 -16.2 dBFS
[Parsed_ebur128_0 @ 0x148e05970] t: 66.599979  TARGET:-23 LUFS    M:   nan S: -37.3     I: -32.9 LUFS       LRA:  10.6 LU  FTPK:  -inf  -inf dBFS  TPK: -15.2 -16.2 dBFS
[Parsed_ebur128_0 @ 0x148e05970] t: 66.699979  TARGET:-23 LUFS    M:   nan S: -37.3     I: -32.9 LUFS       LRA:  10.6 LU  FTPK:  -inf  -inf dBFS  TPK: -15.2 -16.2 dBFS
[Parsed_ebur128_0 @ 0x148e05970] t: 66.799979  TARGET:-23 LUFS    M:   nan S: -37.3     I: -32.9 LUFS       LRA:  10.6 LU  FTPK:  -inf  -inf dBFS  TPK: -15.2 -16.2 dBFS
[Parsed_ebur128_0 @ 0x148e05970] t: 66.899979  TARGET:-23 LUFS    M:   nan S: -37.3     I: -32.9 LUFS       LRA:  10.6 LU  FTPK:  -inf  -inf dBFS  TPK: -15.2 -16.2 dBFS
[Parsed_ebur128_0 @ 0x148e05970] t: 66.999979  TARGET:-23 LUFS    M:   nan S: -37.3     I: -32.9 LUFS       LRA:  10.6 LU  FTPK:  -inf  -inf dBFS  TPK: -15.2 -16.2 dBFS
[Parsed_ebur128_0 @ 0x148e05970] t: 67.099979  TARGET:-23 LUFS    M:   nan S: -37.5     I: -32.9 LUFS       LRA:  10.1 LU  FTPK:  -inf  -inf dBFS  TPK: -15.2 -16.2 dBFS
[Parsed_ebur128_0 @ 0x148e05970] t: 67.199979  TARGET:-23 LUFS    M:   nan S: -39.6     I: -32.9 LUFS       LRA:  10.1 LU  FTPK:  -inf  -inf dBFS  TPK: -15.2 -16.2 dBFS
[Parsed_ebur128_0 @ 0x148e05970] t: 67.299979  TARGET:-23 LUFS    M:   nan S: -44.4     I: -32.9 LUFS       LRA:  10.1 LU  FTPK:  -inf  -inf dBFS  TPK: -15.2 -16.2 dBFS
[Parsed_ebur128_0 @ 0x148e05970] t: 67.399979  TARGET:-23 LUFS    M:   nan S:-127.1     I: -32.9 LUFS       LRA:  10.1 LU  FTPK:  -inf  -inf dBFS  TPK: -15.2 -16.2 dBFS
[Parsed_ebur128_0 @ 0x148e05970] t: 67.499979  TARGET:-23 LUFS    M:   nan S:-181.1     I: -32.9 LUFS       LRA:  10.1 LU  FTPK:  -inf  -inf dBFS  TPK: -15.2 -16.2 dBFS
[Parsed_ebur128_0 @ 0x148e05970] t: 67.599979  TARGET:-23 LUFS    M:   nan S:-181.1     I: -32.9 LUFS       LRA:  10.1 LU  FTPK:  -inf  -inf dBFS  TPK: -15.2 -16.2 dBFS
[Parsed_ebur128_0 @ 0x148e05970] t: 67.699979  TARGET:-23 LUFS    M:   nan S:-181.1     I: -32.9 LUFS       LRA:  10.1 LU  FTPK:  -inf  -inf dBFS  TPK: -15.2 -16.2 dBFS
[Parsed_ebur128_0 @ 0x148e05970] t: 67.799979  TARGET:-23 LUFS    M:   nan S:-181.1     I: -32.9 LUFS       LRA:  10.1 LU  FTPK:  -inf  -inf dBFS  TPK: -15.2 -16.2 dBFS
[Parsed_ebur128_0 @ 0x148e05970] t: 67.899979  TARGET:-23 LUFS    M:   nan S:-181.1     I: -32.9 LUFS       LRA:  10.1 LU  FTPK:  -inf  -inf dBFS  TPK: -15.2 -16.2 dBFS
[Parsed_ebur128_0 @ 0x148e05970] t: 67.999979  TARGET:-23 LUFS    M:   nan S:-181.1     I: -32.9 LUFS       LRA:  10.1 LU  FTPK:  -inf  -inf dBFS  TPK: -15.2 -16.2 dBFS
[Parsed_ebur128_0 @ 0x148e05970] t: 68.099979  TARGET:-23 LUFS    M:   nan S:-181.1     I: -32.9 LUFS       LRA:  10.1 LU  FTPK:  -inf  -inf dBFS  TPK: -15.2 -16.2 dBFS
[Parsed_ebur128_0 @ 0x148e05970] t: 68.199979  TARGET:-23 LUFS    M:   nan S:-181.1     I: -32.9 LUFS       LRA:  10.1 LU  FTPK:  -inf  -inf dBFS  TPK: -15.2 -16.2 dBFS
[Parsed_ebur128_0 @ 0x148e05970] t: 68.299979  TARGET:-23 LUFS    M:   nan S:-181.1     I: -32.9 LUFS       LRA:  10.1 LU  FTPK:  -inf  -inf dBFS  TPK: -15.2 -16.2 dBFS
[Parsed_ebur128_0 @ 0x148e05970] t: 68.399979  TARGET:-23 LUFS    M:   nan S:-181.1     I: -32.9 LUFS       LRA:  10.1 LU  FTPK:  -inf  -inf dBFS  TPK: -15.2 -16.2 dBFS
[Parsed_ebur128_0 @ 0x148e05970] t: 68.499979  TARGET:-23 LUFS    M:   nan S:-181.1     I: -32.9 LUFS       LRA:  10.1 LU  FTPK:  -inf  -inf dBFS  TPK: -15.2 -16.2 dBFS
[Parsed_ebur128_0 @ 0x148e05970] t: 68.599979  TARGET:-23 LUFS    M:   nan S:-181.1     I: -32.9 LUFS       LRA:  10.1 LU  FTPK:  -inf  -inf dBFS  TPK: -15.2 -16.2 dBFS
[Parsed_ebur128_0 @ 0x148e05970] t: 68.699979  TARGET:-23 LUFS    M:   nan S:-181.1     I: -32.9 LUFS       LRA:  10.1 LU  FTPK:  -inf  -inf dBFS  TPK: -15.2 -16.2 dBFS
[Parsed_ebur128_0 @ 0x148e05970] t: 68.799979  TARGET:-23 LUFS    M:   nan S:-181.1     I: -32.9 LUFS       LRA:  10.1 LU  FTPK:  -inf  -inf dBFS  TPK: -15.2 -16.2 dBFS
[Parsed_ebur128_0 @ 0x148e05970] t: 68.899979  TARGET:-23 LUFS    M:   nan S:-181.1     I: -32.9 LUFS       LRA:  10.1 LU  FTPK:  -inf  -inf dBFS  TPK: -15.2 -16.2 dBFS
[Parsed_ebur128_0 @ 0x148e05970] t: 68.999979  TARGET:-23 LUFS    M: -32.8 S: -41.5     I: -32.9 LUFS       LRA:  10.1 LU  FTPK: -16.3 -17.3 dBFS  TPK: -15.2 -16.2 dBFS
[Parsed_ebur128_0 @ 0x148e05970] t: 69.099979  TARGET:-23 LUFS    M: -32.6 S: -41.3     I: -32.9 LUFS       LRA:  10.1 LU  FTPK: -25.6 -26.7 dBFS  TPK: -15.2 -16.2 dBFS
[Parsed_ebur128_0 @ 0x148e05970] t: 69.199979  TARGET:-23 LUFS    M: -32.6 S: -41.3     I: -32.9 LUFS       LRA:  10.1 LU  FTPK:  -inf  -inf dBFS  TPK: -15.2 -16.2 dBFS
[Parsed_ebur128_0 @ 0x148e05970] t: 69.299979  TARGET:-23 LUFS    M: -32.6 S: -41.3     I: -32.9 LUFS       LRA:  10.1 LU  FTPK:  -inf  -inf dBFS  TPK: -15.2 -16.2 dBFS
[Parsed_ebur128_0 @ 0x148e05970] t: 69.399979  TARGET:-23 LUFS    M: -45.5 S: -41.3     I: -32.9 LUFS       LRA:  10.1 LU  FTPK:  -inf  -inf dBFS  TPK: -15.2 -16.2 dBFS
[Parsed_ebur128_0 @ 0x148e05970] t: 69.499979  TARGET:-23 LUFS    M:   nan S: -41.3     I: -32.9 LUFS       LRA:  10.1 LU  FTPK:  -inf  -inf dBFS  TPK: -15.2 -16.2 dBFS
[Parsed_ebur128_0 @ 0x148e05970] t: 69.599979  TARGET:-23 LUFS    M:   nan S: -41.3     I: -32.9 LUFS       LRA:  10.1 LU  FTPK:  -inf  -inf dBFS  TPK: -15.2 -16.2 dBFS
[Parsed_ebur128_0 @ 0x148e05970] t: 69.699979  TARGET:-23 LUFS    M:   nan S: -41.3     I: -32.9 LUFS       LRA:  10.1 LU  FTPK:  -inf  -inf dBFS  TPK: -15.2 -16.2 dBFS
[Parsed_ebur128_0 @ 0x148e05970] t: 69.799979  TARGET:-23 LUFS    M:   nan S: -41.3     I: -32.9 LUFS       LRA:  10.1 LU  FTPK:  -inf  -inf dBFS  TPK: -15.2 -16.2 dBFS
[Parsed_ebur128_0 @ 0x148e05970] t: 69.899979  TARGET:-23 LUFS    M:   nan S: -41.3     I: -32.9 LUFS       LRA:  10.1 LU  FTPK:  -inf  -inf dBFS  TPK: -15.2 -16.2 dBFS
[Parsed_ebur128_0 @ 0x148e05970] t: 69.999979  TARGET:-23 LUFS    M:   nan S: -41.3     I: -32.9 LUFS       LRA:  10.1 LU  FTPK:  -inf  -inf dBFS  TPK: -15.2 -16.2 dBFS
[Parsed_ebur128_0 @ 0x148e05970] t: 70.099979  TARGET:-23 LUFS    M:   nan S: -41.3     I: -32.9 LUFS       LRA:  10.1 LU  FTPK:  -inf  -inf dBFS  TPK: -15.2 -16.2 dBFS
[Parsed_ebur128_0 @ 0x148e05970] t: 70.199979  TARGET:-23 LUFS    M:   nan S: -41.3     I: -32.9 LUFS       LRA:  10.1 LU  FTPK:  -inf  -inf dBFS  TPK: -15.2 -16.2 dBFS
[Parsed_ebur128_0 @ 0x148e05970] t: 70.299979  TARGET:-23 LUFS    M:   nan S: -41.3     I: -32.9 LUFS       LRA:  10.1 LU  FTPK:  -inf  -inf dBFS  TPK: -15.2 -16.2 dBFS
[Parsed_ebur128_0 @ 0x148e05970] t: 70.399979  TARGET:-23 LUFS    M:   nan S: -41.3     I: -32.9 LUFS       LRA:  10.1 LU  FTPK:  -inf  -inf dBFS  TPK: -15.2 -16.2 dBFS
[Parsed_ebur128_0 @ 0x148e05970] t: 70.499979  TARGET:-23 LUFS    M:   nan S: -41.3     I: -32.9 LUFS       LRA:  10.1 LU  FTPK:  -inf  -inf dBFS  TPK: -15.2 -16.2 dBFS
[Parsed_ebur128_0 @ 0x148e05970] t: 70.599979  TARGET:-23 LUFS    M:   nan S: -41.3     I: -32.9 LUFS       LRA:  10.1 LU  FTPK:  -inf  -inf dBFS  TPK: -15.2 -16.2 dBFS
[Parsed_ebur128_0 @ 0x148e05970] t: 70.699979  TARGET:-23 LUFS    M:   nan S: -41.3     I: -32.9 LUFS       LRA:  10.1 LU  FTPK:  -inf  -inf dBFS  TPK: -15.2 -16.2 dBFS
[Parsed_ebur128_0 @ 0x148e05970] t: 70.799979  TARGET:-23 LUFS    M:   nan S: -41.3     I: -32.9 LUFS       LRA:  10.1 LU  FTPK:  -inf  -inf dBFS  TPK: -15.2 -16.2 dBFS
[Parsed_ebur128_0 @ 0x148e05970] t: 70.899979  TARGET:-23 LUFS    M:   nan S: -41.3     I: -32.9 LUFS       LRA:  10.1 LU  FTPK:  -inf  -inf dBFS  TPK: -15.2 -16.2 dBFS
[Parsed_ebur128_0 @ 0x148e05970] t: 70.999979  TARGET:-23 LUFS    M:   nan S: -41.3     I: -32.9 LUFS       LRA:  10.1 LU  FTPK:  -inf  -inf dBFS  TPK: -15.2 -16.2 dBFS
[Parsed_ebur128_0 @ 0x148e05970] t: 71.099979  TARGET:-23 LUFS    M:   nan S: -41.3     I: -32.9 LUFS       LRA:  10.1 LU  FTPK:  -inf  -inf dBFS  TPK: -15.2 -16.2 dBFS
[Parsed_ebur128_0 @ 0x148e05970] t: 71.199979  TARGET:-23 LUFS    M:   nan S: -41.3     I: -32.9 LUFS       LRA:  10.1 LU  FTPK:  -inf  -inf dBFS  TPK: -15.2 -16.2 dBFS
[Parsed_ebur128_0 @ 0x148e05970] t: 71.299979  TARGET:-23 LUFS    M:   nan S: -41.3     I: -32.9 LUFS       LRA:  10.1 LU  FTPK:  -inf  -inf dBFS  TPK: -15.2 -16.2 dBFS
[Parsed_ebur128_0 @ 0x148e05970] t: 71.399979  TARGET:-23 LUFS    M:   nan S: -41.3     I: -32.9 LUFS       LRA:  10.1 LU  FTPK:  -inf  -inf dBFS  TPK: -15.2 -16.2 dBFS
[Parsed_ebur128_0 @ 0x148e05970] t: 71.499979  TARGET:-23 LUFS    M:   nan S: -41.3     I: -32.9 LUFS       LRA:  10.1 LU  FTPK:  -inf  -inf dBFS  TPK: -15.2 -16.2 dBFS
[Parsed_ebur128_0 @ 0x148e05970] t: 71.599979  TARGET:-23 LUFS    M:   nan S: -41.3     I: -32.9 LUFS       LRA:  10.1 LU  FTPK:  -inf  -inf dBFS  TPK: -15.2 -16.2 dBFS
[Parsed_ebur128_0 @ 0x148e05970] t: 71.699979  TARGET:-23 LUFS    M:   nan S: -41.3     I: -32.9 LUFS       LRA:  10.1 LU  FTPK:  -inf  -inf dBFS  TPK: -15.2 -16.2 dBFS
[Parsed_ebur128_0 @ 0x148e05970] t: 71.799979  TARGET:-23 LUFS    M:   nan S: -41.3     I: -32.9 LUFS       LRA:  10.1 LU  FTPK:  -inf  -inf dBFS  TPK: -15.2 -16.2 dBFS
[Parsed_ebur128_0 @ 0x148e05970] t: 71.899979  TARGET:-23 LUFS    M:   nan S: -41.3     I: -32.9 LUFS       LRA:  10.1 LU  FTPK:  -inf  -inf dBFS  TPK: -15.2 -16.2 dBFS
[Parsed_ebur128_0 @ 0x148e05970] t: 71.999979  TARGET:-23 LUFS    M:   nan S: -54.2     I: -32.9 LUFS       LRA:  10.1 LU  FTPK:  -inf  -inf dBFS  TPK: -15.2 -16.2 dBFS
[Parsed_ebur128_0 @ 0x148e05970] t: 72.099979  TARGET:-23 LUFS    M:   nan S:-186.9     I: -32.9 LUFS       LRA:  10.1 LU  FTPK:  -inf  -inf dBFS  TPK: -15.2 -16.2 dBFS
[Parsed_ebur128_0 @ 0x148e05970] t: 72.199979  TARGET:-23 LUFS    M:   nan S:-186.9     I: -32.9 LUFS       LRA:  10.1 LU  FTPK:  -inf  -inf dBFS  TPK: -15.2 -16.2 dBFS
[Parsed_ebur128_0 @ 0x148e05970] t: 72.299979  TARGET:-23 LUFS    M:   nan S:-186.9     I: -32.9 LUFS       LRA:  10.1 LU  FTPK:  -inf  -inf dBFS  TPK: -15.2 -16.2 dBFS
[Parsed_ebur128_0 @ 0x148e05970] t: 72.399979  TARGET:-23 LUFS    M:   nan S:-186.9     I: -32.9 LUFS       LRA:  10.1 LU  FTPK:  -inf  -inf dBFS  TPK: -15.2 -16.2 dBFS
[Parsed_ebur128_0 @ 0x148e05970] t: 72.499979  TARGET:-23 LUFS    M:   nan S:-186.9     I: -32.9 LUFS       LRA:  10.1 LU  FTPK:  -inf  -inf dBFS  TPK: -15.2 -16.2 dBFS
[Parsed_ebur128_0 @ 0x148e05970] t: 72.599979  TARGET:-23 LUFS    M:   nan S:-186.9     I: -32.9 LUFS       LRA:  10.1 LU  FTPK:  -inf  -inf dBFS  TPK: -15.2 -16.2 dBFS
[Parsed_ebur128_0 @ 0x148e05970] t: 72.699979  TARGET:-23 LUFS    M:   nan S:-186.9     I: -32.9 LUFS       LRA:  10.1 LU  FTPK:  -inf  -inf dBFS  TPK: -15.2 -16.2 dBFS
[Parsed_ebur128_0 @ 0x148e05970] t: 72.799979  TARGET:-23 LUFS    M:   nan S:-186.9     I: -32.9 LUFS       LRA:  10.1 LU  FTPK:  -inf  -inf dBFS  TPK: -15.2 -16.2 dBFS
[Parsed_ebur128_0 @ 0x148e05970] t: 72.899979  TARGET:-23 LUFS    M:   nan S:-186.9     I: -32.9 LUFS       LRA:  10.1 LU  FTPK:  -inf  -inf dBFS  TPK: -15.2 -16.2 dBFS
[Parsed_ebur128_0 @ 0x148e05970] t: 72.999979  TARGET:-23 LUFS    M:   nan S:-186.9     I: -32.9 LUFS       LRA:  10.1 LU  FTPK:  -inf  -inf dBFS  TPK: -15.2 -16.2 dBFS
[Parsed_ebur128_0 @ 0x148e05970] t: 73.099979  TARGET:-23 LUFS    M:   nan S:-186.9     I: -32.9 LUFS       LRA:  10.1 LU  FTPK:  -inf  -inf dBFS  TPK: -15.2 -16.2 dBFS
[Parsed_ebur128_0 @ 0x148e05970] t: 73.199979  TARGET:-23 LUFS    M:   nan S:-186.9     I: -32.9 LUFS       LRA:  10.1 LU  FTPK:  -inf  -inf dBFS  TPK: -15.2 -16.2 dBFS
[Parsed_ebur128_0 @ 0x148e05970] t: 73.299979  TARGET:-23 LUFS    M:   nan S:-186.9     I: -32.9 LUFS       LRA:  10.1 LU  FTPK:  -inf  -inf dBFS  TPK: -15.2 -16.2 dBFS
[Parsed_ebur128_0 @ 0x148e05970] t: 73.399979  TARGET:-23 LUFS    M:   nan S:-186.9     I: -32.9 LUFS       LRA:  10.1 LU  FTPK:  -inf  -inf dBFS  TPK: -15.2 -16.2 dBFS
[Parsed_ebur128_0 @ 0x148e05970] t: 73.499979  TARGET:-23 LUFS    M:   nan S:-186.9     I: -32.9 LUFS       LRA:  10.1 LU  FTPK:  -inf  -inf dBFS  TPK: -15.2 -16.2 dBFS
[Parsed_ebur128_0 @ 0x148e05970] t: 73.599979  TARGET:-23 LUFS    M:   nan S:-186.9     I: -32.9 LUFS       LRA:  10.1 LU  FTPK:  -inf  -inf dBFS  TPK: -15.2 -16.2 dBFS
[Parsed_ebur128_0 @ 0x148e05970] t: 73.699979  TARGET:-23 LUFS    M:   nan S:-186.9     I: -32.9 LUFS       LRA:  10.1 LU  FTPK:  -inf  -inf dBFS  TPK: -15.2 -16.2 dBFS
[Parsed_ebur128_0 @ 0x148e05970] t: 73.799979  TARGET:-23 LUFS    M:   nan S:-186.9     I: -32.9 LUFS       LRA:  10.1 LU  FTPK:  -inf  -inf dBFS  TPK: -15.2 -16.2 dBFS
[Parsed_ebur128_0 @ 0x148e05970] t: 73.899979  TARGET:-23 LUFS    M:   nan S:-186.9     I: -32.9 LUFS       LRA:  10.1 LU  FTPK:  -inf  -inf dBFS  TPK: -15.2 -16.2 dBFS
[Parsed_ebur128_0 @ 0x148e05970] t: 73.999979  TARGET:-23 LUFS    M:   nan S:-186.9     I: -32.9 LUFS       LRA:  10.1 LU  FTPK:  -inf  -inf dBFS  TPK: -15.2 -16.2 dBFS
[Parsed_ebur128_0 @ 0x148e05970] t: 74.099979  TARGET:-23 LUFS    M:   nan S:-186.9     I: -32.9 LUFS       LRA:  10.1 LU  FTPK:  -inf  -inf dBFS  TPK: -15.2 -16.2 dBFS
[Parsed_ebur128_0 @ 0x148e05970] t: 74.199979  TARGET:-23 LUFS    M:   nan S:-186.9     I: -32.9 LUFS       LRA:  10.1 LU  FTPK:  -inf  -inf dBFS  TPK: -15.2 -16.2 dBFS
[Parsed_ebur128_0 @ 0x148e05970] t: 74.299979  TARGET:-23 LUFS    M:   nan S:-186.9     I: -32.9 LUFS       LRA:  10.1 LU  FTPK:  -inf  -inf dBFS  TPK: -15.2 -16.2 dBFS
[Parsed_ebur128_0 @ 0x148e05970] t: 74.399979  TARGET:-23 LUFS    M:   nan S:-186.9     I: -32.9 LUFS       LRA:  10.1 LU  FTPK:  -inf  -inf dBFS  TPK: -15.2 -16.2 dBFS
[Parsed_ebur128_0 @ 0x148e05970] t: 74.499979  TARGET:-23 LUFS    M: -35.1 S: -43.9     I: -32.9 LUFS       LRA:  10.1 LU  FTPK: -16.4 -17.4 dBFS  TPK: -15.2 -16.2 dBFS
[Parsed_ebur128_0 @ 0x148e05970] t: 74.599979  TARGET:-23 LUFS    M: -34.1 S: -42.9     I: -32.9 LUFS       LRA:  10.1 LU  FTPK: -23.1 -24.1 dBFS  TPK: -15.2 -16.2 dBFS
[Parsed_ebur128_0 @ 0x148e05970] t: 74.699979  TARGET:-23 LUFS    M: -34.1 S: -42.9     I: -32.9 LUFS       LRA:  10.0 LU  FTPK: -46.4 -47.5 dBFS  TPK: -15.2 -16.2 dBFS
[Parsed_ebur128_0 @ 0x148e05970] t: 74.799979  TARGET:-23 LUFS    M: -34.1 S: -42.9     I: -32.9 LUFS       LRA:  10.0 LU  FTPK:  -inf  -inf dBFS  TPK: -15.2 -16.2 dBFS
[Parsed_ebur128_0 @ 0x148e05970] t: 74.899979  TARGET:-23 LUFS    M: -41.0 S: -42.9     I: -33.0 LUFS       LRA:  10.0 LU  FTPK:  -inf  -inf dBFS  TPK: -15.2 -16.2 dBFS
[Parsed_ebur128_0 @ 0x148e05970] t: 74.999979  TARGET:-23 LUFS    M: -64.7 S: -42.9     I: -33.0 LUFS       LRA:  10.0 LU  FTPK:  -inf  -inf dBFS  TPK: -15.2 -16.2 dBFS
[Parsed_ebur128_0 @ 0x148e05970] t: 75.099979  TARGET:-23 LUFS    M:   nan S: -42.9     I: -33.0 LUFS       LRA:  10.0 LU  FTPK:  -inf  -inf dBFS  TPK: -15.2 -16.2 dBFS
[Parsed_ebur128_0 @ 0x148e05970] t: 75.199979  TARGET:-23 LUFS    M:   nan S: -42.9     I: -33.0 LUFS       LRA:  10.0 LU  FTPK:  -inf  -inf dBFS  TPK: -15.2 -16.2 dBFS
[Parsed_ebur128_0 @ 0x148e05970] t: 75.299979  TARGET:-23 LUFS    M:   nan S: -42.9     I: -33.0 LUFS       LRA:  10.0 LU  FTPK:  -inf  -inf dBFS  TPK: -15.2 -16.2 dBFS
[Parsed_ebur128_0 @ 0x148e05970] t: 75.399979  TARGET:-23 LUFS    M:   nan S: -42.9     I: -33.0 LUFS       LRA:  10.0 LU  FTPK:  -inf  -inf dBFS  TPK: -15.2 -16.2 dBFS
[Parsed_ebur128_0 @ 0x148e05970] t: 75.499979  TARGET:-23 LUFS    M:   nan S: -42.9     I: -33.0 LUFS       LRA:  10.0 LU  FTPK:  -inf  -inf dBFS  TPK: -15.2 -16.2 dBFS
[Parsed_ebur128_0 @ 0x148e05970] t: 75.599979  TARGET:-23 LUFS    M:   nan S: -42.9     I: -33.0 LUFS       LRA:  10.0 LU  FTPK:  -inf  -inf dBFS  TPK: -15.2 -16.2 dBFS
[Parsed_ebur128_0 @ 0x148e05970] t: 75.699979  TARGET:-23 LUFS    M:   nan S: -42.9     I: -33.0 LUFS       LRA:  10.0 LU  FTPK:  -inf  -inf dBFS  TPK: -15.2 -16.2 dBFS
[Parsed_ebur128_0 @ 0x148e05970] t: 75.799979  TARGET:-23 LUFS    M:   nan S: -42.9     I: -33.0 LUFS       LRA:  10.0 LU  FTPK:  -inf  -inf dBFS  TPK: -15.2 -16.2 dBFS
[Parsed_ebur128_0 @ 0x148e05970] t: 75.899979  TARGET:-23 LUFS    M:   nan S: -42.9     I: -33.0 LUFS       LRA:  10.0 LU  FTPK:  -inf  -inf dBFS  TPK: -15.2 -16.2 dBFS
[Parsed_ebur128_0 @ 0x148e05970] t: 75.999979  TARGET:-23 LUFS    M:   nan S: -42.9     I: -33.0 LUFS       LRA:  10.0 LU  FTPK:  -inf  -inf dBFS  TPK: -15.2 -16.2 dBFS
[Parsed_ebur128_0 @ 0x148e05970] t: 76.099979  TARGET:-23 LUFS    M:   nan S: -42.9     I: -33.0 LUFS       LRA:  10.0 LU  FTPK:  -inf  -inf dBFS  TPK: -15.2 -16.2 dBFS
[Parsed_ebur128_0 @ 0x148e05970] t: 76.199979  TARGET:-23 LUFS    M:   nan S: -42.9     I: -33.0 LUFS       LRA:  10.0 LU  FTPK:  -inf  -inf dBFS  TPK: -15.2 -16.2 dBFS
[Parsed_ebur128_0 @ 0x148e05970] t: 76.299979  TARGET:-23 LUFS    M:   nan S: -42.9     I: -33.0 LUFS       LRA:  10.0 LU  FTPK:  -inf  -inf dBFS  TPK: -15.2 -16.2 dBFS
[Parsed_ebur128_0 @ 0x148e05970] t: 76.399979  TARGET:-23 LUFS    M:   nan S: -42.9     I: -33.0 LUFS       LRA:  10.0 LU  FTPK:  -inf  -inf dBFS  TPK: -15.2 -16.2 dBFS
[Parsed_ebur128_0 @ 0x148e05970] t: 76.499979  TARGET:-23 LUFS    M:   nan S: -42.9     I: -33.0 LUFS       LRA:  10.0 LU  FTPK:  -inf  -inf dBFS  TPK: -15.2 -16.2 dBFS
[Parsed_ebur128_0 @ 0x148e05970] t: 76.599979  TARGET:-23 LUFS    M:   nan S: -42.9     I: -33.0 LUFS       LRA:  10.0 LU  FTPK:  -inf  -inf dBFS  TPK: -15.2 -16.2 dBFS
[Parsed_ebur128_0 @ 0x148e05970] t: 76.699979  TARGET:-23 LUFS    M:   nan S: -42.9     I: -33.0 LUFS       LRA:   9.9 LU  FTPK:  -inf  -inf dBFS  TPK: -15.2 -16.2 dBFS
[Parsed_ebur128_0 @ 0x148e05970] t: 76.799979  TARGET:-23 LUFS    M:   nan S: -42.9     I: -33.0 LUFS       LRA:   9.9 LU  FTPK:  -inf  -inf dBFS  TPK: -15.2 -16.2 dBFS
[Parsed_ebur128_0 @ 0x148e05970] t: 76.899979  TARGET:-23 LUFS    M:   nan S: -42.9     I: -33.0 LUFS       LRA:   9.9 LU  FTPK:  -inf  -inf dBFS  TPK: -15.2 -16.2 dBFS
[Parsed_ebur128_0 @ 0x148e05970] t: 76.999979  TARGET:-23 LUFS    M:   nan S: -42.9     I: -33.0 LUFS       LRA:   9.9 LU  FTPK:  -inf  -inf dBFS  TPK: -15.2 -16.2 dBFS
[Parsed_ebur128_0 @ 0x148e05970] t: 77.099979  TARGET:-23 LUFS    M:   nan S: -42.9     I: -33.0 LUFS       LRA:   9.9 LU  FTPK:  -inf  -inf dBFS  TPK: -15.2 -16.2 dBFS
[Parsed_ebur128_0 @ 0x148e05970] t: 77.199979  TARGET:-23 LUFS    M:   nan S: -42.9     I: -33.0 LUFS       LRA:   9.9 LU  FTPK:  -inf  -inf dBFS  TPK: -15.2 -16.2 dBFS
[Parsed_ebur128_0 @ 0x148e05970] t: 77.299979  TARGET:-23 LUFS    M:   nan S: -42.9     I: -33.0 LUFS       LRA:   9.9 LU  FTPK:  -inf  -inf dBFS  TPK: -15.2 -16.2 dBFS
[Parsed_ebur128_0 @ 0x148e05970] t: 77.399979  TARGET:-23 LUFS    M:   nan S: -42.9     I: -33.0 LUFS       LRA:   9.9 LU  FTPK:  -inf  -inf dBFS  TPK: -15.2 -16.2 dBFS
[Parsed_ebur128_0 @ 0x148e05970] t: 77.499979  TARGET:-23 LUFS    M:   nan S: -49.8     I: -33.0 LUFS       LRA:   9.9 LU  FTPK:  -inf  -inf dBFS  TPK: -15.2 -16.2 dBFS
[Parsed_ebur128_0 @ 0x148e05970] t: 77.599979  TARGET:-23 LUFS    M:   nan S: -73.5     I: -33.0 LUFS       LRA:   9.9 LU  FTPK:  -inf  -inf dBFS  TPK: -15.2 -16.2 dBFS
[Parsed_ebur128_0 @ 0x148e05970] t: 77.699979  TARGET:-23 LUFS    M:   nan S:-186.9     I: -33.0 LUFS       LRA:   9.9 LU  FTPK:  -inf  -inf dBFS  TPK: -15.2 -16.2 dBFS
[Parsed_ebur128_0 @ 0x148e05970] t: 77.799979  TARGET:-23 LUFS    M:   nan S:-186.9     I: -33.0 LUFS       LRA:   9.9 LU  FTPK:  -inf  -inf dBFS  TPK: -15.2 -16.2 dBFS
[Parsed_ebur128_0 @ 0x148e05970] t: 77.899979  TARGET:-23 LUFS    M:   nan S:-186.9     I: -33.0 LUFS       LRA:   9.9 LU  FTPK:  -inf  -inf dBFS  TPK: -15.2 -16.2 dBFS
[Parsed_ebur128_0 @ 0x148e05970] t: 77.999979  TARGET:-23 LUFS    M:   nan S:-186.9     I: -33.0 LUFS       LRA:   9.9 LU  FTPK:  -inf  -inf dBFS  TPK: -15.2 -16.2 dBFS
[Parsed_ebur128_0 @ 0x148e05970] t: 78.099979  TARGET:-23 LUFS    M:   nan S:-186.9     I: -33.0 LUFS       LRA:   9.9 LU  FTPK:  -inf  -inf dBFS  TPK: -15.2 -16.2 dBFS
[Parsed_ebur128_0 @ 0x148e05970] t: 78.199979  TARGET:-23 LUFS    M:   nan S:-186.9     I: -33.0 LUFS       LRA:   9.9 LU  FTPK:  -inf  -inf dBFS  TPK: -15.2 -16.2 dBFS
[Parsed_ebur128_0 @ 0x148e05970] t: 78.299979  TARGET:-23 LUFS    M:   nan S:-186.9     I: -33.0 LUFS       LRA:   9.9 LU  FTPK:  -inf  -inf dBFS  TPK: -15.2 -16.2 dBFS
[Parsed_ebur128_0 @ 0x148e05970] t: 78.399979  TARGET:-23 LUFS    M:   nan S:-186.9     I: -33.0 LUFS       LRA:   9.9 LU  FTPK:  -inf  -inf dBFS  TPK: -15.2 -16.2 dBFS
[Parsed_ebur128_0 @ 0x148e05970] t: 78.499979  TARGET:-23 LUFS    M:   nan S:-186.9     I: -33.0 LUFS       LRA:   9.9 LU  FTPK:  -inf  -inf dBFS  TPK: -15.2 -16.2 dBFS
[Parsed_ebur128_0 @ 0x148e05970] t: 78.599979  TARGET:-23 LUFS    M:   nan S:-186.9     I: -33.0 LUFS       LRA:   9.9 LU  FTPK:  -inf  -inf dBFS  TPK: -15.2 -16.2 dBFS
[Parsed_ebur128_0 @ 0x148e05970] t: 78.699979  TARGET:-23 LUFS    M:   nan S:-186.9     I: -33.0 LUFS       LRA:   9.9 LU  FTPK:  -inf  -inf dBFS  TPK: -15.2 -16.2 dBFS
[Parsed_ebur128_0 @ 0x148e05970] t: 78.799979  TARGET:-23 LUFS    M:   nan S:-186.9     I: -33.0 LUFS       LRA:   9.9 LU  FTPK:  -inf  -inf dBFS  TPK: -15.2 -16.2 dBFS
[Parsed_ebur128_0 @ 0x148e05970] t: 78.899979  TARGET:-23 LUFS    M:   nan S:-186.9     I: -33.0 LUFS       LRA:   9.9 LU  FTPK:  -inf  -inf dBFS  TPK: -15.2 -16.2 dBFS
[Parsed_ebur128_0 @ 0x148e05970] t: 78.999979  TARGET:-23 LUFS    M:   nan S:-186.9     I: -33.0 LUFS       LRA:   9.9 LU  FTPK:  -inf  -inf dBFS  TPK: -15.2 -16.2 dBFS
[Parsed_ebur128_0 @ 0x148e05970] t: 79.099979  TARGET:-23 LUFS    M: -34.5 S: -43.2     I: -33.0 LUFS       LRA:   9.9 LU  FTPK: -15.2 -16.2 dBFS  TPK: -15.2 -16.2 dBFS
[Parsed_ebur128_0 @ 0x148e05970] t: 79.199979  TARGET:-23 LUFS    M: -34.0 S: -42.7     I: -33.0 LUFS       LRA:   9.9 LU  FTPK: -25.5 -26.5 dBFS  TPK: -15.2 -16.2 dBFS
[Parsed_ebur128_0 @ 0x148e05970] t: 79.299979  TARGET:-23 LUFS    M: -34.0 S: -42.7     I: -33.0 LUFS       LRA:   9.9 LU  FTPK:  -inf  -inf dBFS  TPK: -15.2 -16.2 dBFS
[Parsed_ebur128_0 @ 0x148e05970] t: 79.399979  TARGET:-23 LUFS    M: -34.0 S: -42.7     I: -33.1 LUFS       LRA:   9.9 LU  FTPK:  -inf  -inf dBFS  TPK: -15.2 -16.2 dBFS
[Parsed_ebur128_0 @ 0x148e05970] t: 79.499979  TARGET:-23 LUFS    M: -43.7 S: -42.7     I: -33.1 LUFS       LRA:   9.9 LU  FTPK:  -inf  -inf dBFS  TPK: -15.2 -16.2 dBFS
[Parsed_ebur128_0 @ 0x148e05970] t: 79.599979  TARGET:-23 LUFS    M: -36.7 S: -40.9     I: -33.1 LUFS       LRA:   9.9 LU  FTPK: -15.2 -16.3 dBFS  TPK: -15.2 -16.2 dBFS
[Parsed_ebur128_0 @ 0x148e05970] t: 79.699979  TARGET:-23 LUFS    M: -36.1 S: -40.6     I: -33.2 LUFS       LRA:   9.9 LU  FTPK: -27.7 -28.6 dBFS  TPK: -15.2 -16.2 dBFS
[Parsed_ebur128_0 @ 0x148e05970] t: 79.799979  TARGET:-23 LUFS    M: -36.1 S: -40.6     I: -33.2 LUFS       LRA:   9.9 LU  FTPK: -80.2 -83.4 dBFS  TPK: -15.2 -16.2 dBFS
[Parsed_ebur128_0 @ 0x148e05970] t: 79.899979  TARGET:-23 LUFS    M: -36.1 S: -40.6     I: -33.2 LUFS       LRA:   9.9 LU  FTPK:  -inf  -inf dBFS  TPK: -15.2 -16.2 dBFS
[Parsed_ebur128_0 @ 0x148e05970] t: 79.999979  TARGET:-23 LUFS    M: -45.1 S: -40.6     I: -33.2 LUFS       LRA:   9.9 LU  FTPK:  -inf  -inf dBFS  TPK: -15.2 -16.2 dBFS
[Parsed_ebur128_0 @ 0x148e05970] t: 80.099979  TARGET:-23 LUFS    M:-107.0 S: -40.6     I: -33.2 LUFS       LRA:   9.9 LU  FTPK:  -inf  -inf dBFS  TPK: -15.2 -16.2 dBFS
[Parsed_ebur128_0 @ 0x148e05970] t: 80.199979  TARGET:-23 LUFS    M:   nan S: -40.6     I: -33.2 LUFS       LRA:   9.0 LU  FTPK:  -inf  -inf dBFS  TPK: -15.2 -16.2 dBFS
[Parsed_ebur128_0 @ 0x148e05970] t: 80.299979  TARGET:-23 LUFS    M:   nan S: -40.6     I: -33.2 LUFS       LRA:   9.0 LU  FTPK:  -inf  -inf dBFS  TPK: -15.2 -16.2 dBFS
[Parsed_ebur128_0 @ 0x148e05970] t: 80.399979  TARGET:-23 LUFS    M:   nan S: -40.6     I: -33.2 LUFS       LRA:   9.0 LU  FTPK:  -inf  -inf dBFS  TPK: -15.2 -16.2 dBFS
[Parsed_ebur128_0 @ 0x148e05970] t: 80.499979  TARGET:-23 LUFS    M:   nan S: -40.6     I: -33.2 LUFS       LRA:   9.0 LU  FTPK:  -inf  -inf dBFS  TPK: -15.2 -16.2 dBFS
[Parsed_ebur128_0 @ 0x148e05970] t: 80.599979  TARGET:-23 LUFS    M:   nan S: -40.6     I: -33.2 LUFS       LRA:   9.0 LU  FTPK:  -inf  -inf dBFS  TPK: -15.2 -16.2 dBFS
[Parsed_ebur128_0 @ 0x148e05970] t: 80.699979  TARGET:-23 LUFS    M:   nan S: -40.6     I: -33.2 LUFS       LRA:   9.0 LU  FTPK:  -inf  -inf dBFS  TPK: -15.2 -16.2 dBFS
[Parsed_ebur128_0 @ 0x148e05970] t: 80.799979  TARGET:-23 LUFS    M:   nan S: -40.6     I: -33.2 LUFS       LRA:   9.0 LU  FTPK:  -inf  -inf dBFS  TPK: -15.2 -16.2 dBFS
[Parsed_ebur128_0 @ 0x148e05970] t: 80.899979  TARGET:-23 LUFS    M:   nan S: -40.6     I: -33.2 LUFS       LRA:   9.0 LU  FTPK:  -inf  -inf dBFS  TPK: -15.2 -16.2 dBFS
[Parsed_ebur128_0 @ 0x148e05970] t: 80.999979  TARGET:-23 LUFS    M:   nan S: -40.6     I: -33.2 LUFS       LRA:   9.0 LU  FTPK:  -inf  -inf dBFS  TPK: -15.2 -16.2 dBFS
[Parsed_ebur128_0 @ 0x148e05970] t: 81.099979  TARGET:-23 LUFS    M:   nan S: -40.6     I: -33.2 LUFS       LRA:   9.0 LU  FTPK:  -inf  -inf dBFS  TPK: -15.2 -16.2 dBFS
[Parsed_ebur128_0 @ 0x148e05970] t: 81.199979  TARGET:-23 LUFS    M:   nan S: -40.6     I: -33.2 LUFS       LRA:   9.0 LU  FTPK:  -inf  -inf dBFS  TPK: -15.2 -16.2 dBFS
[Parsed_ebur128_0 @ 0x148e05970] t: 81.299979  TARGET:-23 LUFS    M:   nan S: -40.6     I: -33.2 LUFS       LRA:   9.0 LU  FTPK:  -inf  -inf dBFS  TPK: -15.2 -16.2 dBFS
[Parsed_ebur128_0 @ 0x148e05970] t: 81.399979  TARGET:-23 LUFS    M:   nan S: -40.6     I: -33.2 LUFS       LRA:   9.0 LU  FTPK:  -inf  -inf dBFS  TPK: -15.2 -16.2 dBFS
[Parsed_ebur128_0 @ 0x148e05970] t: 81.499979  TARGET:-23 LUFS    M:   nan S: -40.6     I: -33.2 LUFS       LRA:   9.0 LU  FTPK:  -inf  -inf dBFS  TPK: -15.2 -16.2 dBFS
[Parsed_ebur128_0 @ 0x148e05970] t: 81.599979  TARGET:-23 LUFS    M:   nan S: -40.6     I: -33.2 LUFS       LRA:   9.0 LU  FTPK:  -inf  -inf dBFS  TPK: -15.2 -16.2 dBFS
[Parsed_ebur128_0 @ 0x148e05970] t: 81.699979  TARGET:-23 LUFS    M:   nan S: -40.6     I: -33.2 LUFS       LRA:   9.0 LU  FTPK:  -inf  -inf dBFS  TPK: -15.2 -16.2 dBFS
[Parsed_ebur128_0 @ 0x148e05970] t: 81.799979  TARGET:-23 LUFS    M:   nan S: -40.6     I: -33.2 LUFS       LRA:   9.0 LU  FTPK:  -inf  -inf dBFS  TPK: -15.2 -16.2 dBFS
[Parsed_ebur128_0 @ 0x148e05970] t: 81.899979  TARGET:-23 LUFS    M: -37.9 S: -39.7     I: -33.2 LUFS       LRA:   9.0 LU  FTPK: -22.5 -21.4 dBFS  TPK: -15.2 -16.2 dBFS
[Parsed_ebur128_0 @ 0x148e05970] t: 81.999979  TARGET:-23 LUFS    M: -31.4 S: -37.4     I: -33.2 LUFS       LRA:   9.0 LU  FTPK: -18.3 -17.3 dBFS  TPK: -15.2 -16.2 dBFS
[Parsed_ebur128_0 @ 0x148e05970] t: 82.099979  TARGET:-23 LUFS    M: -29.1 S: -36.9     I: -33.1 LUFS       LRA:   9.0 LU  FTPK: -20.2 -19.2 dBFS  TPK: -15.2 -16.2 dBFS
[Parsed_ebur128_0 @ 0x148e05970] t: 82.199979  TARGET:-23 LUFS    M: -28.5 S: -36.6     I: -33.0 LUFS       LRA:   8.7 LU  FTPK: -21.0 -20.0 dBFS  TPK: -15.2 -16.2 dBFS
[Parsed_ebur128_0 @ 0x148e05970] t: 82.299979  TARGET:-23 LUFS    M: -29.0 S: -36.6     I: -32.9 LUFS       LRA:   8.7 LU  FTPK:  -inf  -inf dBFS  TPK: -15.2 -16.2 dBFS
[Parsed_ebur128_0 @ 0x148e05970] t: 82.399979  TARGET:-23 LUFS    M: -31.6 S: -36.6     I: -32.9 LUFS       LRA:   8.7 LU  FTPK:  -inf  -inf dBFS  TPK: -15.2 -16.2 dBFS
[Parsed_ebur128_0 @ 0x148e05970] t: 82.499979  TARGET:-23 LUFS    M: -37.6 S: -36.6     I: -32.9 LUFS       LRA:   8.7 LU  FTPK:  -inf  -inf dBFS  TPK: -15.2 -16.2 dBFS
[Parsed_ebur128_0 @ 0x148e05970] t: 82.599979  TARGET:-23 LUFS    M:   nan S: -37.2     I: -32.9 LUFS       LRA:   8.7 LU  FTPK:  -inf  -inf dBFS  TPK: -15.2 -16.2 dBFS
[Parsed_ebur128_0 @ 0x148e05970] t: 82.699979  TARGET:-23 LUFS    M:   nan S: -37.3     I: -32.9 LUFS       LRA:   8.7 LU  FTPK:  -inf  -inf dBFS  TPK: -15.2 -16.2 dBFS
[Parsed_ebur128_0 @ 0x148e05970] t: 82.799979  TARGET:-23 LUFS    M:   nan S: -37.3     I: -32.9 LUFS       LRA:   8.7 LU  FTPK:  -inf  -inf dBFS  TPK: -15.2 -16.2 dBFS
[Parsed_ebur128_0 @ 0x148e05970] t: 82.899979  TARGET:-23 LUFS    M:   nan S: -37.3     I: -32.9 LUFS       LRA:   8.7 LU  FTPK:  -inf  -inf dBFS  TPK: -15.2 -16.2 dBFS
[Parsed_ebur128_0 @ 0x148e05970] t: 82.999979  TARGET:-23 LUFS    M:   nan S: -37.3     I: -32.9 LUFS       LRA:   8.7 LU  FTPK:  -inf  -inf dBFS  TPK: -15.2 -16.2 dBFS
[Parsed_ebur128_0 @ 0x148e05970] t: 83.099979  TARGET:-23 LUFS    M:   nan S: -37.3     I: -32.9 LUFS       LRA:   8.7 LU  FTPK:  -inf  -inf dBFS  TPK: -15.2 -16.2 dBFS
[Parsed_ebur128_0 @ 0x148e05970] t: 83.199979  TARGET:-23 LUFS    M:   nan S: -37.3     I: -32.9 LUFS       LRA:   8.7 LU  FTPK:  -inf  -inf dBFS  TPK: -15.2 -16.2 dBFS
[Parsed_ebur128_0 @ 0x148e05970] t: 83.299979  TARGET:-23 LUFS    M:   nan S: -37.3     I: -32.9 LUFS       LRA:   8.7 LU  FTPK:  -inf  -inf dBFS  TPK: -15.2 -16.2 dBFS
[Parsed_ebur128_0 @ 0x148e05970] t: 83.399979  TARGET:-23 LUFS    M: -34.0 S: -36.2     I: -32.9 LUFS       LRA:   8.7 LU  FTPK: -17.3 -18.3 dBFS  TPK: -15.2 -16.2 dBFS
[Parsed_ebur128_0 @ 0x148e05970] t: 83.499979  TARGET:-23 LUFS    M: -31.8 S: -35.6     I: -32.9 LUFS       LRA:   9.0 LU  FTPK: -16.3 -17.3 dBFS  TPK: -15.2 -16.2 dBFS
[Parsed_ebur128_0 @ 0x148e05970] t: 83.599979  TARGET:-23 LUFS    M: -31.8 S: -35.6     I: -32.9 LUFS       LRA:   9.2 LU  FTPK:  -inf  -inf dBFS  TPK: -15.2 -16.2 dBFS
[Parsed_ebur128_0 @ 0x148e05970] t: 83.699979  TARGET:-23 LUFS    M: -31.8 S: -35.6     I: -32.9 LUFS       LRA:   9.2 LU  FTPK:  -inf  -inf dBFS  TPK: -15.2 -16.2 dBFS
[Parsed_ebur128_0 @ 0x148e05970] t: 83.799979  TARGET:-23 LUFS    M: -35.7 S: -35.6     I: -32.9 LUFS       LRA:   9.2 LU  FTPK:  -inf  -inf dBFS  TPK: -15.2 -16.2 dBFS
[Parsed_ebur128_0 @ 0x148e05970] t: 83.899979  TARGET:-23 LUFS    M:   nan S: -35.6     I: -32.9 LUFS       LRA:   9.2 LU  FTPK:  -inf  -inf dBFS  TPK: -15.2 -16.2 dBFS
[Parsed_ebur128_0 @ 0x148e05970] t: 83.999979  TARGET:-23 LUFS    M:   nan S: -35.6     I: -32.9 LUFS       LRA:   9.2 LU  FTPK:  -inf  -inf dBFS  TPK: -15.2 -16.2 dBFS
[Parsed_ebur128_0 @ 0x148e05970] t: 84.099979  TARGET:-23 LUFS    M:   nan S: -35.6     I: -32.9 LUFS       LRA:   9.2 LU  FTPK:  -inf  -inf dBFS  TPK: -15.2 -16.2 dBFS
[Parsed_ebur128_0 @ 0x148e05970] t: 84.199979  TARGET:-23 LUFS    M:   nan S: -35.6     I: -32.9 LUFS       LRA:   9.2 LU  FTPK:  -inf  -inf dBFS  TPK: -15.2 -16.2 dBFS
[Parsed_ebur128_0 @ 0x148e05970] t: 84.299979  TARGET:-23 LUFS    M:   nan S: -35.6     I: -32.9 LUFS       LRA:   9.2 LU  FTPK:  -inf  -inf dBFS  TPK: -15.2 -16.2 dBFS
[Parsed_ebur128_0 @ 0x148e05970] t: 84.399979  TARGET:-23 LUFS    M:   nan S: -35.6     I: -32.9 LUFS       LRA:   9.2 LU  FTPK:  -inf  -inf dBFS  TPK: -15.2 -16.2 dBFS
[Parsed_ebur128_0 @ 0x148e05970] t: 84.499979  TARGET:-23 LUFS    M:   nan S: -35.6     I: -32.9 LUFS       LRA:   9.2 LU  FTPK:  -inf  -inf dBFS  TPK: -15.2 -16.2 dBFS
[Parsed_ebur128_0 @ 0x148e05970] t: 84.599979  TARGET:-23 LUFS    M:   nan S: -35.6     I: -32.9 LUFS       LRA:   9.2 LU  FTPK:  -inf  -inf dBFS  TPK: -15.2 -16.2 dBFS
[Parsed_ebur128_0 @ 0x148e05970] t: 84.699979  TARGET:-23 LUFS    M:   nan S: -35.6     I: -32.9 LUFS       LRA:   9.2 LU  FTPK:  -inf  -inf dBFS  TPK: -15.2 -16.2 dBFS
[Parsed_ebur128_0 @ 0x148e05970] t: 84.799979  TARGET:-23 LUFS    M:   nan S: -35.6     I: -32.9 LUFS       LRA:   9.2 LU  FTPK:  -inf  -inf dBFS  TPK: -15.2 -16.2 dBFS
[Parsed_ebur128_0 @ 0x148e05970] t: 84.899979  TARGET:-23 LUFS    M:   nan S: -35.9     I: -32.9 LUFS       LRA:   9.2 LU  FTPK:  -inf  -inf dBFS  TPK: -15.2 -16.2 dBFS
[Parsed_ebur128_0 @ 0x148e05970] t: 84.999979  TARGET:-23 LUFS    M:   nan S: -37.5     I: -32.9 LUFS       LRA:   9.2 LU  FTPK:  -inf  -inf dBFS  TPK: -15.2 -16.2 dBFS
[Parsed_ebur128_0 @ 0x148e05970] t: 85.099979  TARGET:-23 LUFS    M:   nan S: -39.5     I: -32.9 LUFS       LRA:   9.2 LU  FTPK:  -inf  -inf dBFS  TPK: -15.2 -16.2 dBFS
[Parsed_ebur128_0 @ 0x148e05970] t: 85.199979  TARGET:-23 LUFS    M:   nan S: -40.5     I: -32.9 LUFS       LRA:   9.2 LU  FTPK:  -inf  -inf dBFS  TPK: -15.2 -16.2 dBFS
[Parsed_ebur128_0 @ 0x148e05970] t: 85.299979  TARGET:-23 LUFS    M:   nan S: -40.5     I: -32.9 LUFS       LRA:   9.2 LU  FTPK:  -inf  -inf dBFS  TPK: -15.2 -16.2 dBFS
[Parsed_ebur128_0 @ 0x148e05970] t: 85.399979  TARGET:-23 LUFS    M:   nan S: -40.5     I: -32.9 LUFS       LRA:   9.2 LU  FTPK:  -inf  -inf dBFS  TPK: -15.2 -16.2 dBFS
[Parsed_ebur128_0 @ 0x148e05970] t: 85.499979  TARGET:-23 LUFS    M:   nan S: -40.5     I: -32.9 LUFS       LRA:   9.2 LU  FTPK:  -inf  -inf dBFS  TPK: -15.2 -16.2 dBFS
[Parsed_ebur128_0 @ 0x148e05970] t: 85.599979  TARGET:-23 LUFS    M:   nan S: -40.5     I: -32.9 LUFS       LRA:   9.2 LU  FTPK:  -inf  -inf dBFS  TPK: -15.2 -16.2 dBFS
[Parsed_ebur128_0 @ 0x148e05970] t: 85.699979  TARGET:-23 LUFS    M:   nan S: -40.5     I: -32.9 LUFS       LRA:   9.2 LU  FTPK:  -inf  -inf dBFS  TPK: -15.2 -16.2 dBFS
[Parsed_ebur128_0 @ 0x148e05970] t: 85.799979  TARGET:-23 LUFS    M:   nan S: -40.5     I: -32.9 LUFS       LRA:   9.2 LU  FTPK:  -inf  -inf dBFS  TPK: -15.2 -16.2 dBFS
[Parsed_ebur128_0 @ 0x148e05970] t: 85.899979  TARGET:-23 LUFS    M:   nan S: -40.5     I: -32.9 LUFS       LRA:   9.2 LU  FTPK:  -inf  -inf dBFS  TPK: -15.2 -16.2 dBFS
[Parsed_ebur128_0 @ 0x148e05970] t: 85.999979  TARGET:-23 LUFS    M:   nan S: -40.5     I: -32.9 LUFS       LRA:   9.2 LU  FTPK:  -inf  -inf dBFS  TPK: -15.2 -16.2 dBFS
[Parsed_ebur128_0 @ 0x148e05970] t: 86.099979  TARGET:-23 LUFS    M:   nan S: -40.5     I: -32.9 LUFS       LRA:   9.2 LU  FTPK:  -inf  -inf dBFS  TPK: -15.2 -16.2 dBFS
[Parsed_ebur128_0 @ 0x148e05970] t: 86.199979  TARGET:-23 LUFS    M:   nan S: -40.5     I: -32.9 LUFS       LRA:   9.2 LU  FTPK:  -inf  -inf dBFS  TPK: -15.2 -16.2 dBFS
[Parsed_ebur128_0 @ 0x148e05970] t: 86.299979  TARGET:-23 LUFS    M:   nan S: -40.5     I: -32.9 LUFS       LRA:   9.2 LU  FTPK:  -inf  -inf dBFS  TPK: -15.2 -16.2 dBFS
[Parsed_ebur128_0 @ 0x148e05970] t: 86.399979  TARGET:-23 LUFS    M:   nan S: -44.5     I: -32.9 LUFS       LRA:   9.2 LU  FTPK:  -inf  -inf dBFS  TPK: -15.2 -16.2 dBFS
[Parsed_ebur128_0 @ 0x148e05970] t: 86.499979  TARGET:-23 LUFS    M:   nan S:-180.1     I: -32.9 LUFS       LRA:   9.2 LU  FTPK:  -inf  -inf dBFS  TPK: -15.2 -16.2 dBFS
[Parsed_ebur128_0 @ 0x148e05970] t: 86.599979  TARGET:-23 LUFS    M:   nan S:-180.3     I: -32.9 LUFS       LRA:   9.2 LU  FTPK:  -inf  -inf dBFS  TPK: -15.2 -16.2 dBFS
[Parsed_ebur128_0 @ 0x148e05970] t: 86.699979  TARGET:-23 LUFS    M:   nan S:-180.3     I: -32.9 LUFS       LRA:   9.2 LU  FTPK:  -inf  -inf dBFS  TPK: -15.2 -16.2 dBFS
[Parsed_ebur128_0 @ 0x148e05970] t: 86.799979  TARGET:-23 LUFS    M:   nan S:-180.3     I: -32.9 LUFS       LRA:   9.2 LU  FTPK:  -inf  -inf dBFS  TPK: -15.2 -16.2 dBFS
[Parsed_ebur128_0 @ 0x148e05970] t: 86.899979  TARGET:-23 LUFS    M:   nan S:-180.3     I: -32.9 LUFS       LRA:   9.2 LU  FTPK:  -inf  -inf dBFS  TPK: -15.2 -16.2 dBFS
[Parsed_ebur128_0 @ 0x148e05970] t: 86.999979  TARGET:-23 LUFS    M:   nan S:-180.3     I: -32.9 LUFS       LRA:   9.2 LU  FTPK:  -inf  -inf dBFS  TPK: -15.2 -16.2 dBFS
[Parsed_ebur128_0 @ 0x148e05970] t: 87.099979  TARGET:-23 LUFS    M:   nan S:-180.3     I: -32.9 LUFS       LRA:   9.2 LU  FTPK:  -inf  -inf dBFS  TPK: -15.2 -16.2 dBFS
[Parsed_ebur128_0 @ 0x148e05970] t: 87.199979  TARGET:-23 LUFS    M:   nan S:-180.3     I: -32.9 LUFS       LRA:   9.2 LU  FTPK:  -inf  -inf dBFS  TPK: -15.2 -16.2 dBFS
[Parsed_ebur128_0 @ 0x148e05970] t: 87.299979  TARGET:-23 LUFS    M:   nan S:-180.3     I: -32.9 LUFS       LRA:   9.2 LU  FTPK:  -inf  -inf dBFS  TPK: -15.2 -16.2 dBFS
[Parsed_ebur128_0 @ 0x148e05970] t: 87.399979  TARGET:-23 LUFS    M:   nan S:-180.3     I: -32.9 LUFS       LRA:   9.2 LU  FTPK:  -inf  -inf dBFS  TPK: -15.2 -16.2 dBFS
[Parsed_ebur128_0 @ 0x148e05970] t: 87.499979  TARGET:-23 LUFS    M:   nan S:-180.3     I: -32.9 LUFS       LRA:   9.2 LU  FTPK:  -inf  -inf dBFS  TPK: -15.2 -16.2 dBFS
[Parsed_ebur128_0 @ 0x148e05970] t: 87.599979  TARGET:-23 LUFS    M:   nan S:-180.3     I: -32.9 LUFS       LRA:   9.2 LU  FTPK:  -inf  -inf dBFS  TPK: -15.2 -16.2 dBFS
[Parsed_ebur128_0 @ 0x148e05970] t: 87.699979  TARGET:-23 LUFS    M:   nan S:-180.3     I: -32.9 LUFS       LRA:   9.2 LU  FTPK:  -inf  -inf dBFS  TPK: -15.2 -16.2 dBFS
[Parsed_ebur128_0 @ 0x148e05970] t: 87.799979  TARGET:-23 LUFS    M:   nan S:-180.3     I: -32.9 LUFS       LRA:   9.2 LU  FTPK:  -inf  -inf dBFS  TPK: -15.2 -16.2 dBFS
[Parsed_ebur128_0 @ 0x148e05970] t: 87.899979  TARGET:-23 LUFS    M:   nan S:-180.3     I: -32.9 LUFS       LRA:   9.2 LU  FTPK:  -inf  -inf dBFS  TPK: -15.2 -16.2 dBFS
[Parsed_ebur128_0 @ 0x148e05970] t: 87.999979  TARGET:-23 LUFS    M:   nan S:-180.3     I: -32.9 LUFS       LRA:   9.2 LU  FTPK:  -inf  -inf dBFS  TPK: -15.2 -16.2 dBFS
[Parsed_ebur128_0 @ 0x148e05970] t: 88.099979  TARGET:-23 LUFS    M: -34.3 S: -43.0     I: -32.9 LUFS       LRA:   9.2 LU  FTPK: -16.5 -17.5 dBFS  TPK: -15.2 -16.2 dBFS
[Parsed_ebur128_0 @ 0x148e05970] t: 88.199979  TARGET:-23 LUFS    M: -34.1 S: -42.9     I: -32.9 LUFS       LRA:   9.2 LU  FTPK: -33.7 -34.7 dBFS  TPK: -15.2 -16.2 dBFS
[Parsed_ebur128_0 @ 0x148e05970] t: 88.299979  TARGET:-23 LUFS    M: -34.1 S: -42.9     I: -32.9 LUFS       LRA:   9.2 LU  FTPK: -70.7 -72.0 dBFS  TPK: -15.2 -16.2 dBFS
[Parsed_ebur128_0 @ 0x148e05970] t: 88.399979  TARGET:-23 LUFS    M: -34.1 S: -42.9     I: -32.9 LUFS       LRA:   9.2 LU  FTPK:  -inf  -inf dBFS  TPK: -15.2 -16.2 dBFS
[Parsed_ebur128_0 @ 0x148e05970] t: 88.499979  TARGET:-23 LUFS    M: -49.2 S: -42.9     I: -32.9 LUFS       LRA:   9.2 LU  FTPK:  -inf  -inf dBFS  TPK: -15.2 -16.2 dBFS
[Parsed_ebur128_0 @ 0x148e05970] t: 88.599979  TARGET:-23 LUFS    M: -92.2 S: -42.9     I: -32.9 LUFS       LRA:   9.2 LU  FTPK:  -inf  -inf dBFS  TPK: -15.2 -16.2 dBFS
[Parsed_ebur128_0 @ 0x148e05970] t: 88.699979  TARGET:-23 LUFS    M:   nan S: -42.9     I: -32.9 LUFS       LRA:   9.2 LU  FTPK:  -inf  -inf dBFS  TPK: -15.2 -16.2 dBFS
[Parsed_ebur128_0 @ 0x148e05970] t: 88.799979  TARGET:-23 LUFS    M:   nan S: -42.9     I: -32.9 LUFS       LRA:   9.2 LU  FTPK:  -inf  -inf dBFS  TPK: -15.2 -16.2 dBFS
[Parsed_ebur128_0 @ 0x148e05970] t: 88.899979  TARGET:-23 LUFS    M:   nan S: -42.9     I: -32.9 LUFS       LRA:   9.2 LU  FTPK:  -inf  -inf dBFS  TPK: -15.2 -16.2 dBFS
[Parsed_ebur128_0 @ 0x148e05970] t: 88.999979  TARGET:-23 LUFS    M:   nan S: -42.9     I: -32.9 LUFS       LRA:   9.2 LU  FTPK:  -inf  -inf dBFS  TPK: -15.2 -16.2 dBFS
[Parsed_ebur128_0 @ 0x148e05970] t: 89.099979  TARGET:-23 LUFS    M:   nan S: -42.9     I: -32.9 LUFS       LRA:   9.2 LU  FTPK:  -inf  -inf dBFS  TPK: -15.2 -16.2 dBFS
[Parsed_ebur128_0 @ 0x148e05970] t: 89.199979  TARGET:-23 LUFS    M:   nan S: -42.9     I: -32.9 LUFS       LRA:   9.2 LU  FTPK:  -inf  -inf dBFS  TPK: -15.2 -16.2 dBFS
[Parsed_ebur128_0 @ 0x148e05970] t: 89.299979  TARGET:-23 LUFS    M:   nan S: -42.9     I: -32.9 LUFS       LRA:   9.2 LU  FTPK:  -inf  -inf dBFS  TPK: -15.2 -16.2 dBFS
[Parsed_ebur128_0 @ 0x148e05970] t: 89.399979  TARGET:-23 LUFS    M:   nan S: -42.9     I: -32.9 LUFS       LRA:   9.2 LU  FTPK:  -inf  -inf dBFS  TPK: -15.2 -16.2 dBFS
[Parsed_ebur128_0 @ 0x148e05970] t: 89.499979  TARGET:-23 LUFS    M:   nan S: -42.9     I: -32.9 LUFS       LRA:   9.2 LU  FTPK:  -inf  -inf dBFS  TPK: -15.2 -16.2 dBFS
[Parsed_ebur128_0 @ 0x148e05970] t: 89.599979  TARGET:-23 LUFS    M:   nan S: -42.9     I: -32.9 LUFS       LRA:   9.2 LU  FTPK:  -inf  -inf dBFS  TPK: -15.2 -16.2 dBFS
[Parsed_ebur128_0 @ 0x148e05970] t: 89.699979  TARGET:-23 LUFS    M:   nan S: -42.9     I: -32.9 LUFS       LRA:   9.2 LU  FTPK:  -inf  -inf dBFS  TPK: -15.2 -16.2 dBFS
[Parsed_ebur128_0 @ 0x148e05970] t: 89.799979  TARGET:-23 LUFS    M:   nan S: -42.9     I: -32.9 LUFS       LRA:   9.2 LU  FTPK:  -inf  -inf dBFS  TPK: -15.2 -16.2 dBFS
[Parsed_ebur128_0 @ 0x148e05970] t: 89.899979  TARGET:-23 LUFS    M:   nan S: -42.9     I: -32.9 LUFS       LRA:   9.2 LU  FTPK:  -inf  -inf dBFS  TPK: -15.2 -16.2 dBFS
[Parsed_ebur128_0 @ 0x148e05970] t: 89.999979  TARGET:-23 LUFS    M:   nan S: -42.9     I: -32.9 LUFS       LRA:   9.2 LU  FTPK:  -inf  -inf dBFS  TPK: -15.2 -16.2 dBFS
[Parsed_ebur128_0 @ 0x148e05970] t: 90.099979  TARGET:-23 LUFS    M:   nan S: -42.9     I: -32.9 LUFS       LRA:   9.2 LU  FTPK:  -inf  -inf dBFS  TPK: -15.2 -16.2 dBFS
[Parsed_ebur128_0 @ 0x148e05970] t: 90.199979  TARGET:-23 LUFS    M:   nan S: -42.9     I: -32.9 LUFS       LRA:   9.2 LU  FTPK:  -inf  -inf dBFS  TPK: -15.2 -16.2 dBFS
[Parsed_ebur128_0 @ 0x148e05970] t: 90.299979  TARGET:-23 LUFS    M:   nan S: -42.9     I: -32.9 LUFS       LRA:   9.2 LU  FTPK:  -inf  -inf dBFS  TPK: -15.2 -16.2 dBFS
[Parsed_ebur128_0 @ 0x148e05970] t: 90.399979  TARGET:-23 LUFS    M:   nan S: -42.9     I: -32.9 LUFS       LRA:   9.2 LU  FTPK:  -inf  -inf dBFS  TPK: -15.2 -16.2 dBFS
[Parsed_ebur128_0 @ 0x148e05970] t: 90.499979  TARGET:-23 LUFS    M:   nan S: -42.9     I: -32.9 LUFS       LRA:   9.2 LU  FTPK:  -inf  -inf dBFS  TPK: -15.2 -16.2 dBFS
[Parsed_ebur128_0 @ 0x148e05970] t: 90.599979  TARGET:-23 LUFS    M:   nan S: -42.9     I: -32.9 LUFS       LRA:   9.2 LU  FTPK:  -inf  -inf dBFS  TPK: -15.2 -16.2 dBFS
[Parsed_ebur128_0 @ 0x148e05970] t: 90.699979  TARGET:-23 LUFS    M:   nan S: -42.9     I: -32.9 LUFS       LRA:   9.2 LU  FTPK:  -inf  -inf dBFS  TPK: -15.2 -16.2 dBFS
[Parsed_ebur128_0 @ 0x148e05970] t: 90.799979  TARGET:-23 LUFS    M:   nan S: -42.9     I: -32.9 LUFS       LRA:   9.2 LU  FTPK:  -inf  -inf dBFS  TPK: -15.2 -16.2 dBFS
[Parsed_ebur128_0 @ 0x148e05970] t: 90.899979  TARGET:-23 LUFS    M:   nan S: -42.9     I: -32.9 LUFS       LRA:   9.2 LU  FTPK:  -inf  -inf dBFS  TPK: -15.2 -16.2 dBFS
[Parsed_ebur128_0 @ 0x148e05970] t: 90.999979  TARGET:-23 LUFS    M:   nan S: -42.9     I: -32.9 LUFS       LRA:   9.2 LU  FTPK:  -inf  -inf dBFS  TPK: -15.2 -16.2 dBFS
[Parsed_ebur128_0 @ 0x148e05970] t: 91.099979  TARGET:-23 LUFS    M:   nan S: -57.9     I: -32.9 LUFS       LRA:   9.2 LU  FTPK:  -inf  -inf dBFS  TPK: -15.2 -16.2 dBFS
[Parsed_ebur128_0 @ 0x148e05970] t: 91.199979  TARGET:-23 LUFS    M:   nan S:-100.9     I: -32.9 LUFS       LRA:   9.2 LU  FTPK:  -inf  -inf dBFS  TPK: -15.2 -16.2 dBFS
[Parsed_ebur128_0 @ 0x148e05970] t: 91.299979  TARGET:-23 LUFS    M:   nan S:-181.2     I: -32.9 LUFS       LRA:   9.2 LU  FTPK:  -inf  -inf dBFS  TPK: -15.2 -16.2 dBFS
[Parsed_ebur128_0 @ 0x148e05970] t: 91.399979  TARGET:-23 LUFS    M:   nan S:-181.2     I: -32.9 LUFS       LRA:   9.2 LU  FTPK:  -inf  -inf dBFS  TPK: -15.2 -16.2 dBFS
[Parsed_ebur128_0 @ 0x148e05970] t: 91.499979  TARGET:-23 LUFS    M:   nan S:-181.2     I: -32.9 LUFS       LRA:   9.2 LU  FTPK:  -inf  -inf dBFS  TPK: -15.2 -16.2 dBFS
[Parsed_ebur128_0 @ 0x148e05970] t: 91.599979  TARGET:-23 LUFS    M:   nan S:-181.2     I: -32.9 LUFS       LRA:   9.2 LU  FTPK:  -inf  -inf dBFS  TPK: -15.2 -16.2 dBFS
[Parsed_ebur128_0 @ 0x148e05970] t: 91.699979  TARGET:-23 LUFS    M:   nan S:-181.2     I: -32.9 LUFS       LRA:   9.2 LU  FTPK:  -inf  -inf dBFS  TPK: -15.2 -16.2 dBFS
[Parsed_ebur128_0 @ 0x148e05970] t: 91.799979  TARGET:-23 LUFS    M:   nan S:-181.2     I: -32.9 LUFS       LRA:   9.2 LU  FTPK:  -inf  -inf dBFS  TPK: -15.2 -16.2 dBFS
[Parsed_ebur128_0 @ 0x148e05970] t: 91.899979  TARGET:-23 LUFS    M:   nan S:-181.2     I: -32.9 LUFS       LRA:   9.2 LU  FTPK:  -inf  -inf dBFS  TPK: -15.2 -16.2 dBFS
[Parsed_ebur128_0 @ 0x148e05970] t: 91.999979  TARGET:-23 LUFS    M:   nan S:-181.2     I: -32.9 LUFS       LRA:   9.2 LU  FTPK:  -inf  -inf dBFS  TPK: -15.2 -16.2 dBFS
[Parsed_ebur128_0 @ 0x148e05970] t: 92.099979  TARGET:-23 LUFS    M:   nan S:-181.2     I: -32.9 LUFS       LRA:   9.2 LU  FTPK:  -inf  -inf dBFS  TPK: -15.2 -16.2 dBFS
[Parsed_ebur128_0 @ 0x148e05970] t: 92.199979  TARGET:-23 LUFS    M:   nan S:-181.2     I: -32.9 LUFS       LRA:   9.2 LU  FTPK:  -inf  -inf dBFS  TPK: -15.2 -16.2 dBFS
[Parsed_ebur128_0 @ 0x148e05970] t: 92.299979  TARGET:-23 LUFS    M:   nan S:-181.2     I: -32.9 LUFS       LRA:   9.2 LU  FTPK:  -inf  -inf dBFS  TPK: -15.2 -16.2 dBFS
[Parsed_ebur128_0 @ 0x148e05970] t: 92.399979  TARGET:-23 LUFS    M:   nan S:-181.2     I: -32.9 LUFS       LRA:   9.2 LU  FTPK:  -inf  -inf dBFS  TPK: -15.2 -16.2 dBFS
[Parsed_ebur128_0 @ 0x148e05970] t: 92.499979  TARGET:-23 LUFS    M:   nan S:-181.2     I: -32.9 LUFS       LRA:   9.2 LU  FTPK:  -inf  -inf dBFS  TPK: -15.2 -16.2 dBFS
[Parsed_ebur128_0 @ 0x148e05970] t: 92.599979  TARGET:-23 LUFS    M:   nan S:-181.2     I: -32.9 LUFS       LRA:   9.2 LU  FTPK:  -inf  -inf dBFS  TPK: -15.2 -16.2 dBFS
[Parsed_ebur128_0 @ 0x148e05970] t: 92.699979  TARGET:-23 LUFS    M: -34.0 S: -42.8     I: -33.0 LUFS       LRA:   9.2 LU  FTPK: -15.2 -16.3 dBFS  TPK: -15.2 -16.2 dBFS
[Parsed_ebur128_0 @ 0x148e05970] t: 92.799979  TARGET:-23 LUFS    M: -34.0 S: -42.7     I: -33.0 LUFS       LRA:   9.2 LU  FTPK: -37.2 -38.2 dBFS  TPK: -15.2 -16.2 dBFS
[Parsed_ebur128_0 @ 0x148e05970] t: 92.899979  TARGET:-23 LUFS    M: -34.0 S: -42.7     I: -33.0 LUFS       LRA:   9.2 LU  FTPK:  -inf  -inf dBFS  TPK: -15.2 -16.2 dBFS
[Parsed_ebur128_0 @ 0x148e05970] t: 92.999979  TARGET:-23 LUFS    M: -34.0 S: -42.7     I: -33.0 LUFS       LRA:   9.2 LU  FTPK:  -inf  -inf dBFS  TPK: -15.2 -16.2 dBFS
[Parsed_ebur128_0 @ 0x148e05970] t: 93.099979  TARGET:-23 LUFS    M: -56.1 S: -42.7     I: -33.0 LUFS       LRA:   9.2 LU  FTPK: -100.3 -102.2 dBFS  TPK: -15.2 -16.2 dBFS
[Parsed_ebur128_0 @ 0x148e05970] t: 93.199979  TARGET:-23 LUFS    M: -36.1 S: -40.6     I: -33.0 LUFS       LRA:   9.2 LU  FTPK: -15.3 -16.3 dBFS  TPK: -15.2 -16.2 dBFS
[Parsed_ebur128_0 @ 0x148e05970] t: 93.299979  TARGET:-23 LUFS    M: -36.0 S: -40.6     I: -33.0 LUFS       LRA:   9.2 LU  FTPK: -46.1 -47.0 dBFS  TPK: -15.2 -16.2 dBFS
[Parsed_ebur128_0 @ 0x148e05970] t: 93.399979  TARGET:-23 LUFS    M: -36.0 S: -40.6     I: -33.1 LUFS       LRA:   9.2 LU  FTPK:  -inf  -inf dBFS  TPK: -15.2 -16.2 dBFS
[Parsed_ebur128_0 @ 0x148e05970] t: 93.499979  TARGET:-23 LUFS    M: -36.0 S: -40.6     I: -33.1 LUFS       LRA:   9.2 LU  FTPK:  -inf  -inf dBFS  TPK: -15.2 -16.2 dBFS
[Parsed_ebur128_0 @ 0x148e05970] t: 93.599979  TARGET:-23 LUFS    M: -65.2 S: -40.6     I: -33.1 LUFS       LRA:   9.2 LU  FTPK:  -inf  -inf dBFS  TPK: -15.2 -16.2 dBFS
[Parsed_ebur128_0 @ 0x148e05970] t: 93.699979  TARGET:-23 LUFS    M:   nan S: -40.6     I: -33.1 LUFS       LRA:   9.2 LU  FTPK:  -inf  -inf dBFS  TPK: -15.2 -16.2 dBFS
[Parsed_ebur128_0 @ 0x148e05970] t: 93.799979  TARGET:-23 LUFS    M:   nan S: -40.6     I: -33.1 LUFS       LRA:   9.2 LU  FTPK:  -inf  -inf dBFS  TPK: -15.2 -16.2 dBFS
[Parsed_ebur128_0 @ 0x148e05970] t: 93.899979  TARGET:-23 LUFS    M:   nan S: -40.6     I: -33.1 LUFS       LRA:   9.2 LU  FTPK:  -inf  -inf dBFS  TPK: -15.2 -16.2 dBFS
[Parsed_ebur128_0 @ 0x148e05970] t: 93.999979  TARGET:-23 LUFS    M:   nan S: -40.6     I: -33.1 LUFS       LRA:   9.2 LU  FTPK:  -inf  -inf dBFS  TPK: -15.2 -16.2 dBFS
[Parsed_ebur128_0 @ 0x148e05970] t: 94.099979  TARGET:-23 LUFS    M:   nan S: -40.6     I: -33.1 LUFS       LRA:   9.2 LU  FTPK:  -inf  -inf dBFS  TPK: -15.2 -16.2 dBFS
[Parsed_ebur128_0 @ 0x148e05970] t: 94.199979  TARGET:-23 LUFS    M:   nan S: -40.6     I: -33.1 LUFS       LRA:   9.2 LU  FTPK:  -inf  -inf dBFS  TPK: -15.2 -16.2 dBFS
[Parsed_ebur128_0 @ 0x148e05970] t: 94.299979  TARGET:-23 LUFS    M:   nan S: -40.6     I: -33.1 LUFS       LRA:   9.2 LU  FTPK:  -inf  -inf dBFS  TPK: -15.2 -16.2 dBFS
[Parsed_ebur128_0 @ 0x148e05970] t: 94.399979  TARGET:-23 LUFS    M:   nan S: -40.6     I: -33.1 LUFS       LRA:   9.2 LU  FTPK:  -inf  -inf dBFS  TPK: -15.2 -16.2 dBFS
[Parsed_ebur128_0 @ 0x148e05970] t: 94.499979  TARGET:-23 LUFS    M:   nan S: -40.6     I: -33.1 LUFS       LRA:   9.2 LU  FTPK:  -inf  -inf dBFS  TPK: -15.2 -16.2 dBFS
[Parsed_ebur128_0 @ 0x148e05970] t: 94.599979  TARGET:-23 LUFS    M:   nan S: -40.6     I: -33.1 LUFS       LRA:   9.2 LU  FTPK:  -inf  -inf dBFS  TPK: -15.2 -16.2 dBFS
[Parsed_ebur128_0 @ 0x148e05970] t: 94.699979  TARGET:-23 LUFS    M:   nan S: -40.6     I: -33.1 LUFS       LRA:   9.2 LU  FTPK:  -inf  -inf dBFS  TPK: -15.2 -16.2 dBFS
[Parsed_ebur128_0 @ 0x148e05970] t: 94.799979  TARGET:-23 LUFS    M:   nan S: -40.6     I: -33.1 LUFS       LRA:   9.2 LU  FTPK:  -inf  -inf dBFS  TPK: -15.2 -16.2 dBFS
[Parsed_ebur128_0 @ 0x148e05970] t: 94.899979  TARGET:-23 LUFS    M:   nan S: -40.6     I: -33.1 LUFS       LRA:   9.2 LU  FTPK:  -inf  -inf dBFS  TPK: -15.2 -16.2 dBFS
[Parsed_ebur128_0 @ 0x148e05970] t: 94.999979  TARGET:-23 LUFS    M:   nan S: -40.6     I: -33.1 LUFS       LRA:   9.2 LU  FTPK:  -inf  -inf dBFS  TPK: -15.2 -16.2 dBFS
[Parsed_ebur128_0 @ 0x148e05970] t: 95.099979  TARGET:-23 LUFS    M:   nan S: -40.6     I: -33.1 LUFS       LRA:   9.2 LU  FTPK:  -inf  -inf dBFS  TPK: -15.2 -16.2 dBFS
[Parsed_ebur128_0 @ 0x148e05970] t: 95.199979  TARGET:-23 LUFS    M:   nan S: -40.6     I: -33.1 LUFS       LRA:   9.2 LU  FTPK:  -inf  -inf dBFS  TPK: -15.2 -16.2 dBFS
[Parsed_ebur128_0 @ 0x148e05970] t: 95.299979  TARGET:-23 LUFS    M:   nan S: -40.6     I: -33.1 LUFS       LRA:   9.2 LU  FTPK:  -inf  -inf dBFS  TPK: -15.2 -16.2 dBFS
[Parsed_ebur128_0 @ 0x148e05970] t: 95.399979  TARGET:-23 LUFS    M:   nan S: -40.6     I: -33.1 LUFS       LRA:   9.2 LU  FTPK:  -inf  -inf dBFS  TPK: -15.2 -16.2 dBFS
[Parsed_ebur128_0 @ 0x148e05970] t: 95.499979  TARGET:-23 LUFS    M: -33.1 S: -38.2     I: -33.1 LUFS       LRA:   9.2 LU  FTPK: -18.3 -17.3 dBFS  TPK: -15.2 -16.2 dBFS
[Parsed_ebur128_0 @ 0x148e05970] t: 95.599979  TARGET:-23 LUFS    M: -30.3 S: -36.7     I: -33.1 LUFS       LRA:   9.2 LU  FTPK: -19.0 -18.0 dBFS  TPK: -15.2 -16.2 dBFS
[Parsed_ebur128_0 @ 0x148e05970] t: 95.699979  TARGET:-23 LUFS    M: -28.5 S: -36.6     I: -33.0 LUFS       LRA:   9.2 LU  FTPK: -20.3 -19.3 dBFS  TPK: -15.2 -16.2 dBFS
[Parsed_ebur128_0 @ 0x148e05970] t: 95.799979  TARGET:-23 LUFS    M: -28.5 S: -36.6     I: -32.9 LUFS       LRA:   9.2 LU  FTPK: -41.7 -40.8 dBFS  TPK: -15.2 -16.2 dBFS
[Parsed_ebur128_0 @ 0x148e05970] t: 95.899979  TARGET:-23 LUFS    M: -30.4 S: -36.6     I: -32.9 LUFS       LRA:   9.2 LU  FTPK:  -inf  -inf dBFS  TPK: -15.2 -16.2 dBFS
[Parsed_ebur128_0 @ 0x148e05970] t: 95.999979  TARGET:-23 LUFS    M: -33.3 S: -36.6     I: -32.9 LUFS       LRA:   9.2 LU  FTPK:  -inf  -inf dBFS  TPK: -15.2 -16.2 dBFS
[Parsed_ebur128_0 @ 0x148e05970] t: 96.099979  TARGET:-23 LUFS    M: -65.1 S: -36.6     I: -32.9 LUFS       LRA:   9.2 LU  FTPK:  -inf  -inf dBFS  TPK: -15.2 -16.2 dBFS
[Parsed_ebur128_0 @ 0x148e05970] t: 96.199979  TARGET:-23 LUFS    M:   nan S: -37.3     I: -32.9 LUFS       LRA:   9.2 LU  FTPK:  -inf  -inf dBFS  TPK: -15.2 -16.2 dBFS
[Parsed_ebur128_0 @ 0x148e05970] t: 96.299979  TARGET:-23 LUFS    M:   nan S: -37.3     I: -32.9 LUFS       LRA:   9.2 LU  FTPK:  -inf  -inf dBFS  TPK: -15.2 -16.2 dBFS
[Parsed_ebur128_0 @ 0x148e05970] t: 96.399979  TARGET:-23 LUFS    M:   nan S: -37.3     I: -32.9 LUFS       LRA:   9.2 LU  FTPK:  -inf  -inf dBFS  TPK: -15.2 -16.2 dBFS
[Parsed_ebur128_0 @ 0x148e05970] t: 96.499979  TARGET:-23 LUFS    M:   nan S: -37.3     I: -32.9 LUFS       LRA:   9.2 LU  FTPK:  -inf  -inf dBFS  TPK: -15.2 -16.2 dBFS
[Parsed_ebur128_0 @ 0x148e05970] t: 96.599979  TARGET:-23 LUFS    M:   nan S: -37.3     I: -32.9 LUFS       LRA:   9.2 LU  FTPK:  -inf  -inf dBFS  TPK: -15.2 -16.2 dBFS
[Parsed_ebur128_0 @ 0x148e05970] t: 96.699979  TARGET:-23 LUFS    M:   nan S: -37.3     I: -32.9 LUFS       LRA:   9.2 LU  FTPK:  -inf  -inf dBFS  TPK: -15.2 -16.2 dBFS
[Parsed_ebur128_0 @ 0x148e05970] t: 96.799979  TARGET:-23 LUFS    M:   nan S: -37.3     I: -32.9 LUFS       LRA:   9.2 LU  FTPK:  -inf  -inf dBFS  TPK: -15.2 -16.2 dBFS
[Parsed_ebur128_0 @ 0x148e05970] t: 96.899979  TARGET:-23 LUFS    M: -50.5 S: -37.2     I: -32.9 LUFS       LRA:   9.2 LU  FTPK: -23.6 -24.6 dBFS  TPK: -15.2 -16.2 dBFS
[Parsed_ebur128_0 @ 0x148e05970] t: 96.999979  TARGET:-23 LUFS    M: -31.8 S: -35.6     I: -32.9 LUFS       LRA:   9.2 LU  FTPK: -16.3 -17.4 dBFS  TPK: -15.2 -16.2 dBFS
[Parsed_ebur128_0 @ 0x148e05970] t: 97.099979  TARGET:-23 LUFS    M: -31.8 S: -35.6     I: -32.8 LUFS       LRA:   9.2 LU  FTPK: -70.5 -70.2 dBFS  TPK: -15.2 -16.2 dBFS
[Parsed_ebur128_0 @ 0x148e05970] t: 97.199979  TARGET:-23 LUFS    M: -31.8 S: -35.6     I: -32.8 LUFS       LRA:   9.2 LU  FTPK:  -inf  -inf dBFS  TPK: -15.2 -16.2 dBFS
[Parsed_ebur128_0 @ 0x148e05970] t: 97.299979  TARGET:-23 LUFS    M: -31.8 S: -35.6     I: -32.8 LUFS       LRA:   9.2 LU  FTPK:  -inf  -inf dBFS  TPK: -15.2 -16.2 dBFS
[Parsed_ebur128_0 @ 0x148e05970] t: 97.399979  TARGET:-23 LUFS    M: -90.4 S: -35.6     I: -32.8 LUFS       LRA:   9.2 LU  FTPK:  -inf  -inf dBFS  TPK: -15.2 -16.2 dBFS
[Parsed_ebur128_0 @ 0x148e05970] t: 97.499979  TARGET:-23 LUFS    M:   nan S: -35.6     I: -32.8 LUFS       LRA:   9.2 LU  FTPK:  -inf  -inf dBFS  TPK: -15.2 -16.2 dBFS
[Parsed_ebur128_0 @ 0x148e05970] t: 97.599979  TARGET:-23 LUFS    M:   nan S: -35.6     I: -32.8 LUFS       LRA:   9.2 LU  FTPK:  -inf  -inf dBFS  TPK: -15.2 -16.2 dBFS
[Parsed_ebur128_0 @ 0x148e05970] t: 97.699979  TARGET:-23 LUFS    M:   nan S: -35.6     I: -32.8 LUFS       LRA:   9.2 LU  FTPK:  -inf  -inf dBFS  TPK: -15.2 -16.2 dBFS
[Parsed_ebur128_0 @ 0x148e05970] t: 97.799979  TARGET:-23 LUFS    M:   nan S: -35.6     I: -32.8 LUFS       LRA:   9.2 LU  FTPK:  -inf  -inf dBFS  TPK: -15.2 -16.2 dBFS
[Parsed_ebur128_0 @ 0x148e05970] t: 97.899979  TARGET:-23 LUFS    M:   nan S: -35.6     I: -32.8 LUFS       LRA:   9.2 LU  FTPK:  -inf  -inf dBFS  TPK: -15.2 -16.2 dBFS
[Parsed_ebur128_0 @ 0x148e05970] t: 97.999979  TARGET:-23 LUFS    M:   nan S: -35.6     I: -32.8 LUFS       LRA:   9.2 LU  FTPK:  -inf  -inf dBFS  TPK: -15.2 -16.2 dBFS
[Parsed_ebur128_0 @ 0x148e05970] t: 98.099979  TARGET:-23 LUFS    M:   nan S: -35.6     I: -32.8 LUFS       LRA:   9.2 LU  FTPK:  -inf  -inf dBFS  TPK: -15.2 -16.2 dBFS
[Parsed_ebur128_0 @ 0x148e05970] t: 98.199979  TARGET:-23 LUFS    M:   nan S: -35.6     I: -32.8 LUFS       LRA:   9.2 LU  FTPK:  -inf  -inf dBFS  TPK: -15.2 -16.2 dBFS
[Parsed_ebur128_0 @ 0x148e05970] t: 98.299979  TARGET:-23 LUFS    M:   nan S: -35.6     I: -32.8 LUFS       LRA:   9.2 LU  FTPK:  -inf  -inf dBFS  TPK: -15.2 -16.2 dBFS
[Parsed_ebur128_0 @ 0x148e05970] t: 98.399979  TARGET:-23 LUFS    M:   nan S: -35.6     I: -32.8 LUFS       LRA:   9.2 LU  FTPK:  -inf  -inf dBFS  TPK: -15.2 -16.2 dBFS
[Parsed_ebur128_0 @ 0x148e05970] t: 98.499979  TARGET:-23 LUFS    M:   nan S: -36.8     I: -32.8 LUFS       LRA:   9.2 LU  FTPK:  -inf  -inf dBFS  TPK: -15.2 -16.2 dBFS
[Parsed_ebur128_0 @ 0x148e05970] t: 98.599979  TARGET:-23 LUFS    M:   nan S: -38.2     I: -32.8 LUFS       LRA:   9.2 LU  FTPK:  -inf  -inf dBFS  TPK: -15.2 -16.2 dBFS
[Parsed_ebur128_0 @ 0x148e05970] t: 98.699979  TARGET:-23 LUFS    M:   nan S: -40.5     I: -32.8 LUFS       LRA:   9.2 LU  FTPK:  -inf  -inf dBFS  TPK: -15.2 -16.2 dBFS
[Parsed_ebur128_0 @ 0x148e05970] t: 98.799979  TARGET:-23 LUFS    M:   nan S: -40.5     I: -32.8 LUFS       LRA:   9.2 LU  FTPK:  -inf  -inf dBFS  TPK: -15.2 -16.2 dBFS
[Parsed_ebur128_0 @ 0x148e05970] t: 98.899979  TARGET:-23 LUFS    M:   nan S: -40.5     I: -32.8 LUFS       LRA:   9.2 LU  FTPK:  -inf  -inf dBFS  TPK: -15.2 -16.2 dBFS
[Parsed_ebur128_0 @ 0x148e05970] t: 98.999979  TARGET:-23 LUFS    M:   nan S: -40.5     I: -32.8 LUFS       LRA:   9.2 LU  FTPK:  -inf  -inf dBFS  TPK: -15.2 -16.2 dBFS
[Parsed_ebur128_0 @ 0x148e05970] t: 99.099979  TARGET:-23 LUFS    M:   nan S: -40.5     I: -32.8 LUFS       LRA:   9.2 LU  FTPK:  -inf  -inf dBFS  TPK: -15.2 -16.2 dBFS
[Parsed_ebur128_0 @ 0x148e05970] t: 99.199979  TARGET:-23 LUFS    M:   nan S: -40.5     I: -32.8 LUFS       LRA:   9.2 LU  FTPK:  -inf  -inf dBFS  TPK: -15.2 -16.2 dBFS
[Parsed_ebur128_0 @ 0x148e05970] t: 99.299979  TARGET:-23 LUFS    M:   nan S: -40.5     I: -32.8 LUFS       LRA:   9.2 LU  FTPK:  -inf  -inf dBFS  TPK: -15.2 -16.2 dBFS
[Parsed_ebur128_0 @ 0x148e05970] t: 99.399979  TARGET:-23 LUFS    M:   nan S: -40.5     I: -32.8 LUFS       LRA:   9.2 LU  FTPK:  -inf  -inf dBFS  TPK: -15.2 -16.2 dBFS
[Parsed_ebur128_0 @ 0x148e05970] t: 99.499979  TARGET:-23 LUFS    M:   nan S: -40.5     I: -32.8 LUFS       LRA:   9.2 LU  FTPK:  -inf  -inf dBFS  TPK: -15.2 -16.2 dBFS
[Parsed_ebur128_0 @ 0x148e05970] t: 99.599979  TARGET:-23 LUFS    M:   nan S: -40.5     I: -32.8 LUFS       LRA:   9.2 LU  FTPK:  -inf  -inf dBFS  TPK: -15.2 -16.2 dBFS
[Parsed_ebur128_0 @ 0x148e05970] t: 99.699979  TARGET:-23 LUFS    M:   nan S: -40.5     I: -32.8 LUFS       LRA:   9.2 LU  FTPK:  -inf  -inf dBFS  TPK: -15.2 -16.2 dBFS
[Parsed_ebur128_0 @ 0x148e05970] t: 99.799979  TARGET:-23 LUFS    M:   nan S: -40.5     I: -32.8 LUFS       LRA:   9.2 LU  FTPK:  -inf  -inf dBFS  TPK: -15.2 -16.2 dBFS
[Parsed_ebur128_0 @ 0x148e05970] t: 99.899979  TARGET:-23 LUFS    M:   nan S: -40.6     I: -32.8 LUFS       LRA:   9.2 LU  FTPK:  -inf  -inf dBFS  TPK: -15.2 -16.2 dBFS
[Parsed_ebur128_0 @ 0x148e05970] t: 99.999979  TARGET:-23 LUFS    M:   nan S: -99.1     I: -32.8 LUFS       LRA:   9.2 LU  FTPK:  -inf  -inf dBFS  TPK: -15.2 -16.2 dBFS
[Parsed_ebur128_0 @ 0x148e05970] t: 100.099979 TARGET:-23 LUFS    M:   nan S:-184.2     I: -32.8 LUFS       LRA:   9.2 LU  FTPK:  -inf  -inf dBFS  TPK: -15.2 -16.2 dBFS
[Parsed_ebur128_0 @ 0x148e05970] t: 100.199979 TARGET:-23 LUFS    M:   nan S:-184.2     I: -32.8 LUFS       LRA:   9.2 LU  FTPK:  -inf  -inf dBFS  TPK: -15.2 -16.2 dBFS
[Parsed_ebur128_0 @ 0x148e05970] t: 100.299979 TARGET:-23 LUFS    M:   nan S:-184.2     I: -32.8 LUFS       LRA:   9.2 LU  FTPK:  -inf  -inf dBFS  TPK: -15.2 -16.2 dBFS
[Parsed_ebur128_0 @ 0x148e05970] t: 100.399979 TARGET:-23 LUFS    M:   nan S:-184.2     I: -32.8 LUFS       LRA:   9.2 LU  FTPK:  -inf  -inf dBFS  TPK: -15.2 -16.2 dBFS
[Parsed_ebur128_0 @ 0x148e05970] t: 100.499979 TARGET:-23 LUFS    M:   nan S:-184.2     I: -32.8 LUFS       LRA:   9.2 LU  FTPK:  -inf  -inf dBFS  TPK: -15.2 -16.2 dBFS
[Parsed_ebur128_0 @ 0x148e05970] t: 100.599979 TARGET:-23 LUFS    M:   nan S:-184.2     I: -32.8 LUFS       LRA:   9.2 LU  FTPK:  -inf  -inf dBFS  TPK: -15.2 -16.2 dBFS
[Parsed_ebur128_0 @ 0x148e05970] t: 100.699979 TARGET:-23 LUFS    M:   nan S:-184.2     I: -32.8 LUFS       LRA:   9.2 LU  FTPK:  -inf  -inf dBFS  TPK: -15.2 -16.2 dBFS
[Parsed_ebur128_0 @ 0x148e05970] t: 100.799979 TARGET:-23 LUFS    M:   nan S:-184.2     I: -32.8 LUFS       LRA:   9.2 LU  FTPK:  -inf  -inf dBFS  TPK: -15.2 -16.2 dBFS
[Parsed_ebur128_0 @ 0x148e05970] t: 100.899979 TARGET:-23 LUFS    M:   nan S:-184.2     I: -32.8 LUFS       LRA:   9.2 LU  FTPK:  -inf  -inf dBFS  TPK: -15.2 -16.2 dBFS
[Parsed_ebur128_0 @ 0x148e05970] t: 100.999979 TARGET:-23 LUFS    M:   nan S:-184.2     I: -32.8 LUFS       LRA:   9.2 LU  FTPK:  -inf  -inf dBFS  TPK: -15.2 -16.2 dBFS
[Parsed_ebur128_0 @ 0x148e05970] t: 101.099979 TARGET:-23 LUFS    M:   nan S:-184.2     I: -32.8 LUFS       LRA:   9.2 LU  FTPK:  -inf  -inf dBFS  TPK: -15.2 -16.2 dBFS
[Parsed_ebur128_0 @ 0x148e05970] t: 101.199979 TARGET:-23 LUFS    M:   nan S:-184.2     I: -32.8 LUFS       LRA:   9.2 LU  FTPK:  -inf  -inf dBFS  TPK: -15.2 -16.2 dBFS
[Parsed_ebur128_0 @ 0x148e05970] t: 101.299979 TARGET:-23 LUFS    M:   nan S:-184.2     I: -32.8 LUFS       LRA:   9.2 LU  FTPK:  -inf  -inf dBFS  TPK: -15.2 -16.2 dBFS
[Parsed_ebur128_0 @ 0x148e05970] t: 101.399979 TARGET:-23 LUFS    M:   nan S:-184.2     I: -32.8 LUFS       LRA:   9.2 LU  FTPK:  -inf  -inf dBFS  TPK: -15.2 -16.2 dBFS
[Parsed_ebur128_0 @ 0x148e05970] t: 101.499979 TARGET:-23 LUFS    M:   nan S:-184.2     I: -32.8 LUFS       LRA:   9.2 LU  FTPK:  -inf  -inf dBFS  TPK: -15.2 -16.2 dBFS
[Parsed_ebur128_0 @ 0x148e05970] t: 101.599979 TARGET:-23 LUFS    M: -35.1 S: -43.9     I: -32.8 LUFS       LRA:   9.2 LU  FTPK: -16.5 -17.5 dBFS  TPK: -15.2 -16.2 dBFS
[Parsed_ebur128_0 @ 0x148e05970] t: 101.699979 TARGET:-23 LUFS    M: -34.1 S: -42.9     I: -32.9 LUFS       LRA:   9.2 LU  FTPK: -23.1 -24.1 dBFS  TPK: -15.2 -16.2 dBFS
[Parsed_ebur128_0 @ 0x148e05970] t: 101.799979 TARGET:-23 LUFS    M: -34.1 S: -42.9     I: -32.9 LUFS       LRA:   9.2 LU  FTPK: -46.5 -47.5 dBFS  TPK: -15.2 -16.2 dBFS
[Parsed_ebur128_0 @ 0x148e05970] t: 101.899979 TARGET:-23 LUFS    M: -34.1 S: -42.9     I: -32.9 LUFS       LRA:   9.2 LU  FTPK:  -inf  -inf dBFS  TPK: -15.2 -16.2 dBFS
[Parsed_ebur128_0 @ 0x148e05970] t: 101.999979 TARGET:-23 LUFS    M: -41.0 S: -42.9     I: -32.9 LUFS       LRA:   9.2 LU  FTPK:  -inf  -inf dBFS  TPK: -15.2 -16.2 dBFS
[Parsed_ebur128_0 @ 0x148e05970] t: 102.099979 TARGET:-23 LUFS    M: -64.8 S: -42.9     I: -32.9 LUFS       LRA:   9.2 LU  FTPK:  -inf  -inf dBFS  TPK: -15.2 -16.2 dBFS
[Parsed_ebur128_0 @ 0x148e05970] t: 102.199979 TARGET:-23 LUFS    M:   nan S: -42.9     I: -32.9 LUFS       LRA:   9.2 LU  FTPK:  -inf  -inf dBFS  TPK: -15.2 -16.2 dBFS
[Parsed_ebur128_0 @ 0x148e05970] t: 102.299979 TARGET:-23 LUFS    M:   nan S: -42.9     I: -32.9 LUFS       LRA:   9.2 LU  FTPK:  -inf  -inf dBFS  TPK: -15.2 -16.2 dBFS
[Parsed_ebur128_0 @ 0x148e05970] t: 102.399979 TARGET:-23 LUFS    M:   nan S: -42.9     I: -32.9 LUFS       LRA:   9.2 LU  FTPK:  -inf  -inf dBFS  TPK: -15.2 -16.2 dBFS
[Parsed_ebur128_0 @ 0x148e05970] t: 102.499979 TARGET:-23 LUFS    M:   nan S: -42.9     I: -32.9 LUFS       LRA:   9.2 LU  FTPK:  -inf  -inf dBFS  TPK: -15.2 -16.2 dBFS
[Parsed_ebur128_0 @ 0x148e05970] t: 102.599979 TARGET:-23 LUFS    M:   nan S: -42.9     I: -32.9 LUFS       LRA:   9.2 LU  FTPK:  -inf  -inf dBFS  TPK: -15.2 -16.2 dBFS
[Parsed_ebur128_0 @ 0x148e05970] t: 102.699979 TARGET:-23 LUFS    M:   nan S: -42.9     I: -32.9 LUFS       LRA:   9.2 LU  FTPK:  -inf  -inf dBFS  TPK: -15.2 -16.2 dBFS
[Parsed_ebur128_0 @ 0x148e05970] t: 102.799979 TARGET:-23 LUFS    M:   nan S: -42.9     I: -32.9 LUFS       LRA:   9.2 LU  FTPK:  -inf  -inf dBFS  TPK: -15.2 -16.2 dBFS
[Parsed_ebur128_0 @ 0x148e05970] t: 102.899979 TARGET:-23 LUFS    M:   nan S: -42.9     I: -32.9 LUFS       LRA:   9.2 LU  FTPK:  -inf  -inf dBFS  TPK: -15.2 -16.2 dBFS
[Parsed_ebur128_0 @ 0x148e05970] t: 102.999979 TARGET:-23 LUFS    M:   nan S: -42.9     I: -32.9 LUFS       LRA:   9.2 LU  FTPK:  -inf  -inf dBFS  TPK: -15.2 -16.2 dBFS
[Parsed_ebur128_0 @ 0x148e05970] t: 103.099979 TARGET:-23 LUFS    M:   nan S: -42.9     I: -32.9 LUFS       LRA:   9.2 LU  FTPK:  -inf  -inf dBFS  TPK: -15.2 -16.2 dBFS
[Parsed_ebur128_0 @ 0x148e05970] t: 103.199979 TARGET:-23 LUFS    M:   nan S: -42.9     I: -32.9 LUFS       LRA:   9.2 LU  FTPK:  -inf  -inf dBFS  TPK: -15.2 -16.2 dBFS
[Parsed_ebur128_0 @ 0x148e05970] t: 103.299979 TARGET:-23 LUFS    M:   nan S: -42.9     I: -32.9 LUFS       LRA:   9.2 LU  FTPK:  -inf  -inf dBFS  TPK: -15.2 -16.2 dBFS
[Parsed_ebur128_0 @ 0x148e05970] t: 103.399979 TARGET:-23 LUFS    M:   nan S: -42.9     I: -32.9 LUFS       LRA:   9.2 LU  FTPK:  -inf  -inf dBFS  TPK: -15.2 -16.2 dBFS
[Parsed_ebur128_0 @ 0x148e05970] t: 103.499979 TARGET:-23 LUFS    M:   nan S: -42.9     I: -32.9 LUFS       LRA:   9.2 LU  FTPK:  -inf  -inf dBFS  TPK: -15.2 -16.2 dBFS
[Parsed_ebur128_0 @ 0x148e05970] t: 103.599979 TARGET:-23 LUFS    M:   nan S: -42.9     I: -32.9 LUFS       LRA:   9.2 LU  FTPK:  -inf  -inf dBFS  TPK: -15.2 -16.2 dBFS
[Parsed_ebur128_0 @ 0x148e05970] t: 103.699979 TARGET:-23 LUFS    M:   nan S: -42.9     I: -32.9 LUFS       LRA:   9.2 LU  FTPK:  -inf  -inf dBFS  TPK: -15.2 -16.2 dBFS
[Parsed_ebur128_0 @ 0x148e05970] t: 103.799979 TARGET:-23 LUFS    M:   nan S: -42.9     I: -32.9 LUFS       LRA:   9.2 LU  FTPK:  -inf  -inf dBFS  TPK: -15.2 -16.2 dBFS
[Parsed_ebur128_0 @ 0x148e05970] t: 103.899979 TARGET:-23 LUFS    M:   nan S: -42.9     I: -32.9 LUFS       LRA:   9.2 LU  FTPK:  -inf  -inf dBFS  TPK: -15.2 -16.2 dBFS
[Parsed_ebur128_0 @ 0x148e05970] t: 103.999979 TARGET:-23 LUFS    M:   nan S: -42.9     I: -32.9 LUFS       LRA:   9.2 LU  FTPK:  -inf  -inf dBFS  TPK: -15.2 -16.2 dBFS
[Parsed_ebur128_0 @ 0x148e05970] t: 104.099979 TARGET:-23 LUFS    M:   nan S: -42.9     I: -32.9 LUFS       LRA:   9.2 LU  FTPK:  -inf  -inf dBFS  TPK: -15.2 -16.2 dBFS
[Parsed_ebur128_0 @ 0x148e05970] t: 104.199979 TARGET:-23 LUFS    M:   nan S: -42.9     I: -32.9 LUFS       LRA:   9.2 LU  FTPK:  -inf  -inf dBFS  TPK: -15.2 -16.2 dBFS
[Parsed_ebur128_0 @ 0x148e05970] t: 104.299979 TARGET:-23 LUFS    M:   nan S: -42.9     I: -32.9 LUFS       LRA:   9.2 LU  FTPK:  -inf  -inf dBFS  TPK: -15.2 -16.2 dBFS
[Parsed_ebur128_0 @ 0x148e05970] t: 104.399979 TARGET:-23 LUFS    M:   nan S: -42.9     I: -32.9 LUFS       LRA:   9.2 LU  FTPK:  -inf  -inf dBFS  TPK: -15.2 -16.2 dBFS
[Parsed_ebur128_0 @ 0x148e05970] t: 104.499979 TARGET:-23 LUFS    M:   nan S: -42.9     I: -32.9 LUFS       LRA:   9.2 LU  FTPK:  -inf  -inf dBFS  TPK: -15.2 -16.2 dBFS
[Parsed_ebur128_0 @ 0x148e05970] t: 104.599979 TARGET:-23 LUFS    M:   nan S: -49.7     I: -32.9 LUFS       LRA:   9.2 LU  FTPK:  -inf  -inf dBFS  TPK: -15.2 -16.2 dBFS
[Parsed_ebur128_0 @ 0x148e05970] t: 104.699979 TARGET:-23 LUFS    M:   nan S: -73.5     I: -32.9 LUFS       LRA:   9.2 LU  FTPK:  -inf  -inf dBFS  TPK: -15.2 -16.2 dBFS
[Parsed_ebur128_0 @ 0x148e05970] t: 104.799979 TARGET:-23 LUFS    M:   nan S:-186.0     I: -32.9 LUFS       LRA:   9.2 LU  FTPK:  -inf  -inf dBFS  TPK: -15.2 -16.2 dBFS
[Parsed_ebur128_0 @ 0x148e05970] t: 104.899979 TARGET:-23 LUFS    M:   nan S:-186.0     I: -32.9 LUFS       LRA:   9.2 LU  FTPK:  -inf  -inf dBFS  TPK: -15.2 -16.2 dBFS
[Parsed_ebur128_0 @ 0x148e05970] t: 104.999979 TARGET:-23 LUFS    M:   nan S:-186.0     I: -32.9 LUFS       LRA:   9.2 LU  FTPK:  -inf  -inf dBFS  TPK: -15.2 -16.2 dBFS
[Parsed_ebur128_0 @ 0x148e05970] t: 105.099979 TARGET:-23 LUFS    M:   nan S:-186.0     I: -32.9 LUFS       LRA:   9.2 LU  FTPK:  -inf  -inf dBFS  TPK: -15.2 -16.2 dBFS
[Parsed_ebur128_0 @ 0x148e05970] t: 105.199979 TARGET:-23 LUFS    M:   nan S:-186.0     I: -32.9 LUFS       LRA:   9.2 LU  FTPK:  -inf  -inf dBFS  TPK: -15.2 -16.2 dBFS
[Parsed_ebur128_0 @ 0x148e05970] t: 105.299979 TARGET:-23 LUFS    M:   nan S:-186.0     I: -32.9 LUFS       LRA:   9.2 LU  FTPK:  -inf  -inf dBFS  TPK: -15.2 -16.2 dBFS
[Parsed_ebur128_0 @ 0x148e05970] t: 105.399979 TARGET:-23 LUFS    M:   nan S:-186.0     I: -32.9 LUFS       LRA:   9.2 LU  FTPK:  -inf  -inf dBFS  TPK: -15.2 -16.2 dBFS
[Parsed_ebur128_0 @ 0x148e05970] t: 105.499979 TARGET:-23 LUFS    M:   nan S:-186.0     I: -32.9 LUFS       LRA:   9.2 LU  FTPK:  -inf  -inf dBFS  TPK: -15.2 -16.2 dBFS
[Parsed_ebur128_0 @ 0x148e05970] t: 105.599979 TARGET:-23 LUFS    M:   nan S:-186.0     I: -32.9 LUFS       LRA:   9.2 LU  FTPK:  -inf  -inf dBFS  TPK: -15.2 -16.2 dBFS
[Parsed_ebur128_0 @ 0x148e05970] t: 105.699979 TARGET:-23 LUFS    M:   nan S:-186.0     I: -32.9 LUFS       LRA:   9.2 LU  FTPK:  -inf  -inf dBFS  TPK: -15.2 -16.2 dBFS
[Parsed_ebur128_0 @ 0x148e05970] t: 105.799979 TARGET:-23 LUFS    M:   nan S:-186.0     I: -32.9 LUFS       LRA:   9.2 LU  FTPK:  -inf  -inf dBFS  TPK: -15.2 -16.2 dBFS
[Parsed_ebur128_0 @ 0x148e05970] t: 105.899979 TARGET:-23 LUFS    M:   nan S:-186.0     I: -32.9 LUFS       LRA:   9.2 LU  FTPK:  -inf  -inf dBFS  TPK: -15.2 -16.2 dBFS
[Parsed_ebur128_0 @ 0x148e05970] t: 105.999979 TARGET:-23 LUFS    M:   nan S:-186.0     I: -32.9 LUFS       LRA:   9.2 LU  FTPK:  -inf  -inf dBFS  TPK: -15.2 -16.2 dBFS
[Parsed_ebur128_0 @ 0x148e05970] t: 106.099979 TARGET:-23 LUFS    M:   nan S:-186.0     I: -32.9 LUFS       LRA:   9.2 LU  FTPK:  -inf  -inf dBFS  TPK: -15.2 -16.2 dBFS
[Parsed_ebur128_0 @ 0x148e05970] t: 106.199979 TARGET:-23 LUFS    M:   nan S:-186.0     I: -32.9 LUFS       LRA:   9.2 LU  FTPK:  -inf  -inf dBFS  TPK: -15.2 -16.2 dBFS
[Parsed_ebur128_0 @ 0x148e05970] t: 106.299979 TARGET:-23 LUFS    M:   nan S:-186.0     I: -32.9 LUFS       LRA:   9.2 LU  FTPK:  -inf  -inf dBFS  TPK: -15.2 -16.2 dBFS
[Parsed_ebur128_0 @ 0x148e05970] t: 106.399979 TARGET:-23 LUFS    M:   nan S:-186.0     I: -32.9 LUFS       LRA:   9.2 LU  FTPK:  -inf  -inf dBFS  TPK: -15.2 -16.2 dBFS
[Parsed_ebur128_0 @ 0x148e05970] t: 106.499979 TARGET:-23 LUFS    M:   nan S:-186.0     I: -32.9 LUFS       LRA:   9.2 LU  FTPK:  -inf  -inf dBFS  TPK: -15.2 -16.2 dBFS
[Parsed_ebur128_0 @ 0x148e05970] t: 106.599979 TARGET:-23 LUFS    M:   nan S:-186.0     I: -32.9 LUFS       LRA:   9.2 LU  FTPK:  -inf  -inf dBFS  TPK: -15.2 -16.2 dBFS
[Parsed_ebur128_0 @ 0x148e05970] t: 106.699979 TARGET:-23 LUFS    M:   nan S:-186.0     I: -32.9 LUFS       LRA:   9.2 LU  FTPK:  -inf  -inf dBFS  TPK: -15.2 -16.2 dBFS
[Parsed_ebur128_0 @ 0x148e05970] t: 106.799979 TARGET:-23 LUFS    M:   nan S:-186.0     I: -32.9 LUFS       LRA:   9.2 LU  FTPK:  -inf  -inf dBFS  TPK: -15.2 -16.2 dBFS
[Parsed_ebur128_0 @ 0x148e05970] t: 106.899979 TARGET:-23 LUFS    M:   nan S:-186.0     I: -32.9 LUFS       LRA:   9.2 LU  FTPK:  -inf  -inf dBFS  TPK: -15.2 -16.2 dBFS
[Parsed_ebur128_0 @ 0x148e05970] t: 106.999979 TARGET:-23 LUFS    M:   nan S:-186.0     I: -32.9 LUFS       LRA:   9.2 LU  FTPK:  -inf  -inf dBFS  TPK: -15.2 -16.2 dBFS
[Parsed_ebur128_0 @ 0x148e05970] t: 107.099979 TARGET:-23 LUFS    M:   nan S:-186.0     I: -32.9 LUFS       LRA:   9.2 LU  FTPK:  -inf  -inf dBFS  TPK: -15.2 -16.2 dBFS
[Parsed_ebur128_0 @ 0x148e05970] t: 107.199979 TARGET:-23 LUFS    M:   nan S:-186.0     I: -32.9 LUFS       LRA:   9.2 LU  FTPK:  -inf  -inf dBFS  TPK: -15.2 -16.2 dBFS
[Parsed_ebur128_0 @ 0x148e05970] t: 107.299979 TARGET:-23 LUFS    M:   nan S:-186.0     I: -32.9 LUFS       LRA:   9.2 LU  FTPK:  -inf  -inf dBFS  TPK: -15.2 -16.2 dBFS
[Parsed_ebur128_0 @ 0x148e05970] t: 107.399979 TARGET:-23 LUFS    M:   nan S:-186.0     I: -32.9 LUFS       LRA:   9.2 LU  FTPK:  -inf  -inf dBFS  TPK: -15.2 -16.2 dBFS
[Parsed_ebur128_0 @ 0x148e05970] t: 107.499979 TARGET:-23 LUFS    M:   nan S:-186.0     I: -32.9 LUFS       LRA:   9.2 LU  FTPK:  -inf  -inf dBFS  TPK: -15.2 -16.2 dBFS
[Parsed_ebur128_0 @ 0x148e05970] t: 107.599979 TARGET:-23 LUFS    M: -34.5 S: -43.2     I: -32.9 LUFS       LRA:   9.2 LU  FTPK: -15.2 -16.3 dBFS  TPK: -15.2 -16.2 dBFS
[Parsed_ebur128_0 @ 0x148e05970] t: 107.699979 TARGET:-23 LUFS    M: -34.0 S: -42.7     I: -32.9 LUFS       LRA:   9.2 LU  FTPK: -25.5 -26.4 dBFS  TPK: -15.2 -16.2 dBFS
[Parsed_ebur128_0 @ 0x148e05970] t: 107.799979 TARGET:-23 LUFS    M: -34.0 S: -42.7     I: -32.9 LUFS       LRA:   9.2 LU  FTPK:  -inf  -inf dBFS  TPK: -15.2 -16.2 dBFS
[Parsed_ebur128_0 @ 0x148e05970] t: 107.899979 TARGET:-23 LUFS    M: -34.0 S: -42.7     I: -32.9 LUFS       LRA:   9.2 LU  FTPK:  -inf  -inf dBFS  TPK: -15.2 -16.2 dBFS
[Parsed_ebur128_0 @ 0x148e05970] t: 107.999979 TARGET:-23 LUFS    M: -43.7 S: -42.7     I: -32.9 LUFS       LRA:   9.2 LU  FTPK:  -inf  -inf dBFS  TPK: -15.2 -16.2 dBFS
[Parsed_ebur128_0 @ 0x148e05970] t: 108.099979 TARGET:-23 LUFS    M: -36.7 S: -40.9     I: -32.9 LUFS       LRA:   9.2 LU  FTPK: -15.3 -16.3 dBFS  TPK: -15.2 -16.2 dBFS
[Parsed_ebur128_0 @ 0x148e05970] t: 108.199979 TARGET:-23 LUFS    M: -36.1 S: -40.6     I: -33.0 LUFS       LRA:   9.2 LU  FTPK: -27.6 -28.6 dBFS  TPK: -15.2 -16.2 dBFS
[Parsed_ebur128_0 @ 0x148e05970] t: 108.299979 TARGET:-23 LUFS    M: -36.1 S: -40.6     I: -33.0 LUFS       LRA:   9.2 LU  FTPK: -80.3 -83.4 dBFS  TPK: -15.2 -16.2 dBFS
[Parsed_ebur128_0 @ 0x148e05970] t: 108.399979 TARGET:-23 LUFS    M: -36.1 S: -40.6     I: -33.1 LUFS       LRA:   9.2 LU  FTPK:  -inf  -inf dBFS  TPK: -15.2 -16.2 dBFS
[Parsed_ebur128_0 @ 0x148e05970] t: 108.499979 TARGET:-23 LUFS    M: -45.1 S: -40.6     I: -33.1 LUFS       LRA:   9.2 LU  FTPK:  -inf  -inf dBFS  TPK: -15.2 -16.2 dBFS
[Parsed_ebur128_0 @ 0x148e05970] t: 108.599979 TARGET:-23 LUFS    M:-107.4 S: -40.6     I: -33.1 LUFS       LRA:   9.2 LU  FTPK:  -inf  -inf dBFS  TPK: -15.2 -16.2 dBFS
[Parsed_ebur128_0 @ 0x148e05970] t: 108.699979 TARGET:-23 LUFS    M:   nan S: -40.6     I: -33.1 LUFS       LRA:   9.2 LU  FTPK:  -inf  -inf dBFS  TPK: -15.2 -16.2 dBFS
[Parsed_ebur128_0 @ 0x148e05970] t: 108.799979 TARGET:-23 LUFS    M:   nan S: -40.6     I: -33.1 LUFS       LRA:   9.2 LU  FTPK:  -inf  -inf dBFS  TPK: -15.2 -16.2 dBFS
[Parsed_ebur128_0 @ 0x148e05970] t: 108.899979 TARGET:-23 LUFS    M:   nan S: -40.6     I: -33.1 LUFS       LRA:   9.2 LU  FTPK:  -inf  -inf dBFS  TPK: -15.2 -16.2 dBFS
[Parsed_ebur128_0 @ 0x148e05970] t: 108.999979 TARGET:-23 LUFS    M:   nan S: -40.6     I: -33.1 LUFS       LRA:   9.2 LU  FTPK:  -inf  -inf dBFS  TPK: -15.2 -16.2 dBFS
[Parsed_ebur128_0 @ 0x148e05970] t: 109.099979 TARGET:-23 LUFS    M:   nan S: -40.6     I: -33.1 LUFS       LRA:   9.2 LU  FTPK:  -inf  -inf dBFS  TPK: -15.2 -16.2 dBFS
[Parsed_ebur128_0 @ 0x148e05970] t: 109.199979 TARGET:-23 LUFS    M:   nan S: -40.6     I: -33.1 LUFS       LRA:   9.2 LU  FTPK:  -inf  -inf dBFS  TPK: -15.2 -16.2 dBFS
[Parsed_ebur128_0 @ 0x148e05970] t: 109.299979 TARGET:-23 LUFS    M:   nan S: -40.6     I: -33.1 LUFS       LRA:   9.2 LU  FTPK:  -inf  -inf dBFS  TPK: -15.2 -16.2 dBFS
[Parsed_ebur128_0 @ 0x148e05970] t: 109.399979 TARGET:-23 LUFS    M:   nan S: -40.6     I: -33.1 LUFS       LRA:   9.2 LU  FTPK:  -inf  -inf dBFS  TPK: -15.2 -16.2 dBFS
[Parsed_ebur128_0 @ 0x148e05970] t: 109.499979 TARGET:-23 LUFS    M:   nan S: -40.6     I: -33.1 LUFS       LRA:   9.2 LU  FTPK:  -inf  -inf dBFS  TPK: -15.2 -16.2 dBFS
[Parsed_ebur128_0 @ 0x148e05970] t: 109.599979 TARGET:-23 LUFS    M:   nan S: -40.6     I: -33.1 LUFS       LRA:   9.2 LU  FTPK:  -inf  -inf dBFS  TPK: -15.2 -16.2 dBFS
[Parsed_ebur128_0 @ 0x148e05970] t: 109.699979 TARGET:-23 LUFS    M:   nan S: -40.6     I: -33.1 LUFS       LRA:   9.2 LU  FTPK:  -inf  -inf dBFS  TPK: -15.2 -16.2 dBFS
[Parsed_ebur128_0 @ 0x148e05970] t: 109.799979 TARGET:-23 LUFS    M:   nan S: -40.6     I: -33.1 LUFS       LRA:   9.2 LU  FTPK:  -inf  -inf dBFS  TPK: -15.2 -16.2 dBFS
[Parsed_ebur128_0 @ 0x148e05970] t: 109.899979 TARGET:-23 LUFS    M:   nan S: -40.6     I: -33.1 LUFS       LRA:   9.2 LU  FTPK:  -inf  -inf dBFS  TPK: -15.2 -16.2 dBFS
[Parsed_ebur128_0 @ 0x148e05970] t: 109.999979 TARGET:-23 LUFS    M:   nan S: -40.6     I: -33.1 LUFS       LRA:   9.2 LU  FTPK:  -inf  -inf dBFS  TPK: -15.2 -16.2 dBFS
[Parsed_ebur128_0 @ 0x148e05970] t: 110.099979 TARGET:-23 LUFS    M:   nan S: -40.6     I: -33.1 LUFS       LRA:   9.2 LU  FTPK:  -inf  -inf dBFS  TPK: -15.2 -16.2 dBFS
[Parsed_ebur128_0 @ 0x148e05970] t: 110.199979 TARGET:-23 LUFS    M:   nan S: -40.6     I: -33.1 LUFS       LRA:   9.2 LU  FTPK:  -inf  -inf dBFS  TPK: -15.2 -16.2 dBFS
[Parsed_ebur128_0 @ 0x148e05970] t: 110.299979 TARGET:-23 LUFS    M:   nan S: -40.6     I: -33.1 LUFS       LRA:   9.2 LU  FTPK:  -inf  -inf dBFS  TPK: -15.2 -16.2 dBFS
[Parsed_ebur128_0 @ 0x148e05970] t: 110.399979 TARGET:-23 LUFS    M: -37.9 S: -39.7     I: -33.1 LUFS       LRA:   9.2 LU  FTPK: -22.5 -21.4 dBFS  TPK: -15.2 -16.2 dBFS
[Parsed_ebur128_0 @ 0x148e05970] t: 110.499979 TARGET:-23 LUFS    M: -31.4 S: -37.4     I: -33.1 LUFS       LRA:   9.2 LU  FTPK: -18.4 -17.3 dBFS  TPK: -15.2 -16.2 dBFS
[Parsed_ebur128_0 @ 0x148e05970] t: 110.599979 TARGET:-23 LUFS    M: -29.1 S: -36.9     I: -33.0 LUFS       LRA:   9.2 LU  FTPK: -20.3 -19.3 dBFS  TPK: -15.2 -16.2 dBFS
[Parsed_ebur128_0 @ 0x148e05970] t: 110.699979 TARGET:-23 LUFS    M: -28.5 S: -36.6     I: -32.9 LUFS       LRA:   9.2 LU  FTPK: -21.0 -20.0 dBFS  TPK: -15.2 -16.2 dBFS
[Parsed_ebur128_0 @ 0x148e05970] t: 110.799979 TARGET:-23 LUFS    M: -29.0 S: -36.6     I: -32.9 LUFS       LRA:   9.2 LU  FTPK:  -inf  -inf dBFS  TPK: -15.2 -16.2 dBFS
[Parsed_ebur128_0 @ 0x148e05970] t: 110.899979 TARGET:-23 LUFS    M: -31.6 S: -36.6     I: -32.9 LUFS       LRA:   9.2 LU  FTPK:  -inf  -inf dBFS  TPK: -15.2 -16.2 dBFS
[Parsed_ebur128_0 @ 0x148e05970] t: 110.999979 TARGET:-23 LUFS    M: -37.5 S: -36.6     I: -32.9 LUFS       LRA:   9.2 LU  FTPK:  -inf  -inf dBFS  TPK: -15.2 -16.2 dBFS
[Parsed_ebur128_0 @ 0x148e05970] t: 111.099979 TARGET:-23 LUFS    M:   nan S: -37.2     I: -32.9 LUFS       LRA:   9.2 LU  FTPK:  -inf  -inf dBFS  TPK: -15.2 -16.2 dBFS
[Parsed_ebur128_0 @ 0x148e05970] t: 111.199979 TARGET:-23 LUFS    M:   nan S: -37.3     I: -32.9 LUFS       LRA:   9.2 LU  FTPK:  -inf  -inf dBFS  TPK: -15.2 -16.2 dBFS
[Parsed_ebur128_0 @ 0x148e05970] t: 111.299979 TARGET:-23 LUFS    M:   nan S: -37.3     I: -32.9 LUFS       LRA:   9.2 LU  FTPK:  -inf  -inf dBFS  TPK: -15.2 -16.2 dBFS
[Parsed_ebur128_0 @ 0x148e05970] t: 111.399979 TARGET:-23 LUFS    M:   nan S: -37.3     I: -32.9 LUFS       LRA:   9.2 LU  FTPK:  -inf  -inf dBFS  TPK: -15.2 -16.2 dBFS
[Parsed_ebur128_0 @ 0x148e05970] t: 111.499979 TARGET:-23 LUFS    M:   nan S: -37.3     I: -32.9 LUFS       LRA:   9.2 LU  FTPK:  -inf  -inf dBFS  TPK: -15.2 -16.2 dBFS
[Parsed_ebur128_0 @ 0x148e05970] t: 111.599979 TARGET:-23 LUFS    M:   nan S: -37.3     I: -32.9 LUFS       LRA:   9.2 LU  FTPK:  -inf  -inf dBFS  TPK: -15.2 -16.2 dBFS
[Parsed_ebur128_0 @ 0x148e05970] t: 111.699979 TARGET:-23 LUFS    M:   nan S: -37.3     I: -32.9 LUFS       LRA:   9.2 LU  FTPK:  -inf  -inf dBFS  TPK: -15.2 -16.2 dBFS
[Parsed_ebur128_0 @ 0x148e05970] t: 111.799979 TARGET:-23 LUFS    M:   nan S: -37.3     I: -32.9 LUFS       LRA:   9.2 LU  FTPK:  -inf  -inf dBFS  TPK: -15.2 -16.2 dBFS
[Parsed_ebur128_0 @ 0x148e05970] t: 111.899979 TARGET:-23 LUFS    M:   nan S: -37.3     I: -32.9 LUFS       LRA:   9.2 LU  FTPK:  -inf  -inf dBFS  TPK: -15.2 -16.2 dBFS
[Parsed_ebur128_0 @ 0x148e05970] t: 111.999979 TARGET:-23 LUFS    M:   nan S: -37.3     I: -32.9 LUFS       LRA:   9.2 LU  FTPK:  -inf  -inf dBFS  TPK: -15.2 -16.2 dBFS
[Parsed_ebur128_0 @ 0x148e05970] t: 112.099979 TARGET:-23 LUFS    M:   nan S: -37.3     I: -32.9 LUFS       LRA:   9.2 LU  FTPK:  -inf  -inf dBFS  TPK: -15.2 -16.2 dBFS
[Parsed_ebur128_0 @ 0x148e05970] t: 112.199979 TARGET:-23 LUFS    M:   nan S: -37.3     I: -32.9 LUFS       LRA:   9.1 LU  FTPK:  -inf  -inf dBFS  TPK: -15.2 -16.2 dBFS
[Parsed_ebur128_0 @ 0x148e05970] t: 112.299979 TARGET:-23 LUFS    M:   nan S: -37.3     I: -32.9 LUFS       LRA:   9.1 LU  FTPK:  -inf  -inf dBFS  TPK: -15.2 -16.2 dBFS
[Parsed_ebur128_0 @ 0x148e05970] t: 112.399979 TARGET:-23 LUFS    M:   nan S: -37.3     I: -32.9 LUFS       LRA:   9.1 LU  FTPK:  -inf  -inf dBFS  TPK: -15.2 -16.2 dBFS
[Parsed_ebur128_0 @ 0x148e05970] t: 112.499979 TARGET:-23 LUFS    M:   nan S: -37.3     I: -32.9 LUFS       LRA:   9.1 LU  FTPK:  -inf  -inf dBFS  TPK: -15.2 -16.2 dBFS
[Parsed_ebur128_0 @ 0x148e05970] t: 112.599979 TARGET:-23 LUFS    M:   nan S: -37.3     I: -32.9 LUFS       LRA:   9.1 LU  FTPK:  -inf  -inf dBFS  TPK: -15.2 -16.2 dBFS
[Parsed_ebur128_0 @ 0x148e05970] t: 112.699979 TARGET:-23 LUFS    M:   nan S: -37.3     I: -32.9 LUFS       LRA:   9.1 LU  FTPK:  -inf  -inf dBFS  TPK: -15.2 -16.2 dBFS
[Parsed_ebur128_0 @ 0x148e05970] t: 112.799979 TARGET:-23 LUFS    M:   nan S: -37.3     I: -32.9 LUFS       LRA:   9.1 LU  FTPK:  -inf  -inf dBFS  TPK: -15.2 -16.2 dBFS
[Parsed_ebur128_0 @ 0x148e05970] t: 112.899979 TARGET:-23 LUFS    M:   nan S: -37.3     I: -32.9 LUFS       LRA:   9.1 LU  FTPK:  -inf  -inf dBFS  TPK: -15.2 -16.2 dBFS
[Parsed_ebur128_0 @ 0x148e05970] t: 112.999979 TARGET:-23 LUFS    M:   nan S: -37.3     I: -32.9 LUFS       LRA:   9.1 LU  FTPK:  -inf  -inf dBFS  TPK: -15.2 -16.2 dBFS
[Parsed_ebur128_0 @ 0x148e05970] t: 113.099979 TARGET:-23 LUFS    M:   nan S: -37.3     I: -32.9 LUFS       LRA:   9.1 LU  FTPK:  -inf  -inf dBFS  TPK: -15.2 -16.2 dBFS
[Parsed_ebur128_0 @ 0x148e05970] t: 113.199979 TARGET:-23 LUFS    M:   nan S: -37.3     I: -32.9 LUFS       LRA:   8.9 LU  FTPK:  -inf  -inf dBFS  TPK: -15.2 -16.2 dBFS
[Parsed_ebur128_0 @ 0x148e05970] t: 113.299979 TARGET:-23 LUFS    M:   nan S: -37.3     I: -32.9 LUFS       LRA:   8.9 LU  FTPK:  -inf  -inf dBFS  TPK: -15.2 -16.2 dBFS
[Parsed_ebur128_0 @ 0x148e05970] t: 113.399979 TARGET:-23 LUFS    M:   nan S: -37.8     I: -32.9 LUFS       LRA:   8.9 LU  FTPK:  -inf  -inf dBFS  TPK: -15.2 -16.2 dBFS
[Parsed_ebur128_0 @ 0x148e05970] t: 113.499979 TARGET:-23 LUFS    M:   nan S: -40.4     I: -32.9 LUFS       LRA:   8.9 LU  FTPK:  -inf  -inf dBFS  TPK: -15.2 -16.2 dBFS
[Parsed_ebur128_0 @ 0x148e05970] t: 113.599979 TARGET:-23 LUFS    M:   nan S: -46.3     I: -32.9 LUFS       LRA:   9.1 LU  FTPK:  -inf  -inf dBFS  TPK: -15.2 -16.2 dBFS
[Parsed_ebur128_0 @ 0x148e05970] t: 113.699979 TARGET:-23 LUFS    M:   nan S:   nan     I: -32.9 LUFS       LRA:   9.1 LU  FTPK:  -inf  -inf dBFS  TPK: -15.2 -16.2 dBFS
[Parsed_ebur128_0 @ 0x148e05970] t: 113.799979 TARGET:-23 LUFS    M:   nan S:   nan     I: -32.9 LUFS       LRA:   9.1 LU  FTPK:  -inf  -inf dBFS  TPK: -15.2 -16.2 dBFS
[Parsed_ebur128_0 @ 0x148e05970] t: 113.899979 TARGET:-23 LUFS    M:   nan S:   nan     I: -32.9 LUFS       LRA:   9.1 LU  FTPK:  -inf  -inf dBFS  TPK: -15.2 -16.2 dBFS
[Parsed_ebur128_0 @ 0x148e05970] t: 113.999979 TARGET:-23 LUFS    M:   nan S:   nan     I: -32.9 LUFS       LRA:   9.1 LU  FTPK:  -inf  -inf dBFS  TPK: -15.2 -16.2 dBFS
[Parsed_ebur128_0 @ 0x148e05970] t: 114.099979 TARGET:-23 LUFS    M:   nan S:   nan     I: -32.9 LUFS       LRA:   9.1 LU  FTPK:  -inf  -inf dBFS  TPK: -15.2 -16.2 dBFS
[Parsed_ebur128_0 @ 0x148e05970] t: 114.199979 TARGET:-23 LUFS    M:   nan S:   nan     I: -32.9 LUFS       LRA:   9.1 LU  FTPK:  -inf  -inf dBFS  TPK: -15.2 -16.2 dBFS
[Parsed_ebur128_0 @ 0x148e05970] t: 114.299979 TARGET:-23 LUFS    M:   nan S:   nan     I: -32.9 LUFS       LRA:   9.1 LU  FTPK:  -inf  -inf dBFS  TPK: -15.2 -16.2 dBFS
[Parsed_ebur128_0 @ 0x148e05970] t: 114.399979 TARGET:-23 LUFS    M:   nan S:   nan     I: -32.9 LUFS       LRA:   9.1 LU  FTPK:  -inf  -inf dBFS  TPK: -15.2 -16.2 dBFS
[Parsed_ebur128_0 @ 0x148e05970] t: 114.499979 TARGET:-23 LUFS    M:   nan S:   nan     I: -32.9 LUFS       LRA:   9.1 LU  FTPK:  -inf  -inf dBFS  TPK: -15.2 -16.2 dBFS
[Parsed_ebur128_0 @ 0x148e05970] t: 114.599979 TARGET:-23 LUFS    M:   nan S:   nan     I: -32.9 LUFS       LRA:   9.1 LU  FTPK:  -inf  -inf dBFS  TPK: -15.2 -16.2 dBFS
[Parsed_ebur128_0 @ 0x148e05970] t: 114.699979 TARGET:-23 LUFS    M:   nan S:   nan     I: -32.9 LUFS       LRA:   9.1 LU  FTPK:  -inf  -inf dBFS  TPK: -15.2 -16.2 dBFS
[Parsed_ebur128_0 @ 0x148e05970] t: 114.799979 TARGET:-23 LUFS    M:   nan S:   nan     I: -32.9 LUFS       LRA:   9.1 LU  FTPK:  -inf  -inf dBFS  TPK: -15.2 -16.2 dBFS
[Parsed_ebur128_0 @ 0x148e05970] t: 114.899979 TARGET:-23 LUFS    M:   nan S:   nan     I: -32.9 LUFS       LRA:   9.1 LU  FTPK:  -inf  -inf dBFS  TPK: -15.2 -16.2 dBFS
[Parsed_ebur128_0 @ 0x148e05970] t: 114.999979 TARGET:-23 LUFS    M:   nan S:   nan     I: -32.9 LUFS       LRA:   9.1 LU  FTPK:  -inf  -inf dBFS  TPK: -15.2 -16.2 dBFS
[Parsed_ebur128_0 @ 0x148e05970] t: 115.099979 TARGET:-23 LUFS    M:   nan S:   nan     I: -32.9 LUFS       LRA:   9.1 LU  FTPK:  -inf  -inf dBFS  TPK: -15.2 -16.2 dBFS
[Parsed_ebur128_0 @ 0x148e05970] t: 115.199979 TARGET:-23 LUFS    M:   nan S:   nan     I: -32.9 LUFS       LRA:   9.1 LU  FTPK:  -inf  -inf dBFS  TPK: -15.2 -16.2 dBFS
[Parsed_ebur128_0 @ 0x148e05970] t: 115.299979 TARGET:-23 LUFS    M:   nan S:   nan     I: -32.9 LUFS       LRA:   9.1 LU  FTPK:  -inf  -inf dBFS  TPK: -15.2 -16.2 dBFS
[Parsed_ebur128_0 @ 0x148e05970] t: 115.399979 TARGET:-23 LUFS    M:   nan S:   nan     I: -32.9 LUFS       LRA:   9.1 LU  FTPK:  -inf  -inf dBFS  TPK: -15.2 -16.2 dBFS
[Parsed_ebur128_0 @ 0x148e05970] t: 115.499979 TARGET:-23 LUFS    M:   nan S:   nan     I: -32.9 LUFS       LRA:   9.1 LU  FTPK:  -inf  -inf dBFS  TPK: -15.2 -16.2 dBFS
[Parsed_ebur128_0 @ 0x148e05970] t: 115.599979 TARGET:-23 LUFS    M:   nan S:   nan     I: -32.9 LUFS       LRA:   9.1 LU  FTPK:  -inf  -inf dBFS  TPK: -15.2 -16.2 dBFS
[Parsed_ebur128_0 @ 0x148e05970] t: 115.699979 TARGET:-23 LUFS    M:   nan S:   nan     I: -32.9 LUFS       LRA:   9.1 LU  FTPK:  -inf  -inf dBFS  TPK: -15.2 -16.2 dBFS
[Parsed_ebur128_0 @ 0x148e05970] t: 115.799979 TARGET:-23 LUFS    M:   nan S:   nan     I: -32.9 LUFS       LRA:   9.1 LU  FTPK:  -inf  -inf dBFS  TPK: -15.2 -16.2 dBFS
[Parsed_ebur128_0 @ 0x148e05970] t: 115.899979 TARGET:-23 LUFS    M:   nan S:   nan     I: -32.9 LUFS       LRA:   9.1 LU  FTPK:  -inf  -inf dBFS  TPK: -15.2 -16.2 dBFS
[Parsed_ebur128_0 @ 0x148e05970] t: 115.999979 TARGET:-23 LUFS    M: -32.1 S: -40.9     I: -32.9 LUFS       LRA:   9.1 LU  FTPK: -16.3 -17.3 dBFS  TPK: -15.2 -16.2 dBFS
[Parsed_ebur128_0 @ 0x148e05970] t: 116.099979 TARGET:-23 LUFS    M: -31.8 S: -40.5     I: -32.9 LUFS       LRA:   9.1 LU  FTPK: -24.3 -25.3 dBFS  TPK: -15.2 -16.2 dBFS
[Parsed_ebur128_0 @ 0x148e05970] t: 116.199979 TARGET:-23 LUFS    M: -31.8 S: -40.5     I: -32.8 LUFS       LRA:   9.1 LU  FTPK:  -inf  -inf dBFS  TPK: -15.2 -16.2 dBFS
[Parsed_ebur128_0 @ 0x148e05970] t: 116.299979 TARGET:-23 LUFS    M: -31.8 S: -40.5     I: -32.8 LUFS       LRA:   9.1 LU  FTPK:  -inf  -inf dBFS  TPK: -15.2 -16.2 dBFS
[Parsed_ebur128_0 @ 0x148e05970] t: 116.399979 TARGET:-23 LUFS    M: -43.2 S: -40.5     I: -32.9 LUFS       LRA:   9.1 LU  FTPK:  -inf  -inf dBFS  TPK: -15.2 -16.2 dBFS
[Parsed_ebur128_0 @ 0x148e05970] t: 116.499979 TARGET:-23 LUFS    M:   nan S: -40.5     I: -32.9 LUFS       LRA:   8.9 LU  FTPK:  -inf  -inf dBFS  TPK: -15.2 -16.2 dBFS
[Parsed_ebur128_0 @ 0x148e05970] t: 116.599979 TARGET:-23 LUFS    M:   nan S: -40.5     I: -32.9 LUFS       LRA:   8.9 LU  FTPK:  -inf  -inf dBFS  TPK: -15.2 -16.2 dBFS
[Parsed_ebur128_0 @ 0x148e05970] t: 116.699979 TARGET:-23 LUFS    M:   nan S: -40.5     I: -32.9 LUFS       LRA:   8.9 LU  FTPK:  -inf  -inf dBFS  TPK: -15.2 -16.2 dBFS
[Parsed_ebur128_0 @ 0x148e05970] t: 116.799979 TARGET:-23 LUFS    M:   nan S: -40.5     I: -32.9 LUFS       LRA:   8.9 LU  FTPK:  -inf  -inf dBFS  TPK: -15.2 -16.2 dBFS
[Parsed_ebur128_0 @ 0x148e05970] t: 116.899979 TARGET:-23 LUFS    M:   nan S: -40.5     I: -32.9 LUFS       LRA:   8.9 LU  FTPK:  -inf  -inf dBFS  TPK: -15.2 -16.2 dBFS
[Parsed_ebur128_0 @ 0x148e05970] t: 116.999979 TARGET:-23 LUFS    M:   nan S: -40.5     I: -32.9 LUFS       LRA:   8.9 LU  FTPK:  -inf  -inf dBFS  TPK: -15.2 -16.2 dBFS
[Parsed_ebur128_0 @ 0x148e05970] t: 117.099979 TARGET:-23 LUFS    M:   nan S: -40.5     I: -32.9 LUFS       LRA:   8.9 LU  FTPK:  -inf  -inf dBFS  TPK: -15.2 -16.2 dBFS
[Parsed_ebur128_0 @ 0x148e05970] t: 117.199979 TARGET:-23 LUFS    M:   nan S: -40.5     I: -32.9 LUFS       LRA:   8.9 LU  FTPK:  -inf  -inf dBFS  TPK: -15.2 -16.2 dBFS
[Parsed_ebur128_0 @ 0x148e05970] t: 117.299979 TARGET:-23 LUFS    M:   nan S: -40.5     I: -32.9 LUFS       LRA:   8.9 LU  FTPK:  -inf  -inf dBFS  TPK: -15.2 -16.2 dBFS
[Parsed_ebur128_0 @ 0x148e05970] t: 117.399979 TARGET:-23 LUFS    M:   nan S: -40.5     I: -32.9 LUFS       LRA:   8.9 LU  FTPK:  -inf  -inf dBFS  TPK: -15.2 -16.2 dBFS
[Parsed_ebur128_0 @ 0x148e05970] t: 117.499979 TARGET:-23 LUFS    M:   nan S: -40.5     I: -32.9 LUFS       LRA:   8.8 LU  FTPK:  -inf  -inf dBFS  TPK: -15.2 -16.2 dBFS
[Parsed_ebur128_0 @ 0x148e05970] t: 117.599979 TARGET:-23 LUFS    M:   nan S: -40.5     I: -32.9 LUFS       LRA:   8.8 LU  FTPK:  -inf  -inf dBFS  TPK: -15.2 -16.2 dBFS
[Parsed_ebur128_0 @ 0x148e05970] t: 117.699979 TARGET:-23 LUFS    M:   nan S: -40.5     I: -32.9 LUFS       LRA:   8.8 LU  FTPK:  -inf  -inf dBFS  TPK: -15.2 -16.2 dBFS
[Parsed_ebur128_0 @ 0x148e05970] t: 117.799979 TARGET:-23 LUFS    M:   nan S: -40.5     I: -32.9 LUFS       LRA:   8.8 LU  FTPK:  -inf  -inf dBFS  TPK: -15.2 -16.2 dBFS
[Parsed_ebur128_0 @ 0x148e05970] t: 117.899979 TARGET:-23 LUFS    M:   nan S: -40.5     I: -32.9 LUFS       LRA:   8.8 LU  FTPK:  -inf  -inf dBFS  TPK: -15.2 -16.2 dBFS
[Parsed_ebur128_0 @ 0x148e05970] t: 117.999979 TARGET:-23 LUFS    M:   nan S: -40.5     I: -32.9 LUFS       LRA:   8.8 LU  FTPK:  -inf  -inf dBFS  TPK: -15.2 -16.2 dBFS
[Parsed_ebur128_0 @ 0x148e05970] t: 118.099979 TARGET:-23 LUFS    M:   nan S: -40.5     I: -32.9 LUFS       LRA:   8.8 LU  FTPK:  -inf  -inf dBFS  TPK: -15.2 -16.2 dBFS
[Parsed_ebur128_0 @ 0x148e05970] t: 118.199979 TARGET:-23 LUFS    M:   nan S: -40.5     I: -32.9 LUFS       LRA:   8.8 LU  FTPK:  -inf  -inf dBFS  TPK: -15.2 -16.2 dBFS
[Parsed_ebur128_0 @ 0x148e05970] t: 118.299979 TARGET:-23 LUFS    M:   nan S: -40.5     I: -32.9 LUFS       LRA:   8.8 LU  FTPK:  -inf  -inf dBFS  TPK: -15.2 -16.2 dBFS
[Parsed_ebur128_0 @ 0x148e05970] t: 118.399979 TARGET:-23 LUFS    M:   nan S: -40.5     I: -32.9 LUFS       LRA:   8.8 LU  FTPK:  -inf  -inf dBFS  TPK: -15.2 -16.2 dBFS
[Parsed_ebur128_0 @ 0x148e05970] t: 118.499979 TARGET:-23 LUFS    M:   nan S: -40.5     I: -32.9 LUFS       LRA:   8.3 LU  FTPK:  -inf  -inf dBFS  TPK: -15.2 -16.2 dBFS
[Parsed_ebur128_0 @ 0x148e05970] t: 118.599979 TARGET:-23 LUFS    M:   nan S: -40.5     I: -32.9 LUFS       LRA:   8.3 LU  FTPK:  -inf  -inf dBFS  TPK: -15.2 -16.2 dBFS
[Parsed_ebur128_0 @ 0x148e05970] t: 118.699979 TARGET:-23 LUFS    M:   nan S: -40.5     I: -32.9 LUFS       LRA:   8.3 LU  FTPK:  -inf  -inf dBFS  TPK: -15.2 -16.2 dBFS
[Parsed_ebur128_0 @ 0x148e05970] t: 118.799979 TARGET:-23 LUFS    M:   nan S: -40.5     I: -32.9 LUFS       LRA:   8.3 LU  FTPK:  -inf  -inf dBFS  TPK: -15.2 -16.2 dBFS
[Parsed_ebur128_0 @ 0x148e05970] t: 118.899979 TARGET:-23 LUFS    M:   nan S: -40.5     I: -32.9 LUFS       LRA:   8.3 LU  FTPK:  -inf  -inf dBFS  TPK: -15.2 -16.2 dBFS
[Parsed_ebur128_0 @ 0x148e05970] t: 118.999979 TARGET:-23 LUFS    M:   nan S: -51.9     I: -32.9 LUFS       LRA:   8.8 LU  FTPK:  -inf  -inf dBFS  TPK: -15.2 -16.2 dBFS
[Parsed_ebur128_0 @ 0x148e05970] t: 119.099979 TARGET:-23 LUFS    M:   nan S:   nan     I: -32.9 LUFS       LRA:   8.8 LU  FTPK:  -inf  -inf dBFS  TPK: -15.2 -16.2 dBFS
[Parsed_ebur128_0 @ 0x148e05970] t: 119.199979 TARGET:-23 LUFS    M:   nan S:   nan     I: -32.9 LUFS       LRA:   8.8 LU  FTPK:  -inf  -inf dBFS  TPK: -15.2 -16.2 dBFS
[Parsed_ebur128_0 @ 0x148e05970] t: 119.299979 TARGET:-23 LUFS    M:   nan S:   nan     I: -32.9 LUFS       LRA:   8.8 LU  FTPK:  -inf  -inf dBFS  TPK: -15.2 -16.2 dBFS
[Parsed_ebur128_0 @ 0x148e05970] t: 119.399979 TARGET:-23 LUFS    M:   nan S:   nan     I: -32.9 LUFS       LRA:   8.8 LU  FTPK:  -inf  -inf dBFS  TPK: -15.2 -16.2 dBFS
[Parsed_ebur128_0 @ 0x148e05970] t: 119.499979 TARGET:-23 LUFS    M:   nan S:   nan     I: -32.9 LUFS       LRA:   8.8 LU  FTPK:  -inf  -inf dBFS  TPK: -15.2 -16.2 dBFS
[Parsed_ebur128_0 @ 0x148e05970] t: 119.599979 TARGET:-23 LUFS    M:   nan S:   nan     I: -32.9 LUFS       LRA:   8.8 LU  FTPK:  -inf  -inf dBFS  TPK: -15.2 -16.2 dBFS
[Parsed_ebur128_0 @ 0x148e05970] t: 119.699979 TARGET:-23 LUFS    M:   nan S:   nan     I: -32.9 LUFS       LRA:   8.8 LU  FTPK:  -inf  -inf dBFS  TPK: -15.2 -16.2 dBFS
[Parsed_ebur128_0 @ 0x148e05970] t: 119.799979 TARGET:-23 LUFS    M:   nan S:   nan     I: -32.9 LUFS       LRA:   8.8 LU  FTPK:  -inf  -inf dBFS  TPK: -15.2 -16.2 dBFS
[Parsed_ebur128_0 @ 0x148e05970] t: 119.899979 TARGET:-23 LUFS    M:   nan S:   nan     I: -32.9 LUFS       LRA:   8.8 LU  FTPK:  -inf  -inf dBFS  TPK: -15.2 -16.2 dBFS
[Parsed_ebur128_0 @ 0x148e05970] t: 119.999979 TARGET:-23 LUFS    M:   nan S:   nan     I: -32.9 LUFS       LRA:   8.8 LU  FTPK:  -inf  -inf dBFS  TPK: -15.2 -16.2 dBFS
[Parsed_ebur128_0 @ 0x148e05970] t: 120.099979 TARGET:-23 LUFS    M:   nan S:   nan     I: -32.9 LUFS       LRA:   8.8 LU  FTPK:  -inf  -inf dBFS  TPK: -15.2 -16.2 dBFS
[Parsed_ebur128_0 @ 0x148e05970] t: 120.199979 TARGET:-23 LUFS    M:   nan S:   nan     I: -32.9 LUFS       LRA:   8.8 LU  FTPK:  -inf  -inf dBFS  TPK: -15.2 -16.2 dBFS
[Parsed_ebur128_0 @ 0x148e05970] t: 120.299979 TARGET:-23 LUFS    M:   nan S:   nan     I: -32.9 LUFS       LRA:   8.8 LU  FTPK:  -inf  -inf dBFS  TPK: -15.2 -16.2 dBFS
[Parsed_ebur128_0 @ 0x148e05970] t: 120.399979 TARGET:-23 LUFS    M:   nan S:   nan     I: -32.9 LUFS       LRA:   8.8 LU  FTPK:  -inf  -inf dBFS  TPK: -15.2 -16.2 dBFS
[Parsed_ebur128_0 @ 0x148e05970] t: 120.499979 TARGET:-23 LUFS    M:   nan S:   nan     I: -32.9 LUFS       LRA:   8.8 LU  FTPK:  -inf  -inf dBFS  TPK: -15.2 -16.2 dBFS
[Parsed_ebur128_0 @ 0x148e05970] t: 120.599979 TARGET:-23 LUFS    M:   nan S:   nan     I: -32.9 LUFS       LRA:   8.8 LU  FTPK:  -inf  -inf dBFS  TPK: -15.2 -16.2 dBFS
[Parsed_ebur128_0 @ 0x148e05970] t: 120.699979 TARGET:-23 LUFS    M:   nan S:   nan     I: -32.9 LUFS       LRA:   8.8 LU  FTPK:  -inf  -inf dBFS  TPK: -15.2 -16.2 dBFS
[Parsed_ebur128_0 @ 0x148e05970] t: 120.799979 TARGET:-23 LUFS    M:   nan S:   nan     I: -32.9 LUFS       LRA:   8.8 LU  FTPK:  -inf  -inf dBFS  TPK: -15.2 -16.2 dBFS
[Parsed_ebur128_0 @ 0x148e05970] t: 120.899979 TARGET:-23 LUFS    M:   nan S:   nan     I: -32.9 LUFS       LRA:   8.8 LU  FTPK:  -inf  -inf dBFS  TPK: -15.2 -16.2 dBFS
[Parsed_ebur128_0 @ 0x148e05970] t: 120.999979 TARGET:-23 LUFS    M:   nan S:   nan     I: -32.9 LUFS       LRA:   8.8 LU  FTPK:  -inf  -inf dBFS  TPK: -15.2 -16.2 dBFS
[Parsed_ebur128_0 @ 0x148e05970] t: 121.099979 TARGET:-23 LUFS    M:   nan S:   nan     I: -32.9 LUFS       LRA:   8.8 LU  FTPK:  -inf  -inf dBFS  TPK: -15.2 -16.2 dBFS
[Parsed_ebur128_0 @ 0x148e05970] t: 121.199979 TARGET:-23 LUFS    M:   nan S:   nan     I: -32.9 LUFS       LRA:   8.8 LU  FTPK:  -inf  -inf dBFS  TPK: -15.2 -16.2 dBFS
[Parsed_ebur128_0 @ 0x148e05970] t: 121.299979 TARGET:-23 LUFS    M: -35.1 S: -43.9     I: -32.9 LUFS       LRA:   8.8 LU  FTPK: -16.9 -16.9 dBFS  TPK: -15.2 -16.2 dBFS
[Parsed_ebur128_0 @ 0x148e05970] t: 121.399979 TARGET:-23 LUFS    M: -34.1 S: -42.9     I: -32.9 LUFS       LRA:   8.8 LU  FTPK: -23.6 -23.6 dBFS  TPK: -15.2 -16.2 dBFS
[Parsed_ebur128_0 @ 0x148e05970] t: 121.499979 TARGET:-23 LUFS    M: -34.1 S: -42.9     I: -32.9 LUFS       LRA:   8.8 LU  FTPK: -46.9 -46.9 dBFS  TPK: -15.2 -16.2 dBFS
[Parsed_ebur128_0 @ 0x148e05970] t: 121.599979 TARGET:-23 LUFS    M: -34.1 S: -42.9     I: -32.9 LUFS       LRA:   8.8 LU  FTPK:  -inf  -inf dBFS  TPK: -15.2 -16.2 dBFS
[Parsed_ebur128_0 @ 0x148e05970] t: 121.699979 TARGET:-23 LUFS    M: -41.0 S: -42.9     I: -32.9 LUFS       LRA:   8.3 LU  FTPK:  -inf  -inf dBFS  TPK: -15.2 -16.2 dBFS
[Parsed_ebur128_0 @ 0x148e05970] t: 121.799979 TARGET:-23 LUFS    M: -64.7 S: -42.9     I: -32.9 LUFS       LRA:   8.3 LU  FTPK:  -inf  -inf dBFS  TPK: -15.2 -16.2 dBFS
[Parsed_ebur128_0 @ 0x148e05970] t: 121.899979 TARGET:-23 LUFS    M:   nan S: -42.9     I: -32.9 LUFS       LRA:   8.3 LU  FTPK:  -inf  -inf dBFS  TPK: -15.2 -16.2 dBFS
[Parsed_ebur128_0 @ 0x148e05970] t: 121.999979 TARGET:-23 LUFS    M:   nan S: -42.9     I: -32.9 LUFS       LRA:   8.3 LU  FTPK:  -inf  -inf dBFS  TPK: -15.2 -16.2 dBFS
[Parsed_ebur128_0 @ 0x148e05970] t: 122.099979 TARGET:-23 LUFS    M:   nan S: -42.9     I: -32.9 LUFS       LRA:   8.3 LU  FTPK:  -inf  -inf dBFS  TPK: -15.2 -16.2 dBFS
[Parsed_ebur128_0 @ 0x148e05970] t: 122.199979 TARGET:-23 LUFS    M:   nan S: -42.9     I: -32.9 LUFS       LRA:   8.3 LU  FTPK:  -inf  -inf dBFS  TPK: -15.2 -16.2 dBFS
[Parsed_ebur128_0 @ 0x148e05970] t: 122.299979 TARGET:-23 LUFS    M:   nan S: -42.9     I: -32.9 LUFS       LRA:   8.3 LU  FTPK:  -inf  -inf dBFS  TPK: -15.2 -16.2 dBFS
[Parsed_ebur128_0 @ 0x148e05970] t: 122.399979 TARGET:-23 LUFS    M:   nan S: -42.9     I: -32.9 LUFS       LRA:   8.3 LU  FTPK:  -inf  -inf dBFS  TPK: -15.2 -16.2 dBFS
[Parsed_ebur128_0 @ 0x148e05970] t: 122.499979 TARGET:-23 LUFS    M:   nan S: -42.9     I: -32.9 LUFS       LRA:   8.3 LU  FTPK:  -inf  -inf dBFS  TPK: -15.2 -16.2 dBFS
[Parsed_ebur128_0 @ 0x148e05970] t: 122.599979 TARGET:-23 LUFS    M:   nan S: -42.9     I: -32.9 LUFS       LRA:   8.3 LU  FTPK:  -inf  -inf dBFS  TPK: -15.2 -16.2 dBFS
[Parsed_ebur128_0 @ 0x148e05970] t: 122.699979 TARGET:-23 LUFS    M:   nan S: -42.9     I: -32.9 LUFS       LRA:   8.3 LU  FTPK:  -inf  -inf dBFS  TPK: -15.2 -16.2 dBFS
[Parsed_ebur128_0 @ 0x148e05970] t: 122.799979 TARGET:-23 LUFS    M:   nan S: -42.9     I: -32.9 LUFS       LRA:   8.3 LU  FTPK:  -inf  -inf dBFS  TPK: -15.2 -16.2 dBFS
[Parsed_ebur128_0 @ 0x148e05970] t: 122.899979 TARGET:-23 LUFS    M:   nan S: -42.9     I: -32.9 LUFS       LRA:   8.3 LU  FTPK:  -inf  -inf dBFS  TPK: -15.2 -16.2 dBFS
[Parsed_ebur128_0 @ 0x148e05970] t: 122.999979 TARGET:-23 LUFS    M:   nan S: -42.9     I: -32.9 LUFS       LRA:   8.3 LU  FTPK:  -inf  -inf dBFS  TPK: -15.2 -16.2 dBFS
[Parsed_ebur128_0 @ 0x148e05970] t: 123.099979 TARGET:-23 LUFS    M:   nan S: -42.9     I: -32.9 LUFS       LRA:   8.3 LU  FTPK:  -inf  -inf dBFS  TPK: -15.2 -16.2 dBFS
[Parsed_ebur128_0 @ 0x148e05970] t: 123.199979 TARGET:-23 LUFS    M:   nan S: -42.9     I: -32.9 LUFS       LRA:   8.3 LU  FTPK:  -inf  -inf dBFS  TPK: -15.2 -16.2 dBFS
[Parsed_ebur128_0 @ 0x148e05970] t: 123.299979 TARGET:-23 LUFS    M:   nan S: -42.9     I: -32.9 LUFS       LRA:   8.3 LU  FTPK:  -inf  -inf dBFS  TPK: -15.2 -16.2 dBFS
[Parsed_ebur128_0 @ 0x148e05970] t: 123.399979 TARGET:-23 LUFS    M:   nan S: -42.9     I: -32.9 LUFS       LRA:   8.3 LU  FTPK:  -inf  -inf dBFS  TPK: -15.2 -16.2 dBFS
[Parsed_ebur128_0 @ 0x148e05970] t: 123.499979 TARGET:-23 LUFS    M:   nan S: -42.9     I: -32.9 LUFS       LRA:   8.3 LU  FTPK:  -inf  -inf dBFS  TPK: -15.2 -16.2 dBFS
[Parsed_ebur128_0 @ 0x148e05970] t: 123.599979 TARGET:-23 LUFS    M:   nan S: -42.9     I: -32.9 LUFS       LRA:   8.3 LU  FTPK:  -inf  -inf dBFS  TPK: -15.2 -16.2 dBFS
[Parsed_ebur128_0 @ 0x148e05970] t: 123.699979 TARGET:-23 LUFS    M:   nan S: -42.9     I: -32.9 LUFS       LRA:   8.3 LU  FTPK:  -inf  -inf dBFS  TPK: -15.2 -16.2 dBFS
[Parsed_ebur128_0 @ 0x148e05970] t: 123.799979 TARGET:-23 LUFS    M:   nan S: -42.9     I: -32.9 LUFS       LRA:   8.3 LU  FTPK:  -inf  -inf dBFS  TPK: -15.2 -16.2 dBFS
[Parsed_ebur128_0 @ 0x148e05970] t: 123.899979 TARGET:-23 LUFS    M:   nan S: -42.9     I: -32.9 LUFS       LRA:   8.3 LU  FTPK:  -inf  -inf dBFS  TPK: -15.2 -16.2 dBFS
[Parsed_ebur128_0 @ 0x148e05970] t: 123.999979 TARGET:-23 LUFS    M:   nan S: -42.9     I: -32.9 LUFS       LRA:   8.3 LU  FTPK:  -inf  -inf dBFS  TPK: -15.2 -16.2 dBFS
[Parsed_ebur128_0 @ 0x148e05970] t: 124.099979 TARGET:-23 LUFS    M:   nan S: -42.9     I: -32.9 LUFS       LRA:   8.3 LU  FTPK:  -inf  -inf dBFS  TPK: -15.2 -16.2 dBFS
[Parsed_ebur128_0 @ 0x148e05970] t: 124.199979 TARGET:-23 LUFS    M:   nan S: -42.9     I: -32.9 LUFS       LRA:   8.3 LU  FTPK:  -inf  -inf dBFS  TPK: -15.2 -16.2 dBFS
[Parsed_ebur128_0 @ 0x148e05970] t: 124.299979 TARGET:-23 LUFS    M:   nan S: -49.7     I: -32.9 LUFS       LRA:   8.3 LU  FTPK:  -inf  -inf dBFS  TPK: -15.2 -16.2 dBFS
[Parsed_ebur128_0 @ 0x148e05970] t: 124.399979 TARGET:-23 LUFS    M:   nan S: -73.5     I: -32.9 LUFS       LRA:   8.3 LU  FTPK:  -inf  -inf dBFS  TPK: -15.2 -16.2 dBFS
[Parsed_ebur128_0 @ 0x148e05970] t: 124.499979 TARGET:-23 LUFS    M:   nan S:   nan     I: -32.9 LUFS       LRA:   8.3 LU  FTPK:  -inf  -inf dBFS  TPK: -15.2 -16.2 dBFS
[Parsed_ebur128_0 @ 0x148e05970] t: 124.599979 TARGET:-23 LUFS    M:   nan S:   nan     I: -32.9 LUFS       LRA:   8.3 LU  FTPK:  -inf  -inf dBFS  TPK: -15.2 -16.2 dBFS
[Parsed_ebur128_0 @ 0x148e05970] t: 124.699979 TARGET:-23 LUFS    M:   nan S:   nan     I: -32.9 LUFS       LRA:   8.3 LU  FTPK:  -inf  -inf dBFS  TPK: -15.2 -16.2 dBFS
[Parsed_ebur128_0 @ 0x148e05970] t: 124.799979 TARGET:-23 LUFS    M:   nan S:   nan     I: -32.9 LUFS       LRA:   8.3 LU  FTPK:  -inf  -inf dBFS  TPK: -15.2 -16.2 dBFS
[Parsed_ebur128_0 @ 0x148e05970] t: 124.899979 TARGET:-23 LUFS    M:   nan S:   nan     I: -32.9 LUFS       LRA:   8.3 LU  FTPK:  -inf  -inf dBFS  TPK: -15.2 -16.2 dBFS
[Parsed_ebur128_0 @ 0x148e05970] t: 124.999979 TARGET:-23 LUFS    M:   nan S:   nan     I: -32.9 LUFS       LRA:   8.3 LU  FTPK:  -inf  -inf dBFS  TPK: -15.2 -16.2 dBFS
[Parsed_ebur128_0 @ 0x148e05970] t: 125.099979 TARGET:-23 LUFS    M:   nan S:   nan     I: -32.9 LUFS       LRA:   8.3 LU  FTPK:  -inf  -inf dBFS  TPK: -15.2 -16.2 dBFS
[Parsed_ebur128_0 @ 0x148e05970] t: 125.199979 TARGET:-23 LUFS    M:   nan S:   nan     I: -32.9 LUFS       LRA:   8.3 LU  FTPK:  -inf  -inf dBFS  TPK: -15.2 -16.2 dBFS
[Parsed_ebur128_0 @ 0x148e05970] t: 125.299979 TARGET:-23 LUFS    M:   nan S:   nan     I: -32.9 LUFS       LRA:   8.3 LU  FTPK:  -inf  -inf dBFS  TPK: -15.2 -16.2 dBFS
[Parsed_ebur128_0 @ 0x148e05970] t: 125.399979 TARGET:-23 LUFS    M:   nan S:   nan     I: -32.9 LUFS       LRA:   8.3 LU  FTPK:  -inf  -inf dBFS  TPK: -15.2 -16.2 dBFS
[Parsed_ebur128_0 @ 0x148e05970] t: 125.499979 TARGET:-23 LUFS    M:   nan S:   nan     I: -32.9 LUFS       LRA:   8.3 LU  FTPK:  -inf  -inf dBFS  TPK: -15.2 -16.2 dBFS
[Parsed_ebur128_0 @ 0x148e05970] t: 125.599979 TARGET:-23 LUFS    M:   nan S:   nan     I: -32.9 LUFS       LRA:   8.3 LU  FTPK:  -inf  -inf dBFS  TPK: -15.2 -16.2 dBFS
[Parsed_ebur128_0 @ 0x148e05970] t: 125.699979 TARGET:-23 LUFS    M:   nan S:   nan     I: -32.9 LUFS       LRA:   8.3 LU  FTPK:  -inf  -inf dBFS  TPK: -15.2 -16.2 dBFS
[Parsed_ebur128_0 @ 0x148e05970] t: 125.799979 TARGET:-23 LUFS    M:   nan S:   nan     I: -32.9 LUFS       LRA:   8.3 LU  FTPK:  -inf  -inf dBFS  TPK: -15.2 -16.2 dBFS
[Parsed_ebur128_0 @ 0x148e05970] t: 125.899979 TARGET:-23 LUFS    M:   nan S:   nan     I: -32.9 LUFS       LRA:   8.3 LU  FTPK:  -inf  -inf dBFS  TPK: -15.2 -16.2 dBFS
[Parsed_ebur128_0 @ 0x148e05970] t: 125.999979 TARGET:-23 LUFS    M:   nan S:   nan     I: -32.9 LUFS       LRA:   8.3 LU  FTPK:  -inf  -inf dBFS  TPK: -15.2 -16.2 dBFS
[Parsed_ebur128_0 @ 0x148e05970] t: 126.099979 TARGET:-23 LUFS    M:   nan S:   nan     I: -32.9 LUFS       LRA:   8.3 LU  FTPK:  -inf  -inf dBFS  TPK: -15.2 -16.2 dBFS
[Parsed_ebur128_0 @ 0x148e05970] t: 126.199979 TARGET:-23 LUFS    M:   nan S:   nan     I: -32.9 LUFS       LRA:   8.3 LU  FTPK:  -inf  -inf dBFS  TPK: -15.2 -16.2 dBFS
[Parsed_ebur128_0 @ 0x148e05970] t: 126.299979 TARGET:-23 LUFS    M:   nan S:   nan     I: -32.9 LUFS       LRA:   8.3 LU  FTPK:  -inf  -inf dBFS  TPK: -15.2 -16.2 dBFS
[Parsed_ebur128_0 @ 0x148e05970] t: 126.399979 TARGET:-23 LUFS    M:   nan S:   nan     I: -32.9 LUFS       LRA:   8.3 LU  FTPK:  -inf  -inf dBFS  TPK: -15.2 -16.2 dBFS
[Parsed_ebur128_0 @ 0x148e05970] t: 126.499979 TARGET:-23 LUFS    M:   nan S:   nan     I: -32.9 LUFS       LRA:   8.3 LU  FTPK:  -inf  -inf dBFS  TPK: -15.2 -16.2 dBFS
[Parsed_ebur128_0 @ 0x148e05970] t: 126.599979 TARGET:-23 LUFS    M:   nan S:   nan     I: -32.9 LUFS       LRA:   8.3 LU  FTPK:  -inf  -inf dBFS  TPK: -15.2 -16.2 dBFS
[Parsed_ebur128_0 @ 0x148e05970] t: 126.699979 TARGET:-23 LUFS    M:   nan S:   nan     I: -32.9 LUFS       LRA:   8.3 LU  FTPK:  -inf  -inf dBFS  TPK: -15.2 -16.2 dBFS
[Parsed_ebur128_0 @ 0x148e05970] t: 126.799979 TARGET:-23 LUFS    M:   nan S:   nan     I: -32.9 LUFS       LRA:   8.3 LU  FTPK:  -inf  -inf dBFS  TPK: -15.2 -16.2 dBFS
[Parsed_ebur128_0 @ 0x148e05970] t: 126.899979 TARGET:-23 LUFS    M:   nan S:   nan     I: -32.9 LUFS       LRA:   8.3 LU  FTPK:  -inf  -inf dBFS  TPK: -15.2 -16.2 dBFS
[Parsed_ebur128_0 @ 0x148e05970] t: 126.999979 TARGET:-23 LUFS    M:   nan S:   nan     I: -32.9 LUFS       LRA:   8.3 LU  FTPK:  -inf  -inf dBFS  TPK: -15.2 -16.2 dBFS
[Parsed_ebur128_0 @ 0x148e05970] t: 127.099979 TARGET:-23 LUFS    M:   nan S:   nan     I: -32.9 LUFS       LRA:   8.3 LU  FTPK:  -inf  -inf dBFS  TPK: -15.2 -16.2 dBFS
[Parsed_ebur128_0 @ 0x148e05970] t: 127.199979 TARGET:-23 LUFS    M:   nan S:   nan     I: -32.9 LUFS       LRA:   8.3 LU  FTPK:  -inf  -inf dBFS  TPK: -15.2 -16.2 dBFS
[Parsed_ebur128_0 @ 0x148e05970] t: 127.299979 TARGET:-23 LUFS    M:   nan S:   nan     I: -32.9 LUFS       LRA:   8.3 LU  FTPK:  -inf  -inf dBFS  TPK: -15.2 -16.2 dBFS
[Parsed_ebur128_0 @ 0x148e05970] t: 127.399979 TARGET:-23 LUFS    M:   nan S:   nan     I: -32.9 LUFS       LRA:   8.3 LU  FTPK:  -inf  -inf dBFS  TPK: -15.2 -16.2 dBFS
[Parsed_ebur128_0 @ 0x148e05970] t: 127.499979 TARGET:-23 LUFS    M:   nan S:   nan     I: -32.9 LUFS       LRA:   8.3 LU  FTPK:  -inf  -inf dBFS  TPK: -15.2 -16.2 dBFS
[Parsed_ebur128_0 @ 0x148e05970] t: 127.599979 TARGET:-23 LUFS    M:   nan S:   nan     I: -32.9 LUFS       LRA:   8.3 LU  FTPK:  -inf  -inf dBFS  TPK: -15.2 -16.2 dBFS
[Parsed_ebur128_0 @ 0x148e05970] t: 127.699979 TARGET:-23 LUFS    M:   nan S:   nan     I: -32.9 LUFS       LRA:   8.3 LU  FTPK:  -inf  -inf dBFS  TPK: -15.2 -16.2 dBFS
[Parsed_ebur128_0 @ 0x148e05970] t: 127.799979 TARGET:-23 LUFS    M:   nan S:   nan     I: -32.9 LUFS       LRA:   8.3 LU  FTPK:  -inf  -inf dBFS  TPK: -15.2 -16.2 dBFS
[Parsed_ebur128_0 @ 0x148e05970] t: 127.899979 TARGET:-23 LUFS    M:   nan S:   nan     I: -32.9 LUFS       LRA:   8.3 LU  FTPK:  -inf  -inf dBFS  TPK: -15.2 -16.2 dBFS
[Parsed_ebur128_0 @ 0x148e05970] t: 127.999979 TARGET:-23 LUFS    M:   nan S:   nan     I: -32.9 LUFS       LRA:   8.3 LU  FTPK:  -inf  -inf dBFS  TPK: -15.2 -16.2 dBFS
[Parsed_ebur128_0 @ 0x148e05970] t: 128.099979 TARGET:-23 LUFS    M:   nan S:   nan     I: -32.9 LUFS       LRA:   8.3 LU  FTPK:  -inf  -inf dBFS  TPK: -15.2 -16.2 dBFS
[Parsed_ebur128_0 @ 0x148e05970] t: 128.199979 TARGET:-23 LUFS    M:   nan S:   nan     I: -32.9 LUFS       LRA:   8.3 LU  FTPK:  -inf  -inf dBFS  TPK: -15.2 -16.2 dBFS
[Parsed_ebur128_0 @ 0x148e05970] t: 128.299979 TARGET:-23 LUFS    M:   nan S:   nan     I: -32.9 LUFS       LRA:   8.3 LU  FTPK:  -inf  -inf dBFS  TPK: -15.2 -16.2 dBFS
[Parsed_ebur128_0 @ 0x148e05970] t: 128.399979 TARGET:-23 LUFS    M:   nan S:   nan     I: -32.9 LUFS       LRA:   8.3 LU  FTPK:  -inf  -inf dBFS  TPK: -15.2 -16.2 dBFS
[Parsed_ebur128_0 @ 0x148e05970] t: 128.499979 TARGET:-23 LUFS    M:   nan S:   nan     I: -32.9 LUFS       LRA:   8.3 LU  FTPK:  -inf  -inf dBFS  TPK: -15.2 -16.2 dBFS
[Parsed_ebur128_0 @ 0x148e05970] t: 128.599979 TARGET:-23 LUFS    M:   nan S:   nan     I: -32.9 LUFS       LRA:   8.3 LU  FTPK:  -inf  -inf dBFS  TPK: -15.2 -16.2 dBFS
[Parsed_ebur128_0 @ 0x148e05970] t: 128.699979 TARGET:-23 LUFS    M:   nan S:   nan     I: -32.9 LUFS       LRA:   8.3 LU  FTPK:  -inf  -inf dBFS  TPK: -15.2 -16.2 dBFS
[Parsed_ebur128_0 @ 0x148e05970] t: 128.799979 TARGET:-23 LUFS    M:   nan S:   nan     I: -32.9 LUFS       LRA:   8.3 LU  FTPK:  -inf  -inf dBFS  TPK: -15.2 -16.2 dBFS
[Parsed_ebur128_0 @ 0x148e05970] t: 128.899979 TARGET:-23 LUFS    M:   nan S:   nan     I: -32.9 LUFS       LRA:   8.3 LU  FTPK:  -inf  -inf dBFS  TPK: -15.2 -16.2 dBFS
[Parsed_ebur128_0 @ 0x148e05970] t: 128.999979 TARGET:-23 LUFS    M:   nan S:   nan     I: -32.9 LUFS       LRA:   8.3 LU  FTPK:  -inf  -inf dBFS  TPK: -15.2 -16.2 dBFS
[Parsed_ebur128_0 @ 0x148e05970] t: 129.099979 TARGET:-23 LUFS    M:   nan S:   nan     I: -32.9 LUFS       LRA:   8.3 LU  FTPK:  -inf  -inf dBFS  TPK: -15.2 -16.2 dBFS
[Parsed_ebur128_0 @ 0x148e05970] t: 129.199979 TARGET:-23 LUFS    M:   nan S:   nan     I: -32.9 LUFS       LRA:   8.3 LU  FTPK:  -inf  -inf dBFS  TPK: -15.2 -16.2 dBFS
[Parsed_ebur128_0 @ 0x148e05970] t: 129.299979 TARGET:-23 LUFS    M:   nan S:   nan     I: -32.9 LUFS       LRA:   8.3 LU  FTPK:  -inf  -inf dBFS  TPK: -15.2 -16.2 dBFS
[Parsed_ebur128_0 @ 0x148e05970] t: 129.399979 TARGET:-23 LUFS    M:   nan S:   nan     I: -32.9 LUFS       LRA:   8.3 LU  FTPK:  -inf  -inf dBFS  TPK: -15.2 -16.2 dBFS
[Parsed_ebur128_0 @ 0x148e05970] t: 129.499979 TARGET:-23 LUFS    M:   nan S:   nan     I: -32.9 LUFS       LRA:   8.3 LU  FTPK:  -inf  -inf dBFS  TPK: -15.2 -16.2 dBFS
[Parsed_ebur128_0 @ 0x148e05970] t: 129.599979 TARGET:-23 LUFS    M:   nan S:   nan     I: -32.9 LUFS       LRA:   8.3 LU  FTPK:  -inf  -inf dBFS  TPK: -15.2 -16.2 dBFS
[Parsed_ebur128_0 @ 0x148e05970] t: 129.699979 TARGET:-23 LUFS    M:   nan S:   nan     I: -32.9 LUFS       LRA:   8.3 LU  FTPK:  -inf  -inf dBFS  TPK: -15.2 -16.2 dBFS
[Parsed_ebur128_0 @ 0x148e05970] t: 129.799979 TARGET:-23 LUFS    M: -50.3 S: -59.0     I: -32.9 LUFS       LRA:   8.3 LU  FTPK: -26.5 -26.5 dBFS  TPK: -15.2 -16.2 dBFS
[Parsed_ebur128_0 @ 0x148e05970] t: 129.899979 TARGET:-23 LUFS    M: -32.6 S: -41.4     I: -32.9 LUFS       LRA:   8.3 LU  FTPK: -17.8 -17.8 dBFS  TPK: -15.2 -16.2 dBFS
[Parsed_ebur128_0 @ 0x148e05970] t: 129.999979 TARGET:-23 LUFS    M: -29.8 S: -38.5     I: -32.9 LUFS       LRA:   8.3 LU  FTPK: -18.6 -18.6 dBFS  TPK: -15.2 -16.2 dBFS
[Parsed_ebur128_0 @ 0x148e05970] t: 130.099979 TARGET:-23 LUFS    M: -28.5 S: -37.3     I: -32.8 LUFS       LRA:   8.3 LU  FTPK: -19.8 -19.8 dBFS  TPK: -15.2 -16.2 dBFS
[Parsed_ebur128_0 @ 0x148e05970] t: 130.199979 TARGET:-23 LUFS    M: -28.5 S: -37.3     I: -32.8 LUFS       LRA:   8.3 LU  FTPK: -77.9 -77.9 dBFS  TPK: -15.2 -16.2 dBFS
[Parsed_ebur128_0 @ 0x148e05970] t: 130.299979 TARGET:-23 LUFS    M: -30.6 S: -37.3     I: -32.8 LUFS       LRA:   8.3 LU  FTPK:  -inf  -inf dBFS  TPK: -15.2 -16.2 dBFS
[Parsed_ebur128_0 @ 0x148e05970] t: 130.399979 TARGET:-23 LUFS    M: -34.6 S: -37.3     I: -32.8 LUFS       LRA:   8.3 LU  FTPK:  -inf  -inf dBFS  TPK: -15.2 -16.2 dBFS
[Parsed_ebur128_0 @ 0x148e05970] t: 130.499979 TARGET:-23 LUFS    M: -99.7 S: -37.3     I: -32.8 LUFS       LRA:   8.3 LU  FTPK:  -inf  -inf dBFS  TPK: -15.2 -16.2 dBFS
[Parsed_ebur128_0 @ 0x148e05970] t: 130.599979 TARGET:-23 LUFS    M:   nan S: -37.3     I: -32.8 LUFS       LRA:   8.3 LU  FTPK:  -inf  -inf dBFS  TPK: -15.2 -16.2 dBFS
[Parsed_ebur128_0 @ 0x148e05970] t: 130.699979 TARGET:-23 LUFS    M:   nan S: -37.3     I: -32.8 LUFS       LRA:   8.3 LU  FTPK:  -inf  -inf dBFS  TPK: -15.2 -16.2 dBFS
[Parsed_ebur128_0 @ 0x148e05970] t: 130.799979 TARGET:-23 LUFS    M:   nan S: -37.3     I: -32.8 LUFS       LRA:   8.3 LU  FTPK:  -inf  -inf dBFS  TPK: -15.2 -16.2 dBFS
[Parsed_ebur128_0 @ 0x148e05970] t: 130.899979 TARGET:-23 LUFS    M:   nan S: -37.3     I: -32.8 LUFS       LRA:   8.3 LU  FTPK:  -inf  -inf dBFS  TPK: -15.2 -16.2 dBFS
[Parsed_ebur128_0 @ 0x148e05970] t: 130.999979 TARGET:-23 LUFS    M:   nan S: -37.3     I: -32.8 LUFS       LRA:   8.3 LU  FTPK:  -inf  -inf dBFS  TPK: -15.2 -16.2 dBFS
[Parsed_ebur128_0 @ 0x148e05970] t: 131.099979 TARGET:-23 LUFS    M:   nan S: -37.3     I: -32.8 LUFS       LRA:   8.3 LU  FTPK:  -inf  -inf dBFS  TPK: -15.2 -16.2 dBFS
[Parsed_ebur128_0 @ 0x148e05970] t: 131.199979 TARGET:-23 LUFS    M:   nan S: -37.3     I: -32.8 LUFS       LRA:   8.3 LU  FTPK:  -inf  -inf dBFS  TPK: -15.2 -16.2 dBFS
[Parsed_ebur128_0 @ 0x148e05970] t: 131.299979 TARGET:-23 LUFS    M:   nan S: -37.3     I: -32.8 LUFS       LRA:   8.3 LU  FTPK:  -inf  -inf dBFS  TPK: -15.2 -16.2 dBFS
[Parsed_ebur128_0 @ 0x148e05970] t: 131.399979 TARGET:-23 LUFS    M:   nan S: -37.3     I: -32.8 LUFS       LRA:   8.3 LU  FTPK:  -inf  -inf dBFS  TPK: -15.2 -16.2 dBFS
[Parsed_ebur128_0 @ 0x148e05970] t: 131.499979 TARGET:-23 LUFS    M:   nan S: -37.3     I: -32.8 LUFS       LRA:   8.3 LU  FTPK:  -inf  -inf dBFS  TPK: -15.2 -16.2 dBFS
[Parsed_ebur128_0 @ 0x148e05970] t: 131.599979 TARGET:-23 LUFS    M:   nan S: -37.3     I: -32.8 LUFS       LRA:   8.3 LU  FTPK:  -inf  -inf dBFS  TPK: -15.2 -16.2 dBFS
[Parsed_ebur128_0 @ 0x148e05970] t: 131.699979 TARGET:-23 LUFS    M:   nan S: -37.3     I: -32.8 LUFS       LRA:   8.3 LU  FTPK:  -inf  -inf dBFS  TPK: -15.2 -16.2 dBFS
[Parsed_ebur128_0 @ 0x148e05970] t: 131.799979 TARGET:-23 LUFS    M:   nan S: -37.3     I: -32.8 LUFS       LRA:   8.3 LU  FTPK:  -inf  -inf dBFS  TPK: -15.2 -16.2 dBFS
[Parsed_ebur128_0 @ 0x148e05970] t: 131.899979 TARGET:-23 LUFS    M:   nan S: -37.3     I: -32.8 LUFS       LRA:   8.3 LU  FTPK:  -inf  -inf dBFS  TPK: -15.2 -16.2 dBFS
[Parsed_ebur128_0 @ 0x148e05970] t: 131.999979 TARGET:-23 LUFS    M:   nan S: -37.3     I: -32.8 LUFS       LRA:   8.3 LU  FTPK:  -inf  -inf dBFS  TPK: -15.2 -16.2 dBFS
[Parsed_ebur128_0 @ 0x148e05970] t: 132.099979 TARGET:-23 LUFS    M:   nan S: -37.3     I: -32.8 LUFS       LRA:   8.3 LU  FTPK:  -inf  -inf dBFS  TPK: -15.2 -16.2 dBFS
[Parsed_ebur128_0 @ 0x148e05970] t: 132.199979 TARGET:-23 LUFS    M:   nan S: -37.3     I: -32.8 LUFS       LRA:   8.3 LU  FTPK:  -inf  -inf dBFS  TPK: -15.2 -16.2 dBFS
[Parsed_ebur128_0 @ 0x148e05970] t: 132.299979 TARGET:-23 LUFS    M:   nan S: -37.3     I: -32.8 LUFS       LRA:   8.3 LU  FTPK:  -inf  -inf dBFS  TPK: -15.2 -16.2 dBFS
[Parsed_ebur128_0 @ 0x148e05970] t: 132.399979 TARGET:-23 LUFS    M:   nan S: -37.3     I: -32.8 LUFS       LRA:   8.3 LU  FTPK:  -inf  -inf dBFS  TPK: -15.2 -16.2 dBFS
[Parsed_ebur128_0 @ 0x148e05970] t: 132.499979 TARGET:-23 LUFS    M:   nan S: -37.3     I: -32.8 LUFS       LRA:   8.3 LU  FTPK:  -inf  -inf dBFS  TPK: -15.2 -16.2 dBFS
[Parsed_ebur128_0 @ 0x148e05970] t: 132.599979 TARGET:-23 LUFS    M:   nan S: -37.3     I: -32.8 LUFS       LRA:   8.3 LU  FTPK:  -inf  -inf dBFS  TPK: -15.2 -16.2 dBFS
[Parsed_ebur128_0 @ 0x148e05970] t: 132.699979 TARGET:-23 LUFS    M:   nan S: -37.3     I: -32.8 LUFS       LRA:   8.3 LU  FTPK:  -inf  -inf dBFS  TPK: -15.2 -16.2 dBFS
[Parsed_ebur128_0 @ 0x148e05970] t: 132.799979 TARGET:-23 LUFS    M:   nan S: -37.3     I: -32.8 LUFS       LRA:   8.3 LU  FTPK:  -inf  -inf dBFS  TPK: -15.2 -16.2 dBFS
[Parsed_ebur128_0 @ 0x148e05970] t: 132.899979 TARGET:-23 LUFS    M:   nan S: -39.4     I: -32.8 LUFS       LRA:   8.3 LU  FTPK:  -inf  -inf dBFS  TPK: -15.2 -16.2 dBFS
[Parsed_ebur128_0 @ 0x148e05970] t: 132.999979 TARGET:-23 LUFS    M:   nan S: -43.3     I: -32.8 LUFS       LRA:   8.3 LU  FTPK:  -inf  -inf dBFS  TPK: -15.2 -16.2 dBFS
[Parsed_ebur128_0 @ 0x148e05970] t: 133.099979 TARGET:-23 LUFS    M:   nan S:-108.4     I: -32.8 LUFS       LRA:   8.3 LU  FTPK:  -inf  -inf dBFS  TPK: -15.2 -16.2 dBFS
[Parsed_ebur128_0 @ 0x148e05970] t: 133.199979 TARGET:-23 LUFS    M:   nan S:   nan     I: -32.8 LUFS       LRA:   8.3 LU  FTPK:  -inf  -inf dBFS  TPK: -15.2 -16.2 dBFS
[Parsed_ebur128_0 @ 0x148e05970] t: 133.299979 TARGET:-23 LUFS    M:   nan S:   nan     I: -32.8 LUFS       LRA:   8.3 LU  FTPK:  -inf  -inf dBFS  TPK: -15.2 -16.2 dBFS
[Parsed_ebur128_0 @ 0x148e05970] t: 133.399979 TARGET:-23 LUFS    M:   nan S:   nan     I: -32.8 LUFS       LRA:   8.3 LU  FTPK:  -inf  -inf dBFS  TPK: -15.2 -16.2 dBFS
[Parsed_ebur128_0 @ 0x148e05970] t: 133.499979 TARGET:-23 LUFS    M:   nan S:   nan     I: -32.8 LUFS       LRA:   8.3 LU  FTPK:  -inf  -inf dBFS  TPK: -15.2 -16.2 dBFS
[Parsed_ebur128_0 @ 0x148e05970] t: 133.599979 TARGET:-23 LUFS    M:   nan S:   nan     I: -32.8 LUFS       LRA:   8.3 LU  FTPK:  -inf  -inf dBFS  TPK: -15.2 -16.2 dBFS
[Parsed_ebur128_0 @ 0x148e05970] t: 133.699979 TARGET:-23 LUFS    M:   nan S:   nan     I: -32.8 LUFS       LRA:   8.3 LU  FTPK:  -inf  -inf dBFS  TPK: -15.2 -16.2 dBFS
[Parsed_ebur128_0 @ 0x148e05970] t: 133.799979 TARGET:-23 LUFS    M:   nan S:   nan     I: -32.8 LUFS       LRA:   8.3 LU  FTPK:  -inf  -inf dBFS  TPK: -15.2 -16.2 dBFS
[Parsed_ebur128_0 @ 0x148e05970] t: 133.899979 TARGET:-23 LUFS    M:   nan S:   nan     I: -32.8 LUFS       LRA:   8.3 LU  FTPK:  -inf  -inf dBFS  TPK: -15.2 -16.2 dBFS
[Parsed_ebur128_0 @ 0x148e05970] t: 133.999979 TARGET:-23 LUFS    M:   nan S:   nan     I: -32.8 LUFS       LRA:   8.3 LU  FTPK:  -inf  -inf dBFS  TPK: -15.2 -16.2 dBFS
[Parsed_ebur128_0 @ 0x148e05970] t: 134.099979 TARGET:-23 LUFS    M:   nan S:   nan     I: -32.8 LUFS       LRA:   8.3 LU  FTPK:  -inf  -inf dBFS  TPK: -15.2 -16.2 dBFS
[Parsed_ebur128_0 @ 0x148e05970] t: 134.199979 TARGET:-23 LUFS    M:   nan S:   nan     I: -32.8 LUFS       LRA:   8.3 LU  FTPK:  -inf  -inf dBFS  TPK: -15.2 -16.2 dBFS
[Parsed_ebur128_0 @ 0x148e05970] t: 134.299979 TARGET:-23 LUFS    M:   nan S:   nan     I: -32.8 LUFS       LRA:   8.3 LU  FTPK:  -inf  -inf dBFS  TPK: -15.2 -16.2 dBFS
[Parsed_ebur128_0 @ 0x148e05970] t: 134.399979 TARGET:-23 LUFS    M:   nan S:   nan     I: -32.8 LUFS       LRA:   8.3 LU  FTPK:  -inf  -inf dBFS  TPK: -15.2 -16.2 dBFS
[Parsed_ebur128_0 @ 0x148e05970] t: 134.499979 TARGET:-23 LUFS    M:   nan S:   nan     I: -32.8 LUFS       LRA:   8.3 LU  FTPK:  -inf  -inf dBFS  TPK: -15.2 -16.2 dBFS
[Parsed_ebur128_0 @ 0x148e05970] t: 134.599979 TARGET:-23 LUFS    M:   nan S:   nan     I: -32.8 LUFS       LRA:   8.3 LU  FTPK:  -inf  -inf dBFS  TPK: -15.2 -16.2 dBFS
[Parsed_ebur128_0 @ 0x148e05970] t: 134.699979 TARGET:-23 LUFS    M:   nan S:   nan     I: -32.8 LUFS       LRA:   8.3 LU  FTPK:  -inf  -inf dBFS  TPK: -15.2 -16.2 dBFS
[Parsed_ebur128_0 @ 0x148e05970] t: 134.799979 TARGET:-23 LUFS    M:   nan S:   nan     I: -32.8 LUFS       LRA:   8.3 LU  FTPK:  -inf  -inf dBFS  TPK: -15.2 -16.2 dBFS
[Parsed_ebur128_0 @ 0x148e05970] t: 134.899979 TARGET:-23 LUFS    M:   nan S:   nan     I: -32.8 LUFS       LRA:   8.3 LU  FTPK:  -inf  -inf dBFS  TPK: -15.2 -16.2 dBFS
[Parsed_ebur128_0 @ 0x148e05970] t: 134.999979 TARGET:-23 LUFS    M:   nan S:   nan     I: -32.8 LUFS       LRA:   8.3 LU  FTPK:  -inf  -inf dBFS  TPK: -15.2 -16.2 dBFS
[Parsed_ebur128_0 @ 0x148e05970] t: 135.099979 TARGET:-23 LUFS    M:   nan S:   nan     I: -32.8 LUFS       LRA:   8.3 LU  FTPK:  -inf  -inf dBFS  TPK: -15.2 -16.2 dBFS
[Parsed_ebur128_0 @ 0x148e05970] t: 135.199979 TARGET:-23 LUFS    M:   nan S:   nan     I: -32.8 LUFS       LRA:   8.3 LU  FTPK:  -inf  -inf dBFS  TPK: -15.2 -16.2 dBFS
[Parsed_ebur128_0 @ 0x148e05970] t: 135.299979 TARGET:-23 LUFS    M:   nan S:   nan     I: -32.8 LUFS       LRA:   8.3 LU  FTPK:  -inf  -inf dBFS  TPK: -15.2 -16.2 dBFS
[Parsed_ebur128_0 @ 0x148e05970] t: 135.399979 TARGET:-23 LUFS    M:   nan S:   nan     I: -32.8 LUFS       LRA:   8.3 LU  FTPK:  -inf  -inf dBFS  TPK: -15.2 -16.2 dBFS
[Parsed_ebur128_0 @ 0x148e05970] t: 135.499979 TARGET:-23 LUFS    M:   nan S:   nan     I: -32.8 LUFS       LRA:   8.3 LU  FTPK:  -inf  -inf dBFS  TPK: -15.2 -16.2 dBFS
[Parsed_ebur128_0 @ 0x148e05970] t: 135.599979 TARGET:-23 LUFS    M:   nan S:   nan     I: -32.8 LUFS       LRA:   8.3 LU  FTPK:  -inf  -inf dBFS  TPK: -15.2 -16.2 dBFS
[Parsed_ebur128_0 @ 0x148e05970] t: 135.699979 TARGET:-23 LUFS    M:   nan S:   nan     I: -32.8 LUFS       LRA:   8.3 LU  FTPK:  -inf  -inf dBFS  TPK: -15.2 -16.2 dBFS
[Parsed_ebur128_0 @ 0x148e05970] t: 135.799979 TARGET:-23 LUFS    M:   nan S:   nan     I: -32.8 LUFS       LRA:   8.3 LU  FTPK:  -inf  -inf dBFS  TPK: -15.2 -16.2 dBFS
[Parsed_ebur128_0 @ 0x148e05970] t: 135.899979 TARGET:-23 LUFS    M:   nan S:   nan     I: -32.8 LUFS       LRA:   8.3 LU  FTPK:  -inf  -inf dBFS  TPK: -15.2 -16.2 dBFS
[Parsed_ebur128_0 @ 0x148e05970] t: 135.999979 TARGET:-23 LUFS    M:   nan S:   nan     I: -32.8 LUFS       LRA:   8.3 LU  FTPK:  -inf  -inf dBFS  TPK: -15.2 -16.2 dBFS
[Parsed_ebur128_0 @ 0x148e05970] t: 136.099979 TARGET:-23 LUFS    M:   nan S:   nan     I: -32.8 LUFS       LRA:   8.3 LU  FTPK:  -inf  -inf dBFS  TPK: -15.2 -16.2 dBFS
[Parsed_ebur128_0 @ 0x148e05970] t: 136.199979 TARGET:-23 LUFS    M:   nan S:   nan     I: -32.8 LUFS       LRA:   8.3 LU  FTPK:  -inf  -inf dBFS  TPK: -15.2 -16.2 dBFS
[Parsed_ebur128_0 @ 0x148e05970] t: 136.299979 TARGET:-23 LUFS    M:   nan S:   nan     I: -32.8 LUFS       LRA:   8.3 LU  FTPK:  -inf  -inf dBFS  TPK: -15.2 -16.2 dBFS
[Parsed_ebur128_0 @ 0x148e05970] t: 136.399979 TARGET:-23 LUFS    M:   nan S:   nan     I: -32.8 LUFS       LRA:   8.3 LU  FTPK:  -inf  -inf dBFS  TPK: -15.2 -16.2 dBFS
[Parsed_ebur128_0 @ 0x148e05970] t: 136.499979 TARGET:-23 LUFS    M:   nan S:   nan     I: -32.8 LUFS       LRA:   8.3 LU  FTPK:  -inf  -inf dBFS  TPK: -15.2 -16.2 dBFS
[Parsed_ebur128_0 @ 0x148e05970] t: 136.599979 TARGET:-23 LUFS    M:   nan S:   nan     I: -32.8 LUFS       LRA:   8.3 LU  FTPK:  -inf  -inf dBFS  TPK: -15.2 -16.2 dBFS
[Parsed_ebur128_0 @ 0x148e05970] t: 136.699979 TARGET:-23 LUFS    M:   nan S:   nan     I: -32.8 LUFS       LRA:   8.3 LU  FTPK:  -inf  -inf dBFS  TPK: -15.2 -16.2 dBFS
[Parsed_ebur128_0 @ 0x148e05970] t: 136.799979 TARGET:-23 LUFS    M:   nan S:   nan     I: -32.8 LUFS       LRA:   8.3 LU  FTPK:  -inf  -inf dBFS  TPK: -15.2 -16.2 dBFS
size=N/A time=00:02:16.80 bitrate=N/A speed= 273x elapsed=0:00:00.50    
[Parsed_ebur128_0 @ 0x148e05970] t: 136.899979 TARGET:-23 LUFS    M:   nan S:   nan     I: -32.8 LUFS       LRA:   8.3 LU  FTPK:  -inf  -inf dBFS  TPK: -15.2 -16.2 dBFS
[Parsed_ebur128_0 @ 0x148e05970] t: 136.999979 TARGET:-23 LUFS    M:   nan S:   nan     I: -32.8 LUFS       LRA:   8.3 LU  FTPK:  -inf  -inf dBFS  TPK: -15.2 -16.2 dBFS
[Parsed_ebur128_0 @ 0x148e05970] t: 137.099979 TARGET:-23 LUFS    M:   nan S:   nan     I: -32.8 LUFS       LRA:   8.3 LU  FTPK:  -inf  -inf dBFS  TPK: -15.2 -16.2 dBFS
[Parsed_ebur128_0 @ 0x148e05970] t: 137.199979 TARGET:-23 LUFS    M:   nan S:   nan     I: -32.8 LUFS       LRA:   8.3 LU  FTPK:  -inf  -inf dBFS  TPK: -15.2 -16.2 dBFS
[Parsed_ebur128_0 @ 0x148e05970] t: 137.299979 TARGET:-23 LUFS    M:   nan S:   nan     I: -32.8 LUFS       LRA:   8.3 LU  FTPK:  -inf  -inf dBFS  TPK: -15.2 -16.2 dBFS
[Parsed_ebur128_0 @ 0x148e05970] t: 137.399979 TARGET:-23 LUFS    M:   nan S:   nan     I: -32.8 LUFS       LRA:   8.3 LU  FTPK:  -inf  -inf dBFS  TPK: -15.2 -16.2 dBFS
[Parsed_ebur128_0 @ 0x148e05970] t: 137.499979 TARGET:-23 LUFS    M:   nan S:   nan     I: -32.8 LUFS       LRA:   8.3 LU  FTPK:  -inf  -inf dBFS  TPK: -15.2 -16.2 dBFS
[Parsed_ebur128_0 @ 0x148e05970] t: 137.599979 TARGET:-23 LUFS    M:   nan S:   nan     I: -32.8 LUFS       LRA:   8.3 LU  FTPK:  -inf  -inf dBFS  TPK: -15.2 -16.2 dBFS
[Parsed_ebur128_0 @ 0x148e05970] t: 137.699979 TARGET:-23 LUFS    M:   nan S:   nan     I: -32.8 LUFS       LRA:   8.3 LU  FTPK:  -inf  -inf dBFS  TPK: -15.2 -16.2 dBFS
[Parsed_ebur128_0 @ 0x148e05970] t: 137.799979 TARGET:-23 LUFS    M:   nan S:   nan     I: -32.8 LUFS       LRA:   8.3 LU  FTPK:  -inf  -inf dBFS  TPK: -15.2 -16.2 dBFS
[Parsed_ebur128_0 @ 0x148e05970] t: 137.899979 TARGET:-23 LUFS    M:   nan S:   nan     I: -32.8 LUFS       LRA:   8.3 LU  FTPK:  -inf  -inf dBFS  TPK: -15.2 -16.2 dBFS
[Parsed_ebur128_0 @ 0x148e05970] t: 137.999979 TARGET:-23 LUFS    M:   nan S:   nan     I: -32.8 LUFS       LRA:   8.3 LU  FTPK:  -inf  -inf dBFS  TPK: -15.2 -16.2 dBFS
[Parsed_ebur128_0 @ 0x148e05970] t: 138.099979 TARGET:-23 LUFS    M:   nan S:   nan     I: -32.8 LUFS       LRA:   8.3 LU  FTPK:  -inf  -inf dBFS  TPK: -15.2 -16.2 dBFS
[Parsed_ebur128_0 @ 0x148e05970] t: 138.199979 TARGET:-23 LUFS    M:   nan S:   nan     I: -32.8 LUFS       LRA:   8.3 LU  FTPK:  -inf  -inf dBFS  TPK: -15.2 -16.2 dBFS
[Parsed_ebur128_0 @ 0x148e05970] t: 138.299979 TARGET:-23 LUFS    M:   nan S:   nan     I: -32.8 LUFS       LRA:   8.3 LU  FTPK:  -inf  -inf dBFS  TPK: -15.2 -16.2 dBFS
[Parsed_ebur128_0 @ 0x148e05970] t: 138.399979 TARGET:-23 LUFS    M:   nan S:   nan     I: -32.8 LUFS       LRA:   8.3 LU  FTPK:  -inf  -inf dBFS  TPK: -15.2 -16.2 dBFS
[Parsed_ebur128_0 @ 0x148e05970] t: 138.499979 TARGET:-23 LUFS    M:   nan S:   nan     I: -32.8 LUFS       LRA:   8.3 LU  FTPK:  -inf  -inf dBFS  TPK: -15.2 -16.2 dBFS
[Parsed_ebur128_0 @ 0x148e05970] t: 138.599979 TARGET:-23 LUFS    M:   nan S:   nan     I: -32.8 LUFS       LRA:   8.3 LU  FTPK:  -inf  -inf dBFS  TPK: -15.2 -16.2 dBFS
[Parsed_ebur128_0 @ 0x148e05970] t: 138.699979 TARGET:-23 LUFS    M:   nan S:   nan     I: -32.8 LUFS       LRA:   8.3 LU  FTPK:  -inf  -inf dBFS  TPK: -15.2 -16.2 dBFS
[Parsed_ebur128_0 @ 0x148e05970] t: 138.799979 TARGET:-23 LUFS    M:   nan S:   nan     I: -32.8 LUFS       LRA:   8.3 LU  FTPK:  -inf  -inf dBFS  TPK: -15.2 -16.2 dBFS
[Parsed_ebur128_0 @ 0x148e05970] t: 138.899979 TARGET:-23 LUFS    M:   nan S:   nan     I: -32.8 LUFS       LRA:   8.3 LU  FTPK:  -inf  -inf dBFS  TPK: -15.2 -16.2 dBFS
[Parsed_ebur128_0 @ 0x148e05970] t: 138.999979 TARGET:-23 LUFS    M:   nan S:   nan     I: -32.8 LUFS       LRA:   8.3 LU  FTPK:  -inf  -inf dBFS  TPK: -15.2 -16.2 dBFS
[Parsed_ebur128_0 @ 0x148e05970] t: 139.099979 TARGET:-23 LUFS    M:   nan S:   nan     I: -32.8 LUFS       LRA:   8.3 LU  FTPK:  -inf  -inf dBFS  TPK: -15.2 -16.2 dBFS
[Parsed_ebur128_0 @ 0x148e05970] t: 139.199979 TARGET:-23 LUFS    M:   nan S:   nan     I: -32.8 LUFS       LRA:   8.3 LU  FTPK:  -inf  -inf dBFS  TPK: -15.2 -16.2 dBFS
[Parsed_ebur128_0 @ 0x148e05970] t: 139.299979 TARGET:-23 LUFS    M:   nan S:   nan     I: -32.8 LUFS       LRA:   8.3 LU  FTPK:  -inf  -inf dBFS  TPK: -15.2 -16.2 dBFS
[Parsed_ebur128_0 @ 0x148e05970] t: 139.399979 TARGET:-23 LUFS    M:   nan S:   nan     I: -32.8 LUFS       LRA:   8.3 LU  FTPK:  -inf  -inf dBFS  TPK: -15.2 -16.2 dBFS
[Parsed_ebur128_0 @ 0x148e05970] t: 139.499979 TARGET:-23 LUFS    M:   nan S:   nan     I: -32.8 LUFS       LRA:   8.3 LU  FTPK:  -inf  -inf dBFS  TPK: -15.2 -16.2 dBFS
[Parsed_ebur128_0 @ 0x148e05970] t: 139.599979 TARGET:-23 LUFS    M:   nan S:   nan     I: -32.8 LUFS       LRA:   8.3 LU  FTPK:  -inf  -inf dBFS  TPK: -15.2 -16.2 dBFS
[Parsed_ebur128_0 @ 0x148e05970] t: 139.699979 TARGET:-23 LUFS    M:   nan S:   nan     I: -32.8 LUFS       LRA:   8.3 LU  FTPK:  -inf  -inf dBFS  TPK: -15.2 -16.2 dBFS
[Parsed_ebur128_0 @ 0x148e05970] t: 139.799979 TARGET:-23 LUFS    M:   nan S:   nan     I: -32.8 LUFS       LRA:   8.3 LU  FTPK:  -inf  -inf dBFS  TPK: -15.2 -16.2 dBFS
[Parsed_ebur128_0 @ 0x148e05970] t: 139.899979 TARGET:-23 LUFS    M:   nan S:   nan     I: -32.8 LUFS       LRA:   8.3 LU  FTPK:  -inf  -inf dBFS  TPK: -15.2 -16.2 dBFS
[Parsed_ebur128_0 @ 0x148e05970] t: 139.999979 TARGET:-23 LUFS    M:   nan S:   nan     I: -32.8 LUFS       LRA:   8.3 LU  FTPK:  -inf  -inf dBFS  TPK: -15.2 -16.2 dBFS
[Parsed_ebur128_0 @ 0x148e05970] t: 140.099979 TARGET:-23 LUFS    M:   nan S:   nan     I: -32.8 LUFS       LRA:   8.3 LU  FTPK:  -inf  -inf dBFS  TPK: -15.2 -16.2 dBFS
[Parsed_ebur128_0 @ 0x148e05970] t: 140.199979 TARGET:-23 LUFS    M:   nan S:   nan     I: -32.8 LUFS       LRA:   8.3 LU  FTPK:  -inf  -inf dBFS  TPK: -15.2 -16.2 dBFS
[Parsed_ebur128_0 @ 0x148e05970] t: 140.299979 TARGET:-23 LUFS    M:   nan S:   nan     I: -32.8 LUFS       LRA:   8.3 LU  FTPK:  -inf  -inf dBFS  TPK: -15.2 -16.2 dBFS
[Parsed_ebur128_0 @ 0x148e05970] t: 140.399979 TARGET:-23 LUFS    M:   nan S:   nan     I: -32.8 LUFS       LRA:   8.3 LU  FTPK:  -inf  -inf dBFS  TPK: -15.2 -16.2 dBFS
[Parsed_ebur128_0 @ 0x148e05970] t: 140.499979 TARGET:-23 LUFS    M:   nan S:   nan     I: -32.8 LUFS       LRA:   8.3 LU  FTPK:  -inf  -inf dBFS  TPK: -15.2 -16.2 dBFS
[Parsed_ebur128_0 @ 0x148e05970] t: 140.599979 TARGET:-23 LUFS    M:   nan S:   nan     I: -32.8 LUFS       LRA:   8.3 LU  FTPK:  -inf  -inf dBFS  TPK: -15.2 -16.2 dBFS
[Parsed_ebur128_0 @ 0x148e05970] t: 140.699979 TARGET:-23 LUFS    M:   nan S:   nan     I: -32.8 LUFS       LRA:   8.3 LU  FTPK:  -inf  -inf dBFS  TPK: -15.2 -16.2 dBFS
[Parsed_ebur128_0 @ 0x148e05970] t: 140.799979 TARGET:-23 LUFS    M: -34.5 S: -43.2     I: -32.8 LUFS       LRA:   8.1 LU  FTPK: -15.2 -16.2 dBFS  TPK: -15.2 -16.2 dBFS
[Parsed_ebur128_0 @ 0x148e05970] t: 140.899979 TARGET:-23 LUFS    M: -34.0 S: -42.7     I: -32.8 LUFS       LRA:   8.1 LU  FTPK: -25.4 -26.4 dBFS  TPK: -15.2 -16.2 dBFS
[Parsed_ebur128_0 @ 0x148e05970] t: 140.999979 TARGET:-23 LUFS    M: -34.0 S: -42.7     I: -32.8 LUFS       LRA:   8.1 LU  FTPK:  -inf  -inf dBFS  TPK: -15.2 -16.2 dBFS
[Parsed_ebur128_0 @ 0x148e05970] t: 141.099979 TARGET:-23 LUFS    M: -34.0 S: -42.7     I: -32.8 LUFS       LRA:   8.1 LU  FTPK:  -inf  -inf dBFS  TPK: -15.2 -16.2 dBFS
[Parsed_ebur128_0 @ 0x148e05970] t: 141.199979 TARGET:-23 LUFS    M: -43.7 S: -42.7     I: -32.8 LUFS       LRA:   8.1 LU  FTPK:  -inf  -inf dBFS  TPK: -15.2 -16.2 dBFS
[Parsed_ebur128_0 @ 0x148e05970] t: 141.299979 TARGET:-23 LUFS    M:   nan S: -42.7     I: -32.8 LUFS       LRA:   8.1 LU  FTPK:  -inf  -inf dBFS  TPK: -15.2 -16.2 dBFS
[Parsed_ebur128_0 @ 0x148e05970] t: 141.399979 TARGET:-23 LUFS    M:   nan S: -42.7     I: -32.8 LUFS       LRA:   8.1 LU  FTPK:  -inf  -inf dBFS  TPK: -15.2 -16.2 dBFS
[Parsed_ebur128_0 @ 0x148e05970] t: 141.499979 TARGET:-23 LUFS    M:   nan S: -42.7     I: -32.8 LUFS       LRA:   8.1 LU  FTPK:  -inf  -inf dBFS  TPK: -15.2 -16.2 dBFS
[Parsed_ebur128_0 @ 0x148e05970] t: 141.599979 TARGET:-23 LUFS    M:   nan S: -42.7     I: -32.8 LUFS       LRA:   8.1 LU  FTPK:  -inf  -inf dBFS  TPK: -15.2 -16.2 dBFS
[Parsed_ebur128_0 @ 0x148e05970] t: 141.699979 TARGET:-23 LUFS    M:   nan S: -42.7     I: -32.8 LUFS       LRA:   8.1 LU  FTPK:  -inf  -inf dBFS  TPK: -15.2 -16.2 dBFS
[Parsed_ebur128_0 @ 0x148e05970] t: 141.799979 TARGET:-23 LUFS    M:   nan S: -42.7     I: -32.8 LUFS       LRA:   7.7 LU  FTPK:  -inf  -inf dBFS  TPK: -15.2 -16.2 dBFS
[Parsed_ebur128_0 @ 0x148e05970] t: 141.899979 TARGET:-23 LUFS    M:   nan S: -42.7     I: -32.8 LUFS       LRA:   7.7 LU  FTPK:  -inf  -inf dBFS  TPK: -15.2 -16.2 dBFS
[Parsed_ebur128_0 @ 0x148e05970] t: 141.999979 TARGET:-23 LUFS    M:   nan S: -42.7     I: -32.8 LUFS       LRA:   7.7 LU  FTPK:  -inf  -inf dBFS  TPK: -15.2 -16.2 dBFS
[Parsed_ebur128_0 @ 0x148e05970] t: 142.099979 TARGET:-23 LUFS    M:   nan S: -42.7     I: -32.8 LUFS       LRA:   7.7 LU  FTPK:  -inf  -inf dBFS  TPK: -15.2 -16.2 dBFS
[Parsed_ebur128_0 @ 0x148e05970] t: 142.199979 TARGET:-23 LUFS    M:   nan S: -42.7     I: -32.8 LUFS       LRA:   7.7 LU  FTPK:  -inf  -inf dBFS  TPK: -15.2 -16.2 dBFS
[Parsed_ebur128_0 @ 0x148e05970] t: 142.299979 TARGET:-23 LUFS    M:   nan S: -42.7     I: -32.8 LUFS       LRA:   7.7 LU  FTPK:  -inf  -inf dBFS  TPK: -15.2 -16.2 dBFS
[Parsed_ebur128_0 @ 0x148e05970] t: 142.399979 TARGET:-23 LUFS    M:   nan S: -42.7     I: -32.8 LUFS       LRA:   7.7 LU  FTPK:  -inf  -inf dBFS  TPK: -15.2 -16.2 dBFS
[Parsed_ebur128_0 @ 0x148e05970] t: 142.499979 TARGET:-23 LUFS    M:   nan S: -42.7     I: -32.8 LUFS       LRA:   7.7 LU  FTPK:  -inf  -inf dBFS  TPK: -15.2 -16.2 dBFS
[Parsed_ebur128_0 @ 0x148e05970] t: 142.599979 TARGET:-23 LUFS    M:   nan S: -42.7     I: -32.8 LUFS       LRA:   7.7 LU  FTPK:  -inf  -inf dBFS  TPK: -15.2 -16.2 dBFS
[Parsed_ebur128_0 @ 0x148e05970] t: 142.699979 TARGET:-23 LUFS    M:   nan S: -42.7     I: -32.8 LUFS       LRA:   7.7 LU  FTPK:  -inf  -inf dBFS  TPK: -15.2 -16.2 dBFS
[Parsed_ebur128_0 @ 0x148e05970] t: 142.799979 TARGET:-23 LUFS    M:   nan S: -42.7     I: -32.8 LUFS       LRA:   7.6 LU  FTPK:  -inf  -inf dBFS  TPK: -15.2 -16.2 dBFS
[Parsed_ebur128_0 @ 0x148e05970] t: 142.899979 TARGET:-23 LUFS    M:   nan S: -42.7     I: -32.8 LUFS       LRA:   7.6 LU  FTPK:  -inf  -inf dBFS  TPK: -15.2 -16.2 dBFS
[Parsed_ebur128_0 @ 0x148e05970] t: 142.999979 TARGET:-23 LUFS    M:   nan S: -42.7     I: -32.8 LUFS       LRA:   7.6 LU  FTPK:  -inf  -inf dBFS  TPK: -15.2 -16.2 dBFS
[Parsed_ebur128_0 @ 0x148e05970] t: 143.099979 TARGET:-23 LUFS    M:   nan S: -42.7     I: -32.8 LUFS       LRA:   7.6 LU  FTPK:  -inf  -inf dBFS  TPK: -15.2 -16.2 dBFS
[Parsed_ebur128_0 @ 0x148e05970] t: 143.199979 TARGET:-23 LUFS    M:   nan S: -42.7     I: -32.8 LUFS       LRA:   7.6 LU  FTPK:  -inf  -inf dBFS  TPK: -15.2 -16.2 dBFS
[Parsed_ebur128_0 @ 0x148e05970] t: 143.299979 TARGET:-23 LUFS    M:   nan S: -42.7     I: -32.8 LUFS       LRA:   7.6 LU  FTPK:  -inf  -inf dBFS  TPK: -15.2 -16.2 dBFS
[Parsed_ebur128_0 @ 0x148e05970] t: 143.399979 TARGET:-23 LUFS    M:   nan S: -42.7     I: -32.8 LUFS       LRA:   7.6 LU  FTPK:  -inf  -inf dBFS  TPK: -15.2 -16.2 dBFS
[Parsed_ebur128_0 @ 0x148e05970] t: 143.499979 TARGET:-23 LUFS    M:   nan S: -42.7     I: -32.8 LUFS       LRA:   7.6 LU  FTPK:  -inf  -inf dBFS  TPK: -15.2 -16.2 dBFS
[Parsed_ebur128_0 @ 0x148e05970] t: 143.599979 TARGET:-23 LUFS    M:   nan S: -42.7     I: -32.8 LUFS       LRA:   7.6 LU  FTPK:  -inf  -inf dBFS  TPK: -15.2 -16.2 dBFS
[Parsed_ebur128_0 @ 0x148e05970] t: 143.699979 TARGET:-23 LUFS    M:   nan S: -42.7     I: -32.8 LUFS       LRA:   7.6 LU  FTPK:  -inf  -inf dBFS  TPK: -15.2 -16.2 dBFS
[Parsed_ebur128_0 @ 0x148e05970] t: 143.799979 TARGET:-23 LUFS    M:   nan S: -52.4     I: -32.8 LUFS       LRA:   7.6 LU  FTPK:  -inf  -inf dBFS  TPK: -15.2 -16.2 dBFS
[Parsed_ebur128_0 @ 0x148e05970] t: 143.899979 TARGET:-23 LUFS    M:   nan S:   nan     I: -32.8 LUFS       LRA:   7.6 LU  FTPK:  -inf  -inf dBFS  TPK: -15.2 -16.2 dBFS
[Parsed_ebur128_0 @ 0x148e05970] t: 143.999979 TARGET:-23 LUFS    M:   nan S:   nan     I: -32.8 LUFS       LRA:   7.6 LU  FTPK:  -inf  -inf dBFS  TPK: -15.2 -16.2 dBFS
[Parsed_ebur128_0 @ 0x148e05970] t: 144.099979 TARGET:-23 LUFS    M:   nan S:   nan     I: -32.8 LUFS       LRA:   7.6 LU  FTPK:  -inf  -inf dBFS  TPK: -15.2 -16.2 dBFS
[Parsed_ebur128_0 @ 0x148e05970] t: 144.199979 TARGET:-23 LUFS    M:   nan S:   nan     I: -32.8 LUFS       LRA:   7.6 LU  FTPK:  -inf  -inf dBFS  TPK: -15.2 -16.2 dBFS
[Parsed_ebur128_0 @ 0x148e05970] t: 144.299979 TARGET:-23 LUFS    M:   nan S:   nan     I: -32.8 LUFS       LRA:   7.6 LU  FTPK:  -inf  -inf dBFS  TPK: -15.2 -16.2 dBFS
[Parsed_ebur128_0 @ 0x148e05970] t: 144.399979 TARGET:-23 LUFS    M:   nan S:   nan     I: -32.8 LUFS       LRA:   7.6 LU  FTPK:  -inf  -inf dBFS  TPK: -15.2 -16.2 dBFS
[Parsed_ebur128_0 @ 0x148e05970] t: 144.499979 TARGET:-23 LUFS    M:   nan S:   nan     I: -32.8 LUFS       LRA:   7.6 LU  FTPK:  -inf  -inf dBFS  TPK: -15.2 -16.2 dBFS
[Parsed_ebur128_0 @ 0x148e05970] t: 144.599979 TARGET:-23 LUFS    M:   nan S:   nan     I: -32.8 LUFS       LRA:   7.6 LU  FTPK:  -inf  -inf dBFS  TPK: -15.2 -16.2 dBFS
[Parsed_ebur128_0 @ 0x148e05970] t: 144.699979 TARGET:-23 LUFS    M:   nan S:   nan     I: -32.8 LUFS       LRA:   7.6 LU  FTPK:  -inf  -inf dBFS  TPK: -15.2 -16.2 dBFS
[Parsed_ebur128_0 @ 0x148e05970] t: 144.799979 TARGET:-23 LUFS    M:   nan S:   nan     I: -32.8 LUFS       LRA:   7.6 LU  FTPK:  -inf  -inf dBFS  TPK: -15.2 -16.2 dBFS
[Parsed_ebur128_0 @ 0x148e05970] t: 144.899979 TARGET:-23 LUFS    M:   nan S:   nan     I: -32.8 LUFS       LRA:   7.6 LU  FTPK:  -inf  -inf dBFS  TPK: -15.2 -16.2 dBFS
[Parsed_ebur128_0 @ 0x148e05970] t: 144.999979 TARGET:-23 LUFS    M:   nan S:   nan     I: -32.8 LUFS       LRA:   7.6 LU  FTPK:  -inf  -inf dBFS  TPK: -15.2 -16.2 dBFS
[Parsed_ebur128_0 @ 0x148e05970] t: 145.099979 TARGET:-23 LUFS    M:   nan S:   nan     I: -32.8 LUFS       LRA:   7.6 LU  FTPK:  -inf  -inf dBFS  TPK: -15.2 -16.2 dBFS
[Parsed_ebur128_0 @ 0x148e05970] t: 145.199979 TARGET:-23 LUFS    M:   nan S:   nan     I: -32.8 LUFS       LRA:   7.6 LU  FTPK:  -inf  -inf dBFS  TPK: -15.2 -16.2 dBFS
[Parsed_ebur128_0 @ 0x148e05970] t: 145.299979 TARGET:-23 LUFS    M:   nan S:   nan     I: -32.8 LUFS       LRA:   7.6 LU  FTPK:  -inf  -inf dBFS  TPK: -15.2 -16.2 dBFS
[Parsed_ebur128_0 @ 0x148e05970] t: 145.399979 TARGET:-23 LUFS    M:   nan S:   nan     I: -32.8 LUFS       LRA:   7.6 LU  FTPK:  -inf  -inf dBFS  TPK: -15.2 -16.2 dBFS
[Parsed_ebur128_0 @ 0x148e05970] t: 145.499979 TARGET:-23 LUFS    M:   nan S:   nan     I: -32.8 LUFS       LRA:   7.6 LU  FTPK:  -inf  -inf dBFS  TPK: -15.2 -16.2 dBFS
[Parsed_ebur128_0 @ 0x148e05970] t: 145.599979 TARGET:-23 LUFS    M:   nan S:   nan     I: -32.8 LUFS       LRA:   7.6 LU  FTPK:  -inf  -inf dBFS  TPK: -15.2 -16.2 dBFS
[Parsed_ebur128_0 @ 0x148e05970] t: 145.699979 TARGET:-23 LUFS    M:   nan S:   nan     I: -32.8 LUFS       LRA:   7.6 LU  FTPK:  -inf  -inf dBFS  TPK: -15.2 -16.2 dBFS
[Parsed_ebur128_0 @ 0x148e05970] t: 145.799979 TARGET:-23 LUFS    M:   nan S:   nan     I: -32.8 LUFS       LRA:   7.6 LU  FTPK:  -inf  -inf dBFS  TPK: -15.2 -16.2 dBFS
[Parsed_ebur128_0 @ 0x148e05970] t: 145.899979 TARGET:-23 LUFS    M:   nan S:   nan     I: -32.8 LUFS       LRA:   7.6 LU  FTPK:  -inf  -inf dBFS  TPK: -15.2 -16.2 dBFS
[Parsed_ebur128_0 @ 0x148e05970] t: 145.999979 TARGET:-23 LUFS    M:   nan S:   nan     I: -32.8 LUFS       LRA:   7.6 LU  FTPK:  -inf  -inf dBFS  TPK: -15.2 -16.2 dBFS
[Parsed_ebur128_0 @ 0x148e05970] t: 146.099979 TARGET:-23 LUFS    M:   nan S:   nan     I: -32.8 LUFS       LRA:   7.6 LU  FTPK:  -inf  -inf dBFS  TPK: -15.2 -16.2 dBFS
[Parsed_ebur128_0 @ 0x148e05970] t: 146.199979 TARGET:-23 LUFS    M: -39.5 S: -48.3     I: -32.8 LUFS       LRA:   7.7 LU  FTPK: -21.5 -22.5 dBFS  TPK: -15.2 -16.2 dBFS
[Parsed_ebur128_0 @ 0x148e05970] t: 146.299979 TARGET:-23 LUFS    M: -31.9 S: -40.6     I: -32.8 LUFS       LRA:   7.7 LU  FTPK: -17.3 -18.3 dBFS  TPK: -15.2 -16.2 dBFS
[Parsed_ebur128_0 @ 0x148e05970] t: 146.399979 TARGET:-23 LUFS    M: -29.4 S: -38.1     I: -32.8 LUFS       LRA:   7.7 LU  FTPK: -18.0 -19.0 dBFS  TPK: -15.2 -16.2 dBFS
[Parsed_ebur128_0 @ 0x148e05970] t: 146.499979 TARGET:-23 LUFS    M: -28.5 S: -37.3     I: -32.8 LUFS       LRA:   7.7 LU  FTPK: -20.0 -21.1 dBFS  TPK: -15.2 -16.2 dBFS
[Parsed_ebur128_0 @ 0x148e05970] t: 146.599979 TARGET:-23 LUFS    M: -28.9 S: -37.3     I: -32.7 LUFS       LRA:   7.7 LU  FTPK:  -inf  -inf dBFS  TPK: -15.2 -16.2 dBFS
[Parsed_ebur128_0 @ 0x148e05970] t: 146.699979 TARGET:-23 LUFS    M: -31.2 S: -37.3     I: -32.7 LUFS       LRA:   7.7 LU  FTPK:  -inf  -inf dBFS  TPK: -15.2 -16.2 dBFS
[Parsed_ebur128_0 @ 0x148e05970] t: 146.799979 TARGET:-23 LUFS    M: -35.8 S: -37.3     I: -32.7 LUFS       LRA:   7.7 LU  FTPK:  -inf  -inf dBFS  TPK: -15.2 -16.2 dBFS
[Parsed_ebur128_0 @ 0x148e05970] t: 146.899979 TARGET:-23 LUFS    M:-150.8 S: -37.3     I: -32.7 LUFS       LRA:   7.7 LU  FTPK:  -inf  -inf dBFS  TPK: -15.2 -16.2 dBFS
[Parsed_ebur128_0 @ 0x148e05970] t: 146.999979 TARGET:-23 LUFS    M:   nan S: -37.3     I: -32.7 LUFS       LRA:   7.7 LU  FTPK:  -inf  -inf dBFS  TPK: -15.2 -16.2 dBFS
[Parsed_ebur128_0 @ 0x148e05970] t: 147.099979 TARGET:-23 LUFS    M:   nan S: -37.3     I: -32.7 LUFS       LRA:   7.6 LU  FTPK:  -inf  -inf dBFS  TPK: -15.2 -16.2 dBFS
[Parsed_ebur128_0 @ 0x148e05970] t: 147.199979 TARGET:-23 LUFS    M:   nan S: -37.3     I: -32.7 LUFS       LRA:   7.6 LU  FTPK:  -inf  -inf dBFS  TPK: -15.2 -16.2 dBFS
[Parsed_ebur128_0 @ 0x148e05970] t: 147.299979 TARGET:-23 LUFS    M:   nan S: -37.3     I: -32.7 LUFS       LRA:   7.6 LU  FTPK:  -inf  -inf dBFS  TPK: -15.2 -16.2 dBFS
[Parsed_ebur128_0 @ 0x148e05970] t: 147.399979 TARGET:-23 LUFS    M:   nan S: -37.3     I: -32.7 LUFS       LRA:   7.6 LU  FTPK:  -inf  -inf dBFS  TPK: -15.2 -16.2 dBFS
[Parsed_ebur128_0 @ 0x148e05970] t: 147.499979 TARGET:-23 LUFS    M:   nan S: -37.3     I: -32.7 LUFS       LRA:   7.6 LU  FTPK:  -inf  -inf dBFS  TPK: -15.2 -16.2 dBFS
[Parsed_ebur128_0 @ 0x148e05970] t: 147.599979 TARGET:-23 LUFS    M:   nan S: -37.3     I: -32.7 LUFS       LRA:   7.6 LU  FTPK:  -inf  -inf dBFS  TPK: -15.2 -16.2 dBFS
[Parsed_ebur128_0 @ 0x148e05970] t: 147.699979 TARGET:-23 LUFS    M:   nan S: -37.3     I: -32.7 LUFS       LRA:   7.6 LU  FTPK:  -inf  -inf dBFS  TPK: -15.2 -16.2 dBFS
[Parsed_ebur128_0 @ 0x148e05970] t: 147.799979 TARGET:-23 LUFS    M:   nan S: -37.3     I: -32.7 LUFS       LRA:   7.6 LU  FTPK:  -inf  -inf dBFS  TPK: -15.2 -16.2 dBFS
[Parsed_ebur128_0 @ 0x148e05970] t: 147.899979 TARGET:-23 LUFS    M:   nan S: -37.3     I: -32.7 LUFS       LRA:   7.6 LU  FTPK:  -inf  -inf dBFS  TPK: -15.2 -16.2 dBFS
[Parsed_ebur128_0 @ 0x148e05970] t: 147.999979 TARGET:-23 LUFS    M:   nan S: -37.3     I: -32.7 LUFS       LRA:   7.6 LU  FTPK:  -inf  -inf dBFS  TPK: -15.2 -16.2 dBFS
[Parsed_ebur128_0 @ 0x148e05970] t: 148.099979 TARGET:-23 LUFS    M:   nan S: -37.3     I: -32.7 LUFS       LRA:   7.6 LU  FTPK:  -inf  -inf dBFS  TPK: -15.2 -16.2 dBFS
[Parsed_ebur128_0 @ 0x148e05970] t: 148.199979 TARGET:-23 LUFS    M:   nan S: -37.3     I: -32.7 LUFS       LRA:   7.6 LU  FTPK:  -inf  -inf dBFS  TPK: -15.2 -16.2 dBFS
[Parsed_ebur128_0 @ 0x148e05970] t: 148.299979 TARGET:-23 LUFS    M:   nan S: -37.3     I: -32.7 LUFS       LRA:   7.6 LU  FTPK:  -inf  -inf dBFS  TPK: -15.2 -16.2 dBFS
[Parsed_ebur128_0 @ 0x148e05970] t: 148.399979 TARGET:-23 LUFS    M:   nan S: -37.3     I: -32.7 LUFS       LRA:   7.6 LU  FTPK:  -inf  -inf dBFS  TPK: -15.2 -16.2 dBFS
[Parsed_ebur128_0 @ 0x148e05970] t: 148.499979 TARGET:-23 LUFS    M:   nan S: -37.3     I: -32.7 LUFS       LRA:   7.6 LU  FTPK:  -inf  -inf dBFS  TPK: -15.2 -16.2 dBFS
[Parsed_ebur128_0 @ 0x148e05970] t: 148.599979 TARGET:-23 LUFS    M:   nan S: -37.3     I: -32.7 LUFS       LRA:   7.6 LU  FTPK:  -inf  -inf dBFS  TPK: -15.2 -16.2 dBFS
[Parsed_ebur128_0 @ 0x148e05970] t: 148.699979 TARGET:-23 LUFS    M:   nan S: -37.3     I: -32.7 LUFS       LRA:   7.6 LU  FTPK:  -inf  -inf dBFS  TPK: -15.2 -16.2 dBFS
[Parsed_ebur128_0 @ 0x148e05970] t: 148.799979 TARGET:-23 LUFS    M:   nan S: -37.3     I: -32.7 LUFS       LRA:   7.6 LU  FTPK:  -inf  -inf dBFS  TPK: -15.2 -16.2 dBFS
[Parsed_ebur128_0 @ 0x148e05970] t: 148.899979 TARGET:-23 LUFS    M:   nan S: -37.3     I: -32.7 LUFS       LRA:   7.6 LU  FTPK:  -inf  -inf dBFS  TPK: -15.2 -16.2 dBFS
[Parsed_ebur128_0 @ 0x148e05970] t: 148.999979 TARGET:-23 LUFS    M:   nan S: -37.3     I: -32.7 LUFS       LRA:   7.6 LU  FTPK:  -inf  -inf dBFS  TPK: -15.2 -16.2 dBFS
[Parsed_ebur128_0 @ 0x148e05970] t: 149.099979 TARGET:-23 LUFS    M:   nan S: -37.3     I: -32.7 LUFS       LRA:   7.6 LU  FTPK:  -inf  -inf dBFS  TPK: -15.2 -16.2 dBFS
[Parsed_ebur128_0 @ 0x148e05970] t: 149.199979 TARGET:-23 LUFS    M:   nan S: -37.6     I: -32.7 LUFS       LRA:   7.6 LU  FTPK:  -inf  -inf dBFS  TPK: -15.2 -16.2 dBFS
[Parsed_ebur128_0 @ 0x148e05970] t: 149.299979 TARGET:-23 LUFS    M:   nan S: -39.9     I: -32.7 LUFS       LRA:   7.6 LU  FTPK:  -inf  -inf dBFS  TPK: -15.2 -16.2 dBFS
[Parsed_ebur128_0 @ 0x148e05970] t: 149.399979 TARGET:-23 LUFS    M:   nan S: -44.6     I: -32.7 LUFS       LRA:   7.6 LU  FTPK:  -inf  -inf dBFS  TPK: -15.2 -16.2 dBFS
[Parsed_ebur128_0 @ 0x148e05970] t: 149.499979 TARGET:-23 LUFS    M:   nan S:-159.2     I: -32.7 LUFS       LRA:   7.6 LU  FTPK:  -inf  -inf dBFS  TPK: -15.2 -16.2 dBFS
[Parsed_ebur128_0 @ 0x148e05970] t: 149.599979 TARGET:-23 LUFS    M:   nan S:   nan     I: -32.7 LUFS       LRA:   7.6 LU  FTPK:  -inf  -inf dBFS  TPK: -15.2 -16.2 dBFS
[Parsed_ebur128_0 @ 0x148e05970] t: 149.699979 TARGET:-23 LUFS    M:   nan S:   nan     I: -32.7 LUFS       LRA:   7.6 LU  FTPK:  -inf  -inf dBFS  TPK: -15.2 -16.2 dBFS
[Parsed_ebur128_0 @ 0x148e05970] t: 149.799979 TARGET:-23 LUFS    M:   nan S:   nan     I: -32.7 LUFS       LRA:   7.6 LU  FTPK:  -inf  -inf dBFS  TPK: -15.2 -16.2 dBFS
[Parsed_ebur128_0 @ 0x148e05970] t: 149.899979 TARGET:-23 LUFS    M:   nan S:   nan     I: -32.7 LUFS       LRA:   7.6 LU  FTPK:  -inf  -inf dBFS  TPK: -15.2 -16.2 dBFS
[Parsed_ebur128_0 @ 0x148e05970] t: 149.999979 TARGET:-23 LUFS    M:   nan S:   nan     I: -32.7 LUFS       LRA:   7.6 LU  FTPK:  -inf  -inf dBFS  TPK: -15.2 -16.2 dBFS
[Parsed_ebur128_0 @ 0x148e05970] t: 150.099979 TARGET:-23 LUFS    M:   nan S:   nan     I: -32.7 LUFS       LRA:   7.6 LU  FTPK:  -inf  -inf dBFS  TPK: -15.2 -16.2 dBFS
[Parsed_ebur128_0 @ 0x148e05970] t: 150.199979 TARGET:-23 LUFS    M:   nan S:   nan     I: -32.7 LUFS       LRA:   7.6 LU  FTPK:  -inf  -inf dBFS  TPK: -15.2 -16.2 dBFS
[Parsed_ebur128_0 @ 0x148e05970] t: 150.299979 TARGET:-23 LUFS    M:   nan S:   nan     I: -32.7 LUFS       LRA:   7.6 LU  FTPK:  -inf  -inf dBFS  TPK: -15.2 -16.2 dBFS
[Parsed_ebur128_0 @ 0x148e05970] t: 150.399979 TARGET:-23 LUFS    M:   nan S:   nan     I: -32.7 LUFS       LRA:   7.6 LU  FTPK:  -inf  -inf dBFS  TPK: -15.2 -16.2 dBFS
[Parsed_ebur128_0 @ 0x148e05970] t: 150.499979 TARGET:-23 LUFS    M:   nan S:   nan     I: -32.7 LUFS       LRA:   7.6 LU  FTPK:  -inf  -inf dBFS  TPK: -15.2 -16.2 dBFS
[Parsed_ebur128_0 @ 0x148e05970] t: 150.599979 TARGET:-23 LUFS    M:   nan S:   nan     I: -32.7 LUFS       LRA:   7.6 LU  FTPK:  -inf  -inf dBFS  TPK: -15.2 -16.2 dBFS
[Parsed_ebur128_0 @ 0x148e05970] t: 150.699979 TARGET:-23 LUFS    M:   nan S:   nan     I: -32.7 LUFS       LRA:   7.6 LU  FTPK:  -inf  -inf dBFS  TPK: -15.2 -16.2 dBFS
[Parsed_ebur128_0 @ 0x148e05970] t: 150.799979 TARGET:-23 LUFS    M:   nan S:   nan     I: -32.7 LUFS       LRA:   7.6 LU  FTPK:  -inf  -inf dBFS  TPK: -15.2 -16.2 dBFS
[Parsed_ebur128_0 @ 0x148e05970] t: 150.899979 TARGET:-23 LUFS    M:   nan S:   nan     I: -32.7 LUFS       LRA:   7.6 LU  FTPK:  -inf  -inf dBFS  TPK: -15.2 -16.2 dBFS
[Parsed_ebur128_0 @ 0x148e05970] t: 150.999979 TARGET:-23 LUFS    M:   nan S:   nan     I: -32.7 LUFS       LRA:   7.6 LU  FTPK:  -inf  -inf dBFS  TPK: -15.2 -16.2 dBFS
[Parsed_ebur128_0 @ 0x148e05970] t: 151.099979 TARGET:-23 LUFS    M:   nan S:   nan     I: -32.7 LUFS       LRA:   7.6 LU  FTPK:  -inf  -inf dBFS  TPK: -15.2 -16.2 dBFS
[Parsed_ebur128_0 @ 0x148e05970] t: 151.199979 TARGET:-23 LUFS    M:   nan S:   nan     I: -32.7 LUFS       LRA:   7.6 LU  FTPK:  -inf  -inf dBFS  TPK: -15.2 -16.2 dBFS
[Parsed_ebur128_0 @ 0x148e05970] t: 151.299979 TARGET:-23 LUFS    M:   nan S:   nan     I: -32.7 LUFS       LRA:   7.6 LU  FTPK:  -inf  -inf dBFS  TPK: -15.2 -16.2 dBFS
[Parsed_ebur128_0 @ 0x148e05970] t: 151.399979 TARGET:-23 LUFS    M:   nan S:   nan     I: -32.7 LUFS       LRA:   7.6 LU  FTPK:  -inf  -inf dBFS  TPK: -15.2 -16.2 dBFS
[Parsed_ebur128_0 @ 0x148e05970] t: 151.499979 TARGET:-23 LUFS    M:   nan S:   nan     I: -32.7 LUFS       LRA:   7.6 LU  FTPK:  -inf  -inf dBFS  TPK: -15.2 -16.2 dBFS
[Parsed_ebur128_0 @ 0x148e05970] t: 151.599979 TARGET:-23 LUFS    M:   nan S:   nan     I: -32.7 LUFS       LRA:   7.6 LU  FTPK:  -inf  -inf dBFS  TPK: -15.2 -16.2 dBFS
[Parsed_ebur128_0 @ 0x148e05970] t: 151.699979 TARGET:-23 LUFS    M:   nan S:   nan     I: -32.7 LUFS       LRA:   7.6 LU  FTPK:  -inf  -inf dBFS  TPK: -15.2 -16.2 dBFS
[Parsed_ebur128_0 @ 0x148e05970] t: 151.799979 TARGET:-23 LUFS    M:   nan S:   nan     I: -32.7 LUFS       LRA:   7.6 LU  FTPK:  -inf  -inf dBFS  TPK: -15.2 -16.2 dBFS
[Parsed_ebur128_0 @ 0x148e05970] t: 151.899979 TARGET:-23 LUFS    M:   nan S:   nan     I: -32.7 LUFS       LRA:   7.6 LU  FTPK:  -inf  -inf dBFS  TPK: -15.2 -16.2 dBFS
[Parsed_ebur128_0 @ 0x148e05970] t: 151.999979 TARGET:-23 LUFS    M:   nan S:   nan     I: -32.7 LUFS       LRA:   7.6 LU  FTPK:  -inf  -inf dBFS  TPK: -15.2 -16.2 dBFS
[Parsed_ebur128_0 @ 0x148e05970] t: 152.099979 TARGET:-23 LUFS    M:   nan S:   nan     I: -32.7 LUFS       LRA:   7.6 LU  FTPK:  -inf  -inf dBFS  TPK: -15.2 -16.2 dBFS
[Parsed_ebur128_0 @ 0x148e05970] t: 152.199979 TARGET:-23 LUFS    M:   nan S:   nan     I: -32.7 LUFS       LRA:   7.6 LU  FTPK:  -inf  -inf dBFS  TPK: -15.2 -16.2 dBFS
[Parsed_ebur128_0 @ 0x148e05970] t: 152.299979 TARGET:-23 LUFS    M:   nan S:   nan     I: -32.7 LUFS       LRA:   7.6 LU  FTPK:  -inf  -inf dBFS  TPK: -15.2 -16.2 dBFS
[Parsed_ebur128_0 @ 0x148e05970] t: 152.399979 TARGET:-23 LUFS    M:   nan S:   nan     I: -32.7 LUFS       LRA:   7.6 LU  FTPK:  -inf  -inf dBFS  TPK: -15.2 -16.2 dBFS
[Parsed_ebur128_0 @ 0x148e05970] t: 152.499979 TARGET:-23 LUFS    M:   nan S:   nan     I: -32.7 LUFS       LRA:   7.6 LU  FTPK:  -inf  -inf dBFS  TPK: -15.2 -16.2 dBFS
[Parsed_ebur128_0 @ 0x148e05970] t: 152.599979 TARGET:-23 LUFS    M:   nan S:   nan     I: -32.7 LUFS       LRA:   7.6 LU  FTPK:  -inf  -inf dBFS  TPK: -15.2 -16.2 dBFS
[Parsed_ebur128_0 @ 0x148e05970] t: 152.699979 TARGET:-23 LUFS    M:   nan S:   nan     I: -32.7 LUFS       LRA:   7.6 LU  FTPK:  -inf  -inf dBFS  TPK: -15.2 -16.2 dBFS
[Parsed_ebur128_0 @ 0x148e05970] t: 152.799979 TARGET:-23 LUFS    M:   nan S:   nan     I: -32.7 LUFS       LRA:   7.6 LU  FTPK:  -inf  -inf dBFS  TPK: -15.2 -16.2 dBFS
[Parsed_ebur128_0 @ 0x148e05970] t: 152.899979 TARGET:-23 LUFS    M:   nan S:   nan     I: -32.7 LUFS       LRA:   7.6 LU  FTPK:  -inf  -inf dBFS  TPK: -15.2 -16.2 dBFS
[Parsed_ebur128_0 @ 0x148e05970] t: 152.999979 TARGET:-23 LUFS    M:   nan S:   nan     I: -32.7 LUFS       LRA:   7.6 LU  FTPK:  -inf  -inf dBFS  TPK: -15.2 -16.2 dBFS
[Parsed_ebur128_0 @ 0x148e05970] t: 153.099979 TARGET:-23 LUFS    M:   nan S:   nan     I: -32.7 LUFS       LRA:   7.6 LU  FTPK:  -inf  -inf dBFS  TPK: -15.2 -16.2 dBFS
[Parsed_ebur128_0 @ 0x148e05970] t: 153.199979 TARGET:-23 LUFS    M:   nan S:   nan     I: -32.7 LUFS       LRA:   7.6 LU  FTPK:  -inf  -inf dBFS  TPK: -15.2 -16.2 dBFS
[Parsed_ebur128_0 @ 0x148e05970] t: 153.299979 TARGET:-23 LUFS    M:   nan S:   nan     I: -32.7 LUFS       LRA:   7.6 LU  FTPK:  -inf  -inf dBFS  TPK: -15.2 -16.2 dBFS
[Parsed_ebur128_0 @ 0x148e05970] t: 153.399979 TARGET:-23 LUFS    M:   nan S:   nan     I: -32.7 LUFS       LRA:   7.6 LU  FTPK:  -inf  -inf dBFS  TPK: -15.2 -16.2 dBFS
[Parsed_ebur128_0 @ 0x148e05970] t: 153.499979 TARGET:-23 LUFS    M:   nan S:   nan     I: -32.7 LUFS       LRA:   7.6 LU  FTPK:  -inf  -inf dBFS  TPK: -15.2 -16.2 dBFS
[Parsed_ebur128_0 @ 0x148e05970] t: 153.599979 TARGET:-23 LUFS    M:   nan S:   nan     I: -32.7 LUFS       LRA:   7.6 LU  FTPK:  -inf  -inf dBFS  TPK: -15.2 -16.2 dBFS
[Parsed_ebur128_0 @ 0x148e05970] t: 153.699979 TARGET:-23 LUFS    M:   nan S:   nan     I: -32.7 LUFS       LRA:   7.6 LU  FTPK:  -inf  -inf dBFS  TPK: -15.2 -16.2 dBFS
[Parsed_ebur128_0 @ 0x148e05970] t: 153.799979 TARGET:-23 LUFS    M:   nan S:   nan     I: -32.7 LUFS       LRA:   7.6 LU  FTPK:  -inf  -inf dBFS  TPK: -15.2 -16.2 dBFS
[Parsed_ebur128_0 @ 0x148e05970] t: 153.899979 TARGET:-23 LUFS    M:   nan S:   nan     I: -32.7 LUFS       LRA:   7.6 LU  FTPK:  -inf  -inf dBFS  TPK: -15.2 -16.2 dBFS
[Parsed_ebur128_0 @ 0x148e05970] t: 153.999979 TARGET:-23 LUFS    M:   nan S:   nan     I: -32.7 LUFS       LRA:   7.6 LU  FTPK:  -inf  -inf dBFS  TPK: -15.2 -16.2 dBFS
[Parsed_ebur128_0 @ 0x148e05970] t: 154.099979 TARGET:-23 LUFS    M:   nan S:   nan     I: -32.7 LUFS       LRA:   7.6 LU  FTPK:  -inf  -inf dBFS  TPK: -15.2 -16.2 dBFS
[Parsed_ebur128_0 @ 0x148e05970] t: 154.199979 TARGET:-23 LUFS    M:   nan S:   nan     I: -32.7 LUFS       LRA:   7.6 LU  FTPK:  -inf  -inf dBFS  TPK: -15.2 -16.2 dBFS
[Parsed_ebur128_0 @ 0x148e05970] t: 154.299979 TARGET:-23 LUFS    M:   nan S:   nan     I: -32.7 LUFS       LRA:   7.6 LU  FTPK:  -inf  -inf dBFS  TPK: -15.2 -16.2 dBFS
[Parsed_ebur128_0 @ 0x148e05970] t: 154.399979 TARGET:-23 LUFS    M:   nan S:   nan     I: -32.7 LUFS       LRA:   7.6 LU  FTPK:  -inf  -inf dBFS  TPK: -15.2 -16.2 dBFS
[Parsed_ebur128_0 @ 0x148e05970] t: 154.499979 TARGET:-23 LUFS    M:   nan S:   nan     I: -32.7 LUFS       LRA:   7.6 LU  FTPK:  -inf  -inf dBFS  TPK: -15.2 -16.2 dBFS
[Parsed_ebur128_0 @ 0x148e05970] t: 154.599979 TARGET:-23 LUFS    M:   nan S:   nan     I: -32.7 LUFS       LRA:   7.6 LU  FTPK:  -inf  -inf dBFS  TPK: -15.2 -16.2 dBFS
[Parsed_ebur128_0 @ 0x148e05970] t: 154.699979 TARGET:-23 LUFS    M:   nan S:   nan     I: -32.7 LUFS       LRA:   7.6 LU  FTPK:  -inf  -inf dBFS  TPK: -15.2 -16.2 dBFS
[Parsed_ebur128_0 @ 0x148e05970] t: 154.799979 TARGET:-23 LUFS    M:   nan S:   nan     I: -32.7 LUFS       LRA:   7.6 LU  FTPK:  -inf  -inf dBFS  TPK: -15.2 -16.2 dBFS
[Parsed_ebur128_0 @ 0x148e05970] t: 154.899979 TARGET:-23 LUFS    M:   nan S:   nan     I: -32.7 LUFS       LRA:   7.6 LU  FTPK:  -inf  -inf dBFS  TPK: -15.2 -16.2 dBFS
[Parsed_ebur128_0 @ 0x148e05970] t: 154.999979 TARGET:-23 LUFS    M:   nan S:   nan     I: -32.7 LUFS       LRA:   7.6 LU  FTPK:  -inf  -inf dBFS  TPK: -15.2 -16.2 dBFS
[Parsed_ebur128_0 @ 0x148e05970] t: 155.099979 TARGET:-23 LUFS    M:   nan S:   nan     I: -32.7 LUFS       LRA:   7.6 LU  FTPK:  -inf  -inf dBFS  TPK: -15.2 -16.2 dBFS
[Parsed_ebur128_0 @ 0x148e05970] t: 155.199979 TARGET:-23 LUFS    M:   nan S:   nan     I: -32.7 LUFS       LRA:   7.6 LU  FTPK:  -inf  -inf dBFS  TPK: -15.2 -16.2 dBFS
[Parsed_ebur128_0 @ 0x148e05970] t: 155.299979 TARGET:-23 LUFS    M:   nan S:   nan     I: -32.7 LUFS       LRA:   7.6 LU  FTPK:  -inf  -inf dBFS  TPK: -15.2 -16.2 dBFS
[Parsed_ebur128_0 @ 0x148e05970] t: 155.399979 TARGET:-23 LUFS    M:   nan S:   nan     I: -32.7 LUFS       LRA:   7.6 LU  FTPK:  -inf  -inf dBFS  TPK: -15.2 -16.2 dBFS
[Parsed_ebur128_0 @ 0x148e05970] t: 155.499979 TARGET:-23 LUFS    M:   nan S:   nan     I: -32.7 LUFS       LRA:   7.6 LU  FTPK:  -inf  -inf dBFS  TPK: -15.2 -16.2 dBFS
[Parsed_ebur128_0 @ 0x148e05970] t: 155.599979 TARGET:-23 LUFS    M:   nan S:   nan     I: -32.7 LUFS       LRA:   7.6 LU  FTPK:  -inf  -inf dBFS  TPK: -15.2 -16.2 dBFS
[Parsed_ebur128_0 @ 0x148e05970] t: 155.699979 TARGET:-23 LUFS    M:   nan S:   nan     I: -32.7 LUFS       LRA:   7.6 LU  FTPK:  -inf  -inf dBFS  TPK: -15.2 -16.2 dBFS
[Parsed_ebur128_0 @ 0x148e05970] t: 155.799979 TARGET:-23 LUFS    M:   nan S:   nan     I: -32.7 LUFS       LRA:   7.6 LU  FTPK:  -inf  -inf dBFS  TPK: -15.2 -16.2 dBFS
[Parsed_ebur128_0 @ 0x148e05970] t: 155.899979 TARGET:-23 LUFS    M:   nan S:   nan     I: -32.7 LUFS       LRA:   7.6 LU  FTPK:  -inf  -inf dBFS  TPK: -15.2 -16.2 dBFS
[Parsed_ebur128_0 @ 0x148e05970] t: 155.999979 TARGET:-23 LUFS    M:   nan S:   nan     I: -32.7 LUFS       LRA:   7.6 LU  FTPK:  -inf  -inf dBFS  TPK: -15.2 -16.2 dBFS
[Parsed_ebur128_0 @ 0x148e05970] t: 156.099979 TARGET:-23 LUFS    M:   nan S:   nan     I: -32.7 LUFS       LRA:   7.6 LU  FTPK:  -inf  -inf dBFS  TPK: -15.2 -16.2 dBFS
[Parsed_ebur128_0 @ 0x148e05970] t: 156.199979 TARGET:-23 LUFS    M:   nan S:   nan     I: -32.7 LUFS       LRA:   7.6 LU  FTPK:  -inf  -inf dBFS  TPK: -15.2 -16.2 dBFS
[Parsed_ebur128_0 @ 0x148e05970] t: 156.299979 TARGET:-23 LUFS    M:   nan S:   nan     I: -32.7 LUFS       LRA:   7.6 LU  FTPK:  -inf  -inf dBFS  TPK: -15.2 -16.2 dBFS
[Parsed_ebur128_0 @ 0x148e05970] t: 156.399979 TARGET:-23 LUFS    M:   nan S:   nan     I: -32.7 LUFS       LRA:   7.6 LU  FTPK:  -inf  -inf dBFS  TPK: -15.2 -16.2 dBFS
[Parsed_ebur128_0 @ 0x148e05970] t: 156.499979 TARGET:-23 LUFS    M:   nan S:   nan     I: -32.7 LUFS       LRA:   7.6 LU  FTPK:  -inf  -inf dBFS  TPK: -15.2 -16.2 dBFS
[Parsed_ebur128_0 @ 0x148e05970] t: 156.599979 TARGET:-23 LUFS    M:   nan S:   nan     I: -32.7 LUFS       LRA:   7.6 LU  FTPK:  -inf  -inf dBFS  TPK: -15.2 -16.2 dBFS
[Parsed_ebur128_0 @ 0x148e05970] t: 156.699979 TARGET:-23 LUFS    M:   nan S:   nan     I: -32.7 LUFS       LRA:   7.6 LU  FTPK:  -inf  -inf dBFS  TPK: -15.2 -16.2 dBFS
[Parsed_ebur128_0 @ 0x148e05970] t: 156.799979 TARGET:-23 LUFS    M:   nan S:   nan     I: -32.7 LUFS       LRA:   7.6 LU  FTPK:  -inf  -inf dBFS  TPK: -15.2 -16.2 dBFS
[Parsed_ebur128_0 @ 0x148e05970] t: 156.899979 TARGET:-23 LUFS    M:   nan S:   nan     I: -32.7 LUFS       LRA:   7.6 LU  FTPK:  -inf  -inf dBFS  TPK: -15.2 -16.2 dBFS
[Parsed_ebur128_0 @ 0x148e05970] t: 156.999979 TARGET:-23 LUFS    M:   nan S:   nan     I: -32.7 LUFS       LRA:   7.6 LU  FTPK:  -inf  -inf dBFS  TPK: -15.2 -16.2 dBFS
[Parsed_ebur128_0 @ 0x148e05970] t: 157.099979 TARGET:-23 LUFS    M:   nan S:   nan     I: -32.7 LUFS       LRA:   7.6 LU  FTPK:  -inf  -inf dBFS  TPK: -15.2 -16.2 dBFS
[Parsed_ebur128_0 @ 0x148e05970] t: 157.199979 TARGET:-23 LUFS    M:   nan S:   nan     I: -32.7 LUFS       LRA:   7.6 LU  FTPK:  -inf  -inf dBFS  TPK: -15.2 -16.2 dBFS
[Parsed_ebur128_0 @ 0x148e05970] t: 157.299979 TARGET:-23 LUFS    M:   nan S:   nan     I: -32.7 LUFS       LRA:   7.6 LU  FTPK:  -inf  -inf dBFS  TPK: -15.2 -16.2 dBFS
[Parsed_ebur128_0 @ 0x148e05970] t: 157.399979 TARGET:-23 LUFS    M:   nan S:   nan     I: -32.7 LUFS       LRA:   7.6 LU  FTPK:  -inf  -inf dBFS  TPK: -15.2 -16.2 dBFS
[Parsed_ebur128_0 @ 0x148e05970] t: 157.499979 TARGET:-23 LUFS    M:   nan S:   nan     I: -32.7 LUFS       LRA:   7.6 LU  FTPK:  -inf  -inf dBFS  TPK: -15.2 -16.2 dBFS
[Parsed_ebur128_0 @ 0x148e05970] t: 157.599979 TARGET:-23 LUFS    M:   nan S:   nan     I: -32.7 LUFS       LRA:   7.6 LU  FTPK:  -inf  -inf dBFS  TPK: -15.2 -16.2 dBFS
[Parsed_ebur128_0 @ 0x148e05970] t: 157.699979 TARGET:-23 LUFS    M:   nan S:   nan     I: -32.7 LUFS       LRA:   7.6 LU  FTPK:  -inf  -inf dBFS  TPK: -15.2 -16.2 dBFS
[Parsed_ebur128_0 @ 0x148e05970] t: 157.799979 TARGET:-23 LUFS    M:   nan S:   nan     I: -32.7 LUFS       LRA:   7.6 LU  FTPK:  -inf  -inf dBFS  TPK: -15.2 -16.2 dBFS
[Parsed_ebur128_0 @ 0x148e05970] t: 157.899979 TARGET:-23 LUFS    M:   nan S:   nan     I: -32.7 LUFS       LRA:   7.6 LU  FTPK:  -inf  -inf dBFS  TPK: -15.2 -16.2 dBFS
[Parsed_ebur128_0 @ 0x148e05970] t: 157.999979 TARGET:-23 LUFS    M:   nan S:   nan     I: -32.7 LUFS       LRA:   7.6 LU  FTPK:  -inf  -inf dBFS  TPK: -15.2 -16.2 dBFS
[Parsed_ebur128_0 @ 0x148e05970] t: 158.099979 TARGET:-23 LUFS    M:   nan S:   nan     I: -32.7 LUFS       LRA:   7.6 LU  FTPK:  -inf  -inf dBFS  TPK: -15.2 -16.2 dBFS
[Parsed_ebur128_0 @ 0x148e05970] t: 158.199979 TARGET:-23 LUFS    M:   nan S:   nan     I: -32.7 LUFS       LRA:   7.6 LU  FTPK:  -inf  -inf dBFS  TPK: -15.2 -16.2 dBFS
[Parsed_ebur128_0 @ 0x148e05970] t: 158.299979 TARGET:-23 LUFS    M:   nan S:   nan     I: -32.7 LUFS       LRA:   7.6 LU  FTPK:  -inf  -inf dBFS  TPK: -15.2 -16.2 dBFS
[Parsed_ebur128_0 @ 0x148e05970] t: 158.399979 TARGET:-23 LUFS    M:   nan S:   nan     I: -32.7 LUFS       LRA:   7.6 LU  FTPK:  -inf  -inf dBFS  TPK: -15.2 -16.2 dBFS
[Parsed_ebur128_0 @ 0x148e05970] t: 158.499979 TARGET:-23 LUFS    M:   nan S:   nan     I: -32.7 LUFS       LRA:   7.6 LU  FTPK:  -inf  -inf dBFS  TPK: -15.2 -16.2 dBFS
[Parsed_ebur128_0 @ 0x148e05970] t: 158.599979 TARGET:-23 LUFS    M: -36.6 S: -45.4     I: -32.7 LUFS       LRA:   7.6 LU  FTPK: -15.7 -15.7 dBFS  TPK: -15.2 -15.7 dBFS
[Parsed_ebur128_0 @ 0x148e05970] t: 158.699979 TARGET:-23 LUFS    M: -36.1 S: -44.8     I: -32.8 LUFS       LRA:   7.7 LU  FTPK: -28.2 -28.2 dBFS  TPK: -15.2 -15.7 dBFS
[Parsed_ebur128_0 @ 0x148e05970] t: 158.799979 TARGET:-23 LUFS    M: -36.1 S: -44.8     I: -32.8 LUFS       LRA:   8.1 LU  FTPK: -83.3 -83.3 dBFS  TPK: -15.2 -15.7 dBFS
[Parsed_ebur128_0 @ 0x148e05970] t: 158.899979 TARGET:-23 LUFS    M: -36.1 S: -44.8     I: -32.8 LUFS       LRA:   8.3 LU  FTPK:  -inf  -inf dBFS  TPK: -15.2 -15.7 dBFS
[Parsed_ebur128_0 @ 0x148e05970] t: 158.999979 TARGET:-23 LUFS    M: -45.1 S: -44.8     I: -32.8 LUFS       LRA:   8.3 LU  FTPK:  -inf  -inf dBFS  TPK: -15.2 -15.7 dBFS
[Parsed_ebur128_0 @ 0x148e05970] t: 159.099979 TARGET:-23 LUFS    M:-107.0 S: -44.8     I: -32.8 LUFS       LRA:   8.3 LU  FTPK:  -inf  -inf dBFS  TPK: -15.2 -15.7 dBFS
[Parsed_ebur128_0 @ 0x148e05970] t: 159.199979 TARGET:-23 LUFS    M: -50.7 S: -44.7     I: -32.8 LUFS       LRA:   8.3 LU  FTPK: -26.5 -26.5 dBFS  TPK: -15.2 -15.7 dBFS
[Parsed_ebur128_0 @ 0x148e05970] t: 159.299979 TARGET:-23 LUFS    M: -32.6 S: -39.8     I: -32.8 LUFS       LRA:   8.3 LU  FTPK: -17.8 -17.8 dBFS  TPK: -15.2 -15.7 dBFS
[Parsed_ebur128_0 @ 0x148e05970] t: 159.399979 TARGET:-23 LUFS    M: -29.8 S: -37.6     I: -32.8 LUFS       LRA:   8.3 LU  FTPK: -18.6 -18.6 dBFS  TPK: -15.2 -15.7 dBFS
[Parsed_ebur128_0 @ 0x148e05970] t: 159.499979 TARGET:-23 LUFS    M: -28.5 S: -36.6     I: -32.7 LUFS       LRA:   8.3 LU  FTPK: -19.8 -19.8 dBFS  TPK: -15.2 -15.7 dBFS
[Parsed_ebur128_0 @ 0x148e05970] t: 159.599979 TARGET:-23 LUFS    M: -28.5 S: -36.6     I: -32.7 LUFS       LRA:   8.3 LU  FTPK: -81.2 -81.2 dBFS  TPK: -15.2 -15.7 dBFS
[Parsed_ebur128_0 @ 0x148e05970] t: 159.699979 TARGET:-23 LUFS    M: -30.6 S: -36.6     I: -32.7 LUFS       LRA:   8.3 LU  FTPK:  -inf  -inf dBFS  TPK: -15.2 -15.7 dBFS
[Parsed_ebur128_0 @ 0x148e05970] t: 159.799979 TARGET:-23 LUFS    M: -34.6 S: -36.6     I: -32.7 LUFS       LRA:   8.3 LU  FTPK:  -inf  -inf dBFS  TPK: -15.2 -15.7 dBFS
[Parsed_ebur128_0 @ 0x148e05970] t: 159.899979 TARGET:-23 LUFS    M:-104.2 S: -36.6     I: -32.7 LUFS       LRA:   8.3 LU  FTPK:  -inf  -inf dBFS  TPK: -15.2 -15.7 dBFS
[Parsed_ebur128_0 @ 0x148e05970] t: 159.999979 TARGET:-23 LUFS    M:   nan S: -36.6     I: -32.7 LUFS       LRA:   8.3 LU  FTPK:  -inf  -inf dBFS  TPK: -15.2 -15.7 dBFS
[Parsed_ebur128_0 @ 0x148e05970] t: 160.099979 TARGET:-23 LUFS    M:   nan S: -36.6     I: -32.7 LUFS       LRA:   8.3 LU  FTPK:  -inf  -inf dBFS  TPK: -15.2 -15.7 dBFS
[Parsed_ebur128_0 @ 0x148e05970] t: 160.199979 TARGET:-23 LUFS    M:   nan S: -36.6     I: -32.7 LUFS       LRA:   8.3 LU  FTPK:  -inf  -inf dBFS  TPK: -15.2 -15.7 dBFS
[Parsed_ebur128_0 @ 0x148e05970] t: 160.299979 TARGET:-23 LUFS    M:   nan S: -36.6     I: -32.7 LUFS       LRA:   8.3 LU  FTPK:  -inf  -inf dBFS  TPK: -15.2 -15.7 dBFS
[Parsed_ebur128_0 @ 0x148e05970] t: 160.399979 TARGET:-23 LUFS    M:   nan S: -36.6     I: -32.7 LUFS       LRA:   8.3 LU  FTPK:  -inf  -inf dBFS  TPK: -15.2 -15.7 dBFS
[Parsed_ebur128_0 @ 0x148e05970] t: 160.499979 TARGET:-23 LUFS    M:   nan S: -36.6     I: -32.7 LUFS       LRA:   8.3 LU  FTPK:  -inf  -inf dBFS  TPK: -15.2 -15.7 dBFS
[Parsed_ebur128_0 @ 0x148e05970] t: 160.599979 TARGET:-23 LUFS    M:   nan S: -36.6     I: -32.7 LUFS       LRA:   8.3 LU  FTPK:  -inf  -inf dBFS  TPK: -15.2 -15.7 dBFS
[Parsed_ebur128_0 @ 0x148e05970] t: 160.699979 TARGET:-23 LUFS    M:   nan S: -36.6     I: -32.7 LUFS       LRA:   8.3 LU  FTPK:  -inf  -inf dBFS  TPK: -15.2 -15.7 dBFS
[Parsed_ebur128_0 @ 0x148e05970] t: 160.799979 TARGET:-23 LUFS    M:   nan S: -36.6     I: -32.7 LUFS       LRA:   8.3 LU  FTPK:  -inf  -inf dBFS  TPK: -15.2 -15.7 dBFS
[Parsed_ebur128_0 @ 0x148e05970] t: 160.899979 TARGET:-23 LUFS    M:   nan S: -36.6     I: -32.7 LUFS       LRA:   8.3 LU  FTPK:  -inf  -inf dBFS  TPK: -15.2 -15.7 dBFS
[Parsed_ebur128_0 @ 0x148e05970] t: 160.999979 TARGET:-23 LUFS    M:   nan S: -36.6     I: -32.7 LUFS       LRA:   8.3 LU  FTPK:  -inf  -inf dBFS  TPK: -15.2 -15.7 dBFS
[Parsed_ebur128_0 @ 0x148e05970] t: 161.099979 TARGET:-23 LUFS    M:   nan S: -36.6     I: -32.7 LUFS       LRA:   8.3 LU  FTPK:  -inf  -inf dBFS  TPK: -15.2 -15.7 dBFS
[Parsed_ebur128_0 @ 0x148e05970] t: 161.199979 TARGET:-23 LUFS    M:   nan S: -36.6     I: -32.7 LUFS       LRA:   8.3 LU  FTPK:  -inf  -inf dBFS  TPK: -15.2 -15.7 dBFS
[Parsed_ebur128_0 @ 0x148e05970] t: 161.299979 TARGET:-23 LUFS    M:   nan S: -36.6     I: -32.7 LUFS       LRA:   8.3 LU  FTPK:  -inf  -inf dBFS  TPK: -15.2 -15.7 dBFS
[Parsed_ebur128_0 @ 0x148e05970] t: 161.399979 TARGET:-23 LUFS    M:   nan S: -36.6     I: -32.7 LUFS       LRA:   8.3 LU  FTPK:  -inf  -inf dBFS  TPK: -15.2 -15.7 dBFS
[Parsed_ebur128_0 @ 0x148e05970] t: 161.499979 TARGET:-23 LUFS    M:   nan S: -36.6     I: -32.7 LUFS       LRA:   8.3 LU  FTPK:  -inf  -inf dBFS  TPK: -15.2 -15.7 dBFS
[Parsed_ebur128_0 @ 0x148e05970] t: 161.599979 TARGET:-23 LUFS    M:   nan S: -37.2     I: -32.7 LUFS       LRA:   8.3 LU  FTPK:  -inf  -inf dBFS  TPK: -15.2 -15.7 dBFS
[Parsed_ebur128_0 @ 0x148e05970] t: 161.699979 TARGET:-23 LUFS    M:   nan S: -37.3     I: -32.7 LUFS       LRA:   8.3 LU  FTPK:  -inf  -inf dBFS  TPK: -15.2 -15.7 dBFS
[Parsed_ebur128_0 @ 0x148e05970] t: 161.799979 TARGET:-23 LUFS    M:   nan S: -37.3     I: -32.7 LUFS       LRA:   8.3 LU  FTPK:  -inf  -inf dBFS  TPK: -15.2 -15.7 dBFS
[Parsed_ebur128_0 @ 0x148e05970] t: 161.899979 TARGET:-23 LUFS    M:   nan S: -37.3     I: -32.7 LUFS       LRA:   8.3 LU  FTPK:  -inf  -inf dBFS  TPK: -15.2 -15.7 dBFS
[Parsed_ebur128_0 @ 0x148e05970] t: 161.999979 TARGET:-23 LUFS    M:   nan S: -37.3     I: -32.7 LUFS       LRA:   8.3 LU  FTPK:  -inf  -inf dBFS  TPK: -15.2 -15.7 dBFS
[Parsed_ebur128_0 @ 0x148e05970] t: 162.099979 TARGET:-23 LUFS    M:   nan S: -37.3     I: -32.7 LUFS       LRA:   8.3 LU  FTPK:  -inf  -inf dBFS  TPK: -15.2 -15.7 dBFS
[Parsed_ebur128_0 @ 0x148e05970] t: 162.199979 TARGET:-23 LUFS    M:   nan S: -37.3     I: -32.7 LUFS       LRA:   8.1 LU  FTPK:  -inf  -inf dBFS  TPK: -15.2 -15.7 dBFS
[Parsed_ebur128_0 @ 0x148e05970] t: 162.299979 TARGET:-23 LUFS    M:   nan S: -39.4     I: -32.7 LUFS       LRA:   8.1 LU  FTPK:  -inf  -inf dBFS  TPK: -15.2 -15.7 dBFS
[Parsed_ebur128_0 @ 0x148e05970] t: 162.399979 TARGET:-23 LUFS    M:   nan S: -43.3     I: -32.7 LUFS       LRA:   8.1 LU  FTPK:  -inf  -inf dBFS  TPK: -15.2 -15.7 dBFS
[Parsed_ebur128_0 @ 0x148e05970] t: 162.499979 TARGET:-23 LUFS    M:   nan S:-113.0     I: -32.7 LUFS       LRA:   8.1 LU  FTPK:  -inf  -inf dBFS  TPK: -15.2 -15.7 dBFS
[Parsed_ebur128_0 @ 0x148e05970] t: 162.599979 TARGET:-23 LUFS    M:   nan S:   nan     I: -32.7 LUFS       LRA:   8.1 LU  FTPK:  -inf  -inf dBFS  TPK: -15.2 -15.7 dBFS
[Parsed_ebur128_0 @ 0x148e05970] t: 162.699979 TARGET:-23 LUFS    M:   nan S:   nan     I: -32.7 LUFS       LRA:   8.1 LU  FTPK:  -inf  -inf dBFS  TPK: -15.2 -15.7 dBFS
[Parsed_ebur128_0 @ 0x148e05970] t: 162.799979 TARGET:-23 LUFS    M:   nan S:   nan     I: -32.7 LUFS       LRA:   8.1 LU  FTPK:  -inf  -inf dBFS  TPK: -15.2 -15.7 dBFS
[Parsed_ebur128_0 @ 0x148e05970] t: 162.899979 TARGET:-23 LUFS    M:   nan S:   nan     I: -32.7 LUFS       LRA:   8.1 LU  FTPK:  -inf  -inf dBFS  TPK: -15.2 -15.7 dBFS
[Parsed_ebur128_0 @ 0x148e05970] t: 162.999979 TARGET:-23 LUFS    M:   nan S:   nan     I: -32.7 LUFS       LRA:   8.1 LU  FTPK:  -inf  -inf dBFS  TPK: -15.2 -15.7 dBFS
[Parsed_ebur128_0 @ 0x148e05970] t: 163.099979 TARGET:-23 LUFS    M:   nan S:   nan     I: -32.7 LUFS       LRA:   8.1 LU  FTPK:  -inf  -inf dBFS  TPK: -15.2 -15.7 dBFS
[Parsed_ebur128_0 @ 0x148e05970] t: 163.199979 TARGET:-23 LUFS    M:   nan S:   nan     I: -32.7 LUFS       LRA:   8.1 LU  FTPK:  -inf  -inf dBFS  TPK: -15.2 -15.7 dBFS
[Parsed_ebur128_0 @ 0x148e05970] t: 163.299979 TARGET:-23 LUFS    M:   nan S:   nan     I: -32.7 LUFS       LRA:   8.1 LU  FTPK:  -inf  -inf dBFS  TPK: -15.2 -15.7 dBFS
[Parsed_ebur128_0 @ 0x148e05970] t: 163.399979 TARGET:-23 LUFS    M:   nan S:   nan     I: -32.7 LUFS       LRA:   8.1 LU  FTPK:  -inf  -inf dBFS  TPK: -15.2 -15.7 dBFS
[Parsed_ebur128_0 @ 0x148e05970] t: 163.499979 TARGET:-23 LUFS    M:   nan S:   nan     I: -32.7 LUFS       LRA:   8.1 LU  FTPK:  -inf  -inf dBFS  TPK: -15.2 -15.7 dBFS
[Parsed_ebur128_0 @ 0x148e05970] t: 163.599979 TARGET:-23 LUFS    M:   nan S:   nan     I: -32.7 LUFS       LRA:   8.1 LU  FTPK:  -inf  -inf dBFS  TPK: -15.2 -15.7 dBFS
[Parsed_ebur128_0 @ 0x148e05970] t: 163.699979 TARGET:-23 LUFS    M:   nan S:   nan     I: -32.7 LUFS       LRA:   8.1 LU  FTPK:  -inf  -inf dBFS  TPK: -15.2 -15.7 dBFS
[Parsed_ebur128_0 @ 0x148e05970] t: 163.799979 TARGET:-23 LUFS    M:   nan S:   nan     I: -32.7 LUFS       LRA:   8.1 LU  FTPK:  -inf  -inf dBFS  TPK: -15.2 -15.7 dBFS
[Parsed_ebur128_0 @ 0x148e05970] t: 163.899979 TARGET:-23 LUFS    M:   nan S:   nan     I: -32.7 LUFS       LRA:   8.1 LU  FTPK:  -inf  -inf dBFS  TPK: -15.2 -15.7 dBFS
[Parsed_ebur128_0 @ 0x148e05970] t: 163.999979 TARGET:-23 LUFS    M:   nan S:   nan     I: -32.7 LUFS       LRA:   8.1 LU  FTPK:  -inf  -inf dBFS  TPK: -15.2 -15.7 dBFS
[Parsed_ebur128_0 @ 0x148e05970] t: 164.099979 TARGET:-23 LUFS    M:   nan S:   nan     I: -32.7 LUFS       LRA:   8.1 LU  FTPK:  -inf  -inf dBFS  TPK: -15.2 -15.7 dBFS
[Parsed_ebur128_0 @ 0x148e05970] t: 164.199979 TARGET:-23 LUFS    M:   nan S:   nan     I: -32.7 LUFS       LRA:   8.1 LU  FTPK:  -inf  -inf dBFS  TPK: -15.2 -15.7 dBFS
[Parsed_ebur128_0 @ 0x148e05970] t: 164.299979 TARGET:-23 LUFS    M:   nan S:   nan     I: -32.7 LUFS       LRA:   8.1 LU  FTPK:  -inf  -inf dBFS  TPK: -15.2 -15.7 dBFS
[Parsed_ebur128_0 @ 0x148e05970] t: 164.399979 TARGET:-23 LUFS    M:   nan S:   nan     I: -32.7 LUFS       LRA:   8.1 LU  FTPK:  -inf  -inf dBFS  TPK: -15.2 -15.7 dBFS
[Parsed_ebur128_0 @ 0x148e05970] t: 164.499979 TARGET:-23 LUFS    M:   nan S:   nan     I: -32.7 LUFS       LRA:   8.1 LU  FTPK:  -inf  -inf dBFS  TPK: -15.2 -15.7 dBFS
[Parsed_ebur128_0 @ 0x148e05970] t: 164.599979 TARGET:-23 LUFS    M:   nan S:   nan     I: -32.7 LUFS       LRA:   8.1 LU  FTPK:  -inf  -inf dBFS  TPK: -15.2 -15.7 dBFS
[Parsed_ebur128_0 @ 0x148e05970] t: 164.699979 TARGET:-23 LUFS    M:   nan S:   nan     I: -32.7 LUFS       LRA:   8.1 LU  FTPK:  -inf  -inf dBFS  TPK: -15.2 -15.7 dBFS
[Parsed_ebur128_0 @ 0x148e05970] t: 164.799979 TARGET:-23 LUFS    M:   nan S:   nan     I: -32.7 LUFS       LRA:   8.1 LU  FTPK:  -inf  -inf dBFS  TPK: -15.2 -15.7 dBFS
[Parsed_ebur128_0 @ 0x148e05970] t: 164.899979 TARGET:-23 LUFS    M:   nan S:   nan     I: -32.7 LUFS       LRA:   8.1 LU  FTPK:  -inf  -inf dBFS  TPK: -15.2 -15.7 dBFS
[Parsed_ebur128_0 @ 0x148e05970] t: 164.999979 TARGET:-23 LUFS    M:   nan S:   nan     I: -32.7 LUFS       LRA:   8.1 LU  FTPK:  -inf  -inf dBFS  TPK: -15.2 -15.7 dBFS
[Parsed_ebur128_0 @ 0x148e05970] t: 165.099979 TARGET:-23 LUFS    M:   nan S:   nan     I: -32.7 LUFS       LRA:   8.1 LU  FTPK:  -inf  -inf dBFS  TPK: -15.2 -15.7 dBFS
[Parsed_ebur128_0 @ 0x148e05970] t: 165.199979 TARGET:-23 LUFS    M:   nan S:   nan     I: -32.7 LUFS       LRA:   8.1 LU  FTPK:  -inf  -inf dBFS  TPK: -15.2 -15.7 dBFS
[Parsed_ebur128_0 @ 0x148e05970] t: 165.299979 TARGET:-23 LUFS    M:   nan S:   nan     I: -32.7 LUFS       LRA:   8.1 LU  FTPK:  -inf  -inf dBFS  TPK: -15.2 -15.7 dBFS
[Parsed_ebur128_0 @ 0x148e05970] t: 165.399979 TARGET:-23 LUFS    M:   nan S:   nan     I: -32.7 LUFS       LRA:   8.1 LU  FTPK:  -inf  -inf dBFS  TPK: -15.2 -15.7 dBFS
[Parsed_ebur128_0 @ 0x148e05970] t: 165.499979 TARGET:-23 LUFS    M:   nan S:   nan     I: -32.7 LUFS       LRA:   8.1 LU  FTPK:  -inf  -inf dBFS  TPK: -15.2 -15.7 dBFS
[Parsed_ebur128_0 @ 0x148e05970] t: 165.599979 TARGET:-23 LUFS    M:   nan S:   nan     I: -32.7 LUFS       LRA:   8.1 LU  FTPK:  -inf  -inf dBFS  TPK: -15.2 -15.7 dBFS
[Parsed_ebur128_0 @ 0x148e05970] t: 165.699979 TARGET:-23 LUFS    M:   nan S:   nan     I: -32.7 LUFS       LRA:   8.1 LU  FTPK:  -inf  -inf dBFS  TPK: -15.2 -15.7 dBFS
[Parsed_ebur128_0 @ 0x148e05970] t: 165.799979 TARGET:-23 LUFS    M:   nan S:   nan     I: -32.7 LUFS       LRA:   8.1 LU  FTPK:  -inf  -inf dBFS  TPK: -15.2 -15.7 dBFS
[Parsed_ebur128_0 @ 0x148e05970] t: 165.899979 TARGET:-23 LUFS    M:   nan S:   nan     I: -32.7 LUFS       LRA:   8.1 LU  FTPK:  -inf  -inf dBFS  TPK: -15.2 -15.7 dBFS
[Parsed_ebur128_0 @ 0x148e05970] t: 165.999979 TARGET:-23 LUFS    M:   nan S:   nan     I: -32.7 LUFS       LRA:   8.1 LU  FTPK:  -inf  -inf dBFS  TPK: -15.2 -15.7 dBFS
[Parsed_ebur128_0 @ 0x148e05970] t: 166.099979 TARGET:-23 LUFS    M:   nan S:   nan     I: -32.7 LUFS       LRA:   8.1 LU  FTPK:  -inf  -inf dBFS  TPK: -15.2 -15.7 dBFS
[Parsed_ebur128_0 @ 0x148e05970] t: 166.199979 TARGET:-23 LUFS    M:   nan S:   nan     I: -32.7 LUFS       LRA:   8.1 LU  FTPK:  -inf  -inf dBFS  TPK: -15.2 -15.7 dBFS
[Parsed_ebur128_0 @ 0x148e05970] t: 166.299979 TARGET:-23 LUFS    M:   nan S:   nan     I: -32.7 LUFS       LRA:   8.1 LU  FTPK:  -inf  -inf dBFS  TPK: -15.2 -15.7 dBFS
[Parsed_ebur128_0 @ 0x148e05970] t: 166.399979 TARGET:-23 LUFS    M:   nan S:   nan     I: -32.7 LUFS       LRA:   8.1 LU  FTPK:  -inf  -inf dBFS  TPK: -15.2 -15.7 dBFS
[Parsed_ebur128_0 @ 0x148e05970] t: 166.499979 TARGET:-23 LUFS    M:   nan S:   nan     I: -32.7 LUFS       LRA:   8.1 LU  FTPK:  -inf  -inf dBFS  TPK: -15.2 -15.7 dBFS
[Parsed_ebur128_0 @ 0x148e05970] t: 166.599979 TARGET:-23 LUFS    M:   nan S:   nan     I: -32.7 LUFS       LRA:   8.1 LU  FTPK:  -inf  -inf dBFS  TPK: -15.2 -15.7 dBFS
[Parsed_ebur128_0 @ 0x148e05970] t: 166.699979 TARGET:-23 LUFS    M:   nan S:   nan     I: -32.7 LUFS       LRA:   8.1 LU  FTPK:  -inf  -inf dBFS  TPK: -15.2 -15.7 dBFS
[Parsed_ebur128_0 @ 0x148e05970] t: 166.799979 TARGET:-23 LUFS    M:   nan S:   nan     I: -32.7 LUFS       LRA:   8.1 LU  FTPK:  -inf  -inf dBFS  TPK: -15.2 -15.7 dBFS
[Parsed_ebur128_0 @ 0x148e05970] t: 166.899979 TARGET:-23 LUFS    M:   nan S:   nan     I: -32.7 LUFS       LRA:   8.1 LU  FTPK:  -inf  -inf dBFS  TPK: -15.2 -15.7 dBFS
[Parsed_ebur128_0 @ 0x148e05970] t: 166.999979 TARGET:-23 LUFS    M:   nan S:   nan     I: -32.7 LUFS       LRA:   8.1 LU  FTPK:  -inf  -inf dBFS  TPK: -15.2 -15.7 dBFS
[Parsed_ebur128_0 @ 0x148e05970] t: 167.099979 TARGET:-23 LUFS    M:   nan S:   nan     I: -32.7 LUFS       LRA:   8.1 LU  FTPK:  -inf  -inf dBFS  TPK: -15.2 -15.7 dBFS
[Parsed_ebur128_0 @ 0x148e05970] t: 167.199979 TARGET:-23 LUFS    M:   nan S:   nan     I: -32.7 LUFS       LRA:   8.1 LU  FTPK:  -inf  -inf dBFS  TPK: -15.2 -15.7 dBFS
[Parsed_ebur128_0 @ 0x148e05970] t: 167.299979 TARGET:-23 LUFS    M:   nan S:   nan     I: -32.7 LUFS       LRA:   8.1 LU  FTPK:  -inf  -inf dBFS  TPK: -15.2 -15.7 dBFS
[Parsed_ebur128_0 @ 0x148e05970] t: 167.399979 TARGET:-23 LUFS    M:   nan S:   nan     I: -32.7 LUFS       LRA:   8.1 LU  FTPK:  -inf  -inf dBFS  TPK: -15.2 -15.7 dBFS
[Parsed_ebur128_0 @ 0x148e05970] t: 167.499979 TARGET:-23 LUFS    M:   nan S:   nan     I: -32.7 LUFS       LRA:   8.1 LU  FTPK:  -inf  -inf dBFS  TPK: -15.2 -15.7 dBFS
[Parsed_ebur128_0 @ 0x148e05970] t: 167.599979 TARGET:-23 LUFS    M:   nan S:   nan     I: -32.7 LUFS       LRA:   8.1 LU  FTPK:  -inf  -inf dBFS  TPK: -15.2 -15.7 dBFS
[Parsed_ebur128_0 @ 0x148e05970] t: 167.699979 TARGET:-23 LUFS    M:   nan S:   nan     I: -32.7 LUFS       LRA:   8.1 LU  FTPK:  -inf  -inf dBFS  TPK: -15.2 -15.7 dBFS
[Parsed_ebur128_0 @ 0x148e05970] t: 167.799979 TARGET:-23 LUFS    M:   nan S:   nan     I: -32.7 LUFS       LRA:   8.1 LU  FTPK:  -inf  -inf dBFS  TPK: -15.2 -15.7 dBFS
[Parsed_ebur128_0 @ 0x148e05970] t: 167.899979 TARGET:-23 LUFS    M:   nan S:   nan     I: -32.7 LUFS       LRA:   8.1 LU  FTPK:  -inf  -inf dBFS  TPK: -15.2 -15.7 dBFS
[Parsed_ebur128_0 @ 0x148e05970] t: 167.999979 TARGET:-23 LUFS    M:   nan S:   nan     I: -32.7 LUFS       LRA:   8.1 LU  FTPK:  -inf  -inf dBFS  TPK: -15.2 -15.7 dBFS
[Parsed_ebur128_0 @ 0x148e05970] t: 168.099979 TARGET:-23 LUFS    M:   nan S:   nan     I: -32.7 LUFS       LRA:   8.1 LU  FTPK:  -inf  -inf dBFS  TPK: -15.2 -15.7 dBFS
[Parsed_ebur128_0 @ 0x148e05970] t: 168.199979 TARGET:-23 LUFS    M: -35.1 S: -43.9     I: -32.7 LUFS       LRA:   8.3 LU  FTPK: -16.9 -16.9 dBFS  TPK: -15.2 -15.7 dBFS
[Parsed_ebur128_0 @ 0x148e05970] t: 168.299979 TARGET:-23 LUFS    M: -34.1 S: -42.9     I: -32.7 LUFS       LRA:   8.3 LU  FTPK: -23.6 -23.6 dBFS  TPK: -15.2 -15.7 dBFS
[Parsed_ebur128_0 @ 0x148e05970] t: 168.399979 TARGET:-23 LUFS    M: -34.1 S: -42.9     I: -32.7 LUFS       LRA:   8.3 LU  FTPK: -46.9 -46.9 dBFS  TPK: -15.2 -15.7 dBFS
[Parsed_ebur128_0 @ 0x148e05970] t: 168.499979 TARGET:-23 LUFS    M: -34.1 S: -42.9     I: -32.7 LUFS       LRA:   8.3 LU  FTPK:  -inf  -inf dBFS  TPK: -15.2 -15.7 dBFS
[Parsed_ebur128_0 @ 0x148e05970] t: 168.599979 TARGET:-23 LUFS    M: -41.0 S: -42.9     I: -32.7 LUFS       LRA:   8.3 LU  FTPK:  -inf  -inf dBFS  TPK: -15.2 -15.7 dBFS
[Parsed_ebur128_0 @ 0x148e05970] t: 168.699979 TARGET:-23 LUFS    M: -64.7 S: -42.9     I: -32.7 LUFS       LRA:   8.3 LU  FTPK:  -inf  -inf dBFS  TPK: -15.2 -15.7 dBFS
[Parsed_ebur128_0 @ 0x148e05970] t: 168.799979 TARGET:-23 LUFS    M:   nan S: -42.9     I: -32.7 LUFS       LRA:   8.3 LU  FTPK:  -inf  -inf dBFS  TPK: -15.2 -15.7 dBFS
[Parsed_ebur128_0 @ 0x148e05970] t: 168.899979 TARGET:-23 LUFS    M:   nan S: -42.9     I: -32.7 LUFS       LRA:   8.1 LU  FTPK:  -inf  -inf dBFS  TPK: -15.2 -15.7 dBFS
[Parsed_ebur128_0 @ 0x148e05970] t: 168.999979 TARGET:-23 LUFS    M:   nan S: -42.9     I: -32.7 LUFS       LRA:   8.1 LU  FTPK:  -inf  -inf dBFS  TPK: -15.2 -15.7 dBFS
[Parsed_ebur128_0 @ 0x148e05970] t: 169.099979 TARGET:-23 LUFS    M:   nan S: -42.9     I: -32.7 LUFS       LRA:   8.1 LU  FTPK:  -inf  -inf dBFS  TPK: -15.2 -15.7 dBFS
[Parsed_ebur128_0 @ 0x148e05970] t: 169.199979 TARGET:-23 LUFS    M:   nan S: -42.9     I: -32.7 LUFS       LRA:   8.1 LU  FTPK:  -inf  -inf dBFS  TPK: -15.2 -15.7 dBFS
[Parsed_ebur128_0 @ 0x148e05970] t: 169.299979 TARGET:-23 LUFS    M:   nan S: -42.9     I: -32.7 LUFS       LRA:   8.1 LU  FTPK:  -inf  -inf dBFS  TPK: -15.2 -15.7 dBFS
[Parsed_ebur128_0 @ 0x148e05970] t: 169.399979 TARGET:-23 LUFS    M:   nan S: -42.9     I: -32.7 LUFS       LRA:   8.1 LU  FTPK:  -inf  -inf dBFS  TPK: -15.2 -15.7 dBFS
[Parsed_ebur128_0 @ 0x148e05970] t: 169.499979 TARGET:-23 LUFS    M:   nan S: -42.9     I: -32.7 LUFS       LRA:   8.1 LU  FTPK:  -inf  -inf dBFS  TPK: -15.2 -15.7 dBFS
[Parsed_ebur128_0 @ 0x148e05970] t: 169.599979 TARGET:-23 LUFS    M:   nan S: -42.9     I: -32.7 LUFS       LRA:   8.1 LU  FTPK:  -inf  -inf dBFS  TPK: -15.2 -15.7 dBFS
[Parsed_ebur128_0 @ 0x148e05970] t: 169.699979 TARGET:-23 LUFS    M:   nan S: -42.9     I: -32.7 LUFS       LRA:   8.1 LU  FTPK:  -inf  -inf dBFS  TPK: -15.2 -15.7 dBFS
[Parsed_ebur128_0 @ 0x148e05970] t: 169.799979 TARGET:-23 LUFS    M:   nan S: -42.9     I: -32.7 LUFS       LRA:   8.1 LU  FTPK:  -inf  -inf dBFS  TPK: -15.2 -15.7 dBFS
[Parsed_ebur128_0 @ 0x148e05970] t: 169.899979 TARGET:-23 LUFS    M:   nan S: -42.9     I: -32.7 LUFS       LRA:   7.7 LU  FTPK:  -inf  -inf dBFS  TPK: -15.2 -15.7 dBFS
[Parsed_ebur128_0 @ 0x148e05970] t: 169.999979 TARGET:-23 LUFS    M:   nan S: -42.9     I: -32.7 LUFS       LRA:   7.7 LU  FTPK:  -inf  -inf dBFS  TPK: -15.2 -15.7 dBFS
[Parsed_ebur128_0 @ 0x148e05970] t: 170.099979 TARGET:-23 LUFS    M:   nan S: -42.9     I: -32.7 LUFS       LRA:   7.7 LU  FTPK:  -inf  -inf dBFS  TPK: -15.2 -15.7 dBFS
[Parsed_ebur128_0 @ 0x148e05970] t: 170.199979 TARGET:-23 LUFS    M:   nan S: -42.9     I: -32.7 LUFS       LRA:   7.7 LU  FTPK:  -inf  -inf dBFS  TPK: -15.2 -15.7 dBFS
[Parsed_ebur128_0 @ 0x148e05970] t: 170.299979 TARGET:-23 LUFS    M:   nan S: -42.9     I: -32.7 LUFS       LRA:   7.7 LU  FTPK:  -inf  -inf dBFS  TPK: -15.2 -15.7 dBFS
[Parsed_ebur128_0 @ 0x148e05970] t: 170.399979 TARGET:-23 LUFS    M:   nan S: -42.9     I: -32.7 LUFS       LRA:   7.7 LU  FTPK:  -inf  -inf dBFS  TPK: -15.2 -15.7 dBFS
[Parsed_ebur128_0 @ 0x148e05970] t: 170.499979 TARGET:-23 LUFS    M:   nan S: -42.9     I: -32.7 LUFS       LRA:   7.7 LU  FTPK:  -inf  -inf dBFS  TPK: -15.2 -15.7 dBFS
[Parsed_ebur128_0 @ 0x148e05970] t: 170.599979 TARGET:-23 LUFS    M:   nan S: -42.9     I: -32.7 LUFS       LRA:   7.7 LU  FTPK:  -inf  -inf dBFS  TPK: -15.2 -15.7 dBFS
[Parsed_ebur128_0 @ 0x148e05970] t: 170.699979 TARGET:-23 LUFS    M:   nan S: -42.9     I: -32.7 LUFS       LRA:   7.7 LU  FTPK:  -inf  -inf dBFS  TPK: -15.2 -15.7 dBFS
[Parsed_ebur128_0 @ 0x148e05970] t: 170.799979 TARGET:-23 LUFS    M:   nan S: -42.9     I: -32.7 LUFS       LRA:   7.7 LU  FTPK:  -inf  -inf dBFS  TPK: -15.2 -15.7 dBFS
[Parsed_ebur128_0 @ 0x148e05970] t: 170.899979 TARGET:-23 LUFS    M:   nan S: -42.9     I: -32.7 LUFS       LRA:   7.7 LU  FTPK:  -inf  -inf dBFS  TPK: -15.2 -15.7 dBFS
[Parsed_ebur128_0 @ 0x148e05970] t: 170.999979 TARGET:-23 LUFS    M:   nan S: -42.9     I: -32.7 LUFS       LRA:   7.7 LU  FTPK:  -inf  -inf dBFS  TPK: -15.2 -15.7 dBFS
[Parsed_ebur128_0 @ 0x148e05970] t: 171.099979 TARGET:-23 LUFS    M:   nan S: -42.9     I: -32.7 LUFS       LRA:   7.7 LU  FTPK:  -inf  -inf dBFS  TPK: -15.2 -15.7 dBFS
[Parsed_ebur128_0 @ 0x148e05970] t: 171.199979 TARGET:-23 LUFS    M:   nan S: -49.7     I: -32.7 LUFS       LRA:   7.7 LU  FTPK:  -inf  -inf dBFS  TPK: -15.2 -15.7 dBFS
[Parsed_ebur128_0 @ 0x148e05970] t: 171.299979 TARGET:-23 LUFS    M:   nan S: -73.5     I: -32.7 LUFS       LRA:   7.7 LU  FTPK:  -inf  -inf dBFS  TPK: -15.2 -15.7 dBFS
[Parsed_ebur128_0 @ 0x148e05970] t: 171.399979 TARGET:-23 LUFS    M:   nan S:   nan     I: -32.7 LUFS       LRA:   7.7 LU  FTPK:  -inf  -inf dBFS  TPK: -15.2 -15.7 dBFS
[Parsed_ebur128_0 @ 0x148e05970] t: 171.499979 TARGET:-23 LUFS    M:   nan S:   nan     I: -32.7 LUFS       LRA:   7.7 LU  FTPK:  -inf  -inf dBFS  TPK: -15.2 -15.7 dBFS
[Parsed_ebur128_0 @ 0x148e05970] t: 171.599979 TARGET:-23 LUFS    M:   nan S:   nan     I: -32.7 LUFS       LRA:   7.7 LU  FTPK:  -inf  -inf dBFS  TPK: -15.2 -15.7 dBFS
[Parsed_ebur128_0 @ 0x148e05970] t: 171.699979 TARGET:-23 LUFS    M:   nan S:   nan     I: -32.7 LUFS       LRA:   7.7 LU  FTPK:  -inf  -inf dBFS  TPK: -15.2 -15.7 dBFS
[Parsed_ebur128_0 @ 0x148e05970] t: 171.799979 TARGET:-23 LUFS    M:   nan S:   nan     I: -32.7 LUFS       LRA:   7.7 LU  FTPK:  -inf  -inf dBFS  TPK: -15.2 -15.7 dBFS
[Parsed_ebur128_0 @ 0x148e05970] t: 171.899979 TARGET:-23 LUFS    M:   nan S:   nan     I: -32.7 LUFS       LRA:   7.7 LU  FTPK:  -inf  -inf dBFS  TPK: -15.2 -15.7 dBFS
[Parsed_ebur128_0 @ 0x148e05970] t: 171.999979 TARGET:-23 LUFS    M:   nan S:   nan     I: -32.7 LUFS       LRA:   7.7 LU  FTPK:  -inf  -inf dBFS  TPK: -15.2 -15.7 dBFS
[Parsed_ebur128_0 @ 0x148e05970] t: 172.099979 TARGET:-23 LUFS    M:   nan S:   nan     I: -32.7 LUFS       LRA:   7.7 LU  FTPK:  -inf  -inf dBFS  TPK: -15.2 -15.7 dBFS
[Parsed_ebur128_0 @ 0x148e05970] t: 172.199979 TARGET:-23 LUFS    M:   nan S:   nan     I: -32.7 LUFS       LRA:   7.7 LU  FTPK:  -inf  -inf dBFS  TPK: -15.2 -15.7 dBFS
[Parsed_ebur128_0 @ 0x148e05970] t: 172.299979 TARGET:-23 LUFS    M:   nan S:   nan     I: -32.7 LUFS       LRA:   7.7 LU  FTPK:  -inf  -inf dBFS  TPK: -15.2 -15.7 dBFS
[Parsed_ebur128_0 @ 0x148e05970] t: 172.399979 TARGET:-23 LUFS    M:   nan S:   nan     I: -32.7 LUFS       LRA:   7.7 LU  FTPK:  -inf  -inf dBFS  TPK: -15.2 -15.7 dBFS
[Parsed_ebur128_0 @ 0x148e05970] t: 172.499979 TARGET:-23 LUFS    M:   nan S:   nan     I: -32.7 LUFS       LRA:   7.7 LU  FTPK:  -inf  -inf dBFS  TPK: -15.2 -15.7 dBFS
[Parsed_ebur128_0 @ 0x148e05970] t: 172.599979 TARGET:-23 LUFS    M:   nan S:   nan     I: -32.7 LUFS       LRA:   7.7 LU  FTPK:  -inf  -inf dBFS  TPK: -15.2 -15.7 dBFS
[Parsed_ebur128_0 @ 0x148e05970] t: 172.699979 TARGET:-23 LUFS    M:   nan S:   nan     I: -32.7 LUFS       LRA:   7.7 LU  FTPK:  -inf  -inf dBFS  TPK: -15.2 -15.7 dBFS
[Parsed_ebur128_0 @ 0x148e05970] t: 172.799979 TARGET:-23 LUFS    M:   nan S:   nan     I: -32.7 LUFS       LRA:   7.7 LU  FTPK:  -inf  -inf dBFS  TPK: -15.2 -15.7 dBFS
[Parsed_ebur128_0 @ 0x148e05970] t: 172.899979 TARGET:-23 LUFS    M:   nan S:   nan     I: -32.7 LUFS       LRA:   7.7 LU  FTPK:  -inf  -inf dBFS  TPK: -15.2 -15.7 dBFS
[Parsed_ebur128_0 @ 0x148e05970] t: 172.999979 TARGET:-23 LUFS    M:   nan S:   nan     I: -32.7 LUFS       LRA:   7.7 LU  FTPK:  -inf  -inf dBFS  TPK: -15.2 -15.7 dBFS
[Parsed_ebur128_0 @ 0x148e05970] t: 173.099979 TARGET:-23 LUFS    M:   nan S:   nan     I: -32.7 LUFS       LRA:   7.7 LU  FTPK:  -inf  -inf dBFS  TPK: -15.2 -15.7 dBFS
[Parsed_ebur128_0 @ 0x148e05970] t: 173.199979 TARGET:-23 LUFS    M:   nan S:   nan     I: -32.7 LUFS       LRA:   7.7 LU  FTPK:  -inf  -inf dBFS  TPK: -15.2 -15.7 dBFS
[Parsed_ebur128_0 @ 0x148e05970] t: 173.299979 TARGET:-23 LUFS    M:   nan S:   nan     I: -32.7 LUFS       LRA:   7.7 LU  FTPK:  -inf  -inf dBFS  TPK: -15.2 -15.7 dBFS
[Parsed_ebur128_0 @ 0x148e05970] t: 173.399979 TARGET:-23 LUFS    M:   nan S:   nan     I: -32.7 LUFS       LRA:   7.7 LU  FTPK:  -inf  -inf dBFS  TPK: -15.2 -15.7 dBFS
[Parsed_ebur128_0 @ 0x148e05970] t: 173.499979 TARGET:-23 LUFS    M:   nan S:   nan     I: -32.7 LUFS       LRA:   7.7 LU  FTPK:  -inf  -inf dBFS  TPK: -15.2 -15.7 dBFS
[Parsed_ebur128_0 @ 0x148e05970] t: 173.599979 TARGET:-23 LUFS    M:   nan S:   nan     I: -32.7 LUFS       LRA:   7.7 LU  FTPK:  -inf  -inf dBFS  TPK: -15.2 -15.7 dBFS
[Parsed_ebur128_0 @ 0x148e05970] t: 173.699979 TARGET:-23 LUFS    M:   nan S:   nan     I: -32.7 LUFS       LRA:   7.7 LU  FTPK:  -inf  -inf dBFS  TPK: -15.2 -15.7 dBFS
[Parsed_ebur128_0 @ 0x148e05970] t: 173.799979 TARGET:-23 LUFS    M:   nan S:   nan     I: -32.7 LUFS       LRA:   7.7 LU  FTPK:  -inf  -inf dBFS  TPK: -15.2 -15.7 dBFS
[Parsed_ebur128_0 @ 0x148e05970] t: 173.899979 TARGET:-23 LUFS    M:   nan S:   nan     I: -32.7 LUFS       LRA:   7.7 LU  FTPK:  -inf  -inf dBFS  TPK: -15.2 -15.7 dBFS
[Parsed_ebur128_0 @ 0x148e05970] t: 173.999979 TARGET:-23 LUFS    M:   nan S:   nan     I: -32.7 LUFS       LRA:   7.7 LU  FTPK:  -inf  -inf dBFS  TPK: -15.2 -15.7 dBFS
[Parsed_ebur128_0 @ 0x148e05970] t: 174.099979 TARGET:-23 LUFS    M:   nan S:   nan     I: -32.7 LUFS       LRA:   7.7 LU  FTPK:  -inf  -inf dBFS  TPK: -15.2 -15.7 dBFS
[Parsed_ebur128_0 @ 0x148e05970] t: 174.199979 TARGET:-23 LUFS    M:   nan S:   nan     I: -32.7 LUFS       LRA:   7.7 LU  FTPK:  -inf  -inf dBFS  TPK: -15.2 -15.7 dBFS
[Parsed_ebur128_0 @ 0x148e05970] t: 174.299979 TARGET:-23 LUFS    M:   nan S:   nan     I: -32.7 LUFS       LRA:   7.7 LU  FTPK:  -inf  -inf dBFS  TPK: -15.2 -15.7 dBFS
[Parsed_ebur128_0 @ 0x148e05970] t: 174.399979 TARGET:-23 LUFS    M:   nan S:   nan     I: -32.7 LUFS       LRA:   7.7 LU  FTPK:  -inf  -inf dBFS  TPK: -15.2 -15.7 dBFS
[Parsed_ebur128_0 @ 0x148e05970] t: 174.499979 TARGET:-23 LUFS    M:   nan S:   nan     I: -32.7 LUFS       LRA:   7.7 LU  FTPK:  -inf  -inf dBFS  TPK: -15.2 -15.7 dBFS
[Parsed_ebur128_0 @ 0x148e05970] t: 174.599979 TARGET:-23 LUFS    M:   nan S:   nan     I: -32.7 LUFS       LRA:   7.7 LU  FTPK:  -inf  -inf dBFS  TPK: -15.2 -15.7 dBFS
[Parsed_ebur128_0 @ 0x148e05970] t: 174.699979 TARGET:-23 LUFS    M: -36.7 S: -45.4     I: -32.7 LUFS       LRA:   8.1 LU  FTPK: -15.8 -15.8 dBFS  TPK: -15.2 -15.7 dBFS
[Parsed_ebur128_0 @ 0x148e05970] t: 174.799979 TARGET:-23 LUFS    M: -36.1 S: -44.8     I: -32.7 LUFS       LRA:   8.3 LU  FTPK: -28.2 -28.2 dBFS  TPK: -15.2 -15.7 dBFS
[Parsed_ebur128_0 @ 0x148e05970] t: 174.899979 TARGET:-23 LUFS    M: -36.1 S: -44.8     I: -32.8 LUFS       LRA:   8.3 LU  FTPK: -83.3 -83.3 dBFS  TPK: -15.2 -15.7 dBFS
[Parsed_ebur128_0 @ 0x148e05970] t: 174.999979 TARGET:-23 LUFS    M: -36.1 S: -44.8     I: -32.8 LUFS       LRA:   8.3 LU  FTPK:  -inf  -inf dBFS  TPK: -15.2 -15.7 dBFS
[Parsed_ebur128_0 @ 0x148e05970] t: 175.099979 TARGET:-23 LUFS    M: -45.1 S: -44.8     I: -32.8 LUFS       LRA:   8.3 LU  FTPK:  -inf  -inf dBFS  TPK: -15.2 -15.7 dBFS
[Parsed_ebur128_0 @ 0x148e05970] t: 175.199979 TARGET:-23 LUFS    M: -35.6 S: -41.6     I: -32.8 LUFS       LRA:   8.3 LU  FTPK: -17.8 -17.8 dBFS  TPK: -15.2 -15.7 dBFS
[Parsed_ebur128_0 @ 0x148e05970] t: 175.299979 TARGET:-23 LUFS    M: -31.2 S: -38.7     I: -32.8 LUFS       LRA:   8.3 LU  FTPK: -18.6 -18.6 dBFS  TPK: -15.2 -15.7 dBFS
[Parsed_ebur128_0 @ 0x148e05970] t: 175.399979 TARGET:-23 LUFS    M: -28.8 S: -36.8     I: -32.7 LUFS       LRA:   8.3 LU  FTPK: -19.8 -19.8 dBFS  TPK: -15.2 -15.7 dBFS
[Parsed_ebur128_0 @ 0x148e05970] t: 175.499979 TARGET:-23 LUFS    M: -28.5 S: -36.6     I: -32.7 LUFS       LRA:   8.3 LU  FTPK: -22.3 -22.3 dBFS  TPK: -15.2 -15.7 dBFS
[Parsed_ebur128_0 @ 0x148e05970] t: 175.599979 TARGET:-23 LUFS    M: -29.5 S: -36.6     I: -32.7 LUFS       LRA:   8.3 LU  FTPK:  -inf  -inf dBFS  TPK: -15.2 -15.7 dBFS
[Parsed_ebur128_0 @ 0x148e05970] t: 175.699979 TARGET:-23 LUFS    M: -31.9 S: -36.6     I: -32.7 LUFS       LRA:   8.3 LU  FTPK:  -inf  -inf dBFS  TPK: -15.2 -15.7 dBFS
[Parsed_ebur128_0 @ 0x148e05970] t: 175.799979 TARGET:-23 LUFS    M: -40.4 S: -36.6     I: -32.7 LUFS       LRA:   8.3 LU  FTPK:  -inf  -inf dBFS  TPK: -15.2 -15.7 dBFS
[Parsed_ebur128_0 @ 0x148e05970] t: 175.899979 TARGET:-23 LUFS    M:   nan S: -36.6     I: -32.7 LUFS       LRA:   8.3 LU  FTPK:  -inf  -inf dBFS  TPK: -15.2 -15.7 dBFS
[Parsed_ebur128_0 @ 0x148e05970] t: 175.999979 TARGET:-23 LUFS    M:   nan S: -36.6     I: -32.7 LUFS       LRA:   8.3 LU  FTPK:  -inf  -inf dBFS  TPK: -15.2 -15.7 dBFS
[Parsed_ebur128_0 @ 0x148e05970] t: 176.099979 TARGET:-23 LUFS    M:   nan S: -36.6     I: -32.7 LUFS       LRA:   8.3 LU  FTPK:  -inf  -inf dBFS  TPK: -15.2 -15.7 dBFS
[Parsed_ebur128_0 @ 0x148e05970] t: 176.199979 TARGET:-23 LUFS    M:   nan S: -36.6     I: -32.7 LUFS       LRA:   8.3 LU  FTPK:  -inf  -inf dBFS  TPK: -15.2 -15.7 dBFS
[Parsed_ebur128_0 @ 0x148e05970] t: 176.299979 TARGET:-23 LUFS    M:   nan S: -36.6     I: -32.7 LUFS       LRA:   8.3 LU  FTPK:  -inf  -inf dBFS  TPK: -15.2 -15.7 dBFS
[Parsed_ebur128_0 @ 0x148e05970] t: 176.399979 TARGET:-23 LUFS    M:   nan S: -36.6     I: -32.7 LUFS       LRA:   8.3 LU  FTPK:  -inf  -inf dBFS  TPK: -15.2 -15.7 dBFS
[Parsed_ebur128_0 @ 0x148e05970] t: 176.499979 TARGET:-23 LUFS    M:   nan S: -36.6     I: -32.7 LUFS       LRA:   8.3 LU  FTPK:  -inf  -inf dBFS  TPK: -15.2 -15.7 dBFS
[Parsed_ebur128_0 @ 0x148e05970] t: 176.599979 TARGET:-23 LUFS    M:   nan S: -36.6     I: -32.7 LUFS       LRA:   8.3 LU  FTPK:  -inf  -inf dBFS  TPK: -15.2 -15.7 dBFS
[Parsed_ebur128_0 @ 0x148e05970] t: 176.699979 TARGET:-23 LUFS    M:   nan S: -36.6     I: -32.7 LUFS       LRA:   8.3 LU  FTPK:  -inf  -inf dBFS  TPK: -15.2 -15.7 dBFS
[Parsed_ebur128_0 @ 0x148e05970] t: 176.799979 TARGET:-23 LUFS    M:   nan S: -36.6     I: -32.7 LUFS       LRA:   8.3 LU  FTPK:  -inf  -inf dBFS  TPK: -15.2 -15.7 dBFS
[Parsed_ebur128_0 @ 0x148e05970] t: 176.899979 TARGET:-23 LUFS    M:   nan S: -36.6     I: -32.7 LUFS       LRA:   8.3 LU  FTPK:  -inf  -inf dBFS  TPK: -15.2 -15.7 dBFS
[Parsed_ebur128_0 @ 0x148e05970] t: 176.999979 TARGET:-23 LUFS    M:   nan S: -36.6     I: -32.7 LUFS       LRA:   8.3 LU  FTPK:  -inf  -inf dBFS  TPK: -15.2 -15.7 dBFS
[Parsed_ebur128_0 @ 0x148e05970] t: 177.099979 TARGET:-23 LUFS    M:   nan S: -36.6     I: -32.7 LUFS       LRA:   8.3 LU  FTPK:  -inf  -inf dBFS  TPK: -15.2 -15.7 dBFS
[Parsed_ebur128_0 @ 0x148e05970] t: 177.199979 TARGET:-23 LUFS    M:   nan S: -36.6     I: -32.7 LUFS       LRA:   8.3 LU  FTPK:  -inf  -inf dBFS  TPK: -15.2 -15.7 dBFS
[Parsed_ebur128_0 @ 0x148e05970] t: 177.299979 TARGET:-23 LUFS    M:   nan S: -36.6     I: -32.7 LUFS       LRA:   8.3 LU  FTPK:  -inf  -inf dBFS  TPK: -15.2 -15.7 dBFS
[Parsed_ebur128_0 @ 0x148e05970] t: 177.399979 TARGET:-23 LUFS    M:   nan S: -36.6     I: -32.7 LUFS       LRA:   8.3 LU  FTPK:  -inf  -inf dBFS  TPK: -15.2 -15.7 dBFS
[Parsed_ebur128_0 @ 0x148e05970] t: 177.499979 TARGET:-23 LUFS    M:   nan S: -36.6     I: -32.7 LUFS       LRA:   8.3 LU  FTPK:  -inf  -inf dBFS  TPK: -15.2 -15.7 dBFS
[Parsed_ebur128_0 @ 0x148e05970] t: 177.599979 TARGET:-23 LUFS    M:   nan S: -36.6     I: -32.7 LUFS       LRA:   8.3 LU  FTPK:  -inf  -inf dBFS  TPK: -15.2 -15.7 dBFS
[Parsed_ebur128_0 @ 0x148e05970] t: 177.699979 TARGET:-23 LUFS    M:   nan S: -37.2     I: -32.7 LUFS       LRA:   8.3 LU  FTPK:  -inf  -inf dBFS  TPK: -15.2 -15.7 dBFS
[Parsed_ebur128_0 @ 0x148e05970] t: 177.799979 TARGET:-23 LUFS    M:   nan S: -37.3     I: -32.7 LUFS       LRA:   8.3 LU  FTPK:  -inf  -inf dBFS  TPK: -15.2 -15.7 dBFS
[Parsed_ebur128_0 @ 0x148e05970] t: 177.899979 TARGET:-23 LUFS    M:   nan S: -37.3     I: -32.7 LUFS       LRA:   8.3 LU  FTPK:  -inf  -inf dBFS  TPK: -15.2 -15.7 dBFS
[Parsed_ebur128_0 @ 0x148e05970] t: 177.999979 TARGET:-23 LUFS    M:   nan S: -37.3     I: -32.7 LUFS       LRA:   8.3 LU  FTPK:  -inf  -inf dBFS  TPK: -15.2 -15.7 dBFS
[Parsed_ebur128_0 @ 0x148e05970] t: 178.099979 TARGET:-23 LUFS    M:   nan S: -37.3     I: -32.7 LUFS       LRA:   8.3 LU  FTPK:  -inf  -inf dBFS  TPK: -15.2 -15.7 dBFS
[Parsed_ebur128_0 @ 0x148e05970] t: 178.199979 TARGET:-23 LUFS    M:   nan S: -38.2     I: -32.7 LUFS       LRA:   8.3 LU  FTPK:  -inf  -inf dBFS  TPK: -15.2 -15.7 dBFS
[Parsed_ebur128_0 @ 0x148e05970] t: 178.299979 TARGET:-23 LUFS    M:   nan S: -40.6     I: -32.7 LUFS       LRA:   8.1 LU  FTPK:  -inf  -inf dBFS  TPK: -15.2 -15.7 dBFS
[Parsed_ebur128_0 @ 0x148e05970] t: 178.399979 TARGET:-23 LUFS    M:   nan S: -49.1     I: -32.7 LUFS       LRA:   8.3 LU  FTPK:  -inf  -inf dBFS  TPK: -15.2 -15.7 dBFS
[Parsed_ebur128_0 @ 0x148e05970] t: 178.499979 TARGET:-23 LUFS    M:   nan S:   nan     I: -32.7 LUFS       LRA:   8.3 LU  FTPK:  -inf  -inf dBFS  TPK: -15.2 -15.7 dBFS
[Parsed_ebur128_0 @ 0x148e05970] t: 178.599979 TARGET:-23 LUFS    M:   nan S:   nan     I: -32.7 LUFS       LRA:   8.3 LU  FTPK:  -inf  -inf dBFS  TPK: -15.2 -15.7 dBFS
[Parsed_ebur128_0 @ 0x148e05970] t: 178.699979 TARGET:-23 LUFS    M:   nan S:   nan     I: -32.7 LUFS       LRA:   8.3 LU  FTPK:  -inf  -inf dBFS  TPK: -15.2 -15.7 dBFS
[Parsed_ebur128_0 @ 0x148e05970] t: 178.799979 TARGET:-23 LUFS    M:   nan S:   nan     I: -32.7 LUFS       LRA:   8.3 LU  FTPK:  -inf  -inf dBFS  TPK: -15.2 -15.7 dBFS
[Parsed_ebur128_0 @ 0x148e05970] t: 178.899979 TARGET:-23 LUFS    M:   nan S:   nan     I: -32.7 LUFS       LRA:   8.3 LU  FTPK:  -inf  -inf dBFS  TPK: -15.2 -15.7 dBFS
[Parsed_ebur128_0 @ 0x148e05970] t: 178.999979 TARGET:-23 LUFS    M:   nan S:   nan     I: -32.7 LUFS       LRA:   8.3 LU  FTPK:  -inf  -inf dBFS  TPK: -15.2 -15.7 dBFS
[Parsed_ebur128_0 @ 0x148e05970] t: 179.099979 TARGET:-23 LUFS    M:   nan S:   nan     I: -32.7 LUFS       LRA:   8.3 LU  FTPK:  -inf  -inf dBFS  TPK: -15.2 -15.7 dBFS
[Parsed_ebur128_0 @ 0x148e05970] t: 179.199979 TARGET:-23 LUFS    M:   nan S:   nan     I: -32.7 LUFS       LRA:   8.3 LU  FTPK:  -inf  -inf dBFS  TPK: -15.2 -15.7 dBFS
[Parsed_ebur128_0 @ 0x148e05970] t: 179.299979 TARGET:-23 LUFS    M:   nan S:   nan     I: -32.7 LUFS       LRA:   8.3 LU  FTPK:  -inf  -inf dBFS  TPK: -15.2 -15.7 dBFS
[Parsed_ebur128_0 @ 0x148e05970] t: 179.399979 TARGET:-23 LUFS    M:   nan S:   nan     I: -32.7 LUFS       LRA:   8.3 LU  FTPK:  -inf  -inf dBFS  TPK: -15.2 -15.7 dBFS
[Parsed_ebur128_0 @ 0x148e05970] t: 179.499979 TARGET:-23 LUFS    M:   nan S:   nan     I: -32.7 LUFS       LRA:   8.3 LU  FTPK:  -inf  -inf dBFS  TPK: -15.2 -15.7 dBFS
[Parsed_ebur128_0 @ 0x148e05970] t: 179.599979 TARGET:-23 LUFS    M:   nan S:   nan     I: -32.7 LUFS       LRA:   8.3 LU  FTPK:  -inf  -inf dBFS  TPK: -15.2 -15.7 dBFS
[Parsed_ebur128_0 @ 0x148e05970] t: 179.699979 TARGET:-23 LUFS    M:   nan S:   nan     I: -32.7 LUFS       LRA:   8.3 LU  FTPK:  -inf  -inf dBFS  TPK: -15.2 -15.7 dBFS
[Parsed_ebur128_0 @ 0x148e05970] t: 179.799979 TARGET:-23 LUFS    M:   nan S:   nan     I: -32.7 LUFS       LRA:   8.3 LU  FTPK:  -inf  -inf dBFS  TPK: -15.2 -15.7 dBFS
[Parsed_ebur128_0 @ 0x148e05970] t: 179.899979 TARGET:-23 LUFS    M:   nan S:   nan     I: -32.7 LUFS       LRA:   8.3 LU  FTPK:  -inf  -inf dBFS  TPK: -15.2 -15.7 dBFS
[Parsed_ebur128_0 @ 0x148e05970] t: 179.999979 TARGET:-23 LUFS    M:   nan S:   nan     I: -32.7 LUFS       LRA:   8.3 LU  FTPK:  -inf  -inf dBFS  TPK: -15.2 -15.7 dBFS
[Parsed_ebur128_0 @ 0x148e05970] t: 180.099979 TARGET:-23 LUFS    M:   nan S:   nan     I: -32.7 LUFS       LRA:   8.3 LU  FTPK:  -inf  -inf dBFS  TPK: -15.2 -15.7 dBFS
[Parsed_ebur128_0 @ 0x148e05970] t: 180.199979 TARGET:-23 LUFS    M:   nan S:   nan     I: -32.7 LUFS       LRA:   8.3 LU  FTPK:  -inf  -inf dBFS  TPK: -15.2 -15.7 dBFS
[Parsed_ebur128_0 @ 0x148e05970] t: 180.299979 TARGET:-23 LUFS    M:   nan S:   nan     I: -32.7 LUFS       LRA:   8.3 LU  FTPK:  -inf  -inf dBFS  TPK: -15.2 -15.7 dBFS
[Parsed_ebur128_0 @ 0x148e05970] t: 180.399979 TARGET:-23 LUFS    M:   nan S:   nan     I: -32.7 LUFS       LRA:   8.3 LU  FTPK:  -inf  -inf dBFS  TPK: -15.2 -15.7 dBFS
[Parsed_ebur128_0 @ 0x148e05970] t: 180.499979 TARGET:-23 LUFS    M:   nan S:   nan     I: -32.7 LUFS       LRA:   8.3 LU  FTPK:  -inf  -inf dBFS  TPK: -15.2 -15.7 dBFS
[Parsed_ebur128_0 @ 0x148e05970] t: 180.599979 TARGET:-23 LUFS    M:   nan S:   nan     I: -32.7 LUFS       LRA:   8.3 LU  FTPK:  -inf  -inf dBFS  TPK: -15.2 -15.7 dBFS
[Parsed_ebur128_0 @ 0x148e05970] t: 180.699979 TARGET:-23 LUFS    M:   nan S:   nan     I: -32.7 LUFS       LRA:   8.3 LU  FTPK:  -inf  -inf dBFS  TPK: -15.2 -15.7 dBFS
[Parsed_ebur128_0 @ 0x148e05970] t: 180.799979 TARGET:-23 LUFS    M:   nan S:   nan     I: -32.7 LUFS       LRA:   8.3 LU  FTPK:  -inf  -inf dBFS  TPK: -15.2 -15.7 dBFS
[Parsed_ebur128_0 @ 0x148e05970] t: 180.899979 TARGET:-23 LUFS    M:   nan S:   nan     I: -32.7 LUFS       LRA:   8.3 LU  FTPK:  -inf  -inf dBFS  TPK: -15.2 -15.7 dBFS
[Parsed_ebur128_0 @ 0x148e05970] t: 180.999979 TARGET:-23 LUFS    M:   nan S:   nan     I: -32.7 LUFS       LRA:   8.3 LU  FTPK:  -inf  -inf dBFS  TPK: -15.2 -15.7 dBFS
[Parsed_ebur128_0 @ 0x148e05970] t: 181.099979 TARGET:-23 LUFS    M:   nan S:   nan     I: -32.7 LUFS       LRA:   8.3 LU  FTPK:  -inf  -inf dBFS  TPK: -15.2 -15.7 dBFS
[Parsed_ebur128_0 @ 0x148e05970] t: 181.199979 TARGET:-23 LUFS    M:   nan S:   nan     I: -32.7 LUFS       LRA:   8.3 LU  FTPK:  -inf  -inf dBFS  TPK: -15.2 -15.7 dBFS
[Parsed_ebur128_0 @ 0x148e05970] t: 181.299979 TARGET:-23 LUFS    M:   nan S:   nan     I: -32.7 LUFS       LRA:   8.3 LU  FTPK:  -inf  -inf dBFS  TPK: -15.2 -15.7 dBFS
[Parsed_ebur128_0 @ 0x148e05970] t: 181.399979 TARGET:-23 LUFS    M:   nan S:   nan     I: -32.7 LUFS       LRA:   8.3 LU  FTPK:  -inf  -inf dBFS  TPK: -15.2 -15.7 dBFS
[Parsed_ebur128_0 @ 0x148e05970] t: 181.499979 TARGET:-23 LUFS    M:   nan S:   nan     I: -32.7 LUFS       LRA:   8.3 LU  FTPK:  -inf  -inf dBFS  TPK: -15.2 -15.7 dBFS
[Parsed_ebur128_0 @ 0x148e05970] t: 181.599979 TARGET:-23 LUFS    M:   nan S:   nan     I: -32.7 LUFS       LRA:   8.3 LU  FTPK:  -inf  -inf dBFS  TPK: -15.2 -15.7 dBFS
[Parsed_ebur128_0 @ 0x148e05970] t: 181.699979 TARGET:-23 LUFS    M:   nan S:   nan     I: -32.7 LUFS       LRA:   8.3 LU  FTPK:  -inf  -inf dBFS  TPK: -15.2 -15.7 dBFS
[Parsed_ebur128_0 @ 0x148e05970] t: 181.799979 TARGET:-23 LUFS    M:   nan S:   nan     I: -32.7 LUFS       LRA:   8.3 LU  FTPK:  -inf  -inf dBFS  TPK: -15.2 -15.7 dBFS
[Parsed_ebur128_0 @ 0x148e05970] t: 181.899979 TARGET:-23 LUFS    M:   nan S:   nan     I: -32.7 LUFS       LRA:   8.3 LU  FTPK:  -inf  -inf dBFS  TPK: -15.2 -15.7 dBFS
[Parsed_ebur128_0 @ 0x148e05970] t: 181.999979 TARGET:-23 LUFS    M:   nan S:   nan     I: -32.7 LUFS       LRA:   8.3 LU  FTPK:  -inf  -inf dBFS  TPK: -15.2 -15.7 dBFS
[Parsed_ebur128_0 @ 0x148e05970] t: 182.099979 TARGET:-23 LUFS    M:   nan S:   nan     I: -32.7 LUFS       LRA:   8.3 LU  FTPK:  -inf  -inf dBFS  TPK: -15.2 -15.7 dBFS
[Parsed_ebur128_0 @ 0x148e05970] t: 182.199979 TARGET:-23 LUFS    M:   nan S:   nan     I: -32.7 LUFS       LRA:   8.3 LU  FTPK:  -inf  -inf dBFS  TPK: -15.2 -15.7 dBFS
[Parsed_ebur128_0 @ 0x148e05970] t: 182.299979 TARGET:-23 LUFS    M:   nan S:   nan     I: -32.7 LUFS       LRA:   8.3 LU  FTPK:  -inf  -inf dBFS  TPK: -15.2 -15.7 dBFS
[Parsed_ebur128_0 @ 0x148e05970] t: 182.399979 TARGET:-23 LUFS    M:   nan S:   nan     I: -32.7 LUFS       LRA:   8.3 LU  FTPK:  -inf  -inf dBFS  TPK: -15.2 -15.7 dBFS
[Parsed_ebur128_0 @ 0x148e05970] t: 182.499979 TARGET:-23 LUFS    M:   nan S:   nan     I: -32.7 LUFS       LRA:   8.3 LU  FTPK:  -inf  -inf dBFS  TPK: -15.2 -15.7 dBFS
[Parsed_ebur128_0 @ 0x148e05970] t: 182.599979 TARGET:-23 LUFS    M:   nan S:   nan     I: -32.7 LUFS       LRA:   8.3 LU  FTPK:  -inf  -inf dBFS  TPK: -15.2 -15.7 dBFS
[Parsed_ebur128_0 @ 0x148e05970] t: 182.699979 TARGET:-23 LUFS    M:   nan S:   nan     I: -32.7 LUFS       LRA:   8.3 LU  FTPK:  -inf  -inf dBFS  TPK: -15.2 -15.7 dBFS
[Parsed_ebur128_0 @ 0x148e05970] t: 182.799979 TARGET:-23 LUFS    M:   nan S:   nan     I: -32.7 LUFS       LRA:   8.3 LU  FTPK:  -inf  -inf dBFS  TPK: -15.2 -15.7 dBFS
[Parsed_ebur128_0 @ 0x148e05970] t: 182.899979 TARGET:-23 LUFS    M:   nan S:   nan     I: -32.7 LUFS       LRA:   8.3 LU  FTPK:  -inf  -inf dBFS  TPK: -15.2 -15.7 dBFS
[Parsed_ebur128_0 @ 0x148e05970] t: 182.999979 TARGET:-23 LUFS    M:   nan S:   nan     I: -32.7 LUFS       LRA:   8.3 LU  FTPK:  -inf  -inf dBFS  TPK: -15.2 -15.7 dBFS
[Parsed_ebur128_0 @ 0x148e05970] t: 183.099979 TARGET:-23 LUFS    M:   nan S:   nan     I: -32.7 LUFS       LRA:   8.3 LU  FTPK:  -inf  -inf dBFS  TPK: -15.2 -15.7 dBFS
[Parsed_ebur128_0 @ 0x148e05970] t: 183.199979 TARGET:-23 LUFS    M:   nan S:   nan     I: -32.7 LUFS       LRA:   8.3 LU  FTPK:  -inf  -inf dBFS  TPK: -15.2 -15.7 dBFS
[Parsed_ebur128_0 @ 0x148e05970] t: 183.299979 TARGET:-23 LUFS    M:   nan S:   nan     I: -32.7 LUFS       LRA:   8.3 LU  FTPK:  -inf  -inf dBFS  TPK: -15.2 -15.7 dBFS
[Parsed_ebur128_0 @ 0x148e05970] t: 183.399979 TARGET:-23 LUFS    M:   nan S:   nan     I: -32.7 LUFS       LRA:   8.3 LU  FTPK:  -inf  -inf dBFS  TPK: -15.2 -15.7 dBFS
[Parsed_ebur128_0 @ 0x148e05970] t: 183.499979 TARGET:-23 LUFS    M:   nan S:   nan     I: -32.7 LUFS       LRA:   8.3 LU  FTPK:  -inf  -inf dBFS  TPK: -15.2 -15.7 dBFS
[Parsed_ebur128_0 @ 0x148e05970] t: 183.599979 TARGET:-23 LUFS    M:   nan S:   nan     I: -32.7 LUFS       LRA:   8.3 LU  FTPK:  -inf  -inf dBFS  TPK: -15.2 -15.7 dBFS
[Parsed_ebur128_0 @ 0x148e05970] t: 183.699979 TARGET:-23 LUFS    M:   nan S:   nan     I: -32.7 LUFS       LRA:   8.3 LU  FTPK:  -inf  -inf dBFS  TPK: -15.2 -15.7 dBFS
[Parsed_ebur128_0 @ 0x148e05970] t: 183.799979 TARGET:-23 LUFS    M:   nan S:   nan     I: -32.7 LUFS       LRA:   8.3 LU  FTPK:  -inf  -inf dBFS  TPK: -15.2 -15.7 dBFS
[Parsed_ebur128_0 @ 0x148e05970] t: 183.899979 TARGET:-23 LUFS    M:   nan S:   nan     I: -32.7 LUFS       LRA:   8.3 LU  FTPK:  -inf  -inf dBFS  TPK: -15.2 -15.7 dBFS
[Parsed_ebur128_0 @ 0x148e05970] t: 183.999979 TARGET:-23 LUFS    M:   nan S:   nan     I: -32.7 LUFS       LRA:   8.3 LU  FTPK:  -inf  -inf dBFS  TPK: -15.2 -15.7 dBFS
[Parsed_ebur128_0 @ 0x148e05970] t: 184.099979 TARGET:-23 LUFS    M:   nan S:   nan     I: -32.7 LUFS       LRA:   8.3 LU  FTPK:  -inf  -inf dBFS  TPK: -15.2 -15.7 dBFS
[Parsed_ebur128_0 @ 0x148e05970] t: 184.199979 TARGET:-23 LUFS    M:   nan S:   nan     I: -32.7 LUFS       LRA:   8.3 LU  FTPK:  -inf  -inf dBFS  TPK: -15.2 -15.7 dBFS
[Parsed_ebur128_0 @ 0x148e05970] t: 184.299979 TARGET:-23 LUFS    M:   nan S:   nan     I: -32.7 LUFS       LRA:   8.3 LU  FTPK:  -inf  -inf dBFS  TPK: -15.2 -15.7 dBFS
[Parsed_ebur128_0 @ 0x148e05970] t: 184.399979 TARGET:-23 LUFS    M:   nan S:   nan     I: -32.7 LUFS       LRA:   8.3 LU  FTPK:  -inf  -inf dBFS  TPK: -15.2 -15.7 dBFS
[Parsed_ebur128_0 @ 0x148e05970] t: 184.499979 TARGET:-23 LUFS    M:   nan S:   nan     I: -32.7 LUFS       LRA:   8.3 LU  FTPK:  -inf  -inf dBFS  TPK: -15.2 -15.7 dBFS
[Parsed_ebur128_0 @ 0x148e05970] t: 184.599979 TARGET:-23 LUFS    M:   nan S:   nan     I: -32.7 LUFS       LRA:   8.3 LU  FTPK:  -inf  -inf dBFS  TPK: -15.2 -15.7 dBFS
[Parsed_ebur128_0 @ 0x148e05970] t: 184.699979 TARGET:-23 LUFS    M:   nan S:   nan     I: -32.7 LUFS       LRA:   8.3 LU  FTPK:  -inf  -inf dBFS  TPK: -15.2 -15.7 dBFS
[Parsed_ebur128_0 @ 0x148e05970] t: 184.799979 TARGET:-23 LUFS    M:   nan S:   nan     I: -32.7 LUFS       LRA:   8.3 LU  FTPK:  -inf  -inf dBFS  TPK: -15.2 -15.7 dBFS
[Parsed_ebur128_0 @ 0x148e05970] t: 184.899979 TARGET:-23 LUFS    M:   nan S:   nan     I: -32.7 LUFS       LRA:   8.3 LU  FTPK:  -inf  -inf dBFS  TPK: -15.2 -15.7 dBFS
[Parsed_ebur128_0 @ 0x148e05970] t: 184.999979 TARGET:-23 LUFS    M:   nan S:   nan     I: -32.7 LUFS       LRA:   8.3 LU  FTPK:  -inf  -inf dBFS  TPK: -15.2 -15.7 dBFS
[Parsed_ebur128_0 @ 0x148e05970] t: 185.099979 TARGET:-23 LUFS    M:   nan S:   nan     I: -32.7 LUFS       LRA:   8.3 LU  FTPK:  -inf  -inf dBFS  TPK: -15.2 -15.7 dBFS
[Parsed_ebur128_0 @ 0x148e05970] t: 185.199979 TARGET:-23 LUFS    M:   nan S:   nan     I: -32.7 LUFS       LRA:   8.3 LU  FTPK:  -inf  -inf dBFS  TPK: -15.2 -15.7 dBFS
[Parsed_ebur128_0 @ 0x148e05970] t: 185.299979 TARGET:-23 LUFS    M:   nan S:   nan     I: -32.7 LUFS       LRA:   8.3 LU  FTPK:  -inf  -inf dBFS  TPK: -15.2 -15.7 dBFS
[Parsed_ebur128_0 @ 0x148e05970] t: 185.399979 TARGET:-23 LUFS    M:   nan S:   nan     I: -32.7 LUFS       LRA:   8.3 LU  FTPK:  -inf  -inf dBFS  TPK: -15.2 -15.7 dBFS
[Parsed_ebur128_0 @ 0x148e05970] t: 185.499979 TARGET:-23 LUFS    M:   nan S:   nan     I: -32.7 LUFS       LRA:   8.3 LU  FTPK:  -inf  -inf dBFS  TPK: -15.2 -15.7 dBFS
[Parsed_ebur128_0 @ 0x148e05970] t: 185.599979 TARGET:-23 LUFS    M:   nan S:   nan     I: -32.7 LUFS       LRA:   8.3 LU  FTPK:  -inf  -inf dBFS  TPK: -15.2 -15.7 dBFS
[Parsed_ebur128_0 @ 0x148e05970] t: 185.699979 TARGET:-23 LUFS    M:   nan S:   nan     I: -32.7 LUFS       LRA:   8.3 LU  FTPK:  -inf  -inf dBFS  TPK: -15.2 -15.7 dBFS
[Parsed_ebur128_0 @ 0x148e05970] t: 185.799979 TARGET:-23 LUFS    M:   nan S:   nan     I: -32.7 LUFS       LRA:   8.3 LU  FTPK:  -inf  -inf dBFS  TPK: -15.2 -15.7 dBFS
[Parsed_ebur128_0 @ 0x148e05970] t: 185.899979 TARGET:-23 LUFS    M:   nan S:   nan     I: -32.7 LUFS       LRA:   8.3 LU  FTPK:  -inf  -inf dBFS  TPK: -15.2 -15.7 dBFS
[Parsed_ebur128_0 @ 0x148e05970] t: 185.999979 TARGET:-23 LUFS    M:   nan S:   nan     I: -32.7 LUFS       LRA:   8.3 LU  FTPK:  -inf  -inf dBFS  TPK: -15.2 -15.7 dBFS
[Parsed_ebur128_0 @ 0x148e05970] t: 186.099979 TARGET:-23 LUFS    M:   nan S:   nan     I: -32.7 LUFS       LRA:   8.3 LU  FTPK:  -inf  -inf dBFS  TPK: -15.2 -15.7 dBFS
[Parsed_ebur128_0 @ 0x148e05970] t: 186.199979 TARGET:-23 LUFS    M:   nan S:   nan     I: -32.7 LUFS       LRA:   8.3 LU  FTPK:  -inf  -inf dBFS  TPK: -15.2 -15.7 dBFS
[Parsed_ebur128_0 @ 0x148e05970] t: 186.299979 TARGET:-23 LUFS    M:   nan S:   nan     I: -32.7 LUFS       LRA:   8.3 LU  FTPK:  -inf  -inf dBFS  TPK: -15.2 -15.7 dBFS
[Parsed_ebur128_0 @ 0x148e05970] t: 186.399979 TARGET:-23 LUFS    M:   nan S:   nan     I: -32.7 LUFS       LRA:   8.3 LU  FTPK:  -inf  -inf dBFS  TPK: -15.2 -15.7 dBFS
[Parsed_ebur128_0 @ 0x148e05970] t: 186.499979 TARGET:-23 LUFS    M:   nan S:   nan     I: -32.7 LUFS       LRA:   8.3 LU  FTPK:  -inf  -inf dBFS  TPK: -15.2 -15.7 dBFS
[Parsed_ebur128_0 @ 0x148e05970] t: 186.599979 TARGET:-23 LUFS    M:   nan S:   nan     I: -32.7 LUFS       LRA:   8.3 LU  FTPK:  -inf  -inf dBFS  TPK: -15.2 -15.7 dBFS
[Parsed_ebur128_0 @ 0x148e05970] t: 186.699979 TARGET:-23 LUFS    M:   nan S:   nan     I: -32.7 LUFS       LRA:   8.3 LU  FTPK:  -inf  -inf dBFS  TPK: -15.2 -15.7 dBFS
[Parsed_ebur128_0 @ 0x148e05970] t: 186.799979 TARGET:-23 LUFS    M:   nan S:   nan     I: -32.7 LUFS       LRA:   8.3 LU  FTPK:  -inf  -inf dBFS  TPK: -15.2 -15.7 dBFS
[Parsed_ebur128_0 @ 0x148e05970] t: 186.899979 TARGET:-23 LUFS    M:   nan S:   nan     I: -32.7 LUFS       LRA:   8.3 LU  FTPK:  -inf  -inf dBFS  TPK: -15.2 -15.7 dBFS
[Parsed_ebur128_0 @ 0x148e05970] t: 186.999979 TARGET:-23 LUFS    M:   nan S:   nan     I: -32.7 LUFS       LRA:   8.3 LU  FTPK:  -inf  -inf dBFS  TPK: -15.2 -15.7 dBFS
[Parsed_ebur128_0 @ 0x148e05970] t: 187.099979 TARGET:-23 LUFS    M:   nan S:   nan     I: -32.7 LUFS       LRA:   8.3 LU  FTPK:  -inf  -inf dBFS  TPK: -15.2 -15.7 dBFS
[Parsed_ebur128_0 @ 0x148e05970] t: 187.199979 TARGET:-23 LUFS    M:   nan S:   nan     I: -32.7 LUFS       LRA:   8.3 LU  FTPK:  -inf  -inf dBFS  TPK: -15.2 -15.7 dBFS
[Parsed_ebur128_0 @ 0x148e05970] t: 187.299979 TARGET:-23 LUFS    M:   nan S:   nan     I: -32.7 LUFS       LRA:   8.3 LU  FTPK:  -inf  -inf dBFS  TPK: -15.2 -15.7 dBFS
[Parsed_ebur128_0 @ 0x148e05970] t: 187.399979 TARGET:-23 LUFS    M:   nan S:   nan     I: -32.7 LUFS       LRA:   8.3 LU  FTPK:  -inf  -inf dBFS  TPK: -15.2 -15.7 dBFS
[Parsed_ebur128_0 @ 0x148e05970] t: 187.499979 TARGET:-23 LUFS    M:   nan S:   nan     I: -32.7 LUFS       LRA:   8.3 LU  FTPK:  -inf  -inf dBFS  TPK: -15.2 -15.7 dBFS
[Parsed_ebur128_0 @ 0x148e05970] t: 187.599979 TARGET:-23 LUFS    M:   nan S:   nan     I: -32.7 LUFS       LRA:   8.3 LU  FTPK:  -inf  -inf dBFS  TPK: -15.2 -15.7 dBFS
[Parsed_ebur128_0 @ 0x148e05970] t: 187.699979 TARGET:-23 LUFS    M:   nan S:   nan     I: -32.7 LUFS       LRA:   8.3 LU  FTPK:  -inf  -inf dBFS  TPK: -15.2 -15.7 dBFS
[Parsed_ebur128_0 @ 0x148e05970] t: 187.799979 TARGET:-23 LUFS    M:   nan S:   nan     I: -32.7 LUFS       LRA:   8.3 LU  FTPK:  -inf  -inf dBFS  TPK: -15.2 -15.7 dBFS
[Parsed_ebur128_0 @ 0x148e05970] t: 187.899979 TARGET:-23 LUFS    M:   nan S:   nan     I: -32.7 LUFS       LRA:   8.3 LU  FTPK:  -inf  -inf dBFS  TPK: -15.2 -15.7 dBFS
[Parsed_ebur128_0 @ 0x148e05970] t: 187.999979 TARGET:-23 LUFS    M:   nan S:   nan     I: -32.7 LUFS       LRA:   8.3 LU  FTPK:  -inf  -inf dBFS  TPK: -15.2 -15.7 dBFS
[Parsed_ebur128_0 @ 0x148e05970] t: 188.099979 TARGET:-23 LUFS    M:   nan S:   nan     I: -32.7 LUFS       LRA:   8.3 LU  FTPK:  -inf  -inf dBFS  TPK: -15.2 -15.7 dBFS
[Parsed_ebur128_0 @ 0x148e05970] t: 188.199979 TARGET:-23 LUFS    M:   nan S:   nan     I: -32.7 LUFS       LRA:   8.3 LU  FTPK:  -inf  -inf dBFS  TPK: -15.2 -15.7 dBFS
[Parsed_ebur128_0 @ 0x148e05970] t: 188.299979 TARGET:-23 LUFS    M:   nan S:   nan     I: -32.7 LUFS       LRA:   8.3 LU  FTPK:  -inf  -inf dBFS  TPK: -15.2 -15.7 dBFS
[Parsed_ebur128_0 @ 0x148e05970] t: 188.399979 TARGET:-23 LUFS    M:   nan S:   nan     I: -32.7 LUFS       LRA:   8.3 LU  FTPK:  -inf  -inf dBFS  TPK: -15.2 -15.7 dBFS
[Parsed_ebur128_0 @ 0x148e05970] t: 188.499979 TARGET:-23 LUFS    M:   nan S:   nan     I: -32.7 LUFS       LRA:   8.3 LU  FTPK:  -inf  -inf dBFS  TPK: -15.2 -15.7 dBFS
[Parsed_ebur128_0 @ 0x148e05970] t: 188.599979 TARGET:-23 LUFS    M:   nan S:   nan     I: -32.7 LUFS       LRA:   8.3 LU  FTPK:  -inf  -inf dBFS  TPK: -15.2 -15.7 dBFS
[Parsed_ebur128_0 @ 0x148e05970] t: 188.699979 TARGET:-23 LUFS    M:   nan S:   nan     I: -32.7 LUFS       LRA:   8.3 LU  FTPK:  -inf  -inf dBFS  TPK: -15.2 -15.7 dBFS
[Parsed_ebur128_0 @ 0x148e05970] t: 188.799979 TARGET:-23 LUFS    M:   nan S:   nan     I: -32.7 LUFS       LRA:   8.3 LU  FTPK:  -inf  -inf dBFS  TPK: -15.2 -15.7 dBFS
[Parsed_ebur128_0 @ 0x148e05970] t: 188.899979 TARGET:-23 LUFS    M:   nan S:   nan     I: -32.7 LUFS       LRA:   8.3 LU  FTPK:  -inf  -inf dBFS  TPK: -15.2 -15.7 dBFS
[Parsed_ebur128_0 @ 0x148e05970] t: 188.999979 TARGET:-23 LUFS    M:   nan S:   nan     I: -32.7 LUFS       LRA:   8.3 LU  FTPK:  -inf  -inf dBFS  TPK: -15.2 -15.7 dBFS
[Parsed_ebur128_0 @ 0x148e05970] t: 189.099979 TARGET:-23 LUFS    M:   nan S:   nan     I: -32.7 LUFS       LRA:   8.3 LU  FTPK:  -inf  -inf dBFS  TPK: -15.2 -15.7 dBFS
[Parsed_ebur128_0 @ 0x148e05970] t: 189.199979 TARGET:-23 LUFS    M:   nan S:   nan     I: -32.7 LUFS       LRA:   8.3 LU  FTPK:  -inf  -inf dBFS  TPK: -15.2 -15.7 dBFS
[Parsed_ebur128_0 @ 0x148e05970] t: 189.299979 TARGET:-23 LUFS    M:   nan S:   nan     I: -32.7 LUFS       LRA:   8.3 LU  FTPK:  -inf  -inf dBFS  TPK: -15.2 -15.7 dBFS
[Parsed_ebur128_0 @ 0x148e05970] t: 189.399979 TARGET:-23 LUFS    M:   nan S:   nan     I: -32.7 LUFS       LRA:   8.3 LU  FTPK:  -inf  -inf dBFS  TPK: -15.2 -15.7 dBFS
[Parsed_ebur128_0 @ 0x148e05970] t: 189.499979 TARGET:-23 LUFS    M:   nan S:   nan     I: -32.7 LUFS       LRA:   8.3 LU  FTPK:  -inf  -inf dBFS  TPK: -15.2 -15.7 dBFS
[Parsed_ebur128_0 @ 0x148e05970] t: 189.599979 TARGET:-23 LUFS    M:   nan S:   nan     I: -32.7 LUFS       LRA:   8.3 LU  FTPK:  -inf  -inf dBFS  TPK: -15.2 -15.7 dBFS
[Parsed_ebur128_0 @ 0x148e05970] t: 189.699979 TARGET:-23 LUFS    M:   nan S:   nan     I: -32.7 LUFS       LRA:   8.3 LU  FTPK:  -inf  -inf dBFS  TPK: -15.2 -15.7 dBFS
[Parsed_ebur128_0 @ 0x148e05970] t: 189.799979 TARGET:-23 LUFS    M:   nan S:   nan     I: -32.7 LUFS       LRA:   8.3 LU  FTPK:  -inf  -inf dBFS  TPK: -15.2 -15.7 dBFS
[Parsed_ebur128_0 @ 0x148e05970] t: 189.899979 TARGET:-23 LUFS    M:   nan S:   nan     I: -32.7 LUFS       LRA:   8.3 LU  FTPK:  -inf  -inf dBFS  TPK: -15.2 -15.7 dBFS
[Parsed_ebur128_0 @ 0x148e05970] t: 189.999979 TARGET:-23 LUFS    M:   nan S:   nan     I: -32.7 LUFS       LRA:   8.3 LU  FTPK:  -inf  -inf dBFS  TPK: -15.2 -15.7 dBFS
[Parsed_ebur128_0 @ 0x148e05970] t: 190.099979 TARGET:-23 LUFS    M:   nan S:   nan     I: -32.7 LUFS       LRA:   8.3 LU  FTPK:  -inf  -inf dBFS  TPK: -15.2 -15.7 dBFS
[Parsed_ebur128_0 @ 0x148e05970] t: 190.199979 TARGET:-23 LUFS    M:   nan S:   nan     I: -32.7 LUFS       LRA:   8.3 LU  FTPK:  -inf  -inf dBFS  TPK: -15.2 -15.7 dBFS
[Parsed_ebur128_0 @ 0x148e05970] t: 190.299979 TARGET:-23 LUFS    M:   nan S:   nan     I: -32.7 LUFS       LRA:   8.3 LU  FTPK:  -inf  -inf dBFS  TPK: -15.2 -15.7 dBFS
[Parsed_ebur128_0 @ 0x148e05970] t: 190.399979 TARGET:-23 LUFS    M:   nan S:   nan     I: -32.7 LUFS       LRA:   8.3 LU  FTPK:  -inf  -inf dBFS  TPK: -15.2 -15.7 dBFS
[Parsed_ebur128_0 @ 0x148e05970] t: 190.499979 TARGET:-23 LUFS    M:   nan S:   nan     I: -32.7 LUFS       LRA:   8.3 LU  FTPK:  -inf  -inf dBFS  TPK: -15.2 -15.7 dBFS
[Parsed_ebur128_0 @ 0x148e05970] t: 190.599979 TARGET:-23 LUFS    M:   nan S:   nan     I: -32.7 LUFS       LRA:   8.3 LU  FTPK:  -inf  -inf dBFS  TPK: -15.2 -15.7 dBFS
[Parsed_ebur128_0 @ 0x148e05970] t: 190.699979 TARGET:-23 LUFS    M:   nan S:   nan     I: -32.7 LUFS       LRA:   8.3 LU  FTPK:  -inf  -inf dBFS  TPK: -15.2 -15.7 dBFS
[Parsed_ebur128_0 @ 0x148e05970] t: 190.799979 TARGET:-23 LUFS    M:   nan S:   nan     I: -32.7 LUFS       LRA:   8.3 LU  FTPK:  -inf  -inf dBFS  TPK: -15.2 -15.7 dBFS
[Parsed_ebur128_0 @ 0x148e05970] t: 190.899979 TARGET:-23 LUFS    M:   nan S:   nan     I: -32.7 LUFS       LRA:   8.3 LU  FTPK:  -inf  -inf dBFS  TPK: -15.2 -15.7 dBFS
[Parsed_ebur128_0 @ 0x148e05970] t: 190.999979 TARGET:-23 LUFS    M:   nan S:   nan     I: -32.7 LUFS       LRA:   8.3 LU  FTPK:  -inf  -inf dBFS  TPK: -15.2 -15.7 dBFS
[Parsed_ebur128_0 @ 0x148e05970] t: 191.099979 TARGET:-23 LUFS    M:   nan S:   nan     I: -32.7 LUFS       LRA:   8.3 LU  FTPK:  -inf  -inf dBFS  TPK: -15.2 -15.7 dBFS
[Parsed_ebur128_0 @ 0x148e05970] t: 191.199979 TARGET:-23 LUFS    M:   nan S:   nan     I: -32.7 LUFS       LRA:   8.3 LU  FTPK:  -inf  -inf dBFS  TPK: -15.2 -15.7 dBFS
[Parsed_ebur128_0 @ 0x148e05970] t: 191.299979 TARGET:-23 LUFS    M:   nan S:   nan     I: -32.7 LUFS       LRA:   8.3 LU  FTPK:  -inf  -inf dBFS  TPK: -15.2 -15.7 dBFS
[Parsed_ebur128_0 @ 0x148e05970] t: 191.399979 TARGET:-23 LUFS    M:   nan S:   nan     I: -32.7 LUFS       LRA:   8.3 LU  FTPK:  -inf  -inf dBFS  TPK: -15.2 -15.7 dBFS
[Parsed_ebur128_0 @ 0x148e05970] t: 191.499979 TARGET:-23 LUFS    M:   nan S:   nan     I: -32.7 LUFS       LRA:   8.3 LU  FTPK:  -inf  -inf dBFS  TPK: -15.2 -15.7 dBFS
[Parsed_ebur128_0 @ 0x148e05970] t: 191.599979 TARGET:-23 LUFS    M:   nan S:   nan     I: -32.7 LUFS       LRA:   8.3 LU  FTPK:  -inf  -inf dBFS  TPK: -15.2 -15.7 dBFS
[Parsed_ebur128_0 @ 0x148e05970] t: 191.699979 TARGET:-23 LUFS    M:   nan S:   nan     I: -32.7 LUFS       LRA:   8.3 LU  FTPK:  -inf  -inf dBFS  TPK: -15.2 -15.7 dBFS
[Parsed_ebur128_0 @ 0x148e05970] t: 191.799979 TARGET:-23 LUFS    M:   nan S:   nan     I: -32.7 LUFS       LRA:   8.3 LU  FTPK:  -inf  -inf dBFS  TPK: -15.2 -15.7 dBFS
[Parsed_ebur128_0 @ 0x148e05970] t: 191.899979 TARGET:-23 LUFS    M:   nan S:   nan     I: -32.7 LUFS       LRA:   8.3 LU  FTPK:  -inf  -inf dBFS  TPK: -15.2 -15.7 dBFS
[Parsed_ebur128_0 @ 0x148e05970] t: 191.999979 TARGET:-23 LUFS    M:   nan S:   nan     I: -32.7 LUFS       LRA:   8.3 LU  FTPK:  -inf  -inf dBFS  TPK: -15.2 -15.7 dBFS
[Parsed_ebur128_0 @ 0x148e05970] t: 192.099979 TARGET:-23 LUFS    M:   nan S:   nan     I: -32.7 LUFS       LRA:   8.3 LU  FTPK:  -inf  -inf dBFS  TPK: -15.2 -15.7 dBFS
[Parsed_ebur128_0 @ 0x148e05970] t: 192.199979 TARGET:-23 LUFS    M:   nan S:   nan     I: -32.7 LUFS       LRA:   8.3 LU  FTPK:  -inf  -inf dBFS  TPK: -15.2 -15.7 dBFS
[Parsed_ebur128_0 @ 0x148e05970] t: 192.299979 TARGET:-23 LUFS    M:   nan S:   nan     I: -32.7 LUFS       LRA:   8.3 LU  FTPK:  -inf  -inf dBFS  TPK: -15.2 -15.7 dBFS
[Parsed_ebur128_0 @ 0x148e05970] t: 192.399979 TARGET:-23 LUFS    M:   nan S:   nan     I: -32.7 LUFS       LRA:   8.3 LU  FTPK:  -inf  -inf dBFS  TPK: -15.2 -15.7 dBFS
[Parsed_ebur128_0 @ 0x148e05970] t: 192.499979 TARGET:-23 LUFS    M:   nan S:   nan     I: -32.7 LUFS       LRA:   8.3 LU  FTPK:  -inf  -inf dBFS  TPK: -15.2 -15.7 dBFS
[Parsed_ebur128_0 @ 0x148e05970] t: 192.599979 TARGET:-23 LUFS    M:   nan S:   nan     I: -32.7 LUFS       LRA:   8.3 LU  FTPK:  -inf  -inf dBFS  TPK: -15.2 -15.7 dBFS
[Parsed_ebur128_0 @ 0x148e05970] t: 192.699979 TARGET:-23 LUFS    M:   nan S:   nan     I: -32.7 LUFS       LRA:   8.3 LU  FTPK:  -inf  -inf dBFS  TPK: -15.2 -15.7 dBFS
[Parsed_ebur128_0 @ 0x148e05970] t: 192.799979 TARGET:-23 LUFS    M:   nan S:   nan     I: -32.7 LUFS       LRA:   8.3 LU  FTPK:  -inf  -inf dBFS  TPK: -15.2 -15.7 dBFS
[Parsed_ebur128_0 @ 0x148e05970] t: 192.899979 TARGET:-23 LUFS    M:   nan S:   nan     I: -32.7 LUFS       LRA:   8.3 LU  FTPK:  -inf  -inf dBFS  TPK: -15.2 -15.7 dBFS
[Parsed_ebur128_0 @ 0x148e05970] t: 192.999979 TARGET:-23 LUFS    M:   nan S:   nan     I: -32.7 LUFS       LRA:   8.3 LU  FTPK:  -inf  -inf dBFS  TPK: -15.2 -15.7 dBFS
[Parsed_ebur128_0 @ 0x148e05970] t: 193.099979 TARGET:-23 LUFS    M:   nan S:   nan     I: -32.7 LUFS       LRA:   8.3 LU  FTPK:  -inf  -inf dBFS  TPK: -15.2 -15.7 dBFS
[Parsed_ebur128_0 @ 0x148e05970] t: 193.199979 TARGET:-23 LUFS    M:   nan S:   nan     I: -32.7 LUFS       LRA:   8.3 LU  FTPK:  -inf  -inf dBFS  TPK: -15.2 -15.7 dBFS
[Parsed_ebur128_0 @ 0x148e05970] t: 193.299979 TARGET:-23 LUFS    M:   nan S:   nan     I: -32.7 LUFS       LRA:   8.3 LU  FTPK:  -inf  -inf dBFS  TPK: -15.2 -15.7 dBFS
[Parsed_ebur128_0 @ 0x148e05970] t: 193.399979 TARGET:-23 LUFS    M:   nan S:   nan     I: -32.7 LUFS       LRA:   8.3 LU  FTPK:  -inf  -inf dBFS  TPK: -15.2 -15.7 dBFS
[Parsed_ebur128_0 @ 0x148e05970] t: 193.499979 TARGET:-23 LUFS    M:   nan S:   nan     I: -32.7 LUFS       LRA:   8.3 LU  FTPK:  -inf  -inf dBFS  TPK: -15.2 -15.7 dBFS
[Parsed_ebur128_0 @ 0x148e05970] t: 193.599979 TARGET:-23 LUFS    M:   nan S:   nan     I: -32.7 LUFS       LRA:   8.3 LU  FTPK:  -inf  -inf dBFS  TPK: -15.2 -15.7 dBFS
[Parsed_ebur128_0 @ 0x148e05970] t: 193.699979 TARGET:-23 LUFS    M:   nan S:   nan     I: -32.7 LUFS       LRA:   8.3 LU  FTPK:  -inf  -inf dBFS  TPK: -15.2 -15.7 dBFS
[Parsed_ebur128_0 @ 0x148e05970] t: 193.799979 TARGET:-23 LUFS    M:   nan S:   nan     I: -32.7 LUFS       LRA:   8.3 LU  FTPK:  -inf  -inf dBFS  TPK: -15.2 -15.7 dBFS
[Parsed_ebur128_0 @ 0x148e05970] t: 193.899979 TARGET:-23 LUFS    M:   nan S:   nan     I: -32.7 LUFS       LRA:   8.3 LU  FTPK:  -inf  -inf dBFS  TPK: -15.2 -15.7 dBFS
[Parsed_ebur128_0 @ 0x148e05970] t: 193.999979 TARGET:-23 LUFS    M:   nan S:   nan     I: -32.7 LUFS       LRA:   8.3 LU  FTPK:  -inf  -inf dBFS  TPK: -15.2 -15.7 dBFS
[Parsed_ebur128_0 @ 0x148e05970] t: 194.099979 TARGET:-23 LUFS    M:   nan S:   nan     I: -32.7 LUFS       LRA:   8.3 LU  FTPK:  -inf  -inf dBFS  TPK: -15.2 -15.7 dBFS
[Parsed_ebur128_0 @ 0x148e05970] t: 194.199979 TARGET:-23 LUFS    M:-118.9 S:-127.6     I: -32.7 LUFS       LRA:   8.3 LU  FTPK: -89.1 -89.1 dBFS  TPK: -15.2 -15.7 dBFS
[Parsed_ebur128_0 @ 0x148e05970] t: 194.299979 TARGET:-23 LUFS    M: -34.1 S: -42.9     I: -32.7 LUFS       LRA:   8.3 LU  FTPK: -16.9 -16.9 dBFS  TPK: -15.2 -15.7 dBFS
[Parsed_ebur128_0 @ 0x148e05970] t: 194.399979 TARGET:-23 LUFS    M: -34.1 S: -42.9     I: -32.7 LUFS       LRA:   8.3 LU  FTPK: -40.3 -40.3 dBFS  TPK: -15.2 -15.7 dBFS
[Parsed_ebur128_0 @ 0x148e05970] t: 194.499979 TARGET:-23 LUFS    M: -34.1 S: -42.9     I: -32.7 LUFS       LRA:   8.3 LU  FTPK: -130.4 -130.4 dBFS  TPK: -15.2 -15.7 dBFS
[Parsed_ebur128_0 @ 0x148e05970] t: 194.599979 TARGET:-23 LUFS    M: -34.1 S: -42.9     I: -32.7 LUFS       LRA:   8.3 LU  FTPK:  -inf  -inf dBFS  TPK: -15.2 -15.7 dBFS
[Parsed_ebur128_0 @ 0x148e05970] t: 194.699979 TARGET:-23 LUFS    M: -55.7 S: -42.9     I: -32.7 LUFS       LRA:   8.3 LU  FTPK:  -inf  -inf dBFS  TPK: -15.2 -15.7 dBFS
[Parsed_ebur128_0 @ 0x148e05970] t: 194.799979 TARGET:-23 LUFS    M:-154.5 S: -42.9     I: -32.7 LUFS       LRA:   8.3 LU  FTPK:  -inf  -inf dBFS  TPK: -15.2 -15.7 dBFS
[Parsed_ebur128_0 @ 0x148e05970] t: 194.899979 TARGET:-23 LUFS    M:   nan S: -42.9     I: -32.7 LUFS       LRA:   8.3 LU  FTPK:  -inf  -inf dBFS  TPK: -15.2 -15.7 dBFS
[Parsed_ebur128_0 @ 0x148e05970] t: 194.999979 TARGET:-23 LUFS    M:   nan S: -42.9     I: -32.7 LUFS       LRA:   8.3 LU  FTPK:  -inf  -inf dBFS  TPK: -15.2 -15.7 dBFS
[Parsed_ebur128_0 @ 0x148e05970] t: 195.099979 TARGET:-23 LUFS    M:   nan S: -42.9     I: -32.7 LUFS       LRA:   8.1 LU  FTPK:  -inf  -inf dBFS  TPK: -15.2 -15.7 dBFS
[Parsed_ebur128_0 @ 0x148e05970] t: 195.199979 TARGET:-23 LUFS    M:   nan S: -42.9     I: -32.7 LUFS       LRA:   8.1 LU  FTPK:  -inf  -inf dBFS  TPK: -15.2 -15.7 dBFS
[Parsed_ebur128_0 @ 0x148e05970] t: 195.299979 TARGET:-23 LUFS    M:   nan S: -42.9     I: -32.7 LUFS       LRA:   8.1 LU  FTPK:  -inf  -inf dBFS  TPK: -15.2 -15.7 dBFS
[Parsed_ebur128_0 @ 0x148e05970] t: 195.399979 TARGET:-23 LUFS    M:   nan S: -42.9     I: -32.7 LUFS       LRA:   8.1 LU  FTPK:  -inf  -inf dBFS  TPK: -15.2 -15.7 dBFS
[Parsed_ebur128_0 @ 0x148e05970] t: 195.499979 TARGET:-23 LUFS    M:   nan S: -42.9     I: -32.7 LUFS       LRA:   8.1 LU  FTPK:  -inf  -inf dBFS  TPK: -15.2 -15.7 dBFS
[Parsed_ebur128_0 @ 0x148e05970] t: 195.599979 TARGET:-23 LUFS    M:   nan S: -42.9     I: -32.7 LUFS       LRA:   8.1 LU  FTPK:  -inf  -inf dBFS  TPK: -15.2 -15.7 dBFS
[Parsed_ebur128_0 @ 0x148e05970] t: 195.699979 TARGET:-23 LUFS    M:   nan S: -42.9     I: -32.7 LUFS       LRA:   8.1 LU  FTPK:  -inf  -inf dBFS  TPK: -15.2 -15.7 dBFS
[Parsed_ebur128_0 @ 0x148e05970] t: 195.799979 TARGET:-23 LUFS    M:   nan S: -42.9     I: -32.7 LUFS       LRA:   8.1 LU  FTPK:  -inf  -inf dBFS  TPK: -15.2 -15.7 dBFS
[Parsed_ebur128_0 @ 0x148e05970] t: 195.899979 TARGET:-23 LUFS    M:   nan S: -42.9     I: -32.7 LUFS       LRA:   8.1 LU  FTPK:  -inf  -inf dBFS  TPK: -15.2 -15.7 dBFS
[Parsed_ebur128_0 @ 0x148e05970] t: 195.999979 TARGET:-23 LUFS    M:   nan S: -42.9     I: -32.7 LUFS       LRA:   8.1 LU  FTPK:  -inf  -inf dBFS  TPK: -15.2 -15.7 dBFS
[Parsed_ebur128_0 @ 0x148e05970] t: 196.099979 TARGET:-23 LUFS    M:   nan S: -42.9     I: -32.7 LUFS       LRA:   7.7 LU  FTPK:  -inf  -inf dBFS  TPK: -15.2 -15.7 dBFS
[Parsed_ebur128_0 @ 0x148e05970] t: 196.199979 TARGET:-23 LUFS    M:   nan S: -42.9     I: -32.7 LUFS       LRA:   7.7 LU  FTPK:  -inf  -inf dBFS  TPK: -15.2 -15.7 dBFS
[Parsed_ebur128_0 @ 0x148e05970] t: 196.299979 TARGET:-23 LUFS    M:   nan S: -42.9     I: -32.7 LUFS       LRA:   7.7 LU  FTPK:  -inf  -inf dBFS  TPK: -15.2 -15.7 dBFS
[Parsed_ebur128_0 @ 0x148e05970] t: 196.399979 TARGET:-23 LUFS    M:   nan S: -42.9     I: -32.7 LUFS       LRA:   7.7 LU  FTPK:  -inf  -inf dBFS  TPK: -15.2 -15.7 dBFS
[Parsed_ebur128_0 @ 0x148e05970] t: 196.499979 TARGET:-23 LUFS    M:   nan S: -42.9     I: -32.7 LUFS       LRA:   7.7 LU  FTPK:  -inf  -inf dBFS  TPK: -15.2 -15.7 dBFS
[Parsed_ebur128_0 @ 0x148e05970] t: 196.599979 TARGET:-23 LUFS    M:   nan S: -42.9     I: -32.7 LUFS       LRA:   7.7 LU  FTPK:  -inf  -inf dBFS  TPK: -15.2 -15.7 dBFS
[Parsed_ebur128_0 @ 0x148e05970] t: 196.699979 TARGET:-23 LUFS    M:   nan S: -42.9     I: -32.7 LUFS       LRA:   7.7 LU  FTPK:  -inf  -inf dBFS  TPK: -15.2 -15.7 dBFS
[Parsed_ebur128_0 @ 0x148e05970] t: 196.799979 TARGET:-23 LUFS    M:   nan S: -42.9     I: -32.7 LUFS       LRA:   7.7 LU  FTPK:  -inf  -inf dBFS  TPK: -15.2 -15.7 dBFS
[Parsed_ebur128_0 @ 0x148e05970] t: 196.899979 TARGET:-23 LUFS    M:   nan S: -42.9     I: -32.7 LUFS       LRA:   7.7 LU  FTPK:  -inf  -inf dBFS  TPK: -15.2 -15.7 dBFS
[Parsed_ebur128_0 @ 0x148e05970] t: 196.999979 TARGET:-23 LUFS    M:   nan S: -42.9     I: -32.7 LUFS       LRA:   7.7 LU  FTPK:  -inf  -inf dBFS  TPK: -15.2 -15.7 dBFS
[Parsed_ebur128_0 @ 0x148e05970] t: 197.099979 TARGET:-23 LUFS    M:   nan S: -42.9     I: -32.7 LUFS       LRA:   7.7 LU  FTPK:  -inf  -inf dBFS  TPK: -15.2 -15.7 dBFS
[Parsed_ebur128_0 @ 0x148e05970] t: 197.199979 TARGET:-23 LUFS    M:   nan S: -42.9     I: -32.7 LUFS       LRA:   7.7 LU  FTPK:  -inf  -inf dBFS  TPK: -15.2 -15.7 dBFS
[Parsed_ebur128_0 @ 0x148e05970] t: 197.299979 TARGET:-23 LUFS    M:   nan S: -64.5     I: -32.7 LUFS       LRA:   7.7 LU  FTPK:  -inf  -inf dBFS  TPK: -15.2 -15.7 dBFS
[Parsed_ebur128_0 @ 0x148e05970] t: 197.399979 TARGET:-23 LUFS    M:   nan S:-162.3     I: -32.7 LUFS       LRA:   7.7 LU  FTPK:  -inf  -inf dBFS  TPK: -15.2 -15.7 dBFS
[Parsed_ebur128_0 @ 0x148e05970] t: 197.499979 TARGET:-23 LUFS    M:   nan S:   nan     I: -32.7 LUFS       LRA:   7.7 LU  FTPK:  -inf  -inf dBFS  TPK: -15.2 -15.7 dBFS
[Parsed_ebur128_0 @ 0x148e05970] t: 197.599979 TARGET:-23 LUFS    M:   nan S:   nan     I: -32.7 LUFS       LRA:   7.7 LU  FTPK:  -inf  -inf dBFS  TPK: -15.2 -15.7 dBFS
[Parsed_ebur128_0 @ 0x148e05970] t: 197.699979 TARGET:-23 LUFS    M:   nan S:   nan     I: -32.7 LUFS       LRA:   7.7 LU  FTPK:  -inf  -inf dBFS  TPK: -15.2 -15.7 dBFS
[Parsed_ebur128_0 @ 0x148e05970] t: 197.799979 TARGET:-23 LUFS    M:   nan S:   nan     I: -32.7 LUFS       LRA:   7.7 LU  FTPK:  -inf  -inf dBFS  TPK: -15.2 -15.7 dBFS
[Parsed_ebur128_0 @ 0x148e05970] t: 197.899979 TARGET:-23 LUFS    M:   nan S:   nan     I: -32.7 LUFS       LRA:   7.7 LU  FTPK:  -inf  -inf dBFS  TPK: -15.2 -15.7 dBFS
[Parsed_ebur128_0 @ 0x148e05970] t: 197.999979 TARGET:-23 LUFS    M:   nan S:   nan     I: -32.7 LUFS       LRA:   7.7 LU  FTPK:  -inf  -inf dBFS  TPK: -15.2 -15.7 dBFS
[Parsed_ebur128_0 @ 0x148e05970] t: 198.099979 TARGET:-23 LUFS    M:   nan S:   nan     I: -32.7 LUFS       LRA:   7.7 LU  FTPK:  -inf  -inf dBFS  TPK: -15.2 -15.7 dBFS
[Parsed_ebur128_0 @ 0x148e05970] t: 198.199979 TARGET:-23 LUFS    M:   nan S:   nan     I: -32.7 LUFS       LRA:   7.7 LU  FTPK:  -inf  -inf dBFS  TPK: -15.2 -15.7 dBFS
[Parsed_ebur128_0 @ 0x148e05970] t: 198.299979 TARGET:-23 LUFS    M:   nan S:   nan     I: -32.7 LUFS       LRA:   7.7 LU  FTPK:  -inf  -inf dBFS  TPK: -15.2 -15.7 dBFS
[Parsed_ebur128_0 @ 0x148e05970] t: 198.399979 TARGET:-23 LUFS    M:   nan S:   nan     I: -32.7 LUFS       LRA:   7.7 LU  FTPK:  -inf  -inf dBFS  TPK: -15.2 -15.7 dBFS
[Parsed_ebur128_0 @ 0x148e05970] t: 198.499979 TARGET:-23 LUFS    M:   nan S:   nan     I: -32.7 LUFS       LRA:   7.7 LU  FTPK:  -inf  -inf dBFS  TPK: -15.2 -15.7 dBFS
[Parsed_ebur128_0 @ 0x148e05970] t: 198.599979 TARGET:-23 LUFS    M:   nan S:   nan     I: -32.7 LUFS       LRA:   7.7 LU  FTPK:  -inf  -inf dBFS  TPK: -15.2 -15.7 dBFS
[Parsed_ebur128_0 @ 0x148e05970] t: 198.699979 TARGET:-23 LUFS    M:   nan S:   nan     I: -32.7 LUFS       LRA:   7.7 LU  FTPK:  -inf  -inf dBFS  TPK: -15.2 -15.7 dBFS
[Parsed_ebur128_0 @ 0x148e05970] t: 198.799979 TARGET:-23 LUFS    M:   nan S:   nan     I: -32.7 LUFS       LRA:   7.7 LU  FTPK:  -inf  -inf dBFS  TPK: -15.2 -15.7 dBFS
[Parsed_ebur128_0 @ 0x148e05970] t: 198.899979 TARGET:-23 LUFS    M:   nan S:   nan     I: -32.7 LUFS       LRA:   7.7 LU  FTPK:  -inf  -inf dBFS  TPK: -15.2 -15.7 dBFS
[Parsed_ebur128_0 @ 0x148e05970] t: 198.999979 TARGET:-23 LUFS    M:   nan S:   nan     I: -32.7 LUFS       LRA:   7.7 LU  FTPK:  -inf  -inf dBFS  TPK: -15.2 -15.7 dBFS
[Parsed_ebur128_0 @ 0x148e05970] t: 199.099979 TARGET:-23 LUFS    M:   nan S:   nan     I: -32.7 LUFS       LRA:   7.7 LU  FTPK:  -inf  -inf dBFS  TPK: -15.2 -15.7 dBFS
[Parsed_ebur128_0 @ 0x148e05970] t: 199.199979 TARGET:-23 LUFS    M:   nan S:   nan     I: -32.7 LUFS       LRA:   7.7 LU  FTPK:  -inf  -inf dBFS  TPK: -15.2 -15.7 dBFS
[Parsed_ebur128_0 @ 0x148e05970] t: 199.299979 TARGET:-23 LUFS    M:   nan S:   nan     I: -32.7 LUFS       LRA:   7.7 LU  FTPK:  -inf  -inf dBFS  TPK: -15.2 -15.7 dBFS
[Parsed_ebur128_0 @ 0x148e05970] t: 199.399979 TARGET:-23 LUFS    M:   nan S:   nan     I: -32.7 LUFS       LRA:   7.7 LU  FTPK:  -inf  -inf dBFS  TPK: -15.2 -15.7 dBFS
[Parsed_ebur128_0 @ 0x148e05970] t: 199.499979 TARGET:-23 LUFS    M:   nan S:   nan     I: -32.7 LUFS       LRA:   7.7 LU  FTPK:  -inf  -inf dBFS  TPK: -15.2 -15.7 dBFS
[Parsed_ebur128_0 @ 0x148e05970] t: 199.599979 TARGET:-23 LUFS    M:   nan S:   nan     I: -32.7 LUFS       LRA:   7.7 LU  FTPK:  -inf  -inf dBFS  TPK: -15.2 -15.7 dBFS
[Parsed_ebur128_0 @ 0x148e05970] t: 199.699979 TARGET:-23 LUFS    M:   nan S:   nan     I: -32.7 LUFS       LRA:   7.7 LU  FTPK:  -inf  -inf dBFS  TPK: -15.2 -15.7 dBFS
[Parsed_ebur128_0 @ 0x148e05970] t: 199.799979 TARGET:-23 LUFS    M:   nan S:   nan     I: -32.7 LUFS       LRA:   7.7 LU  FTPK:  -inf  -inf dBFS  TPK: -15.2 -15.7 dBFS
[Parsed_ebur128_0 @ 0x148e05970] t: 199.899979 TARGET:-23 LUFS    M:   nan S:   nan     I: -32.7 LUFS       LRA:   7.7 LU  FTPK:  -inf  -inf dBFS  TPK: -15.2 -15.7 dBFS
[Parsed_ebur128_0 @ 0x148e05970] t: 199.999979 TARGET:-23 LUFS    M:   nan S:   nan     I: -32.7 LUFS       LRA:   7.7 LU  FTPK:  -inf  -inf dBFS  TPK: -15.2 -15.7 dBFS
[Parsed_ebur128_0 @ 0x148e05970] t: 200.099979 TARGET:-23 LUFS    M:   nan S:   nan     I: -32.7 LUFS       LRA:   7.7 LU  FTPK:  -inf  -inf dBFS  TPK: -15.2 -15.7 dBFS
[Parsed_ebur128_0 @ 0x148e05970] t: 200.199979 TARGET:-23 LUFS    M:   nan S:   nan     I: -32.7 LUFS       LRA:   7.7 LU  FTPK:  -inf  -inf dBFS  TPK: -15.2 -15.7 dBFS
[Parsed_ebur128_0 @ 0x148e05970] t: 200.299979 TARGET:-23 LUFS    M:   nan S:   nan     I: -32.7 LUFS       LRA:   7.7 LU  FTPK:  -inf  -inf dBFS  TPK: -15.2 -15.7 dBFS
[Parsed_ebur128_0 @ 0x148e05970] t: 200.399979 TARGET:-23 LUFS    M:   nan S:   nan     I: -32.7 LUFS       LRA:   7.7 LU  FTPK:  -inf  -inf dBFS  TPK: -15.2 -15.7 dBFS
[Parsed_ebur128_0 @ 0x148e05970] t: 200.499979 TARGET:-23 LUFS    M:   nan S:   nan     I: -32.7 LUFS       LRA:   7.7 LU  FTPK:  -inf  -inf dBFS  TPK: -15.2 -15.7 dBFS
[Parsed_ebur128_0 @ 0x148e05970] t: 200.599979 TARGET:-23 LUFS    M:   nan S:   nan     I: -32.7 LUFS       LRA:   7.7 LU  FTPK:  -inf  -inf dBFS  TPK: -15.2 -15.7 dBFS
[Parsed_ebur128_0 @ 0x148e05970] t: 200.699979 TARGET:-23 LUFS    M:   nan S:   nan     I: -32.7 LUFS       LRA:   7.7 LU  FTPK:  -inf  -inf dBFS  TPK: -15.2 -15.7 dBFS
[Parsed_ebur128_0 @ 0x148e05970] t: 200.799979 TARGET:-23 LUFS    M:   nan S:   nan     I: -32.7 LUFS       LRA:   7.7 LU  FTPK:  -inf  -inf dBFS  TPK: -15.2 -15.7 dBFS
[Parsed_ebur128_0 @ 0x148e05970] t: 200.899979 TARGET:-23 LUFS    M:   nan S:   nan     I: -32.7 LUFS       LRA:   7.7 LU  FTPK:  -inf  -inf dBFS  TPK: -15.2 -15.7 dBFS
[Parsed_ebur128_0 @ 0x148e05970] t: 200.999979 TARGET:-23 LUFS    M:   nan S:   nan     I: -32.7 LUFS       LRA:   7.7 LU  FTPK:  -inf  -inf dBFS  TPK: -15.2 -15.7 dBFS
[Parsed_ebur128_0 @ 0x148e05970] t: 201.099979 TARGET:-23 LUFS    M:   nan S:   nan     I: -32.7 LUFS       LRA:   7.7 LU  FTPK:  -inf  -inf dBFS  TPK: -15.2 -15.7 dBFS
[Parsed_ebur128_0 @ 0x148e05970] t: 201.199979 TARGET:-23 LUFS    M:   nan S:   nan     I: -32.7 LUFS       LRA:   7.7 LU  FTPK:  -inf  -inf dBFS  TPK: -15.2 -15.7 dBFS
[Parsed_ebur128_0 @ 0x148e05970] t: 201.299979 TARGET:-23 LUFS    M:   nan S:   nan     I: -32.7 LUFS       LRA:   7.7 LU  FTPK:  -inf  -inf dBFS  TPK: -15.2 -15.7 dBFS
[Parsed_ebur128_0 @ 0x148e05970] t: 201.399979 TARGET:-23 LUFS    M:   nan S:   nan     I: -32.7 LUFS       LRA:   7.7 LU  FTPK:  -inf  -inf dBFS  TPK: -15.2 -15.7 dBFS
[Parsed_ebur128_0 @ 0x148e05970] t: 201.499979 TARGET:-23 LUFS    M:   nan S:   nan     I: -32.7 LUFS       LRA:   7.7 LU  FTPK:  -inf  -inf dBFS  TPK: -15.2 -15.7 dBFS
[Parsed_ebur128_0 @ 0x148e05970] t: 201.599979 TARGET:-23 LUFS    M:   nan S:   nan     I: -32.7 LUFS       LRA:   7.7 LU  FTPK:  -inf  -inf dBFS  TPK: -15.2 -15.7 dBFS
[Parsed_ebur128_0 @ 0x148e05970] t: 201.699979 TARGET:-23 LUFS    M:   nan S:   nan     I: -32.7 LUFS       LRA:   7.7 LU  FTPK:  -inf  -inf dBFS  TPK: -15.2 -15.7 dBFS
[Parsed_ebur128_0 @ 0x148e05970] t: 201.799979 TARGET:-23 LUFS    M:   nan S:   nan     I: -32.7 LUFS       LRA:   7.7 LU  FTPK:  -inf  -inf dBFS  TPK: -15.2 -15.7 dBFS
[Parsed_ebur128_0 @ 0x148e05970] t: 201.899979 TARGET:-23 LUFS    M:   nan S:   nan     I: -32.7 LUFS       LRA:   7.7 LU  FTPK:  -inf  -inf dBFS  TPK: -15.2 -15.7 dBFS
[Parsed_ebur128_0 @ 0x148e05970] t: 201.999979 TARGET:-23 LUFS    M:   nan S:   nan     I: -32.7 LUFS       LRA:   7.7 LU  FTPK:  -inf  -inf dBFS  TPK: -15.2 -15.7 dBFS
[Parsed_ebur128_0 @ 0x148e05970] t: 202.099979 TARGET:-23 LUFS    M:   nan S:   nan     I: -32.7 LUFS       LRA:   7.7 LU  FTPK:  -inf  -inf dBFS  TPK: -15.2 -15.7 dBFS
[Parsed_ebur128_0 @ 0x148e05970] t: 202.199979 TARGET:-23 LUFS    M:   nan S:   nan     I: -32.7 LUFS       LRA:   7.7 LU  FTPK:  -inf  -inf dBFS  TPK: -15.2 -15.7 dBFS
[Parsed_ebur128_0 @ 0x148e05970] t: 202.299979 TARGET:-23 LUFS    M:   nan S:   nan     I: -32.7 LUFS       LRA:   7.7 LU  FTPK:  -inf  -inf dBFS  TPK: -15.2 -15.7 dBFS
[Parsed_ebur128_0 @ 0x148e05970] t: 202.399979 TARGET:-23 LUFS    M:   nan S:   nan     I: -32.7 LUFS       LRA:   7.7 LU  FTPK:  -inf  -inf dBFS  TPK: -15.2 -15.7 dBFS
[Parsed_ebur128_0 @ 0x148e05970] t: 202.499979 TARGET:-23 LUFS    M:   nan S:   nan     I: -32.7 LUFS       LRA:   7.7 LU  FTPK:  -inf  -inf dBFS  TPK: -15.2 -15.7 dBFS
[Parsed_ebur128_0 @ 0x148e05970] t: 202.599979 TARGET:-23 LUFS    M:   nan S:   nan     I: -32.7 LUFS       LRA:   7.7 LU  FTPK:  -inf  -inf dBFS  TPK: -15.2 -15.7 dBFS
[Parsed_ebur128_0 @ 0x148e05970] t: 202.699979 TARGET:-23 LUFS    M:   nan S:   nan     I: -32.7 LUFS       LRA:   7.7 LU  FTPK:  -inf  -inf dBFS  TPK: -15.2 -15.7 dBFS
[Parsed_ebur128_0 @ 0x148e05970] t: 202.799979 TARGET:-23 LUFS    M:   nan S:   nan     I: -32.7 LUFS       LRA:   7.7 LU  FTPK:  -inf  -inf dBFS  TPK: -15.2 -15.7 dBFS
[Parsed_ebur128_0 @ 0x148e05970] t: 202.899979 TARGET:-23 LUFS    M:   nan S:   nan     I: -32.7 LUFS       LRA:   7.7 LU  FTPK:  -inf  -inf dBFS  TPK: -15.2 -15.7 dBFS
[Parsed_ebur128_0 @ 0x148e05970] t: 202.999979 TARGET:-23 LUFS    M:   nan S:   nan     I: -32.7 LUFS       LRA:   7.7 LU  FTPK:  -inf  -inf dBFS  TPK: -15.2 -15.7 dBFS
[Parsed_ebur128_0 @ 0x148e05970] t: 203.099979 TARGET:-23 LUFS    M:   nan S:   nan     I: -32.7 LUFS       LRA:   7.7 LU  FTPK:  -inf  -inf dBFS  TPK: -15.2 -15.7 dBFS
[Parsed_ebur128_0 @ 0x148e05970] t: 203.199979 TARGET:-23 LUFS    M:   nan S:   nan     I: -32.7 LUFS       LRA:   7.7 LU  FTPK:  -inf  -inf dBFS  TPK: -15.2 -15.7 dBFS
[Parsed_ebur128_0 @ 0x148e05970] t: 203.299979 TARGET:-23 LUFS    M: -34.3 S: -43.0     I: -32.7 LUFS       LRA:   7.7 LU  FTPK: -17.0 -17.0 dBFS  TPK: -15.2 -15.7 dBFS
[Parsed_ebur128_0 @ 0x148e05970] t: 203.399979 TARGET:-23 LUFS    M: -34.1 S: -42.9     I: -32.7 LUFS       LRA:   7.7 LU  FTPK: -34.2 -34.2 dBFS  TPK: -15.2 -15.7 dBFS
[Parsed_ebur128_0 @ 0x148e05970] t: 203.499979 TARGET:-23 LUFS    M: -34.1 S: -42.9     I: -32.7 LUFS       LRA:   7.7 LU  FTPK: -71.4 -71.4 dBFS  TPK: -15.2 -15.7 dBFS
[Parsed_ebur128_0 @ 0x148e05970] t: 203.599979 TARGET:-23 LUFS    M: -34.1 S: -42.9     I: -32.7 LUFS       LRA:   7.7 LU  FTPK:  -inf  -inf dBFS  TPK: -15.2 -15.7 dBFS
[Parsed_ebur128_0 @ 0x148e05970] t: 203.699979 TARGET:-23 LUFS    M: -49.2 S: -42.9     I: -32.7 LUFS       LRA:   7.7 LU  FTPK:  -inf  -inf dBFS  TPK: -15.2 -15.7 dBFS
[Parsed_ebur128_0 @ 0x148e05970] t: 203.799979 TARGET:-23 LUFS    M: -92.6 S: -42.9     I: -32.7 LUFS       LRA:   7.7 LU  FTPK:  -inf  -inf dBFS  TPK: -15.2 -15.7 dBFS
[Parsed_ebur128_0 @ 0x148e05970] t: 203.899979 TARGET:-23 LUFS    M:   nan S: -42.9     I: -32.7 LUFS       LRA:   7.7 LU  FTPK:  -inf  -inf dBFS  TPK: -15.2 -15.7 dBFS
[Parsed_ebur128_0 @ 0x148e05970] t: 203.999979 TARGET:-23 LUFS    M:-112.6 S: -42.9     I: -32.7 LUFS       LRA:   7.7 LU  FTPK: -85.2 -85.2 dBFS  TPK: -15.2 -15.7 dBFS
[Parsed_ebur128_0 @ 0x148e05970] t: 204.099979 TARGET:-23 LUFS    M: -36.1 S: -40.7     I: -32.7 LUFS       LRA:   7.6 LU  FTPK: -15.8 -15.8 dBFS  TPK: -15.2 -15.7 dBFS
[Parsed_ebur128_0 @ 0x148e05970] t: 204.199979 TARGET:-23 LUFS    M: -36.1 S: -40.7     I: -32.8 LUFS       LRA:   7.6 LU  FTPK: -46.5 -46.5 dBFS  TPK: -15.2 -15.7 dBFS
[Parsed_ebur128_0 @ 0x148e05970] t: 204.299979 TARGET:-23 LUFS    M: -36.1 S: -40.7     I: -32.8 LUFS       LRA:   7.6 LU  FTPK:  -inf  -inf dBFS  TPK: -15.2 -15.7 dBFS
[Parsed_ebur128_0 @ 0x148e05970] t: 204.399979 TARGET:-23 LUFS    M: -36.1 S: -40.7     I: -32.8 LUFS       LRA:   7.6 LU  FTPK:  -inf  -inf dBFS  TPK: -15.2 -15.7 dBFS
[Parsed_ebur128_0 @ 0x148e05970] t: 204.499979 TARGET:-23 LUFS    M: -65.2 S: -40.7     I: -32.8 LUFS       LRA:   7.6 LU  FTPK:  -inf  -inf dBFS  TPK: -15.2 -15.7 dBFS
[Parsed_ebur128_0 @ 0x148e05970] t: 204.599979 TARGET:-23 LUFS    M:   nan S: -40.7     I: -32.8 LUFS       LRA:   7.6 LU  FTPK:  -inf  -inf dBFS  TPK: -15.2 -15.7 dBFS
[Parsed_ebur128_0 @ 0x148e05970] t: 204.699979 TARGET:-23 LUFS    M:   nan S: -40.7     I: -32.8 LUFS       LRA:   7.6 LU  FTPK:  -inf  -inf dBFS  TPK: -15.2 -15.7 dBFS
[Parsed_ebur128_0 @ 0x148e05970] t: 204.799979 TARGET:-23 LUFS    M: -39.4 S: -40.0     I: -32.8 LUFS       LRA:   7.6 LU  FTPK: -21.9 -21.9 dBFS  TPK: -15.2 -15.7 dBFS
[Parsed_ebur128_0 @ 0x148e05970] t: 204.899979 TARGET:-23 LUFS    M: -31.9 S: -37.7     I: -32.8 LUFS       LRA:   7.6 LU  FTPK: -17.8 -17.8 dBFS  TPK: -15.2 -15.7 dBFS
[Parsed_ebur128_0 @ 0x148e05970] t: 204.999979 TARGET:-23 LUFS    M: -29.4 S: -36.2     I: -32.8 LUFS       LRA:   7.6 LU  FTPK: -18.5 -18.5 dBFS  TPK: -15.2 -15.7 dBFS
[Parsed_ebur128_0 @ 0x148e05970] t: 205.099979 TARGET:-23 LUFS    M: -28.5 S: -35.7     I: -32.7 LUFS       LRA:   7.6 LU  FTPK: -20.5 -20.5 dBFS  TPK: -15.2 -15.7 dBFS
[Parsed_ebur128_0 @ 0x148e05970] t: 205.199979 TARGET:-23 LUFS    M: -28.9 S: -35.7     I: -32.7 LUFS       LRA:   7.6 LU  FTPK:  -inf  -inf dBFS  TPK: -15.2 -15.7 dBFS
[Parsed_ebur128_0 @ 0x148e05970] t: 205.299979 TARGET:-23 LUFS    M: -31.2 S: -35.7     I: -32.7 LUFS       LRA:   7.6 LU  FTPK:  -inf  -inf dBFS  TPK: -15.2 -15.7 dBFS
[Parsed_ebur128_0 @ 0x148e05970] t: 205.399979 TARGET:-23 LUFS    M: -35.9 S: -35.7     I: -32.7 LUFS       LRA:   7.6 LU  FTPK:  -inf  -inf dBFS  TPK: -15.2 -15.7 dBFS
[Parsed_ebur128_0 @ 0x148e05970] t: 205.499979 TARGET:-23 LUFS    M:   nan S: -35.7     I: -32.7 LUFS       LRA:   7.6 LU  FTPK:  -inf  -inf dBFS  TPK: -15.2 -15.7 dBFS
[Parsed_ebur128_0 @ 0x148e05970] t: 205.599979 TARGET:-23 LUFS    M:   nan S: -35.7     I: -32.7 LUFS       LRA:   7.6 LU  FTPK:  -inf  -inf dBFS  TPK: -15.2 -15.7 dBFS
[Parsed_ebur128_0 @ 0x148e05970] t: 205.699979 TARGET:-23 LUFS    M:   nan S: -35.7     I: -32.7 LUFS       LRA:   7.6 LU  FTPK:  -inf  -inf dBFS  TPK: -15.2 -15.7 dBFS
[Parsed_ebur128_0 @ 0x148e05970] t: 205.799979 TARGET:-23 LUFS    M:   nan S: -35.7     I: -32.7 LUFS       LRA:   7.6 LU  FTPK:  -inf  -inf dBFS  TPK: -15.2 -15.7 dBFS
[Parsed_ebur128_0 @ 0x148e05970] t: 205.899979 TARGET:-23 LUFS    M:   nan S: -35.7     I: -32.7 LUFS       LRA:   7.6 LU  FTPK:  -inf  -inf dBFS  TPK: -15.2 -15.7 dBFS
[Parsed_ebur128_0 @ 0x148e05970] t: 205.999979 TARGET:-23 LUFS    M:   nan S: -35.7     I: -32.7 LUFS       LRA:   7.6 LU  FTPK:  -inf  -inf dBFS  TPK: -15.2 -15.7 dBFS
[Parsed_ebur128_0 @ 0x148e05970] t: 206.099979 TARGET:-23 LUFS    M:   nan S: -35.7     I: -32.7 LUFS       LRA:   7.6 LU  FTPK:  -inf  -inf dBFS  TPK: -15.2 -15.7 dBFS
[Parsed_ebur128_0 @ 0x148e05970] t: 206.199979 TARGET:-23 LUFS    M:   nan S: -35.7     I: -32.7 LUFS       LRA:   7.6 LU  FTPK:  -inf  -inf dBFS  TPK: -15.2 -15.7 dBFS
[Parsed_ebur128_0 @ 0x148e05970] t: 206.299979 TARGET:-23 LUFS    M:   nan S: -36.5     I: -32.7 LUFS       LRA:   7.6 LU  FTPK:  -inf  -inf dBFS  TPK: -15.2 -15.7 dBFS
[Parsed_ebur128_0 @ 0x148e05970] t: 206.399979 TARGET:-23 LUFS    M:   nan S: -36.6     I: -32.7 LUFS       LRA:   7.6 LU  FTPK:  -inf  -inf dBFS  TPK: -15.2 -15.7 dBFS
[Parsed_ebur128_0 @ 0x148e05970] t: 206.499979 TARGET:-23 LUFS    M:   nan S: -36.6     I: -32.7 LUFS       LRA:   7.6 LU  FTPK:  -inf  -inf dBFS  TPK: -15.2 -15.7 dBFS
[Parsed_ebur128_0 @ 0x148e05970] t: 206.599979 TARGET:-23 LUFS    M:   nan S: -36.6     I: -32.7 LUFS       LRA:   7.6 LU  FTPK:  -inf  -inf dBFS  TPK: -15.2 -15.7 dBFS
[Parsed_ebur128_0 @ 0x148e05970] t: 206.699979 TARGET:-23 LUFS    M:   nan S: -36.6     I: -32.7 LUFS       LRA:   7.6 LU  FTPK:  -inf  -inf dBFS  TPK: -15.2 -15.7 dBFS
[Parsed_ebur128_0 @ 0x148e05970] t: 206.799979 TARGET:-23 LUFS    M:   nan S: -36.6     I: -32.7 LUFS       LRA:   7.6 LU  FTPK:  -inf  -inf dBFS  TPK: -15.2 -15.7 dBFS
[Parsed_ebur128_0 @ 0x148e05970] t: 206.899979 TARGET:-23 LUFS    M:   nan S: -36.6     I: -32.7 LUFS       LRA:   7.6 LU  FTPK:  -inf  -inf dBFS  TPK: -15.2 -15.7 dBFS
[Parsed_ebur128_0 @ 0x148e05970] t: 206.999979 TARGET:-23 LUFS    M:   nan S: -36.6     I: -32.7 LUFS       LRA:   7.6 LU  FTPK:  -inf  -inf dBFS  TPK: -15.2 -15.7 dBFS
[Parsed_ebur128_0 @ 0x148e05970] t: 207.099979 TARGET:-23 LUFS    M:   nan S: -37.3     I: -32.7 LUFS       LRA:   7.4 LU  FTPK:  -inf  -inf dBFS  TPK: -15.2 -15.7 dBFS
[Parsed_ebur128_0 @ 0x148e05970] t: 207.199979 TARGET:-23 LUFS    M:   nan S: -37.3     I: -32.7 LUFS       LRA:   7.4 LU  FTPK:  -inf  -inf dBFS  TPK: -15.2 -15.7 dBFS
[Parsed_ebur128_0 @ 0x148e05970] t: 207.299979 TARGET:-23 LUFS    M:   nan S: -37.3     I: -32.7 LUFS       LRA:   7.4 LU  FTPK:  -inf  -inf dBFS  TPK: -15.2 -15.7 dBFS
[Parsed_ebur128_0 @ 0x148e05970] t: 207.399979 TARGET:-23 LUFS    M:   nan S: -37.3     I: -32.7 LUFS       LRA:   7.4 LU  FTPK:  -inf  -inf dBFS  TPK: -15.2 -15.7 dBFS
[Parsed_ebur128_0 @ 0x148e05970] t: 207.499979 TARGET:-23 LUFS    M:   nan S: -37.3     I: -32.7 LUFS       LRA:   7.4 LU  FTPK:  -inf  -inf dBFS  TPK: -15.2 -15.7 dBFS
[Parsed_ebur128_0 @ 0x148e05970] t: 207.599979 TARGET:-23 LUFS    M:   nan S: -37.3     I: -32.7 LUFS       LRA:   7.4 LU  FTPK:  -inf  -inf dBFS  TPK: -15.2 -15.7 dBFS
[Parsed_ebur128_0 @ 0x148e05970] t: 207.699979 TARGET:-23 LUFS    M:   nan S: -37.3     I: -32.7 LUFS       LRA:   7.4 LU  FTPK:  -inf  -inf dBFS  TPK: -15.2 -15.7 dBFS
[Parsed_ebur128_0 @ 0x148e05970] t: 207.799979 TARGET:-23 LUFS    M:   nan S: -37.6     I: -32.7 LUFS       LRA:   7.4 LU  FTPK:  -inf  -inf dBFS  TPK: -15.2 -15.7 dBFS
[Parsed_ebur128_0 @ 0x148e05970] t: 207.899979 TARGET:-23 LUFS    M:   nan S: -40.0     I: -32.7 LUFS       LRA:   7.4 LU  FTPK:  -inf  -inf dBFS  TPK: -15.2 -15.7 dBFS
[Parsed_ebur128_0 @ 0x148e05970] t: 207.999979 TARGET:-23 LUFS    M:   nan S: -44.7     I: -32.7 LUFS       LRA:   7.6 LU  FTPK:  -inf  -inf dBFS  TPK: -15.2 -15.7 dBFS
[Parsed_ebur128_0 @ 0x148e05970] t: 208.099979 TARGET:-23 LUFS    M:   nan S:   nan     I: -32.7 LUFS       LRA:   7.6 LU  FTPK:  -inf  -inf dBFS  TPK: -15.2 -15.7 dBFS
[Parsed_ebur128_0 @ 0x148e05970] t: 208.199979 TARGET:-23 LUFS    M: -35.1 S: -43.9     I: -32.7 LUFS       LRA:   7.6 LU  FTPK: -17.0 -17.0 dBFS  TPK: -15.2 -15.7 dBFS
[Parsed_ebur128_0 @ 0x148e05970] t: 208.299979 TARGET:-23 LUFS    M: -34.1 S: -42.9     I: -32.7 LUFS       LRA:   7.6 LU  FTPK: -23.6 -23.6 dBFS  TPK: -15.2 -15.7 dBFS
[Parsed_ebur128_0 @ 0x148e05970] t: 208.399979 TARGET:-23 LUFS    M: -34.1 S: -42.9     I: -32.7 LUFS       LRA:   7.6 LU  FTPK: -46.9 -46.9 dBFS  TPK: -15.2 -15.7 dBFS
[Parsed_ebur128_0 @ 0x148e05970] t: 208.499979 TARGET:-23 LUFS    M: -34.1 S: -42.9     I: -32.7 LUFS       LRA:   7.6 LU  FTPK:  -inf  -inf dBFS  TPK: -15.2 -15.7 dBFS
[Parsed_ebur128_0 @ 0x148e05970] t: 208.599979 TARGET:-23 LUFS    M: -41.0 S: -42.9     I: -32.8 LUFS       LRA:   7.6 LU  FTPK:  -inf  -inf dBFS  TPK: -15.2 -15.7 dBFS
[Parsed_ebur128_0 @ 0x148e05970] t: 208.699979 TARGET:-23 LUFS    M: -64.7 S: -42.9     I: -32.8 LUFS       LRA:   7.6 LU  FTPK:  -inf  -inf dBFS  TPK: -15.2 -15.7 dBFS
[Parsed_ebur128_0 @ 0x148e05970] t: 208.799979 TARGET:-23 LUFS    M:   nan S: -42.9     I: -32.8 LUFS       LRA:   7.6 LU  FTPK:  -inf  -inf dBFS  TPK: -15.2 -15.7 dBFS
[Parsed_ebur128_0 @ 0x148e05970] t: 208.899979 TARGET:-23 LUFS    M:   nan S: -42.9     I: -32.8 LUFS       LRA:   7.6 LU  FTPK:  -inf  -inf dBFS  TPK: -15.2 -15.7 dBFS
[Parsed_ebur128_0 @ 0x148e05970] t: 208.999979 TARGET:-23 LUFS    M:   nan S: -42.9     I: -32.8 LUFS       LRA:   7.6 LU  FTPK:  -inf  -inf dBFS  TPK: -15.2 -15.7 dBFS
[Parsed_ebur128_0 @ 0x148e05970] t: 209.099979 TARGET:-23 LUFS    M:   nan S: -42.9     I: -32.8 LUFS       LRA:   7.6 LU  FTPK:  -inf  -inf dBFS  TPK: -15.2 -15.7 dBFS
[Parsed_ebur128_0 @ 0x148e05970] t: 209.199979 TARGET:-23 LUFS    M:   nan S: -42.9     I: -32.8 LUFS       LRA:   7.4 LU  FTPK:  -inf  -inf dBFS  TPK: -15.2 -15.7 dBFS
[Parsed_ebur128_0 @ 0x148e05970] t: 209.299979 TARGET:-23 LUFS    M:   nan S: -42.9     I: -32.8 LUFS       LRA:   7.4 LU  FTPK:  -inf  -inf dBFS  TPK: -15.2 -15.7 dBFS
[Parsed_ebur128_0 @ 0x148e05970] t: 209.399979 TARGET:-23 LUFS    M:   nan S: -42.9     I: -32.8 LUFS       LRA:   7.4 LU  FTPK:  -inf  -inf dBFS  TPK: -15.2 -15.7 dBFS
[Parsed_ebur128_0 @ 0x148e05970] t: 209.499979 TARGET:-23 LUFS    M:   nan S: -42.9     I: -32.8 LUFS       LRA:   7.4 LU  FTPK:  -inf  -inf dBFS  TPK: -15.2 -15.7 dBFS
[Parsed_ebur128_0 @ 0x148e05970] t: 209.599979 TARGET:-23 LUFS    M:   nan S: -42.9     I: -32.8 LUFS       LRA:   7.4 LU  FTPK:  -inf  -inf dBFS  TPK: -15.2 -15.7 dBFS
[Parsed_ebur128_0 @ 0x148e05970] t: 209.699979 TARGET:-23 LUFS    M:   nan S: -42.9     I: -32.8 LUFS       LRA:   7.4 LU  FTPK:  -inf  -inf dBFS  TPK: -15.2 -15.7 dBFS
[Parsed_ebur128_0 @ 0x148e05970] t: 209.799979 TARGET:-23 LUFS    M:   nan S: -42.9     I: -32.8 LUFS       LRA:   7.4 LU  FTPK:  -inf  -inf dBFS  TPK: -15.2 -15.7 dBFS
[Parsed_ebur128_0 @ 0x148e05970] t: 209.899979 TARGET:-23 LUFS    M:   nan S: -42.9     I: -32.8 LUFS       LRA:   7.4 LU  FTPK:  -inf  -inf dBFS  TPK: -15.2 -15.7 dBFS
[Parsed_ebur128_0 @ 0x148e05970] t: 209.999979 TARGET:-23 LUFS    M:   nan S: -42.9     I: -32.8 LUFS       LRA:   7.4 LU  FTPK:  -inf  -inf dBFS  TPK: -15.2 -15.7 dBFS
[Parsed_ebur128_0 @ 0x148e05970] t: 210.099979 TARGET:-23 LUFS    M:   nan S: -42.9     I: -32.8 LUFS       LRA:   7.4 LU  FTPK:  -inf  -inf dBFS  TPK: -15.2 -15.7 dBFS
[Parsed_ebur128_0 @ 0x148e05970] t: 210.199979 TARGET:-23 LUFS    M:   nan S: -42.9     I: -32.8 LUFS       LRA:   7.4 LU  FTPK:  -inf  -inf dBFS  TPK: -15.2 -15.7 dBFS
[Parsed_ebur128_0 @ 0x148e05970] t: 210.299979 TARGET:-23 LUFS    M:   nan S: -42.9     I: -32.8 LUFS       LRA:   7.4 LU  FTPK:  -inf  -inf dBFS  TPK: -15.2 -15.7 dBFS
[Parsed_ebur128_0 @ 0x148e05970] t: 210.399979 TARGET:-23 LUFS    M:   nan S: -42.9     I: -32.8 LUFS       LRA:   7.4 LU  FTPK:  -inf  -inf dBFS  TPK: -15.2 -15.7 dBFS
[Parsed_ebur128_0 @ 0x148e05970] t: 210.499979 TARGET:-23 LUFS    M:   nan S: -42.9     I: -32.8 LUFS       LRA:   7.4 LU  FTPK:  -inf  -inf dBFS  TPK: -15.2 -15.7 dBFS
[Parsed_ebur128_0 @ 0x148e05970] t: 210.599979 TARGET:-23 LUFS    M:   nan S: -42.9     I: -32.8 LUFS       LRA:   7.4 LU  FTPK:  -inf  -inf dBFS  TPK: -15.2 -15.7 dBFS
[Parsed_ebur128_0 @ 0x148e05970] t: 210.699979 TARGET:-23 LUFS    M:   nan S: -42.9     I: -32.8 LUFS       LRA:   7.4 LU  FTPK:  -inf  -inf dBFS  TPK: -15.2 -15.7 dBFS
[Parsed_ebur128_0 @ 0x148e05970] t: 210.799979 TARGET:-23 LUFS    M:   nan S: -42.9     I: -32.8 LUFS       LRA:   7.4 LU  FTPK:  -inf  -inf dBFS  TPK: -15.2 -15.7 dBFS
[Parsed_ebur128_0 @ 0x148e05970] t: 210.899979 TARGET:-23 LUFS    M:   nan S: -42.9     I: -32.8 LUFS       LRA:   7.4 LU  FTPK:  -inf  -inf dBFS  TPK: -15.2 -15.7 dBFS
[Parsed_ebur128_0 @ 0x148e05970] t: 210.999979 TARGET:-23 LUFS    M:   nan S: -42.9     I: -32.8 LUFS       LRA:   7.4 LU  FTPK:  -inf  -inf dBFS  TPK: -15.2 -15.7 dBFS
[Parsed_ebur128_0 @ 0x148e05970] t: 211.099979 TARGET:-23 LUFS    M:   nan S: -42.9     I: -32.8 LUFS       LRA:   7.4 LU  FTPK:  -inf  -inf dBFS  TPK: -15.2 -15.7 dBFS
[Parsed_ebur128_0 @ 0x148e05970] t: 211.199979 TARGET:-23 LUFS    M:   nan S: -49.7     I: -32.8 LUFS       LRA:   7.4 LU  FTPK:  -inf  -inf dBFS  TPK: -15.2 -15.7 dBFS
[Parsed_ebur128_0 @ 0x148e05970] t: 211.299979 TARGET:-23 LUFS    M:   nan S: -73.5     I: -32.8 LUFS       LRA:   7.4 LU  FTPK:  -inf  -inf dBFS  TPK: -15.2 -15.7 dBFS
[Parsed_ebur128_0 @ 0x148e05970] t: 211.399979 TARGET:-23 LUFS    M:   nan S:   nan     I: -32.8 LUFS       LRA:   7.4 LU  FTPK:  -inf  -inf dBFS  TPK: -15.2 -15.7 dBFS
[Parsed_ebur128_0 @ 0x148e05970] t: 211.499979 TARGET:-23 LUFS    M:   nan S:   nan     I: -32.8 LUFS       LRA:   7.4 LU  FTPK:  -inf  -inf dBFS  TPK: -15.2 -15.7 dBFS
[Parsed_ebur128_0 @ 0x148e05970] t: 211.599979 TARGET:-23 LUFS    M:   nan S:   nan     I: -32.8 LUFS       LRA:   7.4 LU  FTPK:  -inf  -inf dBFS  TPK: -15.2 -15.7 dBFS
[Parsed_ebur128_0 @ 0x148e05970] t: 211.699979 TARGET:-23 LUFS    M:   nan S:   nan     I: -32.8 LUFS       LRA:   7.4 LU  FTPK:  -inf  -inf dBFS  TPK: -15.2 -15.7 dBFS
[Parsed_ebur128_0 @ 0x148e05970] t: 211.799979 TARGET:-23 LUFS    M:   nan S:   nan     I: -32.8 LUFS       LRA:   7.4 LU  FTPK:  -inf  -inf dBFS  TPK: -15.2 -15.7 dBFS
[Parsed_ebur128_0 @ 0x148e05970] t: 211.899979 TARGET:-23 LUFS    M:   nan S:   nan     I: -32.8 LUFS       LRA:   7.4 LU  FTPK:  -inf  -inf dBFS  TPK: -15.2 -15.7 dBFS
[Parsed_ebur128_0 @ 0x148e05970] t: 211.999979 TARGET:-23 LUFS    M:   nan S:   nan     I: -32.8 LUFS       LRA:   7.4 LU  FTPK:  -inf  -inf dBFS  TPK: -15.2 -15.7 dBFS
[Parsed_ebur128_0 @ 0x148e05970] t: 212.099979 TARGET:-23 LUFS    M:   nan S:   nan     I: -32.8 LUFS       LRA:   7.4 LU  FTPK:  -inf  -inf dBFS  TPK: -15.2 -15.7 dBFS
[Parsed_ebur128_0 @ 0x148e05970] t: 212.199979 TARGET:-23 LUFS    M:   nan S:   nan     I: -32.8 LUFS       LRA:   7.4 LU  FTPK:  -inf  -inf dBFS  TPK: -15.2 -15.7 dBFS
[Parsed_ebur128_0 @ 0x148e05970] t: 212.299979 TARGET:-23 LUFS    M:   nan S:   nan     I: -32.8 LUFS       LRA:   7.4 LU  FTPK:  -inf  -inf dBFS  TPK: -15.2 -15.7 dBFS
[Parsed_ebur128_0 @ 0x148e05970] t: 212.399979 TARGET:-23 LUFS    M:   nan S:   nan     I: -32.8 LUFS       LRA:   7.4 LU  FTPK:  -inf  -inf dBFS  TPK: -15.2 -15.7 dBFS
[Parsed_ebur128_0 @ 0x148e05970] t: 212.499979 TARGET:-23 LUFS    M:   nan S:   nan     I: -32.8 LUFS       LRA:   7.4 LU  FTPK:  -inf  -inf dBFS  TPK: -15.2 -15.7 dBFS
[Parsed_ebur128_0 @ 0x148e05970] t: 212.599979 TARGET:-23 LUFS    M:   nan S:   nan     I: -32.8 LUFS       LRA:   7.4 LU  FTPK:  -inf  -inf dBFS  TPK: -15.2 -15.7 dBFS
[Parsed_ebur128_0 @ 0x148e05970] t: 212.699979 TARGET:-23 LUFS    M:   nan S:   nan     I: -32.8 LUFS       LRA:   7.4 LU  FTPK:  -inf  -inf dBFS  TPK: -15.2 -15.7 dBFS
[Parsed_ebur128_0 @ 0x148e05970] t: 212.799979 TARGET:-23 LUFS    M:   nan S:   nan     I: -32.8 LUFS       LRA:   7.4 LU  FTPK:  -inf  -inf dBFS  TPK: -15.2 -15.7 dBFS
[Parsed_ebur128_0 @ 0x148e05970] t: 212.899979 TARGET:-23 LUFS    M:   nan S:   nan     I: -32.8 LUFS       LRA:   7.4 LU  FTPK:  -inf  -inf dBFS  TPK: -15.2 -15.7 dBFS
[Parsed_ebur128_0 @ 0x148e05970] t: 212.999979 TARGET:-23 LUFS    M:   nan S:   nan     I: -32.8 LUFS       LRA:   7.4 LU  FTPK:  -inf  -inf dBFS  TPK: -15.2 -15.7 dBFS
[Parsed_ebur128_0 @ 0x148e05970] t: 213.099979 TARGET:-23 LUFS    M:   nan S:   nan     I: -32.8 LUFS       LRA:   7.4 LU  FTPK:  -inf  -inf dBFS  TPK: -15.2 -15.7 dBFS
[Parsed_ebur128_0 @ 0x148e05970] t: 213.199979 TARGET:-23 LUFS    M:   nan S:   nan     I: -32.8 LUFS       LRA:   7.4 LU  FTPK:  -inf  -inf dBFS  TPK: -15.2 -15.7 dBFS
[Parsed_ebur128_0 @ 0x148e05970] t: 213.299979 TARGET:-23 LUFS    M:   nan S:   nan     I: -32.8 LUFS       LRA:   7.4 LU  FTPK:  -inf  -inf dBFS  TPK: -15.2 -15.7 dBFS
[Parsed_ebur128_0 @ 0x148e05970] t: 213.399979 TARGET:-23 LUFS    M:   nan S:   nan     I: -32.8 LUFS       LRA:   7.4 LU  FTPK:  -inf  -inf dBFS  TPK: -15.2 -15.7 dBFS
[Parsed_ebur128_0 @ 0x148e05970] t: 213.499979 TARGET:-23 LUFS    M:   nan S:   nan     I: -32.8 LUFS       LRA:   7.4 LU  FTPK:  -inf  -inf dBFS  TPK: -15.2 -15.7 dBFS
[Parsed_ebur128_0 @ 0x148e05970] t: 213.599979 TARGET:-23 LUFS    M:   nan S:   nan     I: -32.8 LUFS       LRA:   7.4 LU  FTPK:  -inf  -inf dBFS  TPK: -15.2 -15.7 dBFS
[Parsed_ebur128_0 @ 0x148e05970] t: 213.699979 TARGET:-23 LUFS    M:   nan S:   nan     I: -32.8 LUFS       LRA:   7.4 LU  FTPK:  -inf  -inf dBFS  TPK: -15.2 -15.7 dBFS
[Parsed_ebur128_0 @ 0x148e05970] t: 213.799979 TARGET:-23 LUFS    M:   nan S:   nan     I: -32.8 LUFS       LRA:   7.4 LU  FTPK:  -inf  -inf dBFS  TPK: -15.2 -15.7 dBFS
[Parsed_ebur128_0 @ 0x148e05970] t: 213.899979 TARGET:-23 LUFS    M:   nan S:   nan     I: -32.8 LUFS       LRA:   7.4 LU  FTPK:  -inf  -inf dBFS  TPK: -15.2 -15.7 dBFS
[Parsed_ebur128_0 @ 0x148e05970] t: 213.999979 TARGET:-23 LUFS    M:   nan S:   nan     I: -32.8 LUFS       LRA:   7.4 LU  FTPK:  -inf  -inf dBFS  TPK: -15.2 -15.7 dBFS
[Parsed_ebur128_0 @ 0x148e05970] t: 214.099979 TARGET:-23 LUFS    M:   nan S:   nan     I: -32.8 LUFS       LRA:   7.4 LU  FTPK:  -inf  -inf dBFS  TPK: -15.2 -15.7 dBFS
[Parsed_ebur128_0 @ 0x148e05970] t: 214.199979 TARGET:-23 LUFS    M:   nan S:   nan     I: -32.8 LUFS       LRA:   7.4 LU  FTPK:  -inf  -inf dBFS  TPK: -15.2 -15.7 dBFS
[Parsed_ebur128_0 @ 0x148e05970] t: 214.299979 TARGET:-23 LUFS    M:   nan S:   nan     I: -32.8 LUFS       LRA:   7.4 LU  FTPK:  -inf  -inf dBFS  TPK: -15.2 -15.7 dBFS
[Parsed_ebur128_0 @ 0x148e05970] t: 214.399979 TARGET:-23 LUFS    M:   nan S:   nan     I: -32.8 LUFS       LRA:   7.4 LU  FTPK:  -inf  -inf dBFS  TPK: -15.2 -15.7 dBFS
[Parsed_ebur128_0 @ 0x148e05970] t: 214.499979 TARGET:-23 LUFS    M:   nan S:   nan     I: -32.8 LUFS       LRA:   7.4 LU  FTPK:  -inf  -inf dBFS  TPK: -15.2 -15.7 dBFS
[Parsed_ebur128_0 @ 0x148e05970] t: 214.599979 TARGET:-23 LUFS    M:   nan S:   nan     I: -32.8 LUFS       LRA:   7.4 LU  FTPK:  -inf  -inf dBFS  TPK: -15.2 -15.7 dBFS
[Parsed_ebur128_0 @ 0x148e05970] t: 214.699979 TARGET:-23 LUFS    M:   nan S:   nan     I: -32.8 LUFS       LRA:   7.4 LU  FTPK:  -inf  -inf dBFS  TPK: -15.2 -15.7 dBFS
[Parsed_ebur128_0 @ 0x148e05970] t: 214.799979 TARGET:-23 LUFS    M:   nan S:   nan     I: -32.8 LUFS       LRA:   7.4 LU  FTPK:  -inf  -inf dBFS  TPK: -15.2 -15.7 dBFS
[Parsed_ebur128_0 @ 0x148e05970] t: 214.899979 TARGET:-23 LUFS    M:   nan S:   nan     I: -32.8 LUFS       LRA:   7.4 LU  FTPK:  -inf  -inf dBFS  TPK: -15.2 -15.7 dBFS
[Parsed_ebur128_0 @ 0x148e05970] t: 214.999979 TARGET:-23 LUFS    M:   nan S:   nan     I: -32.8 LUFS       LRA:   7.4 LU  FTPK:  -inf  -inf dBFS  TPK: -15.2 -15.7 dBFS
[Parsed_ebur128_0 @ 0x148e05970] t: 215.099979 TARGET:-23 LUFS    M:   nan S:   nan     I: -32.8 LUFS       LRA:   7.4 LU  FTPK:  -inf  -inf dBFS  TPK: -15.2 -15.7 dBFS
[Parsed_ebur128_0 @ 0x148e05970] t: 215.199979 TARGET:-23 LUFS    M:   nan S:   nan     I: -32.8 LUFS       LRA:   7.4 LU  FTPK:  -inf  -inf dBFS  TPK: -15.2 -15.7 dBFS
[Parsed_ebur128_0 @ 0x148e05970] t: 215.299979 TARGET:-23 LUFS    M:   nan S:   nan     I: -32.8 LUFS       LRA:   7.4 LU  FTPK:  -inf  -inf dBFS  TPK: -15.2 -15.7 dBFS
[Parsed_ebur128_0 @ 0x148e05970] t: 215.399979 TARGET:-23 LUFS    M:   nan S:   nan     I: -32.8 LUFS       LRA:   7.4 LU  FTPK:  -inf  -inf dBFS  TPK: -15.2 -15.7 dBFS
[Parsed_ebur128_0 @ 0x148e05970] t: 215.499979 TARGET:-23 LUFS    M:   nan S:   nan     I: -32.8 LUFS       LRA:   7.4 LU  FTPK:  -inf  -inf dBFS  TPK: -15.2 -15.7 dBFS
[Parsed_ebur128_0 @ 0x148e05970] t: 215.599979 TARGET:-23 LUFS    M:   nan S:   nan     I: -32.8 LUFS       LRA:   7.4 LU  FTPK:  -inf  -inf dBFS  TPK: -15.2 -15.7 dBFS
[Parsed_ebur128_0 @ 0x148e05970] t: 215.699979 TARGET:-23 LUFS    M: -36.7 S: -45.4     I: -32.8 LUFS       LRA:   7.4 LU  FTPK: -15.8 -15.8 dBFS  TPK: -15.2 -15.7 dBFS
[Parsed_ebur128_0 @ 0x148e05970] t: 215.799979 TARGET:-23 LUFS    M: -36.1 S: -44.8     I: -32.8 LUFS       LRA:   7.6 LU  FTPK: -28.1 -28.1 dBFS  TPK: -15.2 -15.7 dBFS
[Parsed_ebur128_0 @ 0x148e05970] t: 215.899979 TARGET:-23 LUFS    M: -36.1 S: -44.8     I: -32.8 LUFS       LRA:   7.6 LU  FTPK: -83.6 -83.6 dBFS  TPK: -15.2 -15.7 dBFS
[Parsed_ebur128_0 @ 0x148e05970] t: 215.999979 TARGET:-23 LUFS    M: -36.1 S: -44.8     I: -32.8 LUFS       LRA:   7.6 LU  FTPK:  -inf  -inf dBFS  TPK: -15.2 -15.7 dBFS
[Parsed_ebur128_0 @ 0x148e05970] t: 216.099979 TARGET:-23 LUFS    M: -45.1 S: -44.8     I: -32.8 LUFS       LRA:   7.7 LU  FTPK:  -inf  -inf dBFS  TPK: -15.2 -15.7 dBFS
[Parsed_ebur128_0 @ 0x148e05970] t: 216.199979 TARGET:-23 LUFS    M:-107.5 S: -44.8     I: -32.8 LUFS       LRA:   7.7 LU  FTPK:  -inf  -inf dBFS  TPK: -15.2 -15.7 dBFS
[Parsed_ebur128_0 @ 0x148e05970] t: 216.299979 TARGET:-23 LUFS    M:   nan S: -44.8     I: -32.8 LUFS       LRA:   8.0 LU  FTPK:  -inf  -inf dBFS  TPK: -15.2 -15.7 dBFS
[Parsed_ebur128_0 @ 0x148e05970] t: 216.399979 TARGET:-23 LUFS    M:   nan S: -44.8     I: -32.8 LUFS       LRA:   8.2 LU  FTPK:  -inf  -inf dBFS  TPK: -15.2 -15.7 dBFS
[Parsed_ebur128_0 @ 0x148e05970] t: 216.499979 TARGET:-23 LUFS    M:   nan S: -44.8     I: -32.8 LUFS       LRA:   8.2 LU  FTPK:  -inf  -inf dBFS  TPK: -15.2 -15.7 dBFS
[Parsed_ebur128_0 @ 0x148e05970] t: 216.599979 TARGET:-23 LUFS    M:   nan S: -44.8     I: -32.8 LUFS       LRA:   8.2 LU  FTPK:  -inf  -inf dBFS  TPK: -15.2 -15.7 dBFS
[Parsed_ebur128_0 @ 0x148e05970] t: 216.699979 TARGET:-23 LUFS    M:   nan S: -44.8     I: -32.8 LUFS       LRA:   8.2 LU  FTPK:  -inf  -inf dBFS  TPK: -15.2 -15.7 dBFS
[Parsed_ebur128_0 @ 0x148e05970] t: 216.799979 TARGET:-23 LUFS    M:   nan S: -44.8     I: -32.8 LUFS       LRA:   8.2 LU  FTPK:  -inf  -inf dBFS  TPK: -15.2 -15.7 dBFS
[Parsed_ebur128_0 @ 0x148e05970] t: 216.899979 TARGET:-23 LUFS    M:   nan S: -44.8     I: -32.8 LUFS       LRA:   8.2 LU  FTPK:  -inf  -inf dBFS  TPK: -15.2 -15.7 dBFS
[Parsed_ebur128_0 @ 0x148e05970] t: 216.999979 TARGET:-23 LUFS    M:   nan S: -44.8     I: -32.8 LUFS       LRA:   8.2 LU  FTPK:  -inf  -inf dBFS  TPK: -15.2 -15.7 dBFS
[Parsed_ebur128_0 @ 0x148e05970] t: 217.099979 TARGET:-23 LUFS    M:   nan S: -44.8     I: -32.8 LUFS       LRA:   8.7 LU  FTPK:  -inf  -inf dBFS  TPK: -15.2 -15.7 dBFS
[Parsed_ebur128_0 @ 0x148e05970] t: 217.199979 TARGET:-23 LUFS    M: -35.7 S: -41.6     I: -32.8 LUFS       LRA:   8.7 LU  FTPK: -17.8 -17.8 dBFS  TPK: -15.2 -15.7 dBFS
[Parsed_ebur128_0 @ 0x148e05970] t: 217.299979 TARGET:-23 LUFS    M: -31.2 S: -38.8     I: -32.8 LUFS       LRA:   8.7 LU  FTPK: -18.6 -18.6 dBFS  TPK: -15.2 -15.7 dBFS
[Parsed_ebur128_0 @ 0x148e05970] t: 217.399979 TARGET:-23 LUFS    M: -28.8 S: -36.8     I: -32.8 LUFS       LRA:   8.7 LU  FTPK: -19.8 -19.8 dBFS  TPK: -15.2 -15.7 dBFS
[Parsed_ebur128_0 @ 0x148e05970] t: 217.499979 TARGET:-23 LUFS    M: -28.5 S: -36.6     I: -32.7 LUFS       LRA:   8.7 LU  FTPK: -22.3 -22.3 dBFS  TPK: -15.2 -15.7 dBFS
[Parsed_ebur128_0 @ 0x148e05970] t: 217.599979 TARGET:-23 LUFS    M: -29.4 S: -36.6     I: -32.7 LUFS       LRA:   8.2 LU  FTPK:  -inf  -inf dBFS  TPK: -15.2 -15.7 dBFS
[Parsed_ebur128_0 @ 0x148e05970] t: 217.699979 TARGET:-23 LUFS    M: -31.8 S: -36.6     I: -32.7 LUFS       LRA:   8.2 LU  FTPK:  -inf  -inf dBFS  TPK: -15.2 -15.7 dBFS
[Parsed_ebur128_0 @ 0x148e05970] t: 217.799979 TARGET:-23 LUFS    M: -40.1 S: -36.6     I: -32.7 LUFS       LRA:   8.2 LU  FTPK:  -inf  -inf dBFS  TPK: -15.2 -15.7 dBFS
[Parsed_ebur128_0 @ 0x148e05970] t: 217.899979 TARGET:-23 LUFS    M:   nan S: -36.6     I: -32.7 LUFS       LRA:   8.2 LU  FTPK:  -inf  -inf dBFS  TPK: -15.2 -15.7 dBFS
[Parsed_ebur128_0 @ 0x148e05970] t: 217.999979 TARGET:-23 LUFS    M:   nan S: -36.6     I: -32.7 LUFS       LRA:   8.2 LU  FTPK:  -inf  -inf dBFS  TPK: -15.2 -15.7 dBFS
[Parsed_ebur128_0 @ 0x148e05970] t: 218.099979 TARGET:-23 LUFS    M:   nan S: -36.6     I: -32.7 LUFS       LRA:   8.2 LU  FTPK:  -inf  -inf dBFS  TPK: -15.2 -15.7 dBFS
[Parsed_ebur128_0 @ 0x148e05970] t: 218.199979 TARGET:-23 LUFS    M:   nan S: -36.6     I: -32.7 LUFS       LRA:   8.2 LU  FTPK:  -inf  -inf dBFS  TPK: -15.2 -15.7 dBFS
[Parsed_ebur128_0 @ 0x148e05970] t: 218.299979 TARGET:-23 LUFS    M:   nan S: -36.6     I: -32.7 LUFS       LRA:   8.2 LU  FTPK:  -inf  -inf dBFS  TPK: -15.2 -15.7 dBFS
[Parsed_ebur128_0 @ 0x148e05970] t: 218.399979 TARGET:-23 LUFS    M:   nan S: -36.6     I: -32.7 LUFS       LRA:   8.2 LU  FTPK:  -inf  -inf dBFS  TPK: -15.2 -15.7 dBFS
[Parsed_ebur128_0 @ 0x148e05970] t: 218.499979 TARGET:-23 LUFS    M:   nan S: -36.6     I: -32.7 LUFS       LRA:   8.2 LU  FTPK:  -inf  -inf dBFS  TPK: -15.2 -15.7 dBFS
[Parsed_ebur128_0 @ 0x148e05970] t: 218.599979 TARGET:-23 LUFS    M:   nan S: -36.6     I: -32.7 LUFS       LRA:   8.2 LU  FTPK:  -inf  -inf dBFS  TPK: -15.2 -15.7 dBFS
[Parsed_ebur128_0 @ 0x148e05970] t: 218.699979 TARGET:-23 LUFS    M:   nan S: -37.2     I: -32.7 LUFS       LRA:   8.2 LU  FTPK:  -inf  -inf dBFS  TPK: -15.2 -15.7 dBFS
[Parsed_ebur128_0 @ 0x148e05970] t: 218.799979 TARGET:-23 LUFS    M:   nan S: -37.3     I: -32.7 LUFS       LRA:   8.2 LU  FTPK:  -inf  -inf dBFS  TPK: -15.2 -15.7 dBFS
[Parsed_ebur128_0 @ 0x148e05970] t: 218.899979 TARGET:-23 LUFS    M:   nan S: -37.3     I: -32.7 LUFS       LRA:   8.2 LU  FTPK:  -inf  -inf dBFS  TPK: -15.2 -15.7 dBFS
[Parsed_ebur128_0 @ 0x148e05970] t: 218.999979 TARGET:-23 LUFS    M:   nan S: -37.3     I: -32.7 LUFS       LRA:   8.2 LU  FTPK:  -inf  -inf dBFS  TPK: -15.2 -15.7 dBFS
[Parsed_ebur128_0 @ 0x148e05970] t: 219.099979 TARGET:-23 LUFS    M:   nan S: -37.3     I: -32.7 LUFS       LRA:   8.2 LU  FTPK:  -inf  -inf dBFS  TPK: -15.2 -15.7 dBFS
[Parsed_ebur128_0 @ 0x148e05970] t: 219.199979 TARGET:-23 LUFS    M:   nan S: -37.3     I: -32.7 LUFS       LRA:   8.2 LU  FTPK:  -inf  -inf dBFS  TPK: -15.2 -15.7 dBFS
[Parsed_ebur128_0 @ 0x148e05970] t: 219.299979 TARGET:-23 LUFS    M:   nan S: -37.3     I: -32.7 LUFS       LRA:   8.2 LU  FTPK:  -inf  -inf dBFS  TPK: -15.2 -15.7 dBFS
[Parsed_ebur128_0 @ 0x148e05970] t: 219.399979 TARGET:-23 LUFS    M:   nan S: -37.3     I: -32.7 LUFS       LRA:   8.2 LU  FTPK:  -inf  -inf dBFS  TPK: -15.2 -15.7 dBFS
[Parsed_ebur128_0 @ 0x148e05970] t: 219.499979 TARGET:-23 LUFS    M:   nan S: -37.3     I: -32.7 LUFS       LRA:   8.2 LU  FTPK:  -inf  -inf dBFS  TPK: -15.2 -15.7 dBFS
[Parsed_ebur128_0 @ 0x148e05970] t: 219.599979 TARGET:-23 LUFS    M:   nan S: -37.3     I: -32.7 LUFS       LRA:   8.2 LU  FTPK:  -inf  -inf dBFS  TPK: -15.2 -15.7 dBFS
[Parsed_ebur128_0 @ 0x148e05970] t: 219.699979 TARGET:-23 LUFS    M:   nan S: -37.3     I: -32.7 LUFS       LRA:   8.2 LU  FTPK:  -inf  -inf dBFS  TPK: -15.2 -15.7 dBFS
[Parsed_ebur128_0 @ 0x148e05970] t: 219.799979 TARGET:-23 LUFS    M:   nan S: -37.3     I: -32.7 LUFS       LRA:   8.2 LU  FTPK:  -inf  -inf dBFS  TPK: -15.2 -15.7 dBFS
[Parsed_ebur128_0 @ 0x148e05970] t: 219.899979 TARGET:-23 LUFS    M:   nan S: -37.3     I: -32.7 LUFS       LRA:   8.2 LU  FTPK:  -inf  -inf dBFS  TPK: -15.2 -15.7 dBFS
[Parsed_ebur128_0 @ 0x148e05970] t: 219.999979 TARGET:-23 LUFS    M:   nan S: -37.3     I: -32.7 LUFS       LRA:   8.2 LU  FTPK:  -inf  -inf dBFS  TPK: -15.2 -15.7 dBFS
[Parsed_ebur128_0 @ 0x148e05970] t: 220.099979 TARGET:-23 LUFS    M:   nan S: -37.3     I: -32.7 LUFS       LRA:   8.2 LU  FTPK:  -inf  -inf dBFS  TPK: -15.2 -15.7 dBFS
[Parsed_ebur128_0 @ 0x148e05970] t: 220.199979 TARGET:-23 LUFS    M: -35.1 S: -37.2     I: -32.7 LUFS       LRA:   8.2 LU  FTPK: -17.0 -17.0 dBFS  TPK: -15.2 -15.7 dBFS
[Parsed_ebur128_0 @ 0x148e05970] t: 220.299979 TARGET:-23 LUFS    M: -34.1 S: -38.6     I: -32.7 LUFS       LRA:   8.2 LU  FTPK: -23.6 -23.6 dBFS  TPK: -15.2 -15.7 dBFS
[Parsed_ebur128_0 @ 0x148e05970] t: 220.399979 TARGET:-23 LUFS    M: -34.1 S: -41.9     I: -32.7 LUFS       LRA:   8.2 LU  FTPK: -46.9 -46.9 dBFS  TPK: -15.2 -15.7 dBFS
[Parsed_ebur128_0 @ 0x148e05970] t: 220.499979 TARGET:-23 LUFS    M: -34.1 S: -42.9     I: -32.7 LUFS       LRA:   8.2 LU  FTPK:  -inf  -inf dBFS  TPK: -15.2 -15.7 dBFS
[Parsed_ebur128_0 @ 0x148e05970] t: 220.599979 TARGET:-23 LUFS    M: -41.0 S: -42.9     I: -32.8 LUFS       LRA:   8.2 LU  FTPK:  -inf  -inf dBFS  TPK: -15.2 -15.7 dBFS
[Parsed_ebur128_0 @ 0x148e05970] t: 220.699979 TARGET:-23 LUFS    M: -64.8 S: -42.9     I: -32.8 LUFS       LRA:   8.2 LU  FTPK:  -inf  -inf dBFS  TPK: -15.2 -15.7 dBFS
[Parsed_ebur128_0 @ 0x148e05970] t: 220.799979 TARGET:-23 LUFS    M: -32.8 S: -39.2     I: -32.8 LUFS       LRA:   8.2 LU  FTPK: -17.7 -17.7 dBFS  TPK: -15.2 -15.7 dBFS
[Parsed_ebur128_0 @ 0x148e05970] t: 220.899979 TARGET:-23 LUFS    M: -30.1 S: -37.4     I: -32.7 LUFS       LRA:   8.2 LU  FTPK: -18.5 -18.5 dBFS  TPK: -15.2 -15.7 dBFS
[Parsed_ebur128_0 @ 0x148e05970] t: 220.999979 TARGET:-23 LUFS    M: -28.5 S: -36.2     I: -32.7 LUFS       LRA:   8.2 LU  FTPK: -19.8 -19.8 dBFS  TPK: -15.2 -15.7 dBFS
[Parsed_ebur128_0 @ 0x148e05970] t: 221.099979 TARGET:-23 LUFS    M: -28.5 S: -36.2     I: -32.7 LUFS       LRA:   8.2 LU  FTPK: -52.0 -52.0 dBFS  TPK: -15.2 -15.7 dBFS
[Parsed_ebur128_0 @ 0x148e05970] t: 221.199979 TARGET:-23 LUFS    M: -30.5 S: -36.2     I: -32.7 LUFS       LRA:   8.2 LU  FTPK:  -inf  -inf dBFS  TPK: -15.2 -15.7 dBFS
[Parsed_ebur128_0 @ 0x148e05970] t: 221.299979 TARGET:-23 LUFS    M: -33.6 S: -36.2     I: -32.7 LUFS       LRA:   8.2 LU  FTPK:  -inf  -inf dBFS  TPK: -15.2 -15.7 dBFS
[Parsed_ebur128_0 @ 0x148e05970] t: 221.399979 TARGET:-23 LUFS    M: -78.7 S: -36.2     I: -32.7 LUFS       LRA:   8.2 LU  FTPK:  -inf  -inf dBFS  TPK: -15.2 -15.7 dBFS
[Parsed_ebur128_0 @ 0x148e05970] t: 221.499979 TARGET:-23 LUFS    M:   nan S: -36.2     I: -32.7 LUFS       LRA:   8.2 LU  FTPK:  -inf  -inf dBFS  TPK: -15.2 -15.7 dBFS
[Parsed_ebur128_0 @ 0x148e05970] t: 221.599979 TARGET:-23 LUFS    M:   nan S: -36.2     I: -32.7 LUFS       LRA:   8.2 LU  FTPK:  -inf  -inf dBFS  TPK: -15.2 -15.7 dBFS
[Parsed_ebur128_0 @ 0x148e05970] t: 221.699979 TARGET:-23 LUFS    M:   nan S: -36.2     I: -32.7 LUFS       LRA:   8.2 LU  FTPK:  -inf  -inf dBFS  TPK: -15.2 -15.7 dBFS
[Parsed_ebur128_0 @ 0x148e05970] t: 221.799979 TARGET:-23 LUFS    M:   nan S: -36.2     I: -32.7 LUFS       LRA:   8.2 LU  FTPK:  -inf  -inf dBFS  TPK: -15.2 -15.7 dBFS
[Parsed_ebur128_0 @ 0x148e05970] t: 221.899979 TARGET:-23 LUFS    M:   nan S: -36.2     I: -32.7 LUFS       LRA:   8.2 LU  FTPK:  -inf  -inf dBFS  TPK: -15.2 -15.7 dBFS
[Parsed_ebur128_0 @ 0x148e05970] t: 221.999979 TARGET:-23 LUFS    M:   nan S: -36.2     I: -32.7 LUFS       LRA:   8.2 LU  FTPK:  -inf  -inf dBFS  TPK: -15.2 -15.7 dBFS
[Parsed_ebur128_0 @ 0x148e05970] t: 222.099979 TARGET:-23 LUFS    M:   nan S: -36.2     I: -32.7 LUFS       LRA:   8.2 LU  FTPK:  -inf  -inf dBFS  TPK: -15.2 -15.7 dBFS
[Parsed_ebur128_0 @ 0x148e05970] t: 222.199979 TARGET:-23 LUFS    M:   nan S: -36.2     I: -32.7 LUFS       LRA:   8.2 LU  FTPK:  -inf  -inf dBFS  TPK: -15.2 -15.7 dBFS
[Parsed_ebur128_0 @ 0x148e05970] t: 222.299979 TARGET:-23 LUFS    M:   nan S: -36.2     I: -32.7 LUFS       LRA:   8.2 LU  FTPK:  -inf  -inf dBFS  TPK: -15.2 -15.7 dBFS
[Parsed_ebur128_0 @ 0x148e05970] t: 222.399979 TARGET:-23 LUFS    M:   nan S: -36.2     I: -32.7 LUFS       LRA:   8.2 LU  FTPK:  -inf  -inf dBFS  TPK: -15.2 -15.7 dBFS
[Parsed_ebur128_0 @ 0x148e05970] t: 222.499979 TARGET:-23 LUFS    M:   nan S: -36.2     I: -32.7 LUFS       LRA:   8.2 LU  FTPK:  -inf  -inf dBFS  TPK: -15.2 -15.7 dBFS
[Parsed_ebur128_0 @ 0x148e05970] t: 222.599979 TARGET:-23 LUFS    M:   nan S: -36.2     I: -32.7 LUFS       LRA:   8.2 LU  FTPK:  -inf  -inf dBFS  TPK: -15.2 -15.7 dBFS
[Parsed_ebur128_0 @ 0x148e05970] t: 222.699979 TARGET:-23 LUFS    M:   nan S: -36.2     I: -32.7 LUFS       LRA:   8.2 LU  FTPK:  -inf  -inf dBFS  TPK: -15.2 -15.7 dBFS
[Parsed_ebur128_0 @ 0x148e05970] t: 222.799979 TARGET:-23 LUFS    M:   nan S: -36.2     I: -32.7 LUFS       LRA:   8.2 LU  FTPK:  -inf  -inf dBFS  TPK: -15.2 -15.7 dBFS
[Parsed_ebur128_0 @ 0x148e05970] t: 222.899979 TARGET:-23 LUFS    M:   nan S: -36.2     I: -32.7 LUFS       LRA:   8.2 LU  FTPK:  -inf  -inf dBFS  TPK: -15.2 -15.7 dBFS
[Parsed_ebur128_0 @ 0x148e05970] t: 222.999979 TARGET:-23 LUFS    M:   nan S: -36.2     I: -32.7 LUFS       LRA:   8.2 LU  FTPK:  -inf  -inf dBFS  TPK: -15.2 -15.7 dBFS
[Parsed_ebur128_0 @ 0x148e05970] t: 223.099979 TARGET:-23 LUFS    M:   nan S: -36.2     I: -32.7 LUFS       LRA:   8.2 LU  FTPK:  -inf  -inf dBFS  TPK: -15.2 -15.7 dBFS
[Parsed_ebur128_0 @ 0x148e05970] t: 223.199979 TARGET:-23 LUFS    M:   nan S: -37.0     I: -32.7 LUFS       LRA:   8.2 LU  FTPK:  -inf  -inf dBFS  TPK: -15.2 -15.7 dBFS
[Parsed_ebur128_0 @ 0x148e05970] t: 223.299979 TARGET:-23 LUFS    M:   nan S: -37.3     I: -32.7 LUFS       LRA:   8.2 LU  FTPK:  -inf  -inf dBFS  TPK: -15.2 -15.7 dBFS
[Parsed_ebur128_0 @ 0x148e05970] t: 223.399979 TARGET:-23 LUFS    M:   nan S: -37.3     I: -32.7 LUFS       LRA:   8.2 LU  FTPK:  -inf  -inf dBFS  TPK: -15.2 -15.7 dBFS
[Parsed_ebur128_0 @ 0x148e05970] t: 223.499979 TARGET:-23 LUFS    M:   nan S: -37.3     I: -32.7 LUFS       LRA:   8.2 LU  FTPK:  -inf  -inf dBFS  TPK: -15.2 -15.7 dBFS
[Parsed_ebur128_0 @ 0x148e05970] t: 223.599979 TARGET:-23 LUFS    M:   nan S: -37.3     I: -32.7 LUFS       LRA:   8.0 LU  FTPK:  -inf  -inf dBFS  TPK: -15.2 -15.7 dBFS
[Parsed_ebur128_0 @ 0x148e05970] t: 223.699979 TARGET:-23 LUFS    M:   nan S: -37.3     I: -32.7 LUFS       LRA:   8.0 LU  FTPK:  -inf  -inf dBFS  TPK: -15.2 -15.7 dBFS
[Parsed_ebur128_0 @ 0x148e05970] t: 223.799979 TARGET:-23 LUFS    M:   nan S: -39.3     I: -32.7 LUFS       LRA:   8.0 LU  FTPK:  -inf  -inf dBFS  TPK: -15.2 -15.7 dBFS
[Parsed_ebur128_0 @ 0x148e05970] t: 223.899979 TARGET:-23 LUFS    M:   nan S: -42.3     I: -32.7 LUFS       LRA:   8.0 LU  FTPK:  -inf  -inf dBFS  TPK: -15.2 -15.7 dBFS
[Parsed_ebur128_0 @ 0x148e05970] t: 223.999979 TARGET:-23 LUFS    M:   nan S: -87.4     I: -32.7 LUFS       LRA:   8.0 LU  FTPK:  -inf  -inf dBFS  TPK: -15.2 -15.7 dBFS
[Parsed_ebur128_0 @ 0x148e05970] t: 224.099979 TARGET:-23 LUFS    M:   nan S:   nan     I: -32.7 LUFS       LRA:   8.0 LU  FTPK:  -inf  -inf dBFS  TPK: -15.2 -15.7 dBFS
[Parsed_ebur128_0 @ 0x148e05970] t: 224.199979 TARGET:-23 LUFS    M:   nan S:   nan     I: -32.7 LUFS       LRA:   8.0 LU  FTPK:  -inf  -inf dBFS  TPK: -15.2 -15.7 dBFS
[Parsed_ebur128_0 @ 0x148e05970] t: 224.299979 TARGET:-23 LUFS    M:   nan S:   nan     I: -32.7 LUFS       LRA:   8.0 LU  FTPK:  -inf  -inf dBFS  TPK: -15.2 -15.7 dBFS
[Parsed_ebur128_0 @ 0x148e05970] t: 224.399979 TARGET:-23 LUFS    M:   nan S:   nan     I: -32.7 LUFS       LRA:   8.0 LU  FTPK:  -inf  -inf dBFS  TPK: -15.2 -15.7 dBFS
[Parsed_ebur128_0 @ 0x148e05970] t: 224.499979 TARGET:-23 LUFS    M:   nan S:   nan     I: -32.7 LUFS       LRA:   8.0 LU  FTPK:  -inf  -inf dBFS  TPK: -15.2 -15.7 dBFS
[Parsed_ebur128_0 @ 0x148e05970] t: 224.599979 TARGET:-23 LUFS    M:   nan S:   nan     I: -32.7 LUFS       LRA:   8.0 LU  FTPK:  -inf  -inf dBFS  TPK: -15.2 -15.7 dBFS
[Parsed_ebur128_0 @ 0x148e05970] t: 224.699979 TARGET:-23 LUFS    M:   nan S:   nan     I: -32.7 LUFS       LRA:   8.0 LU  FTPK:  -inf  -inf dBFS  TPK: -15.2 -15.7 dBFS
[Parsed_ebur128_0 @ 0x148e05970] t: 224.799979 TARGET:-23 LUFS    M:   nan S:   nan     I: -32.7 LUFS       LRA:   8.0 LU  FTPK:  -inf  -inf dBFS  TPK: -15.2 -15.7 dBFS
[Parsed_ebur128_0 @ 0x148e05970] t: 224.899979 TARGET:-23 LUFS    M:   nan S:   nan     I: -32.7 LUFS       LRA:   8.0 LU  FTPK:  -inf  -inf dBFS  TPK: -15.2 -15.7 dBFS
[Parsed_ebur128_0 @ 0x148e05970] t: 224.999979 TARGET:-23 LUFS    M:   nan S:   nan     I: -32.7 LUFS       LRA:   8.0 LU  FTPK:  -inf  -inf dBFS  TPK: -15.2 -15.7 dBFS
[Parsed_ebur128_0 @ 0x148e05970] t: 225.099979 TARGET:-23 LUFS    M:   nan S:   nan     I: -32.7 LUFS       LRA:   8.0 LU  FTPK:  -inf  -inf dBFS  TPK: -15.2 -15.7 dBFS
[Parsed_ebur128_0 @ 0x148e05970] t: 225.199979 TARGET:-23 LUFS    M:   nan S:   nan     I: -32.7 LUFS       LRA:   8.0 LU  FTPK:  -inf  -inf dBFS  TPK: -15.2 -15.7 dBFS
[Parsed_ebur128_0 @ 0x148e05970] t: 225.299979 TARGET:-23 LUFS    M:   nan S:   nan     I: -32.7 LUFS       LRA:   8.0 LU  FTPK:  -inf  -inf dBFS  TPK: -15.2 -15.7 dBFS
[Parsed_ebur128_0 @ 0x148e05970] t: 225.399979 TARGET:-23 LUFS    M:   nan S:   nan     I: -32.7 LUFS       LRA:   8.0 LU  FTPK:  -inf  -inf dBFS  TPK: -15.2 -15.7 dBFS
[Parsed_ebur128_0 @ 0x148e05970] t: 225.499979 TARGET:-23 LUFS    M:   nan S:   nan     I: -32.7 LUFS       LRA:   8.0 LU  FTPK:  -inf  -inf dBFS  TPK: -15.2 -15.7 dBFS
[Parsed_ebur128_0 @ 0x148e05970] t: 225.599979 TARGET:-23 LUFS    M:   nan S:   nan     I: -32.7 LUFS       LRA:   8.0 LU  FTPK:  -inf  -inf dBFS  TPK: -15.2 -15.7 dBFS
[Parsed_ebur128_0 @ 0x148e05970] t: 225.699979 TARGET:-23 LUFS    M:   nan S:   nan     I: -32.7 LUFS       LRA:   8.0 LU  FTPK:  -inf  -inf dBFS  TPK: -15.2 -15.7 dBFS
[Parsed_ebur128_0 @ 0x148e05970] t: 225.799979 TARGET:-23 LUFS    M:   nan S:   nan     I: -32.7 LUFS       LRA:   8.0 LU  FTPK:  -inf  -inf dBFS  TPK: -15.2 -15.7 dBFS
[Parsed_ebur128_0 @ 0x148e05970] t: 225.899979 TARGET:-23 LUFS    M:   nan S:   nan     I: -32.7 LUFS       LRA:   8.0 LU  FTPK:  -inf  -inf dBFS  TPK: -15.2 -15.7 dBFS
[Parsed_ebur128_0 @ 0x148e05970] t: 225.999979 TARGET:-23 LUFS    M:   nan S:   nan     I: -32.7 LUFS       LRA:   8.0 LU  FTPK:  -inf  -inf dBFS  TPK: -15.2 -15.7 dBFS
[Parsed_ebur128_0 @ 0x148e05970] t: 226.099979 TARGET:-23 LUFS    M:   nan S:   nan     I: -32.7 LUFS       LRA:   8.0 LU  FTPK:  -inf  -inf dBFS  TPK: -15.2 -15.7 dBFS
[Parsed_ebur128_0 @ 0x148e05970] t: 226.199979 TARGET:-23 LUFS    M:   nan S:   nan     I: -32.7 LUFS       LRA:   8.0 LU  FTPK:  -inf  -inf dBFS  TPK: -15.2 -15.7 dBFS
[Parsed_ebur128_0 @ 0x148e05970] t: 226.299979 TARGET:-23 LUFS    M:   nan S:   nan     I: -32.7 LUFS       LRA:   8.0 LU  FTPK:  -inf  -inf dBFS  TPK: -15.2 -15.7 dBFS
[Parsed_ebur128_0 @ 0x148e05970] t: 226.399979 TARGET:-23 LUFS    M:   nan S:   nan     I: -32.7 LUFS       LRA:   8.0 LU  FTPK:  -inf  -inf dBFS  TPK: -15.2 -15.7 dBFS
[Parsed_ebur128_0 @ 0x148e05970] t: 226.499979 TARGET:-23 LUFS    M:   nan S:   nan     I: -32.7 LUFS       LRA:   8.0 LU  FTPK:  -inf  -inf dBFS  TPK: -15.2 -15.7 dBFS
[Parsed_ebur128_0 @ 0x148e05970] t: 226.599979 TARGET:-23 LUFS    M:   nan S:   nan     I: -32.7 LUFS       LRA:   8.0 LU  FTPK:  -inf  -inf dBFS  TPK: -15.2 -15.7 dBFS
[Parsed_ebur128_0 @ 0x148e05970] t: 226.699979 TARGET:-23 LUFS    M:   nan S:   nan     I: -32.7 LUFS       LRA:   8.0 LU  FTPK:  -inf  -inf dBFS  TPK: -15.2 -15.7 dBFS
[Parsed_ebur128_0 @ 0x148e05970] t: 226.799979 TARGET:-23 LUFS    M:   nan S:   nan     I: -32.7 LUFS       LRA:   8.0 LU  FTPK:  -inf  -inf dBFS  TPK: -15.2 -15.7 dBFS
[Parsed_ebur128_0 @ 0x148e05970] t: 226.899979 TARGET:-23 LUFS    M:   nan S:   nan     I: -32.7 LUFS       LRA:   8.0 LU  FTPK:  -inf  -inf dBFS  TPK: -15.2 -15.7 dBFS
[Parsed_ebur128_0 @ 0x148e05970] t: 226.999979 TARGET:-23 LUFS    M:   nan S:   nan     I: -32.7 LUFS       LRA:   8.0 LU  FTPK:  -inf  -inf dBFS  TPK: -15.2 -15.7 dBFS
[Parsed_ebur128_0 @ 0x148e05970] t: 227.099979 TARGET:-23 LUFS    M:   nan S:   nan     I: -32.7 LUFS       LRA:   8.0 LU  FTPK:  -inf  -inf dBFS  TPK: -15.2 -15.7 dBFS
[Parsed_ebur128_0 @ 0x148e05970] t: 227.199979 TARGET:-23 LUFS    M:   nan S:   nan     I: -32.7 LUFS       LRA:   8.0 LU  FTPK:  -inf  -inf dBFS  TPK: -15.2 -15.7 dBFS
[Parsed_ebur128_0 @ 0x148e05970] t: 227.299979 TARGET:-23 LUFS    M:   nan S:   nan     I: -32.7 LUFS       LRA:   8.0 LU  FTPK:  -inf  -inf dBFS  TPK: -15.2 -15.7 dBFS
[Parsed_ebur128_0 @ 0x148e05970] t: 227.399979 TARGET:-23 LUFS    M:   nan S:   nan     I: -32.7 LUFS       LRA:   8.0 LU  FTPK:  -inf  -inf dBFS  TPK: -15.2 -15.7 dBFS
[Parsed_ebur128_0 @ 0x148e05970] t: 227.499979 TARGET:-23 LUFS    M:   nan S:   nan     I: -32.7 LUFS       LRA:   8.0 LU  FTPK:  -inf  -inf dBFS  TPK: -15.2 -15.7 dBFS
[Parsed_ebur128_0 @ 0x148e05970] t: 227.599979 TARGET:-23 LUFS    M:   nan S:   nan     I: -32.7 LUFS       LRA:   8.0 LU  FTPK:  -inf  -inf dBFS  TPK: -15.2 -15.7 dBFS
[Parsed_ebur128_0 @ 0x148e05970] t: 227.699979 TARGET:-23 LUFS    M:   nan S:   nan     I: -32.7 LUFS       LRA:   8.0 LU  FTPK:  -inf  -inf dBFS  TPK: -15.2 -15.7 dBFS
[Parsed_ebur128_0 @ 0x148e05970] t: 227.799979 TARGET:-23 LUFS    M:   nan S:   nan     I: -32.7 LUFS       LRA:   8.0 LU  FTPK:  -inf  -inf dBFS  TPK: -15.2 -15.7 dBFS
[Parsed_ebur128_0 @ 0x148e05970] t: 227.899979 TARGET:-23 LUFS    M:   nan S:   nan     I: -32.7 LUFS       LRA:   8.0 LU  FTPK:  -inf  -inf dBFS  TPK: -15.2 -15.7 dBFS
[Parsed_ebur128_0 @ 0x148e05970] t: 227.999979 TARGET:-23 LUFS    M:   nan S:   nan     I: -32.7 LUFS       LRA:   8.0 LU  FTPK:  -inf  -inf dBFS  TPK: -15.2 -15.7 dBFS
[Parsed_ebur128_0 @ 0x148e05970] t: 228.099979 TARGET:-23 LUFS    M:   nan S:   nan     I: -32.7 LUFS       LRA:   8.0 LU  FTPK:  -inf  -inf dBFS  TPK: -15.2 -15.7 dBFS
[Parsed_ebur128_0 @ 0x148e05970] t: 228.199979 TARGET:-23 LUFS    M:-121.1 S:-129.8     I: -32.7 LUFS       LRA:   8.0 LU  FTPK: -96.1 -96.1 dBFS  TPK: -15.2 -15.7 dBFS
[Parsed_ebur128_0 @ 0x148e05970] t: 228.299979 TARGET:-23 LUFS    M: -34.1 S: -42.9     I: -32.7 LUFS       LRA:   8.0 LU  FTPK: -16.9 -16.9 dBFS  TPK: -15.2 -15.7 dBFS
[Parsed_ebur128_0 @ 0x148e05970] t: 228.399979 TARGET:-23 LUFS    M: -34.1 S: -42.9     I: -32.7 LUFS       LRA:   8.0 LU  FTPK: -40.4 -40.4 dBFS  TPK: -15.2 -15.7 dBFS
[Parsed_ebur128_0 @ 0x148e05970] t: 228.499979 TARGET:-23 LUFS    M: -34.1 S: -42.9     I: -32.7 LUFS       LRA:   8.0 LU  FTPK: -163.4 -163.4 dBFS  TPK: -15.2 -15.7 dBFS
[Parsed_ebur128_0 @ 0x148e05970] t: 228.599979 TARGET:-23 LUFS    M: -34.1 S: -42.9     I: -32.7 LUFS       LRA:   8.0 LU  FTPK:  -inf  -inf dBFS  TPK: -15.2 -15.7 dBFS
[Parsed_ebur128_0 @ 0x148e05970] t: 228.699979 TARGET:-23 LUFS    M: -55.7 S: -42.9     I: -32.7 LUFS       LRA:   8.0 LU  FTPK:  -inf  -inf dBFS  TPK: -15.2 -15.7 dBFS
[Parsed_ebur128_0 @ 0x148e05970] t: 228.799979 TARGET:-23 LUFS    M:   nan S: -42.9     I: -32.7 LUFS       LRA:   8.0 LU  FTPK:  -inf  -inf dBFS  TPK: -15.2 -15.7 dBFS
[Parsed_ebur128_0 @ 0x148e05970] t: 228.899979 TARGET:-23 LUFS    M:   nan S: -42.9     I: -32.7 LUFS       LRA:   7.7 LU  FTPK:  -inf  -inf dBFS  TPK: -15.2 -15.7 dBFS
[Parsed_ebur128_0 @ 0x148e05970] t: 228.999979 TARGET:-23 LUFS    M:   nan S: -42.9     I: -32.7 LUFS       LRA:   7.7 LU  FTPK:  -inf  -inf dBFS  TPK: -15.2 -15.7 dBFS
[Parsed_ebur128_0 @ 0x148e05970] t: 229.099979 TARGET:-23 LUFS    M:   nan S: -42.9     I: -32.7 LUFS       LRA:   7.7 LU  FTPK:  -inf  -inf dBFS  TPK: -15.2 -15.7 dBFS
[Parsed_ebur128_0 @ 0x148e05970] t: 229.199979 TARGET:-23 LUFS    M:   nan S: -42.9     I: -32.7 LUFS       LRA:   7.7 LU  FTPK:  -inf  -inf dBFS  TPK: -15.2 -15.7 dBFS
[Parsed_ebur128_0 @ 0x148e05970] t: 229.299979 TARGET:-23 LUFS    M:   nan S: -42.9     I: -32.7 LUFS       LRA:   7.7 LU  FTPK:  -inf  -inf dBFS  TPK: -15.2 -15.7 dBFS
[Parsed_ebur128_0 @ 0x148e05970] t: 229.399979 TARGET:-23 LUFS    M:   nan S: -42.9     I: -32.7 LUFS       LRA:   7.7 LU  FTPK:  -inf  -inf dBFS  TPK: -15.2 -15.7 dBFS
[Parsed_ebur128_0 @ 0x148e05970] t: 229.499979 TARGET:-23 LUFS    M:   nan S: -42.9     I: -32.7 LUFS       LRA:   7.7 LU  FTPK:  -inf  -inf dBFS  TPK: -15.2 -15.7 dBFS
[Parsed_ebur128_0 @ 0x148e05970] t: 229.599979 TARGET:-23 LUFS    M:   nan S: -42.9     I: -32.7 LUFS       LRA:   7.7 LU  FTPK:  -inf  -inf dBFS  TPK: -15.2 -15.7 dBFS
[Parsed_ebur128_0 @ 0x148e05970] t: 229.699979 TARGET:-23 LUFS    M:   nan S: -42.9     I: -32.7 LUFS       LRA:   7.7 LU  FTPK:  -inf  -inf dBFS  TPK: -15.2 -15.7 dBFS
[Parsed_ebur128_0 @ 0x148e05970] t: 229.799979 TARGET:-23 LUFS    M:   nan S: -42.9     I: -32.7 LUFS       LRA:   7.7 LU  FTPK:  -inf  -inf dBFS  TPK: -15.2 -15.7 dBFS
[Parsed_ebur128_0 @ 0x148e05970] t: 229.899979 TARGET:-23 LUFS    M:   nan S: -42.9     I: -32.7 LUFS       LRA:   7.7 LU  FTPK:  -inf  -inf dBFS  TPK: -15.2 -15.7 dBFS
[Parsed_ebur128_0 @ 0x148e05970] t: 229.999979 TARGET:-23 LUFS    M:   nan S: -42.9     I: -32.7 LUFS       LRA:   7.7 LU  FTPK:  -inf  -inf dBFS  TPK: -15.2 -15.7 dBFS
[Parsed_ebur128_0 @ 0x148e05970] t: 230.099979 TARGET:-23 LUFS    M:   nan S: -42.9     I: -32.7 LUFS       LRA:   7.7 LU  FTPK:  -inf  -inf dBFS  TPK: -15.2 -15.7 dBFS
[Parsed_ebur128_0 @ 0x148e05970] t: 230.199979 TARGET:-23 LUFS    M:   nan S: -42.9     I: -32.7 LUFS       LRA:   7.7 LU  FTPK:  -inf  -inf dBFS  TPK: -15.2 -15.7 dBFS
[Parsed_ebur128_0 @ 0x148e05970] t: 230.299979 TARGET:-23 LUFS    M:   nan S: -42.9     I: -32.7 LUFS       LRA:   7.7 LU  FTPK:  -inf  -inf dBFS  TPK: -15.2 -15.7 dBFS
[Parsed_ebur128_0 @ 0x148e05970] t: 230.399979 TARGET:-23 LUFS    M:   nan S: -42.9     I: -32.7 LUFS       LRA:   7.7 LU  FTPK:  -inf  -inf dBFS  TPK: -15.2 -15.7 dBFS
[Parsed_ebur128_0 @ 0x148e05970] t: 230.499979 TARGET:-23 LUFS    M:   nan S: -42.9     I: -32.7 LUFS       LRA:   7.7 LU  FTPK:  -inf  -inf dBFS  TPK: -15.2 -15.7 dBFS
[Parsed_ebur128_0 @ 0x148e05970] t: 230.599979 TARGET:-23 LUFS    M:   nan S: -42.9     I: -32.7 LUFS       LRA:   7.7 LU  FTPK:  -inf  -inf dBFS  TPK: -15.2 -15.7 dBFS
[Parsed_ebur128_0 @ 0x148e05970] t: 230.699979 TARGET:-23 LUFS    M:   nan S: -42.9     I: -32.7 LUFS       LRA:   7.7 LU  FTPK:  -inf  -inf dBFS  TPK: -15.2 -15.7 dBFS
[Parsed_ebur128_0 @ 0x148e05970] t: 230.799979 TARGET:-23 LUFS    M:   nan S: -42.9     I: -32.7 LUFS       LRA:   7.7 LU  FTPK:  -inf  -inf dBFS  TPK: -15.2 -15.7 dBFS
[Parsed_ebur128_0 @ 0x148e05970] t: 230.899979 TARGET:-23 LUFS    M:   nan S: -42.9     I: -32.7 LUFS       LRA:   7.6 LU  FTPK:  -inf  -inf dBFS  TPK: -15.2 -15.7 dBFS
[Parsed_ebur128_0 @ 0x148e05970] t: 230.999979 TARGET:-23 LUFS    M:   nan S: -42.9     I: -32.7 LUFS       LRA:   7.6 LU  FTPK:  -inf  -inf dBFS  TPK: -15.2 -15.7 dBFS
[Parsed_ebur128_0 @ 0x148e05970] t: 231.099979 TARGET:-23 LUFS    M:   nan S: -42.9     I: -32.7 LUFS       LRA:   7.6 LU  FTPK:  -inf  -inf dBFS  TPK: -15.2 -15.7 dBFS
[Parsed_ebur128_0 @ 0x148e05970] t: 231.199979 TARGET:-23 LUFS    M:   nan S: -42.9     I: -32.7 LUFS       LRA:   7.6 LU  FTPK:  -inf  -inf dBFS  TPK: -15.2 -15.7 dBFS
[Parsed_ebur128_0 @ 0x148e05970] t: 231.299979 TARGET:-23 LUFS    M:   nan S: -64.5     I: -32.7 LUFS       LRA:   7.6 LU  FTPK:  -inf  -inf dBFS  TPK: -15.2 -15.7 dBFS
[Parsed_ebur128_0 @ 0x148e05970] t: 231.399979 TARGET:-23 LUFS    M:   nan S:   nan     I: -32.7 LUFS       LRA:   7.6 LU  FTPK:  -inf  -inf dBFS  TPK: -15.2 -15.7 dBFS
[Parsed_ebur128_0 @ 0x148e05970] t: 231.499979 TARGET:-23 LUFS    M:   nan S:   nan     I: -32.7 LUFS       LRA:   7.6 LU  FTPK:  -inf  -inf dBFS  TPK: -15.2 -15.7 dBFS
[Parsed_ebur128_0 @ 0x148e05970] t: 231.599979 TARGET:-23 LUFS    M:   nan S:   nan     I: -32.7 LUFS       LRA:   7.6 LU  FTPK:  -inf  -inf dBFS  TPK: -15.2 -15.7 dBFS
[Parsed_ebur128_0 @ 0x148e05970] t: 231.699979 TARGET:-23 LUFS    M:   nan S:   nan     I: -32.7 LUFS       LRA:   7.6 LU  FTPK:  -inf  -inf dBFS  TPK: -15.2 -15.7 dBFS
[Parsed_ebur128_0 @ 0x148e05970] t: 231.799979 TARGET:-23 LUFS    M:   nan S:   nan     I: -32.7 LUFS       LRA:   7.6 LU  FTPK:  -inf  -inf dBFS  TPK: -15.2 -15.7 dBFS
[Parsed_ebur128_0 @ 0x148e05970] t: 231.899979 TARGET:-23 LUFS    M:   nan S:   nan     I: -32.7 LUFS       LRA:   7.6 LU  FTPK:  -inf  -inf dBFS  TPK: -15.2 -15.7 dBFS
[Parsed_ebur128_0 @ 0x148e05970] t: 231.999979 TARGET:-23 LUFS    M:   nan S:   nan     I: -32.7 LUFS       LRA:   7.6 LU  FTPK:  -inf  -inf dBFS  TPK: -15.2 -15.7 dBFS
[Parsed_ebur128_0 @ 0x148e05970] t: 232.099979 TARGET:-23 LUFS    M:   nan S:   nan     I: -32.7 LUFS       LRA:   7.6 LU  FTPK:  -inf  -inf dBFS  TPK: -15.2 -15.7 dBFS
[Parsed_ebur128_0 @ 0x148e05970] t: 232.199979 TARGET:-23 LUFS    M:   nan S:   nan     I: -32.7 LUFS       LRA:   7.6 LU  FTPK:  -inf  -inf dBFS  TPK: -15.2 -15.7 dBFS
[Parsed_ebur128_0 @ 0x148e05970] t: 232.299979 TARGET:-23 LUFS    M:   nan S:   nan     I: -32.7 LUFS       LRA:   7.6 LU  FTPK:  -inf  -inf dBFS  TPK: -15.2 -15.7 dBFS
[Parsed_ebur128_0 @ 0x148e05970] t: 232.399979 TARGET:-23 LUFS    M:   nan S:   nan     I: -32.7 LUFS       LRA:   7.6 LU  FTPK:  -inf  -inf dBFS  TPK: -15.2 -15.7 dBFS
[Parsed_ebur128_0 @ 0x148e05970] t: 232.499979 TARGET:-23 LUFS    M:   nan S:   nan     I: -32.7 LUFS       LRA:   7.6 LU  FTPK:  -inf  -inf dBFS  TPK: -15.2 -15.7 dBFS
[Parsed_ebur128_0 @ 0x148e05970] t: 232.599979 TARGET:-23 LUFS    M:   nan S:   nan     I: -32.7 LUFS       LRA:   7.6 LU  FTPK:  -inf  -inf dBFS  TPK: -15.2 -15.7 dBFS
[Parsed_ebur128_0 @ 0x148e05970] t: 232.699979 TARGET:-23 LUFS    M:   nan S:   nan     I: -32.7 LUFS       LRA:   7.6 LU  FTPK:  -inf  -inf dBFS  TPK: -15.2 -15.7 dBFS
[Parsed_ebur128_0 @ 0x148e05970] t: 232.799979 TARGET:-23 LUFS    M:   nan S:   nan     I: -32.7 LUFS       LRA:   7.6 LU  FTPK:  -inf  -inf dBFS  TPK: -15.2 -15.7 dBFS
[Parsed_ebur128_0 @ 0x148e05970] t: 232.899979 TARGET:-23 LUFS    M:   nan S:   nan     I: -32.7 LUFS       LRA:   7.6 LU  FTPK:  -inf  -inf dBFS  TPK: -15.2 -15.7 dBFS
[Parsed_ebur128_0 @ 0x148e05970] t: 232.999979 TARGET:-23 LUFS    M:   nan S:   nan     I: -32.7 LUFS       LRA:   7.6 LU  FTPK:  -inf  -inf dBFS  TPK: -15.2 -15.7 dBFS
[Parsed_ebur128_0 @ 0x148e05970] t: 233.099979 TARGET:-23 LUFS    M:   nan S:   nan     I: -32.7 LUFS       LRA:   7.6 LU  FTPK:  -inf  -inf dBFS  TPK: -15.2 -15.7 dBFS
[Parsed_ebur128_0 @ 0x148e05970] t: 233.199979 TARGET:-23 LUFS    M:   nan S:   nan     I: -32.7 LUFS       LRA:   7.6 LU  FTPK:  -inf  -inf dBFS  TPK: -15.2 -15.7 dBFS
[Parsed_ebur128_0 @ 0x148e05970] t: 233.299979 TARGET:-23 LUFS    M:   nan S:   nan     I: -32.7 LUFS       LRA:   7.6 LU  FTPK:  -inf  -inf dBFS  TPK: -15.2 -15.7 dBFS
[Parsed_ebur128_0 @ 0x148e05970] t: 233.399979 TARGET:-23 LUFS    M:   nan S:   nan     I: -32.7 LUFS       LRA:   7.6 LU  FTPK:  -inf  -inf dBFS  TPK: -15.2 -15.7 dBFS
[Parsed_ebur128_0 @ 0x148e05970] t: 233.499979 TARGET:-23 LUFS    M:   nan S:   nan     I: -32.7 LUFS       LRA:   7.6 LU  FTPK:  -inf  -inf dBFS  TPK: -15.2 -15.7 dBFS
[Parsed_ebur128_0 @ 0x148e05970] t: 233.599979 TARGET:-23 LUFS    M:   nan S:   nan     I: -32.7 LUFS       LRA:   7.6 LU  FTPK:  -inf  -inf dBFS  TPK: -15.2 -15.7 dBFS
[Parsed_ebur128_0 @ 0x148e05970] t: 233.699979 TARGET:-23 LUFS    M:   nan S:   nan     I: -32.7 LUFS       LRA:   7.6 LU  FTPK:  -inf  -inf dBFS  TPK: -15.2 -15.7 dBFS
[Parsed_ebur128_0 @ 0x148e05970] t: 233.799979 TARGET:-23 LUFS    M:   nan S:   nan     I: -32.7 LUFS       LRA:   7.6 LU  FTPK:  -inf  -inf dBFS  TPK: -15.2 -15.7 dBFS
[Parsed_ebur128_0 @ 0x148e05970] t: 233.899979 TARGET:-23 LUFS    M:   nan S:   nan     I: -32.7 LUFS       LRA:   7.6 LU  FTPK:  -inf  -inf dBFS  TPK: -15.2 -15.7 dBFS
[Parsed_ebur128_0 @ 0x148e05970] t: 233.999979 TARGET:-23 LUFS    M:   nan S:   nan     I: -32.7 LUFS       LRA:   7.6 LU  FTPK:  -inf  -inf dBFS  TPK: -15.2 -15.7 dBFS
[Parsed_ebur128_0 @ 0x148e05970] t: 234.099979 TARGET:-23 LUFS    M:   nan S:   nan     I: -32.7 LUFS       LRA:   7.6 LU  FTPK:  -inf  -inf dBFS  TPK: -15.2 -15.7 dBFS
[Parsed_ebur128_0 @ 0x148e05970] t: 234.199979 TARGET:-23 LUFS    M:   nan S:   nan     I: -32.7 LUFS       LRA:   7.6 LU  FTPK:  -inf  -inf dBFS  TPK: -15.2 -15.7 dBFS
[Parsed_ebur128_0 @ 0x148e05970] t: 234.299979 TARGET:-23 LUFS    M:   nan S:   nan     I: -32.7 LUFS       LRA:   7.6 LU  FTPK:  -inf  -inf dBFS  TPK: -15.2 -15.7 dBFS
[Parsed_ebur128_0 @ 0x148e05970] t: 234.399979 TARGET:-23 LUFS    M:   nan S:   nan     I: -32.7 LUFS       LRA:   7.6 LU  FTPK:  -inf  -inf dBFS  TPK: -15.2 -15.7 dBFS
[Parsed_ebur128_0 @ 0x148e05970] t: 234.499979 TARGET:-23 LUFS    M:   nan S:   nan     I: -32.7 LUFS       LRA:   7.6 LU  FTPK:  -inf  -inf dBFS  TPK: -15.2 -15.7 dBFS
[Parsed_ebur128_0 @ 0x148e05970] t: 234.599979 TARGET:-23 LUFS    M:   nan S:   nan     I: -32.7 LUFS       LRA:   7.6 LU  FTPK:  -inf  -inf dBFS  TPK: -15.2 -15.7 dBFS
[Parsed_ebur128_0 @ 0x148e05970] t: 234.699979 TARGET:-23 LUFS    M:   nan S:   nan     I: -32.7 LUFS       LRA:   7.6 LU  FTPK:  -inf  -inf dBFS  TPK: -15.2 -15.7 dBFS
[Parsed_ebur128_0 @ 0x148e05970] t: 234.799979 TARGET:-23 LUFS    M:   nan S:   nan     I: -32.7 LUFS       LRA:   7.6 LU  FTPK:  -inf  -inf dBFS  TPK: -15.2 -15.7 dBFS
[Parsed_ebur128_0 @ 0x148e05970] t: 234.899979 TARGET:-23 LUFS    M:   nan S:   nan     I: -32.7 LUFS       LRA:   7.6 LU  FTPK:  -inf  -inf dBFS  TPK: -15.2 -15.7 dBFS
[Parsed_ebur128_0 @ 0x148e05970] t: 234.999979 TARGET:-23 LUFS    M:   nan S:   nan     I: -32.7 LUFS       LRA:   7.6 LU  FTPK:  -inf  -inf dBFS  TPK: -15.2 -15.7 dBFS
[Parsed_ebur128_0 @ 0x148e05970] t: 235.099979 TARGET:-23 LUFS    M:   nan S:   nan     I: -32.7 LUFS       LRA:   7.6 LU  FTPK:  -inf  -inf dBFS  TPK: -15.2 -15.7 dBFS
[Parsed_ebur128_0 @ 0x148e05970] t: 235.199979 TARGET:-23 LUFS    M:   nan S:   nan     I: -32.7 LUFS       LRA:   7.6 LU  FTPK:  -inf  -inf dBFS  TPK: -15.2 -15.7 dBFS
[Parsed_ebur128_0 @ 0x148e05970] t: 235.299979 TARGET:-23 LUFS    M:   nan S:   nan     I: -32.7 LUFS       LRA:   7.6 LU  FTPK:  -inf  -inf dBFS  TPK: -15.2 -15.7 dBFS
[Parsed_ebur128_0 @ 0x148e05970] t: 235.399979 TARGET:-23 LUFS    M:   nan S:   nan     I: -32.7 LUFS       LRA:   7.6 LU  FTPK:  -inf  -inf dBFS  TPK: -15.2 -15.7 dBFS
[Parsed_ebur128_0 @ 0x148e05970] t: 235.499979 TARGET:-23 LUFS    M:   nan S:   nan     I: -32.7 LUFS       LRA:   7.6 LU  FTPK:  -inf  -inf dBFS  TPK: -15.2 -15.7 dBFS
[Parsed_ebur128_0 @ 0x148e05970] t: 235.599979 TARGET:-23 LUFS    M:   nan S:   nan     I: -32.7 LUFS       LRA:   7.6 LU  FTPK:  -inf  -inf dBFS  TPK: -15.2 -15.7 dBFS
[Parsed_ebur128_0 @ 0x148e05970] t: 235.699979 TARGET:-23 LUFS    M:-114.8 S:-123.6     I: -32.7 LUFS       LRA:   7.6 LU  FTPK: -86.9 -86.9 dBFS  TPK: -15.2 -15.7 dBFS
[Parsed_ebur128_0 @ 0x148e05970] t: 235.799979 TARGET:-23 LUFS    M: -36.1 S: -44.8     I: -32.7 LUFS       LRA:   7.7 LU  FTPK: -15.7 -15.7 dBFS  TPK: -15.2 -15.7 dBFS
[Parsed_ebur128_0 @ 0x148e05970] t: 235.899979 TARGET:-23 LUFS    M: -36.1 S: -44.8     I: -32.7 LUFS       LRA:   7.7 LU  FTPK: -46.6 -46.6 dBFS  TPK: -15.2 -15.7 dBFS
[Parsed_ebur128_0 @ 0x148e05970] t: 235.999979 TARGET:-23 LUFS    M: -36.1 S: -44.8     I: -32.7 LUFS       LRA:   8.0 LU  FTPK:  -inf  -inf dBFS  TPK: -15.2 -15.7 dBFS
[Parsed_ebur128_0 @ 0x148e05970] t: 236.099979 TARGET:-23 LUFS    M: -36.1 S: -44.8     I: -32.7 LUFS       LRA:   8.2 LU  FTPK:  -inf  -inf dBFS  TPK: -15.2 -15.7 dBFS
[Parsed_ebur128_0 @ 0x148e05970] t: 236.199979 TARGET:-23 LUFS    M: -65.3 S: -44.8     I: -32.7 LUFS       LRA:   8.2 LU  FTPK:  -inf  -inf dBFS  TPK: -15.2 -15.7 dBFS
[Parsed_ebur128_0 @ 0x148e05970] t: 236.299979 TARGET:-23 LUFS    M:   nan S: -44.8     I: -32.7 LUFS       LRA:   8.2 LU  FTPK:  -inf  -inf dBFS  TPK: -15.2 -15.7 dBFS
[Parsed_ebur128_0 @ 0x148e05970] t: 236.399979 TARGET:-23 LUFS    M:   nan S: -44.8     I: -32.7 LUFS       LRA:   8.2 LU  FTPK:  -inf  -inf dBFS  TPK: -15.2 -15.7 dBFS
[Parsed_ebur128_0 @ 0x148e05970] t: 236.499979 TARGET:-23 LUFS    M:   nan S: -44.8     I: -32.7 LUFS       LRA:   8.2 LU  FTPK:  -inf  -inf dBFS  TPK: -15.2 -15.7 dBFS
[Parsed_ebur128_0 @ 0x148e05970] t: 236.599979 TARGET:-23 LUFS    M:   nan S: -44.8     I: -32.7 LUFS       LRA:   8.2 LU  FTPK:  -inf  -inf dBFS  TPK: -15.2 -15.7 dBFS
[Parsed_ebur128_0 @ 0x148e05970] t: 236.699979 TARGET:-23 LUFS    M:   nan S: -44.8     I: -32.7 LUFS       LRA:   8.2 LU  FTPK:  -inf  -inf dBFS  TPK: -15.2 -15.7 dBFS
[Parsed_ebur128_0 @ 0x148e05970] t: 236.799979 TARGET:-23 LUFS    M:   nan S: -44.8     I: -32.7 LUFS       LRA:   8.7 LU  FTPK:  -inf  -inf dBFS  TPK: -15.2 -15.7 dBFS
[Parsed_ebur128_0 @ 0x148e05970] t: 236.899979 TARGET:-23 LUFS    M:   nan S: -44.8     I: -32.7 LUFS       LRA:   8.8 LU  FTPK:  -inf  -inf dBFS  TPK: -15.2 -15.7 dBFS
[Parsed_ebur128_0 @ 0x148e05970] t: 236.999979 TARGET:-23 LUFS    M:   nan S: -44.8     I: -32.7 LUFS       LRA:   8.9 LU  FTPK:  -inf  -inf dBFS  TPK: -15.2 -15.7 dBFS
[Parsed_ebur128_0 @ 0x148e05970] t: 237.099979 TARGET:-23 LUFS    M:   nan S: -44.8     I: -32.7 LUFS       LRA:   9.0 LU  FTPK:  -inf  -inf dBFS  TPK: -15.2 -15.7 dBFS
[Parsed_ebur128_0 @ 0x148e05970] t: 237.199979 TARGET:-23 LUFS    M: -41.3 S: -43.7     I: -32.8 LUFS       LRA:   9.0 LU  FTPK: -22.0 -22.0 dBFS  TPK: -15.2 -15.7 dBFS
[Parsed_ebur128_0 @ 0x148e05970] t: 237.299979 TARGET:-23 LUFS    M: -32.3 S: -39.5     I: -32.8 LUFS       LRA:   9.0 LU  FTPK: -17.8 -17.8 dBFS  TPK: -15.2 -15.7 dBFS
[Parsed_ebur128_0 @ 0x148e05970] t: 237.399979 TARGET:-23 LUFS    M: -29.5 S: -37.3     I: -32.7 LUFS       LRA:   8.9 LU  FTPK: -18.6 -18.6 dBFS  TPK: -15.2 -15.7 dBFS
[Parsed_ebur128_0 @ 0x148e05970] t: 237.499979 TARGET:-23 LUFS    M: -28.5 S: -36.6     I: -32.7 LUFS       LRA:   8.9 LU  FTPK: -20.5 -20.5 dBFS  TPK: -15.2 -15.7 dBFS
[Parsed_ebur128_0 @ 0x148e05970] t: 237.599979 TARGET:-23 LUFS    M: -28.7 S: -36.6     I: -32.7 LUFS       LRA:   8.9 LU  FTPK: -101.0 -101.0 dBFS  TPK: -15.2 -15.7 dBFS
[Parsed_ebur128_0 @ 0x148e05970] t: 237.699979 TARGET:-23 LUFS    M: -30.9 S: -36.6     I: -32.7 LUFS       LRA:   8.9 LU  FTPK:  -inf  -inf dBFS  TPK: -15.2 -15.7 dBFS
[Parsed_ebur128_0 @ 0x148e05970] t: 237.799979 TARGET:-23 LUFS    M: -35.6 S: -36.6     I: -32.7 LUFS       LRA:   8.9 LU  FTPK:  -inf  -inf dBFS  TPK: -15.2 -15.7 dBFS
[Parsed_ebur128_0 @ 0x148e05970] t: 237.899979 TARGET:-23 LUFS    M:-129.6 S: -36.6     I: -32.7 LUFS       LRA:   8.9 LU  FTPK:  -inf  -inf dBFS  TPK: -15.2 -15.7 dBFS
[Parsed_ebur128_0 @ 0x148e05970] t: 237.999979 TARGET:-23 LUFS    M:   nan S: -36.6     I: -32.7 LUFS       LRA:   8.9 LU  FTPK:  -inf  -inf dBFS  TPK: -15.2 -15.7 dBFS
[Parsed_ebur128_0 @ 0x148e05970] t: 238.099979 TARGET:-23 LUFS    M:   nan S: -36.6     I: -32.7 LUFS       LRA:   8.9 LU  FTPK:  -inf  -inf dBFS  TPK: -15.2 -15.7 dBFS
[Parsed_ebur128_0 @ 0x148e05970] t: 238.199979 TARGET:-23 LUFS    M:   nan S: -36.6     I: -32.7 LUFS       LRA:   8.9 LU  FTPK:  -inf  -inf dBFS  TPK: -15.2 -15.7 dBFS
[Parsed_ebur128_0 @ 0x148e05970] t: 238.299979 TARGET:-23 LUFS    M:   nan S: -36.6     I: -32.7 LUFS       LRA:   8.9 LU  FTPK:  -inf  -inf dBFS  TPK: -15.2 -15.7 dBFS
[Parsed_ebur128_0 @ 0x148e05970] t: 238.399979 TARGET:-23 LUFS    M:   nan S: -36.6     I: -32.7 LUFS       LRA:   8.8 LU  FTPK:  -inf  -inf dBFS  TPK: -15.2 -15.7 dBFS
[Parsed_ebur128_0 @ 0x148e05970] t: 238.499979 TARGET:-23 LUFS    M:   nan S: -36.6     I: -32.7 LUFS       LRA:   8.8 LU  FTPK:  -inf  -inf dBFS  TPK: -15.2 -15.7 dBFS
[Parsed_ebur128_0 @ 0x148e05970] t: 238.599979 TARGET:-23 LUFS    M:   nan S: -36.6     I: -32.7 LUFS       LRA:   8.8 LU  FTPK:  -inf  -inf dBFS  TPK: -15.2 -15.7 dBFS
[Parsed_ebur128_0 @ 0x148e05970] t: 238.699979 TARGET:-23 LUFS    M:   nan S: -36.6     I: -32.7 LUFS       LRA:   8.8 LU  FTPK:  -inf  -inf dBFS  TPK: -15.2 -15.7 dBFS
[Parsed_ebur128_0 @ 0x148e05970] t: 238.799979 TARGET:-23 LUFS    M:   nan S: -37.3     I: -32.7 LUFS       LRA:   8.8 LU  FTPK:  -inf  -inf dBFS  TPK: -15.2 -15.7 dBFS
[Parsed_ebur128_0 @ 0x148e05970] t: 238.899979 TARGET:-23 LUFS    M:   nan S: -37.3     I: -32.7 LUFS       LRA:   8.8 LU  FTPK:  -inf  -inf dBFS  TPK: -15.2 -15.7 dBFS
[Parsed_ebur128_0 @ 0x148e05970] t: 238.999979 TARGET:-23 LUFS    M:   nan S: -37.3     I: -32.7 LUFS       LRA:   8.8 LU  FTPK:  -inf  -inf dBFS  TPK: -15.2 -15.7 dBFS
[Parsed_ebur128_0 @ 0x148e05970] t: 239.099979 TARGET:-23 LUFS    M:   nan S: -37.3     I: -32.7 LUFS       LRA:   8.8 LU  FTPK:  -inf  -inf dBFS  TPK: -15.2 -15.7 dBFS
[Parsed_ebur128_0 @ 0x148e05970] t: 239.199979 TARGET:-23 LUFS    M:   nan S: -37.3     I: -32.7 LUFS       LRA:   8.8 LU  FTPK:  -inf  -inf dBFS  TPK: -15.2 -15.7 dBFS
[Parsed_ebur128_0 @ 0x148e05970] t: 239.299979 TARGET:-23 LUFS    M:   nan S: -37.3     I: -32.7 LUFS       LRA:   8.8 LU  FTPK:  -inf  -inf dBFS  TPK: -15.2 -15.7 dBFS
[Parsed_ebur128_0 @ 0x148e05970] t: 239.399979 TARGET:-23 LUFS    M:   nan S: -37.3     I: -32.7 LUFS       LRA:   8.7 LU  FTPK:  -inf  -inf dBFS  TPK: -15.2 -15.7 dBFS
[Parsed_ebur128_0 @ 0x148e05970] t: 239.499979 TARGET:-23 LUFS    M:   nan S: -37.3     I: -32.7 LUFS       LRA:   8.7 LU  FTPK:  -inf  -inf dBFS  TPK: -15.2 -15.7 dBFS
[Parsed_ebur128_0 @ 0x148e05970] t: 239.599979 TARGET:-23 LUFS    M:   nan S: -37.3     I: -32.7 LUFS       LRA:   8.7 LU  FTPK:  -inf  -inf dBFS  TPK: -15.2 -15.7 dBFS
[Parsed_ebur128_0 @ 0x148e05970] t: 239.699979 TARGET:-23 LUFS    M:   nan S: -37.3     I: -32.7 LUFS       LRA:   8.7 LU  FTPK:  -inf  -inf dBFS  TPK: -15.2 -15.7 dBFS
[Parsed_ebur128_0 @ 0x148e05970] t: 239.799979 TARGET:-23 LUFS    M:   nan S: -37.3     I: -32.7 LUFS       LRA:   8.7 LU  FTPK:  -inf  -inf dBFS  TPK: -15.2 -15.7 dBFS
[Parsed_ebur128_0 @ 0x148e05970] t: 239.899979 TARGET:-23 LUFS    M:   nan S: -37.3     I: -32.7 LUFS       LRA:   8.7 LU  FTPK:  -inf  -inf dBFS  TPK: -15.2 -15.7 dBFS
[Parsed_ebur128_0 @ 0x148e05970] t: 239.999979 TARGET:-23 LUFS    M:   nan S: -37.3     I: -32.7 LUFS       LRA:   8.7 LU  FTPK:  -inf  -inf dBFS  TPK: -15.2 -15.7 dBFS
[Parsed_ebur128_0 @ 0x148e05970] t: 240.099979 TARGET:-23 LUFS    M:-126.3 S: -37.3     I: -32.7 LUFS       LRA:   8.7 LU  FTPK: -96.5 -96.5 dBFS  TPK: -15.2 -15.7 dBFS
[Parsed_ebur128_0 @ 0x148e05970] t: 240.199979 TARGET:-23 LUFS    M: -34.2 S: -36.4     I: -32.7 LUFS       LRA:   8.7 LU  FTPK: -17.0 -17.0 dBFS  TPK: -15.2 -15.7 dBFS
[Parsed_ebur128_0 @ 0x148e05970] t: 240.299979 TARGET:-23 LUFS    M: -34.1 S: -37.9     I: -32.7 LUFS       LRA:   8.7 LU  FTPK: -40.4 -40.4 dBFS  TPK: -15.2 -15.7 dBFS
[Parsed_ebur128_0 @ 0x148e05970] t: 240.399979 TARGET:-23 LUFS    M: -34.1 S: -40.5     I: -32.7 LUFS       LRA:   8.2 LU  FTPK:  -inf  -inf dBFS  TPK: -15.2 -15.7 dBFS
[Parsed_ebur128_0 @ 0x148e05970] t: 240.499979 TARGET:-23 LUFS    M: -34.1 S: -42.9     I: -32.7 LUFS       LRA:   8.2 LU  FTPK:  -inf  -inf dBFS  TPK: -15.2 -15.7 dBFS
[Parsed_ebur128_0 @ 0x148e05970] t: 240.599979 TARGET:-23 LUFS    M: -55.7 S: -42.9     I: -32.7 LUFS       LRA:   8.2 LU  FTPK:  -inf  -inf dBFS  TPK: -15.2 -15.7 dBFS
[Parsed_ebur128_0 @ 0x148e05970] t: 240.699979 TARGET:-23 LUFS    M:   nan S: -42.9     I: -32.7 LUFS       LRA:   8.2 LU  FTPK:  -inf  -inf dBFS  TPK: -15.2 -15.7 dBFS
[Parsed_ebur128_0 @ 0x148e05970] t: 240.799979 TARGET:-23 LUFS    M:   nan S: -42.9     I: -32.7 LUFS       LRA:   8.2 LU  FTPK:  -inf  -inf dBFS  TPK: -15.2 -15.7 dBFS
[Parsed_ebur128_0 @ 0x148e05970] t: 240.899979 TARGET:-23 LUFS    M:   nan S: -42.9     I: -32.7 LUFS       LRA:   8.2 LU  FTPK:  -inf  -inf dBFS  TPK: -15.2 -15.7 dBFS
[Parsed_ebur128_0 @ 0x148e05970] t: 240.999979 TARGET:-23 LUFS    M:   nan S: -42.9     I: -32.7 LUFS       LRA:   8.2 LU  FTPK:  -inf  -inf dBFS  TPK: -15.2 -15.7 dBFS
[Parsed_ebur128_0 @ 0x148e05970] t: 241.099979 TARGET:-23 LUFS    M:   nan S: -42.9     I: -32.7 LUFS       LRA:   8.2 LU  FTPK:  -inf  -inf dBFS  TPK: -15.2 -15.7 dBFS
[Parsed_ebur128_0 @ 0x148e05970] t: 241.199979 TARGET:-23 LUFS    M:   nan S: -42.9     I: -32.7 LUFS       LRA:   8.2 LU  FTPK:  -inf  -inf dBFS  TPK: -15.2 -15.7 dBFS
[Parsed_ebur128_0 @ 0x148e05970] t: 241.299979 TARGET:-23 LUFS    M:   nan S: -42.9     I: -32.7 LUFS       LRA:   8.2 LU  FTPK:  -inf  -inf dBFS  TPK: -15.2 -15.7 dBFS
[Parsed_ebur128_0 @ 0x148e05970] t: 241.399979 TARGET:-23 LUFS    M:   nan S: -42.9     I: -32.7 LUFS       LRA:   8.2 LU  FTPK:  -inf  -inf dBFS  TPK: -15.2 -15.7 dBFS
[Parsed_ebur128_0 @ 0x148e05970] t: 241.499979 TARGET:-23 LUFS    M:   nan S: -42.9     I: -32.7 LUFS       LRA:   8.2 LU  FTPK:  -inf  -inf dBFS  TPK: -15.2 -15.7 dBFS
[Parsed_ebur128_0 @ 0x148e05970] t: 241.599979 TARGET:-23 LUFS    M:   nan S: -42.9     I: -32.7 LUFS       LRA:   8.2 LU  FTPK:  -inf  -inf dBFS  TPK: -15.2 -15.7 dBFS
[Parsed_ebur128_0 @ 0x148e05970] t: 241.699979 TARGET:-23 LUFS    M:   nan S: -42.9     I: -32.7 LUFS       LRA:   8.2 LU  FTPK:  -inf  -inf dBFS  TPK: -15.2 -15.7 dBFS
[Parsed_ebur128_0 @ 0x148e05970] t: 241.799979 TARGET:-23 LUFS    M:   nan S: -42.9     I: -32.7 LUFS       LRA:   8.2 LU  FTPK:  -inf  -inf dBFS  TPK: -15.2 -15.7 dBFS
[Parsed_ebur128_0 @ 0x148e05970] t: 241.899979 TARGET:-23 LUFS    M:   nan S: -42.9     I: -32.7 LUFS       LRA:   8.2 LU  FTPK:  -inf  -inf dBFS  TPK: -15.2 -15.7 dBFS
[Parsed_ebur128_0 @ 0x148e05970] t: 241.999979 TARGET:-23 LUFS    M:   nan S: -42.9     I: -32.7 LUFS       LRA:   8.2 LU  FTPK:  -inf  -inf dBFS  TPK: -15.2 -15.7 dBFS
[Parsed_ebur128_0 @ 0x148e05970] t: 242.099979 TARGET:-23 LUFS    M:   nan S: -42.9     I: -32.7 LUFS       LRA:   8.2 LU  FTPK:  -inf  -inf dBFS  TPK: -15.2 -15.7 dBFS
[Parsed_ebur128_0 @ 0x148e05970] t: 242.199979 TARGET:-23 LUFS    M:   nan S: -42.9     I: -32.7 LUFS       LRA:   8.2 LU  FTPK:  -inf  -inf dBFS  TPK: -15.2 -15.7 dBFS
[Parsed_ebur128_0 @ 0x148e05970] t: 242.299979 TARGET:-23 LUFS    M:   nan S: -42.9     I: -32.7 LUFS       LRA:   8.2 LU  FTPK:  -inf  -inf dBFS  TPK: -15.2 -15.7 dBFS
[Parsed_ebur128_0 @ 0x148e05970] t: 242.399979 TARGET:-23 LUFS    M:   nan S: -42.9     I: -32.7 LUFS       LRA:   8.2 LU  FTPK:  -inf  -inf dBFS  TPK: -15.2 -15.7 dBFS
[Parsed_ebur128_0 @ 0x148e05970] t: 242.499979 TARGET:-23 LUFS    M:   nan S: -42.9     I: -32.7 LUFS       LRA:   8.2 LU  FTPK:  -inf  -inf dBFS  TPK: -15.2 -15.7 dBFS
[Parsed_ebur128_0 @ 0x148e05970] t: 242.599979 TARGET:-23 LUFS    M:   nan S: -42.9     I: -32.7 LUFS       LRA:   8.2 LU  FTPK:  -inf  -inf dBFS  TPK: -15.2 -15.7 dBFS
[Parsed_ebur128_0 @ 0x148e05970] t: 242.699979 TARGET:-23 LUFS    M:   nan S: -42.9     I: -32.7 LUFS       LRA:   8.2 LU  FTPK:  -inf  -inf dBFS  TPK: -15.2 -15.7 dBFS
[Parsed_ebur128_0 @ 0x148e05970] t: 242.799979 TARGET:-23 LUFS    M:   nan S: -42.9     I: -32.7 LUFS       LRA:   8.2 LU  FTPK:  -inf  -inf dBFS  TPK: -15.2 -15.7 dBFS
[Parsed_ebur128_0 @ 0x148e05970] t: 242.899979 TARGET:-23 LUFS    M:   nan S: -42.9     I: -32.7 LUFS       LRA:   8.2 LU  FTPK:  -inf  -inf dBFS  TPK: -15.2 -15.7 dBFS
[Parsed_ebur128_0 @ 0x148e05970] t: 242.999979 TARGET:-23 LUFS    M:   nan S: -42.9     I: -32.7 LUFS       LRA:   8.0 LU  FTPK:  -inf  -inf dBFS  TPK: -15.2 -15.7 dBFS
[Parsed_ebur128_0 @ 0x148e05970] t: 243.099979 TARGET:-23 LUFS    M:   nan S: -42.9     I: -32.7 LUFS       LRA:   8.0 LU  FTPK:  -inf  -inf dBFS  TPK: -15.2 -15.7 dBFS
[Parsed_ebur128_0 @ 0x148e05970] t: 243.199979 TARGET:-23 LUFS    M:   nan S: -64.5     I: -32.7 LUFS       LRA:   8.0 LU  FTPK:  -inf  -inf dBFS  TPK: -15.2 -15.7 dBFS
[Parsed_ebur128_0 @ 0x148e05970] t: 243.299979 TARGET:-23 LUFS    M:   nan S:   nan     I: -32.7 LUFS       LRA:   8.0 LU  FTPK:  -inf  -inf dBFS  TPK: -15.2 -15.7 dBFS
[Parsed_ebur128_0 @ 0x148e05970] t: 243.399979 TARGET:-23 LUFS    M:   nan S:   nan     I: -32.7 LUFS       LRA:   8.0 LU  FTPK:  -inf  -inf dBFS  TPK: -15.2 -15.7 dBFS
[Parsed_ebur128_0 @ 0x148e05970] t: 243.499979 TARGET:-23 LUFS    M:   nan S:   nan     I: -32.7 LUFS       LRA:   8.0 LU  FTPK:  -inf  -inf dBFS  TPK: -15.2 -15.7 dBFS
[Parsed_ebur128_0 @ 0x148e05970] t: 243.599979 TARGET:-23 LUFS    M:   nan S:   nan     I: -32.7 LUFS       LRA:   8.0 LU  FTPK:  -inf  -inf dBFS  TPK: -15.2 -15.7 dBFS
[Parsed_ebur128_0 @ 0x148e05970] t: 243.699979 TARGET:-23 LUFS    M:   nan S:   nan     I: -32.7 LUFS       LRA:   8.0 LU  FTPK:  -inf  -inf dBFS  TPK: -15.2 -15.7 dBFS
[Parsed_ebur128_0 @ 0x148e05970] t: 243.799979 TARGET:-23 LUFS    M:   nan S:   nan     I: -32.7 LUFS       LRA:   8.0 LU  FTPK:  -inf  -inf dBFS  TPK: -15.2 -15.7 dBFS
[Parsed_ebur128_0 @ 0x148e05970] t: 243.899979 TARGET:-23 LUFS    M:   nan S:   nan     I: -32.7 LUFS       LRA:   8.0 LU  FTPK:  -inf  -inf dBFS  TPK: -15.2 -15.7 dBFS
[Parsed_ebur128_0 @ 0x148e05970] t: 243.999979 TARGET:-23 LUFS    M:   nan S:   nan     I: -32.7 LUFS       LRA:   8.0 LU  FTPK:  -inf  -inf dBFS  TPK: -15.2 -15.7 dBFS
[Parsed_ebur128_0 @ 0x148e05970] t: 244.099979 TARGET:-23 LUFS    M:   nan S:   nan     I: -32.7 LUFS       LRA:   8.0 LU  FTPK:  -inf  -inf dBFS  TPK: -15.2 -15.7 dBFS
[Parsed_ebur128_0 @ 0x148e05970] t: 244.199979 TARGET:-23 LUFS    M:   nan S:   nan     I: -32.7 LUFS       LRA:   8.0 LU  FTPK:  -inf  -inf dBFS  TPK: -15.2 -15.7 dBFS
[Parsed_ebur128_0 @ 0x148e05970] t: 244.299979 TARGET:-23 LUFS    M:   nan S:   nan     I: -32.7 LUFS       LRA:   8.0 LU  FTPK:  -inf  -inf dBFS  TPK: -15.2 -15.7 dBFS
[Parsed_ebur128_0 @ 0x148e05970] t: 244.399979 TARGET:-23 LUFS    M:   nan S:   nan     I: -32.7 LUFS       LRA:   8.0 LU  FTPK:  -inf  -inf dBFS  TPK: -15.2 -15.7 dBFS
[Parsed_ebur128_0 @ 0x148e05970] t: 244.499979 TARGET:-23 LUFS    M:   nan S:   nan     I: -32.7 LUFS       LRA:   8.0 LU  FTPK:  -inf  -inf dBFS  TPK: -15.2 -15.7 dBFS
[Parsed_ebur128_0 @ 0x148e05970] t: 244.599979 TARGET:-23 LUFS    M:   nan S:   nan     I: -32.7 LUFS       LRA:   8.0 LU  FTPK:  -inf  -inf dBFS  TPK: -15.2 -15.7 dBFS
[Parsed_ebur128_0 @ 0x148e05970] t: 244.699979 TARGET:-23 LUFS    M:   nan S:   nan     I: -32.7 LUFS       LRA:   8.0 LU  FTPK:  -inf  -inf dBFS  TPK: -15.2 -15.7 dBFS
[Parsed_ebur128_0 @ 0x148e05970] t: 244.799979 TARGET:-23 LUFS    M:   nan S:   nan     I: -32.7 LUFS       LRA:   8.0 LU  FTPK:  -inf  -inf dBFS  TPK: -15.2 -15.7 dBFS
[Parsed_ebur128_0 @ 0x148e05970] t: 244.899979 TARGET:-23 LUFS    M:   nan S:   nan     I: -32.7 LUFS       LRA:   8.0 LU  FTPK:  -inf  -inf dBFS  TPK: -15.2 -15.7 dBFS
[Parsed_ebur128_0 @ 0x148e05970] t: 244.999979 TARGET:-23 LUFS    M:   nan S:   nan     I: -32.7 LUFS       LRA:   8.0 LU  FTPK:  -inf  -inf dBFS  TPK: -15.2 -15.7 dBFS
[Parsed_ebur128_0 @ 0x148e05970] t: 245.099979 TARGET:-23 LUFS    M:   nan S:   nan     I: -32.7 LUFS       LRA:   8.0 LU  FTPK:  -inf  -inf dBFS  TPK: -15.2 -15.7 dBFS
[Parsed_ebur128_0 @ 0x148e05970] t: 245.199979 TARGET:-23 LUFS    M:   nan S:   nan     I: -32.7 LUFS       LRA:   8.0 LU  FTPK:  -inf  -inf dBFS  TPK: -15.2 -15.7 dBFS
[Parsed_ebur128_0 @ 0x148e05970] t: 245.299979 TARGET:-23 LUFS    M:   nan S:   nan     I: -32.7 LUFS       LRA:   8.0 LU  FTPK:  -inf  -inf dBFS  TPK: -15.2 -15.7 dBFS
[Parsed_ebur128_0 @ 0x148e05970] t: 245.399979 TARGET:-23 LUFS    M:   nan S:   nan     I: -32.7 LUFS       LRA:   8.0 LU  FTPK:  -inf  -inf dBFS  TPK: -15.2 -15.7 dBFS
[Parsed_ebur128_0 @ 0x148e05970] t: 245.499979 TARGET:-23 LUFS    M:   nan S:   nan     I: -32.7 LUFS       LRA:   8.0 LU  FTPK:  -inf  -inf dBFS  TPK: -15.2 -15.7 dBFS
[Parsed_ebur128_0 @ 0x148e05970] t: 245.599979 TARGET:-23 LUFS    M: -36.6 S: -45.4     I: -32.7 LUFS       LRA:   8.0 LU  FTPK: -15.7 -15.7 dBFS  TPK: -15.2 -15.7 dBFS
[Parsed_ebur128_0 @ 0x148e05970] t: 245.699979 TARGET:-23 LUFS    M: -36.1 S: -44.8     I: -32.7 LUFS       LRA:   8.1 LU  FTPK: -28.1 -28.1 dBFS  TPK: -15.2 -15.7 dBFS
[Parsed_ebur128_0 @ 0x148e05970] t: 245.799979 TARGET:-23 LUFS    M: -36.1 S: -44.8     I: -32.7 LUFS       LRA:   8.1 LU  FTPK: -83.1 -83.1 dBFS  TPK: -15.2 -15.7 dBFS
[Parsed_ebur128_0 @ 0x148e05970] t: 245.899979 TARGET:-23 LUFS    M: -36.1 S: -44.8     I: -32.7 LUFS       LRA:   8.5 LU  FTPK:  -inf  -inf dBFS  TPK: -15.2 -15.7 dBFS
[Parsed_ebur128_0 @ 0x148e05970] t: 245.999979 TARGET:-23 LUFS    M: -45.1 S: -44.8     I: -32.7 LUFS       LRA:   8.7 LU  FTPK:  -inf  -inf dBFS  TPK: -15.2 -15.7 dBFS
[Parsed_ebur128_0 @ 0x148e05970] t: 246.099979 TARGET:-23 LUFS    M:-107.0 S: -44.8     I: -32.7 LUFS       LRA:   8.8 LU  FTPK:  -inf  -inf dBFS  TPK: -15.2 -15.7 dBFS
[Parsed_ebur128_0 @ 0x148e05970] t: 246.199979 TARGET:-23 LUFS    M:   nan S: -44.8     I: -32.7 LUFS       LRA:   8.8 LU  FTPK:  -inf  -inf dBFS  TPK: -15.2 -15.7 dBFS
[Parsed_ebur128_0 @ 0x148e05970] t: 246.299979 TARGET:-23 LUFS    M:   nan S: -44.8     I: -32.7 LUFS       LRA:   8.8 LU  FTPK:  -inf  -inf dBFS  TPK: -15.2 -15.7 dBFS
[Parsed_ebur128_0 @ 0x148e05970] t: 246.399979 TARGET:-23 LUFS    M:   nan S: -44.8     I: -32.7 LUFS       LRA:   8.8 LU  FTPK:  -inf  -inf dBFS  TPK: -15.2 -15.7 dBFS
[Parsed_ebur128_0 @ 0x148e05970] t: 246.499979 TARGET:-23 LUFS    M:   nan S: -44.8     I: -32.7 LUFS       LRA:   9.0 LU  FTPK:  -inf  -inf dBFS  TPK: -15.2 -15.7 dBFS
[Parsed_ebur128_0 @ 0x148e05970] t: 246.599979 TARGET:-23 LUFS    M:   nan S: -44.8     I: -32.7 LUFS       LRA:   9.0 LU  FTPK:  -inf  -inf dBFS  TPK: -15.2 -15.7 dBFS
[Parsed_ebur128_0 @ 0x148e05970] t: 246.699979 TARGET:-23 LUFS    M:   nan S: -44.8     I: -32.7 LUFS       LRA:   9.0 LU  FTPK:  -inf  -inf dBFS  TPK: -15.2 -15.7 dBFS
[Parsed_ebur128_0 @ 0x148e05970] t: 246.799979 TARGET:-23 LUFS    M:   nan S: -44.8     I: -32.7 LUFS       LRA:   9.0 LU  FTPK:  -inf  -inf dBFS  TPK: -15.2 -15.7 dBFS
[Parsed_ebur128_0 @ 0x148e05970] t: 246.899979 TARGET:-23 LUFS    M:   nan S: -44.8     I: -32.7 LUFS       LRA:   9.0 LU  FTPK:  -inf  -inf dBFS  TPK: -15.2 -15.7 dBFS
[Parsed_ebur128_0 @ 0x148e05970] t: 246.999979 TARGET:-23 LUFS    M:   nan S: -44.8     I: -32.7 LUFS       LRA:   9.0 LU  FTPK:  -inf  -inf dBFS  TPK: -15.2 -15.7 dBFS
[Parsed_ebur128_0 @ 0x148e05970] t: 247.099979 TARGET:-23 LUFS    M: -34.5 S: -40.9     I: -32.7 LUFS       LRA:   9.0 LU  FTPK: -17.8 -17.8 dBFS  TPK: -15.2 -15.7 dBFS
[Parsed_ebur128_0 @ 0x148e05970] t: 247.199979 TARGET:-23 LUFS    M: -30.7 S: -38.4     I: -32.7 LUFS       LRA:   9.0 LU  FTPK: -18.5 -18.5 dBFS  TPK: -15.2 -15.7 dBFS
[Parsed_ebur128_0 @ 0x148e05970] t: 247.299979 TARGET:-23 LUFS    M: -28.6 S: -36.6     I: -32.7 LUFS       LRA:   9.0 LU  FTPK: -19.8 -19.8 dBFS  TPK: -15.2 -15.7 dBFS
[Parsed_ebur128_0 @ 0x148e05970] t: 247.399979 TARGET:-23 LUFS    M: -28.5 S: -36.6     I: -32.7 LUFS       LRA:   8.9 LU  FTPK: -24.0 -24.0 dBFS  TPK: -15.2 -15.7 dBFS
[Parsed_ebur128_0 @ 0x148e05970] t: 247.499979 TARGET:-23 LUFS    M: -29.8 S: -36.6     I: -32.7 LUFS       LRA:   8.9 LU  FTPK:  -inf  -inf dBFS  TPK: -15.2 -15.7 dBFS
[Parsed_ebur128_0 @ 0x148e05970] t: 247.599979 TARGET:-23 LUFS    M: -32.5 S: -36.6     I: -32.7 LUFS       LRA:   8.9 LU  FTPK:  -inf  -inf dBFS  TPK: -15.2 -15.7 dBFS
[Parsed_ebur128_0 @ 0x148e05970] t: 247.699979 TARGET:-23 LUFS    M: -44.7 S: -36.6     I: -32.7 LUFS       LRA:   8.9 LU  FTPK:  -inf  -inf dBFS  TPK: -15.2 -15.7 dBFS
[Parsed_ebur128_0 @ 0x148e05970] t: 247.799979 TARGET:-23 LUFS    M:   nan S: -36.6     I: -32.7 LUFS       LRA:   8.9 LU  FTPK:  -inf  -inf dBFS  TPK: -15.2 -15.7 dBFS
[Parsed_ebur128_0 @ 0x148e05970] t: 247.899979 TARGET:-23 LUFS    M:   nan S: -36.6     I: -32.7 LUFS       LRA:   8.9 LU  FTPK:  -inf  -inf dBFS  TPK: -15.2 -15.7 dBFS
[Parsed_ebur128_0 @ 0x148e05970] t: 247.999979 TARGET:-23 LUFS    M:   nan S: -36.6     I: -32.7 LUFS       LRA:   8.9 LU  FTPK:  -inf  -inf dBFS  TPK: -15.2 -15.7 dBFS
[Parsed_ebur128_0 @ 0x148e05970] t: 248.099979 TARGET:-23 LUFS    M:   nan S: -36.6     I: -32.7 LUFS       LRA:   8.9 LU  FTPK:  -inf  -inf dBFS  TPK: -15.2 -15.7 dBFS
[Parsed_ebur128_0 @ 0x148e05970] t: 248.199979 TARGET:-23 LUFS    M:   nan S: -36.6     I: -32.7 LUFS       LRA:   8.9 LU  FTPK:  -inf  -inf dBFS  TPK: -15.2 -15.7 dBFS
[Parsed_ebur128_0 @ 0x148e05970] t: 248.299979 TARGET:-23 LUFS    M:   nan S: -36.6     I: -32.7 LUFS       LRA:   8.9 LU  FTPK:  -inf  -inf dBFS  TPK: -15.2 -15.7 dBFS
[Parsed_ebur128_0 @ 0x148e05970] t: 248.399979 TARGET:-23 LUFS    M:   nan S: -36.6     I: -32.7 LUFS       LRA:   8.9 LU  FTPK:  -inf  -inf dBFS  TPK: -15.2 -15.7 dBFS
[Parsed_ebur128_0 @ 0x148e05970] t: 248.499979 TARGET:-23 LUFS    M:   nan S: -36.6     I: -32.7 LUFS       LRA:   8.9 LU  FTPK:  -inf  -inf dBFS  TPK: -15.2 -15.7 dBFS
[Parsed_ebur128_0 @ 0x148e05970] t: 248.599979 TARGET:-23 LUFS    M:   nan S: -37.2     I: -32.7 LUFS       LRA:   8.9 LU  FTPK:  -inf  -inf dBFS  TPK: -15.2 -15.7 dBFS
[Parsed_ebur128_0 @ 0x148e05970] t: 248.699979 TARGET:-23 LUFS    M:   nan S: -37.3     I: -32.7 LUFS       LRA:   8.9 LU  FTPK:  -inf  -inf dBFS  TPK: -15.2 -15.7 dBFS
[Parsed_ebur128_0 @ 0x148e05970] t: 248.799979 TARGET:-23 LUFS    M:   nan S: -37.3     I: -32.7 LUFS       LRA:   8.9 LU  FTPK:  -inf  -inf dBFS  TPK: -15.2 -15.7 dBFS
[Parsed_ebur128_0 @ 0x148e05970] t: 248.899979 TARGET:-23 LUFS    M:   nan S: -37.3     I: -32.7 LUFS       LRA:   8.9 LU  FTPK:  -inf  -inf dBFS  TPK: -15.2 -15.7 dBFS
[Parsed_ebur128_0 @ 0x148e05970] t: 248.999979 TARGET:-23 LUFS    M:   nan S: -37.3     I: -32.7 LUFS       LRA:   8.9 LU  FTPK:  -inf  -inf dBFS  TPK: -15.2 -15.7 dBFS
[Parsed_ebur128_0 @ 0x148e05970] t: 249.099979 TARGET:-23 LUFS    M:   nan S: -37.3     I: -32.7 LUFS       LRA:   8.9 LU  FTPK:  -inf  -inf dBFS  TPK: -15.2 -15.7 dBFS
[Parsed_ebur128_0 @ 0x148e05970] t: 249.199979 TARGET:-23 LUFS    M:   nan S: -37.3     I: -32.7 LUFS       LRA:   8.9 LU  FTPK:  -inf  -inf dBFS  TPK: -15.2 -15.7 dBFS
[Parsed_ebur128_0 @ 0x148e05970] t: 249.299979 TARGET:-23 LUFS    M:   nan S: -37.3     I: -32.7 LUFS       LRA:   8.9 LU  FTPK:  -inf  -inf dBFS  TPK: -15.2 -15.7 dBFS
[Parsed_ebur128_0 @ 0x148e05970] t: 249.399979 TARGET:-23 LUFS    M:   nan S: -37.3     I: -32.7 LUFS       LRA:   8.7 LU  FTPK:  -inf  -inf dBFS  TPK: -15.2 -15.7 dBFS
[Parsed_ebur128_0 @ 0x148e05970] t: 249.499979 TARGET:-23 LUFS    M:   nan S: -37.3     I: -32.7 LUFS       LRA:   8.7 LU  FTPK:  -inf  -inf dBFS  TPK: -15.2 -15.7 dBFS
[Parsed_ebur128_0 @ 0x148e05970] t: 249.599979 TARGET:-23 LUFS    M:   nan S: -37.3     I: -32.7 LUFS       LRA:   8.7 LU  FTPK:  -inf  -inf dBFS  TPK: -15.2 -15.7 dBFS
[Parsed_ebur128_0 @ 0x148e05970] t: 249.699979 TARGET:-23 LUFS    M:   nan S: -37.3     I: -32.7 LUFS       LRA:   8.7 LU  FTPK:  -inf  -inf dBFS  TPK: -15.2 -15.7 dBFS
[Parsed_ebur128_0 @ 0x148e05970] t: 249.799979 TARGET:-23 LUFS    M:   nan S: -37.3     I: -32.7 LUFS       LRA:   8.7 LU  FTPK:  -inf  -inf dBFS  TPK: -15.2 -15.7 dBFS
[Parsed_ebur128_0 @ 0x148e05970] t: 249.899979 TARGET:-23 LUFS    M:   nan S: -37.3     I: -32.7 LUFS       LRA:   8.7 LU  FTPK:  -inf  -inf dBFS  TPK: -15.2 -15.7 dBFS
[Parsed_ebur128_0 @ 0x148e05970] t: 249.999979 TARGET:-23 LUFS    M:   nan S: -37.3     I: -32.7 LUFS       LRA:   8.7 LU  FTPK:  -inf  -inf dBFS  TPK: -15.2 -15.7 dBFS
[Parsed_ebur128_0 @ 0x148e05970] t: 250.099979 TARGET:-23 LUFS    M:   nan S: -38.5     I: -32.7 LUFS       LRA:   8.7 LU  FTPK:  -inf  -inf dBFS  TPK: -15.2 -15.7 dBFS
[Parsed_ebur128_0 @ 0x148e05970] t: 250.199979 TARGET:-23 LUFS    M:   nan S: -41.2     I: -32.7 LUFS       LRA:   8.7 LU  FTPK:  -inf  -inf dBFS  TPK: -15.2 -15.7 dBFS
[Parsed_ebur128_0 @ 0x148e05970] t: 250.299979 TARGET:-23 LUFS    M:   nan S: -53.4     I: -32.7 LUFS       LRA:   8.7 LU  FTPK:  -inf  -inf dBFS  TPK: -15.2 -15.7 dBFS
[Parsed_ebur128_0 @ 0x148e05970] t: 250.399979 TARGET:-23 LUFS    M:   nan S:   nan     I: -32.7 LUFS       LRA:   8.7 LU  FTPK:  -inf  -inf dBFS  TPK: -15.2 -15.7 dBFS
[Parsed_ebur128_0 @ 0x148e05970] t: 250.499979 TARGET:-23 LUFS    M:   nan S:   nan     I: -32.7 LUFS       LRA:   8.7 LU  FTPK:  -inf  -inf dBFS  TPK: -15.2 -15.7 dBFS
[Parsed_ebur128_0 @ 0x148e05970] t: 250.599979 TARGET:-23 LUFS    M:   nan S:   nan     I: -32.7 LUFS       LRA:   8.7 LU  FTPK:  -inf  -inf dBFS  TPK: -15.2 -15.7 dBFS
[Parsed_ebur128_0 @ 0x148e05970] t: 250.699979 TARGET:-23 LUFS    M:   nan S:   nan     I: -32.7 LUFS       LRA:   8.7 LU  FTPK:  -inf  -inf dBFS  TPK: -15.2 -15.7 dBFS
[Parsed_ebur128_0 @ 0x148e05970] t: 250.799979 TARGET:-23 LUFS    M:   nan S:   nan     I: -32.7 LUFS       LRA:   8.7 LU  FTPK:  -inf  -inf dBFS  TPK: -15.2 -15.7 dBFS
[Parsed_ebur128_0 @ 0x148e05970] t: 250.899979 TARGET:-23 LUFS    M:   nan S:   nan     I: -32.7 LUFS       LRA:   8.7 LU  FTPK:  -inf  -inf dBFS  TPK: -15.2 -15.7 dBFS
[Parsed_ebur128_0 @ 0x148e05970] t: 250.999979 TARGET:-23 LUFS    M:   nan S:   nan     I: -32.7 LUFS       LRA:   8.7 LU  FTPK:  -inf  -inf dBFS  TPK: -15.2 -15.7 dBFS
[Parsed_ebur128_0 @ 0x148e05970] t: 251.099979 TARGET:-23 LUFS    M:   nan S:   nan     I: -32.7 LUFS       LRA:   8.7 LU  FTPK:  -inf  -inf dBFS  TPK: -15.2 -15.7 dBFS
[Parsed_ebur128_0 @ 0x148e05970] t: 251.199979 TARGET:-23 LUFS    M:   nan S:   nan     I: -32.7 LUFS       LRA:   8.7 LU  FTPK:  -inf  -inf dBFS  TPK: -15.2 -15.7 dBFS
[Parsed_ebur128_0 @ 0x148e05970] t: 251.299979 TARGET:-23 LUFS    M:   nan S:   nan     I: -32.7 LUFS       LRA:   8.7 LU  FTPK:  -inf  -inf dBFS  TPK: -15.2 -15.7 dBFS
[Parsed_ebur128_0 @ 0x148e05970] t: 251.399979 TARGET:-23 LUFS    M:   nan S:   nan     I: -32.7 LUFS       LRA:   8.7 LU  FTPK:  -inf  -inf dBFS  TPK: -15.2 -15.7 dBFS
[Parsed_ebur128_0 @ 0x148e05970] t: 251.499979 TARGET:-23 LUFS    M:   nan S:   nan     I: -32.7 LUFS       LRA:   8.7 LU  FTPK:  -inf  -inf dBFS  TPK: -15.2 -15.7 dBFS
[Parsed_ebur128_0 @ 0x148e05970] t: 251.599979 TARGET:-23 LUFS    M:   nan S:   nan     I: -32.7 LUFS       LRA:   8.7 LU  FTPK:  -inf  -inf dBFS  TPK: -15.2 -15.7 dBFS
[Parsed_ebur128_0 @ 0x148e05970] t: 251.699979 TARGET:-23 LUFS    M:   nan S:   nan     I: -32.7 LUFS       LRA:   8.7 LU  FTPK:  -inf  -inf dBFS  TPK: -15.2 -15.7 dBFS
[Parsed_ebur128_0 @ 0x148e05970] t: 251.799979 TARGET:-23 LUFS    M:   nan S:   nan     I: -32.7 LUFS       LRA:   8.7 LU  FTPK:  -inf  -inf dBFS  TPK: -15.2 -15.7 dBFS
[Parsed_ebur128_0 @ 0x148e05970] t: 251.899979 TARGET:-23 LUFS    M:   nan S:   nan     I: -32.7 LUFS       LRA:   8.7 LU  FTPK:  -inf  -inf dBFS  TPK: -15.2 -15.7 dBFS
[Parsed_ebur128_0 @ 0x148e05970] t: 251.999979 TARGET:-23 LUFS    M:   nan S:   nan     I: -32.7 LUFS       LRA:   8.7 LU  FTPK:  -inf  -inf dBFS  TPK: -15.2 -15.7 dBFS
[Parsed_ebur128_0 @ 0x148e05970] t: 252.099979 TARGET:-23 LUFS    M:   nan S:   nan     I: -32.7 LUFS       LRA:   8.7 LU  FTPK:  -inf  -inf dBFS  TPK: -15.2 -15.7 dBFS
[Parsed_ebur128_0 @ 0x148e05970] t: 252.199979 TARGET:-23 LUFS    M:   nan S:   nan     I: -32.7 LUFS       LRA:   8.7 LU  FTPK:  -inf  -inf dBFS  TPK: -15.2 -15.7 dBFS
[Parsed_ebur128_0 @ 0x148e05970] t: 252.299979 TARGET:-23 LUFS    M:   nan S:   nan     I: -32.7 LUFS       LRA:   8.7 LU  FTPK:  -inf  -inf dBFS  TPK: -15.2 -15.7 dBFS
[Parsed_ebur128_0 @ 0x148e05970] t: 252.399979 TARGET:-23 LUFS    M:   nan S:   nan     I: -32.7 LUFS       LRA:   8.7 LU  FTPK:  -inf  -inf dBFS  TPK: -15.2 -15.7 dBFS
[Parsed_ebur128_0 @ 0x148e05970] t: 252.499979 TARGET:-23 LUFS    M:   nan S:   nan     I: -32.7 LUFS       LRA:   8.7 LU  FTPK:  -inf  -inf dBFS  TPK: -15.2 -15.7 dBFS
[Parsed_ebur128_0 @ 0x148e05970] t: 252.599979 TARGET:-23 LUFS    M:   nan S:   nan     I: -32.7 LUFS       LRA:   8.7 LU  FTPK:  -inf  -inf dBFS  TPK: -15.2 -15.7 dBFS
[Parsed_ebur128_0 @ 0x148e05970] t: 252.699979 TARGET:-23 LUFS    M:   nan S:   nan     I: -32.7 LUFS       LRA:   8.7 LU  FTPK:  -inf  -inf dBFS  TPK: -15.2 -15.7 dBFS
[Parsed_ebur128_0 @ 0x148e05970] t: 252.799979 TARGET:-23 LUFS    M:   nan S:   nan     I: -32.7 LUFS       LRA:   8.7 LU  FTPK:  -inf  -inf dBFS  TPK: -15.2 -15.7 dBFS
[Parsed_ebur128_0 @ 0x148e05970] t: 252.899979 TARGET:-23 LUFS    M:   nan S:   nan     I: -32.7 LUFS       LRA:   8.7 LU  FTPK:  -inf  -inf dBFS  TPK: -15.2 -15.7 dBFS
[Parsed_ebur128_0 @ 0x148e05970] t: 252.999979 TARGET:-23 LUFS    M:   nan S:   nan     I: -32.7 LUFS       LRA:   8.7 LU  FTPK:  -inf  -inf dBFS  TPK: -15.2 -15.7 dBFS
[Parsed_ebur128_0 @ 0x148e05970] t: 253.099979 TARGET:-23 LUFS    M:   nan S:   nan     I: -32.7 LUFS       LRA:   8.7 LU  FTPK:  -inf  -inf dBFS  TPK: -15.2 -15.7 dBFS
[Parsed_ebur128_0 @ 0x148e05970] t: 253.199979 TARGET:-23 LUFS    M:   nan S:   nan     I: -32.7 LUFS       LRA:   8.7 LU  FTPK:  -inf  -inf dBFS  TPK: -15.2 -15.7 dBFS
[Parsed_ebur128_0 @ 0x148e05970] t: 253.299979 TARGET:-23 LUFS    M:   nan S:   nan     I: -32.7 LUFS       LRA:   8.7 LU  FTPK:  -inf  -inf dBFS  TPK: -15.2 -15.7 dBFS
[Parsed_ebur128_0 @ 0x148e05970] t: 253.399979 TARGET:-23 LUFS    M:   nan S:   nan     I: -32.7 LUFS       LRA:   8.7 LU  FTPK:  -inf  -inf dBFS  TPK: -15.2 -15.7 dBFS
[Parsed_ebur128_0 @ 0x148e05970] t: 253.499979 TARGET:-23 LUFS    M:   nan S:   nan     I: -32.7 LUFS       LRA:   8.7 LU  FTPK:  -inf  -inf dBFS  TPK: -15.2 -15.7 dBFS
[Parsed_ebur128_0 @ 0x148e05970] t: 253.599979 TARGET:-23 LUFS    M:   nan S:   nan     I: -32.7 LUFS       LRA:   8.7 LU  FTPK:  -inf  -inf dBFS  TPK: -15.2 -15.7 dBFS
[Parsed_ebur128_0 @ 0x148e05970] t: 253.699979 TARGET:-23 LUFS    M:   nan S:   nan     I: -32.7 LUFS       LRA:   8.7 LU  FTPK:  -inf  -inf dBFS  TPK: -15.2 -15.7 dBFS
[Parsed_ebur128_0 @ 0x148e05970] t: 253.799979 TARGET:-23 LUFS    M:   nan S:   nan     I: -32.7 LUFS       LRA:   8.7 LU  FTPK:  -inf  -inf dBFS  TPK: -15.2 -15.7 dBFS
[Parsed_ebur128_0 @ 0x148e05970] t: 253.899979 TARGET:-23 LUFS    M:   nan S:   nan     I: -32.7 LUFS       LRA:   8.7 LU  FTPK:  -inf  -inf dBFS  TPK: -15.2 -15.7 dBFS
[Parsed_ebur128_0 @ 0x148e05970] t: 253.999979 TARGET:-23 LUFS    M:   nan S:   nan     I: -32.7 LUFS       LRA:   8.7 LU  FTPK:  -inf  -inf dBFS  TPK: -15.2 -15.7 dBFS
[Parsed_ebur128_0 @ 0x148e05970] t: 254.099979 TARGET:-23 LUFS    M:-116.0 S:-124.8     I: -32.7 LUFS       LRA:   8.7 LU  FTPK: -89.7 -89.8 dBFS  TPK: -15.2 -15.7 dBFS
[Parsed_ebur128_0 @ 0x148e05970] t: 254.199979 TARGET:-23 LUFS    M: -34.0 S: -42.7     I: -32.7 LUFS       LRA:   8.7 LU  FTPK: -15.2 -16.3 dBFS  TPK: -15.2 -15.7 dBFS
[Parsed_ebur128_0 @ 0x148e05970] t: 254.299979 TARGET:-23 LUFS    M: -34.0 S: -42.7     I: -32.7 LUFS       LRA:   8.7 LU  FTPK: -83.7 -91.5 dBFS  TPK: -15.2 -15.7 dBFS
[Parsed_ebur128_0 @ 0x148e05970] t: 254.399979 TARGET:-23 LUFS    M: -34.0 S: -42.7     I: -32.7 LUFS       LRA:   8.7 LU  FTPK:  -inf  -inf dBFS  TPK: -15.2 -15.7 dBFS
[Parsed_ebur128_0 @ 0x148e05970] t: 254.499979 TARGET:-23 LUFS    M: -34.0 S: -42.7     I: -32.7 LUFS       LRA:   8.7 LU  FTPK:  -inf  -inf dBFS  TPK: -15.2 -15.7 dBFS
[Parsed_ebur128_0 @ 0x148e05970] t: 254.599979 TARGET:-23 LUFS    M:-115.7 S: -42.7     I: -32.7 LUFS       LRA:   8.7 LU  FTPK:  -inf  -inf dBFS  TPK: -15.2 -15.7 dBFS
[Parsed_ebur128_0 @ 0x148e05970] t: 254.699979 TARGET:-23 LUFS    M:   nan S: -42.7     I: -32.7 LUFS       LRA:   8.7 LU  FTPK:  -inf  -inf dBFS  TPK: -15.2 -15.7 dBFS
[Parsed_ebur128_0 @ 0x148e05970] t: 254.799979 TARGET:-23 LUFS    M:   nan S: -42.7     I: -32.7 LUFS       LRA:   8.7 LU  FTPK:  -inf  -inf dBFS  TPK: -15.2 -15.7 dBFS
[Parsed_ebur128_0 @ 0x148e05970] t: 254.899979 TARGET:-23 LUFS    M:   nan S: -42.7     I: -32.7 LUFS       LRA:   8.7 LU  FTPK:  -inf  -inf dBFS  TPK: -15.2 -15.7 dBFS
[Parsed_ebur128_0 @ 0x148e05970] t: 254.999979 TARGET:-23 LUFS    M:   nan S: -42.7     I: -32.7 LUFS       LRA:   8.7 LU  FTPK:  -inf  -inf dBFS  TPK: -15.2 -15.7 dBFS
[Parsed_ebur128_0 @ 0x148e05970] t: 255.099979 TARGET:-23 LUFS    M:   nan S: -42.7     I: -32.7 LUFS       LRA:   8.7 LU  FTPK:  -inf  -inf dBFS  TPK: -15.2 -15.7 dBFS
[Parsed_ebur128_0 @ 0x148e05970] t: 255.199979 TARGET:-23 LUFS    M:   nan S: -42.7     I: -32.7 LUFS       LRA:   8.6 LU  FTPK:  -inf  -inf dBFS  TPK: -15.2 -15.7 dBFS
[Parsed_ebur128_0 @ 0x148e05970] t: 255.299979 TARGET:-23 LUFS    M:   nan S: -42.7     I: -32.7 LUFS       LRA:   8.6 LU  FTPK:  -inf  -inf dBFS  TPK: -15.2 -15.7 dBFS
[Parsed_ebur128_0 @ 0x148e05970] t: 255.399979 TARGET:-23 LUFS    M:   nan S: -42.7     I: -32.7 LUFS       LRA:   8.6 LU  FTPK:  -inf  -inf dBFS  TPK: -15.2 -15.7 dBFS
[Parsed_ebur128_0 @ 0x148e05970] t: 255.499979 TARGET:-23 LUFS    M:   nan S: -42.7     I: -32.7 LUFS       LRA:   8.6 LU  FTPK:  -inf  -inf dBFS  TPK: -15.2 -15.7 dBFS
[Parsed_ebur128_0 @ 0x148e05970] t: 255.599979 TARGET:-23 LUFS    M:   nan S: -42.7     I: -32.7 LUFS       LRA:   8.6 LU  FTPK:  -inf  -inf dBFS  TPK: -15.2 -15.7 dBFS
[Parsed_ebur128_0 @ 0x148e05970] t: 255.699979 TARGET:-23 LUFS    M:   nan S: -42.7     I: -32.7 LUFS       LRA:   8.6 LU  FTPK:  -inf  -inf dBFS  TPK: -15.2 -15.7 dBFS
[Parsed_ebur128_0 @ 0x148e05970] t: 255.799979 TARGET:-23 LUFS    M:   nan S: -42.7     I: -32.7 LUFS       LRA:   8.6 LU  FTPK:  -inf  -inf dBFS  TPK: -15.2 -15.7 dBFS
[Parsed_ebur128_0 @ 0x148e05970] t: 255.899979 TARGET:-23 LUFS    M:   nan S: -42.7     I: -32.7 LUFS       LRA:   8.6 LU  FTPK:  -inf  -inf dBFS  TPK: -15.2 -15.7 dBFS
[Parsed_ebur128_0 @ 0x148e05970] t: 255.999979 TARGET:-23 LUFS    M:   nan S: -42.7     I: -32.7 LUFS       LRA:   8.6 LU  FTPK:  -inf  -inf dBFS  TPK: -15.2 -15.7 dBFS
[Parsed_ebur128_0 @ 0x148e05970] t: 256.099979 TARGET:-23 LUFS    M:   nan S: -42.7     I: -32.7 LUFS       LRA:   8.6 LU  FTPK:  -inf  -inf dBFS  TPK: -15.2 -15.7 dBFS
[Parsed_ebur128_0 @ 0x148e05970] t: 256.199979 TARGET:-23 LUFS    M:   nan S: -42.7     I: -32.7 LUFS       LRA:   8.6 LU  FTPK:  -inf  -inf dBFS  TPK: -15.2 -15.7 dBFS
[Parsed_ebur128_0 @ 0x148e05970] t: 256.299979 TARGET:-23 LUFS    M:   nan S: -42.7     I: -32.7 LUFS       LRA:   8.6 LU  FTPK:  -inf  -inf dBFS  TPK: -15.2 -15.7 dBFS
[Parsed_ebur128_0 @ 0x148e05970] t: 256.399979 TARGET:-23 LUFS    M:   nan S: -42.7     I: -32.7 LUFS       LRA:   8.6 LU  FTPK:  -inf  -inf dBFS  TPK: -15.2 -15.7 dBFS
[Parsed_ebur128_0 @ 0x148e05970] t: 256.499979 TARGET:-23 LUFS    M:   nan S: -42.7     I: -32.7 LUFS       LRA:   8.6 LU  FTPK:  -inf  -inf dBFS  TPK: -15.2 -15.7 dBFS
[Parsed_ebur128_0 @ 0x148e05970] t: 256.599979 TARGET:-23 LUFS    M:   nan S: -42.7     I: -32.7 LUFS       LRA:   8.5 LU  FTPK:  -inf  -inf dBFS  TPK: -15.2 -15.7 dBFS
[Parsed_ebur128_0 @ 0x148e05970] t: 256.699979 TARGET:-23 LUFS    M:   nan S: -42.7     I: -32.7 LUFS       LRA:   8.5 LU  FTPK:  -inf  -inf dBFS  TPK: -15.2 -15.7 dBFS
[Parsed_ebur128_0 @ 0x148e05970] t: 256.799979 TARGET:-23 LUFS    M:   nan S: -42.7     I: -32.7 LUFS       LRA:   8.5 LU  FTPK:  -inf  -inf dBFS  TPK: -15.2 -15.7 dBFS
[Parsed_ebur128_0 @ 0x148e05970] t: 256.899979 TARGET:-23 LUFS    M:   nan S: -42.7     I: -32.7 LUFS       LRA:   8.5 LU  FTPK:  -inf  -inf dBFS  TPK: -15.2 -15.7 dBFS
[Parsed_ebur128_0 @ 0x148e05970] t: 256.999979 TARGET:-23 LUFS    M:   nan S: -42.7     I: -32.7 LUFS       LRA:   8.5 LU  FTPK:  -inf  -inf dBFS  TPK: -15.2 -15.7 dBFS
[Parsed_ebur128_0 @ 0x148e05970] t: 257.099979 TARGET:-23 LUFS    M:   nan S: -42.7     I: -32.7 LUFS       LRA:   8.5 LU  FTPK:  -inf  -inf dBFS  TPK: -15.2 -15.7 dBFS
[Parsed_ebur128_0 @ 0x148e05970] t: 257.199979 TARGET:-23 LUFS    M:   nan S:-124.4     I: -32.7 LUFS       LRA:   8.5 LU  FTPK:  -inf  -inf dBFS  TPK: -15.2 -15.7 dBFS
[Parsed_ebur128_0 @ 0x148e05970] t: 257.299979 TARGET:-23 LUFS    M:   nan S:   nan     I: -32.7 LUFS       LRA:   8.5 LU  FTPK:  -inf  -inf dBFS  TPK: -15.2 -15.7 dBFS
[Parsed_ebur128_0 @ 0x148e05970] t: 257.399979 TARGET:-23 LUFS    M:   nan S:   nan     I: -32.7 LUFS       LRA:   8.5 LU  FTPK:  -inf  -inf dBFS  TPK: -15.2 -15.7 dBFS
[Parsed_ebur128_0 @ 0x148e05970] t: 257.499979 TARGET:-23 LUFS    M:   nan S:   nan     I: -32.7 LUFS       LRA:   8.5 LU  FTPK:  -inf  -inf dBFS  TPK: -15.2 -15.7 dBFS
[Parsed_ebur128_0 @ 0x148e05970] t: 257.599979 TARGET:-23 LUFS    M:   nan S:   nan     I: -32.7 LUFS       LRA:   8.5 LU  FTPK:  -inf  -inf dBFS  TPK: -15.2 -15.7 dBFS
[Parsed_ebur128_0 @ 0x148e05970] t: 257.699979 TARGET:-23 LUFS    M:   nan S:   nan     I: -32.7 LUFS       LRA:   8.5 LU  FTPK:  -inf  -inf dBFS  TPK: -15.2 -15.7 dBFS
[Parsed_ebur128_0 @ 0x148e05970] t: 257.799979 TARGET:-23 LUFS    M:   nan S:   nan     I: -32.7 LUFS       LRA:   8.5 LU  FTPK:  -inf  -inf dBFS  TPK: -15.2 -15.7 dBFS
[Parsed_ebur128_0 @ 0x148e05970] t: 257.899979 TARGET:-23 LUFS    M:   nan S:   nan     I: -32.7 LUFS       LRA:   8.5 LU  FTPK:  -inf  -inf dBFS  TPK: -15.2 -15.7 dBFS
[Parsed_ebur128_0 @ 0x148e05970] t: 257.999979 TARGET:-23 LUFS    M:   nan S:   nan     I: -32.7 LUFS       LRA:   8.5 LU  FTPK:  -inf  -inf dBFS  TPK: -15.2 -15.7 dBFS
[Parsed_ebur128_0 @ 0x148e05970] t: 258.099979 TARGET:-23 LUFS    M: -34.3 S: -43.0     I: -32.7 LUFS       LRA:   8.5 LU  FTPK: -17.0 -17.0 dBFS  TPK: -15.2 -15.7 dBFS
[Parsed_ebur128_0 @ 0x148e05970] t: 258.199979 TARGET:-23 LUFS    M: -34.1 S: -42.9     I: -32.7 LUFS       LRA:   8.5 LU  FTPK: -34.1 -34.1 dBFS  TPK: -15.2 -15.7 dBFS
[Parsed_ebur128_0 @ 0x148e05970] t: 258.299979 TARGET:-23 LUFS    M: -34.1 S: -42.9     I: -32.7 LUFS       LRA:   8.5 LU  FTPK: -71.1 -71.1 dBFS  TPK: -15.2 -15.7 dBFS
[Parsed_ebur128_0 @ 0x148e05970] t: 258.399979 TARGET:-23 LUFS    M: -34.1 S: -42.9     I: -32.7 LUFS       LRA:   8.5 LU  FTPK:  -inf  -inf dBFS  TPK: -15.2 -15.7 dBFS
[Parsed_ebur128_0 @ 0x148e05970] t: 258.499979 TARGET:-23 LUFS    M: -49.2 S: -42.9     I: -32.7 LUFS       LRA:   8.4 LU  FTPK:  -inf  -inf dBFS  TPK: -15.2 -15.7 dBFS
[Parsed_ebur128_0 @ 0x148e05970] t: 258.599979 TARGET:-23 LUFS    M: -92.2 S: -42.9     I: -32.7 LUFS       LRA:   8.4 LU  FTPK:  -inf  -inf dBFS  TPK: -15.2 -15.7 dBFS
[Parsed_ebur128_0 @ 0x148e05970] t: 258.699979 TARGET:-23 LUFS    M:   nan S: -42.9     I: -32.7 LUFS       LRA:   8.4 LU  FTPK:  -inf  -inf dBFS  TPK: -15.2 -15.7 dBFS
[Parsed_ebur128_0 @ 0x148e05970] t: 258.799979 TARGET:-23 LUFS    M:   nan S: -42.9     I: -32.7 LUFS       LRA:   8.4 LU  FTPK:  -inf  -inf dBFS  TPK: -15.2 -15.7 dBFS
[Parsed_ebur128_0 @ 0x148e05970] t: 258.899979 TARGET:-23 LUFS    M:   nan S: -42.9     I: -32.7 LUFS       LRA:   8.4 LU  FTPK:  -inf  -inf dBFS  TPK: -15.2 -15.7 dBFS
[Parsed_ebur128_0 @ 0x148e05970] t: 258.999979 TARGET:-23 LUFS    M:   nan S: -42.9     I: -32.7 LUFS       LRA:   8.4 LU  FTPK:  -inf  -inf dBFS  TPK: -15.2 -15.7 dBFS
[Parsed_ebur128_0 @ 0x148e05970] t: 259.099979 TARGET:-23 LUFS    M:   nan S: -42.9     I: -32.7 LUFS       LRA:   8.4 LU  FTPK:  -inf  -inf dBFS  TPK: -15.2 -15.7 dBFS
[Parsed_ebur128_0 @ 0x148e05970] t: 259.199979 TARGET:-23 LUFS    M:   nan S: -42.9     I: -32.7 LUFS       LRA:   8.4 LU  FTPK:  -inf  -inf dBFS  TPK: -15.2 -15.7 dBFS
[Parsed_ebur128_0 @ 0x148e05970] t: 259.299979 TARGET:-23 LUFS    M:   nan S: -42.9     I: -32.7 LUFS       LRA:   8.4 LU  FTPK:  -inf  -inf dBFS  TPK: -15.2 -15.7 dBFS
[Parsed_ebur128_0 @ 0x148e05970] t: 259.399979 TARGET:-23 LUFS    M:   nan S: -42.9     I: -32.7 LUFS       LRA:   8.4 LU  FTPK:  -inf  -inf dBFS  TPK: -15.2 -15.7 dBFS
[Parsed_ebur128_0 @ 0x148e05970] t: 259.499979 TARGET:-23 LUFS    M:   nan S: -42.9     I: -32.7 LUFS       LRA:   8.4 LU  FTPK:  -inf  -inf dBFS  TPK: -15.2 -15.7 dBFS
[Parsed_ebur128_0 @ 0x148e05970] t: 259.599979 TARGET:-23 LUFS    M:   nan S: -42.9     I: -32.7 LUFS       LRA:   8.4 LU  FTPK:  -inf  -inf dBFS  TPK: -15.2 -15.7 dBFS
[Parsed_ebur128_0 @ 0x148e05970] t: 259.699979 TARGET:-23 LUFS    M:   nan S: -42.9     I: -32.7 LUFS       LRA:   8.4 LU  FTPK:  -inf  -inf dBFS  TPK: -15.2 -15.7 dBFS
[Parsed_ebur128_0 @ 0x148e05970] t: 259.799979 TARGET:-23 LUFS    M:   nan S: -42.9     I: -32.7 LUFS       LRA:   8.4 LU  FTPK:  -inf  -inf dBFS  TPK: -15.2 -15.7 dBFS
[Parsed_ebur128_0 @ 0x148e05970] t: 259.899979 TARGET:-23 LUFS    M:   nan S: -42.9     I: -32.7 LUFS       LRA:   8.4 LU  FTPK:  -inf  -inf dBFS  TPK: -15.2 -15.7 dBFS
[Parsed_ebur128_0 @ 0x148e05970] t: 259.999979 TARGET:-23 LUFS    M:-109.2 S: -42.9     I: -32.7 LUFS       LRA:   8.4 LU  FTPK: -84.4 -84.4 dBFS  TPK: -15.2 -15.7 dBFS
[Parsed_ebur128_0 @ 0x148e05970] t: 260.099979 TARGET:-23 LUFS    M: -36.1 S: -40.7     I: -32.7 LUFS       LRA:   8.4 LU  FTPK: -15.3 -16.3 dBFS  TPK: -15.2 -15.7 dBFS
[Parsed_ebur128_0 @ 0x148e05970] t: 260.199979 TARGET:-23 LUFS    M: -36.1 S: -40.7     I: -32.7 LUFS       LRA:   8.4 LU  FTPK: -46.0 -47.0 dBFS  TPK: -15.2 -15.7 dBFS
[Parsed_ebur128_0 @ 0x148e05970] t: 260.299979 TARGET:-23 LUFS    M: -36.1 S: -40.7     I: -32.7 LUFS       LRA:   8.4 LU  FTPK:  -inf  -inf dBFS  TPK: -15.2 -15.7 dBFS
[Parsed_ebur128_0 @ 0x148e05970] t: 260.399979 TARGET:-23 LUFS    M: -36.1 S: -40.7     I: -32.7 LUFS       LRA:   8.4 LU  FTPK:  -inf  -inf dBFS  TPK: -15.2 -15.7 dBFS
[Parsed_ebur128_0 @ 0x148e05970] t: 260.499979 TARGET:-23 LUFS    M: -65.2 S: -40.7     I: -32.7 LUFS       LRA:   8.4 LU  FTPK:  -inf  -inf dBFS  TPK: -15.2 -15.7 dBFS
[Parsed_ebur128_0 @ 0x148e05970] t: 260.599979 TARGET:-23 LUFS    M:   nan S: -40.7     I: -32.7 LUFS       LRA:   8.4 LU  FTPK:  -inf  -inf dBFS  TPK: -15.2 -15.7 dBFS
[Parsed_ebur128_0 @ 0x148e05970] t: 260.699979 TARGET:-23 LUFS    M:   nan S: -40.7     I: -32.7 LUFS       LRA:   8.4 LU  FTPK:  -inf  -inf dBFS  TPK: -15.2 -15.7 dBFS
[Parsed_ebur128_0 @ 0x148e05970] t: 260.799979 TARGET:-23 LUFS    M: -39.4 S: -40.0     I: -32.7 LUFS       LRA:   8.4 LU  FTPK: -21.4 -22.4 dBFS  TPK: -15.2 -15.7 dBFS
[Parsed_ebur128_0 @ 0x148e05970] t: 260.899979 TARGET:-23 LUFS    M: -31.9 S: -37.7     I: -32.7 LUFS       LRA:   8.4 LU  FTPK: -17.3 -18.3 dBFS  TPK: -15.2 -15.7 dBFS
[Parsed_ebur128_0 @ 0x148e05970] t: 260.999979 TARGET:-23 LUFS    M: -29.4 S: -36.2     I: -32.7 LUFS       LRA:   8.4 LU  FTPK: -18.0 -19.1 dBFS  TPK: -15.2 -15.7 dBFS
[Parsed_ebur128_0 @ 0x148e05970] t: 261.099979 TARGET:-23 LUFS    M: -28.5 S: -36.5     I: -32.7 LUFS       LRA:   8.4 LU  FTPK: -20.0 -21.0 dBFS  TPK: -15.2 -15.7 dBFS
[Parsed_ebur128_0 @ 0x148e05970] t: 261.199979 TARGET:-23 LUFS    M: -28.9 S: -36.6     I: -32.7 LUFS       LRA:   8.4 LU  FTPK:  -inf  -inf dBFS  TPK: -15.2 -15.7 dBFS
[Parsed_ebur128_0 @ 0x148e05970] t: 261.299979 TARGET:-23 LUFS    M: -31.2 S: -36.6     I: -32.7 LUFS       LRA:   8.4 LU  FTPK:  -inf  -inf dBFS  TPK: -15.2 -15.7 dBFS
[Parsed_ebur128_0 @ 0x148e05970] t: 261.399979 TARGET:-23 LUFS    M: -35.9 S: -36.6     I: -32.7 LUFS       LRA:   8.4 LU  FTPK:  -inf  -inf dBFS  TPK: -15.2 -15.7 dBFS
[Parsed_ebur128_0 @ 0x148e05970] t: 261.499979 TARGET:-23 LUFS    M:   nan S: -36.6     I: -32.7 LUFS       LRA:   8.3 LU  FTPK:  -inf  -inf dBFS  TPK: -15.2 -15.7 dBFS
[Parsed_ebur128_0 @ 0x148e05970] t: 261.599979 TARGET:-23 LUFS    M:   nan S: -36.6     I: -32.7 LUFS       LRA:   8.3 LU  FTPK:  -inf  -inf dBFS  TPK: -15.2 -15.7 dBFS
[Parsed_ebur128_0 @ 0x148e05970] t: 261.699979 TARGET:-23 LUFS    M:   nan S: -36.6     I: -32.7 LUFS       LRA:   8.3 LU  FTPK:  -inf  -inf dBFS  TPK: -15.2 -15.7 dBFS
[Parsed_ebur128_0 @ 0x148e05970] t: 261.799979 TARGET:-23 LUFS    M:   nan S: -36.6     I: -32.7 LUFS       LRA:   8.3 LU  FTPK:  -inf  -inf dBFS  TPK: -15.2 -15.7 dBFS
[Parsed_ebur128_0 @ 0x148e05970] t: 261.899979 TARGET:-23 LUFS    M:   nan S: -36.6     I: -32.7 LUFS       LRA:   8.3 LU  FTPK:  -inf  -inf dBFS  TPK: -15.2 -15.7 dBFS
[Parsed_ebur128_0 @ 0x148e05970] t: 261.999979 TARGET:-23 LUFS    M:   nan S: -36.6     I: -32.7 LUFS       LRA:   8.3 LU  FTPK:  -inf  -inf dBFS  TPK: -15.2 -15.7 dBFS
[Parsed_ebur128_0 @ 0x148e05970] t: 262.099979 TARGET:-23 LUFS    M:   nan S: -36.6     I: -32.7 LUFS       LRA:   8.3 LU  FTPK:  -inf  -inf dBFS  TPK: -15.2 -15.7 dBFS
[Parsed_ebur128_0 @ 0x148e05970] t: 262.199979 TARGET:-23 LUFS    M:   nan S: -36.6     I: -32.7 LUFS       LRA:   8.3 LU  FTPK:  -inf  -inf dBFS  TPK: -15.2 -15.7 dBFS
[Parsed_ebur128_0 @ 0x148e05970] t: 262.299979 TARGET:-23 LUFS    M:   nan S: -36.6     I: -32.7 LUFS       LRA:   8.3 LU  FTPK:  -inf  -inf dBFS  TPK: -15.2 -15.7 dBFS
[Parsed_ebur128_0 @ 0x148e05970] t: 262.399979 TARGET:-23 LUFS    M:   nan S: -36.6     I: -32.7 LUFS       LRA:   8.3 LU  FTPK:  -inf  -inf dBFS  TPK: -15.2 -15.7 dBFS
[Parsed_ebur128_0 @ 0x148e05970] t: 262.499979 TARGET:-23 LUFS    M:   nan S: -36.6     I: -32.7 LUFS       LRA:   8.2 LU  FTPK:  -inf  -inf dBFS  TPK: -15.2 -15.7 dBFS
[Parsed_ebur128_0 @ 0x148e05970] t: 262.599979 TARGET:-23 LUFS    M:   nan S: -36.6     I: -32.7 LUFS       LRA:   8.2 LU  FTPK:  -inf  -inf dBFS  TPK: -15.2 -15.7 dBFS
[Parsed_ebur128_0 @ 0x148e05970] t: 262.699979 TARGET:-23 LUFS    M:   nan S: -36.6     I: -32.7 LUFS       LRA:   8.2 LU  FTPK:  -inf  -inf dBFS  TPK: -15.2 -15.7 dBFS
[Parsed_ebur128_0 @ 0x148e05970] t: 262.799979 TARGET:-23 LUFS    M:   nan S: -36.6     I: -32.7 LUFS       LRA:   8.2 LU  FTPK:  -inf  -inf dBFS  TPK: -15.2 -15.7 dBFS
[Parsed_ebur128_0 @ 0x148e05970] t: 262.899979 TARGET:-23 LUFS    M:   nan S: -36.6     I: -32.7 LUFS       LRA:   8.2 LU  FTPK:  -inf  -inf dBFS  TPK: -15.2 -15.7 dBFS
[Parsed_ebur128_0 @ 0x148e05970] t: 262.999979 TARGET:-23 LUFS    M:   nan S: -36.6     I: -32.7 LUFS       LRA:   8.2 LU  FTPK:  -inf  -inf dBFS  TPK: -15.2 -15.7 dBFS
[Parsed_ebur128_0 @ 0x148e05970] t: 263.099979 TARGET:-23 LUFS    M:   nan S: -37.3     I: -32.7 LUFS       LRA:   8.2 LU  FTPK:  -inf  -inf dBFS  TPK: -15.2 -15.7 dBFS
[Parsed_ebur128_0 @ 0x148e05970] t: 263.199979 TARGET:-23 LUFS    M:   nan S: -37.3     I: -32.7 LUFS       LRA:   8.2 LU  FTPK:  -inf  -inf dBFS  TPK: -15.2 -15.7 dBFS
[Parsed_ebur128_0 @ 0x148e05970] t: 263.299979 TARGET:-23 LUFS    M:   nan S: -37.3     I: -32.7 LUFS       LRA:   8.2 LU  FTPK:  -inf  -inf dBFS  TPK: -15.2 -15.7 dBFS
[Parsed_ebur128_0 @ 0x148e05970] t: 263.399979 TARGET:-23 LUFS    M:   nan S: -37.3     I: -32.7 LUFS       LRA:   8.2 LU  FTPK:  -inf  -inf dBFS  TPK: -15.2 -15.7 dBFS
[Parsed_ebur128_0 @ 0x148e05970] t: 263.499979 TARGET:-23 LUFS    M:   nan S: -37.3     I: -32.7 LUFS       LRA:   7.7 LU  FTPK:  -inf  -inf dBFS  TPK: -15.2 -15.7 dBFS
[Parsed_ebur128_0 @ 0x148e05970] t: 263.599979 TARGET:-23 LUFS    M:   nan S: -37.3     I: -32.7 LUFS       LRA:   7.7 LU  FTPK:  -inf  -inf dBFS  TPK: -15.2 -15.7 dBFS
[Parsed_ebur128_0 @ 0x148e05970] t: 263.699979 TARGET:-23 LUFS    M:   nan S: -37.3     I: -32.7 LUFS       LRA:   7.7 LU  FTPK:  -inf  -inf dBFS  TPK: -15.2 -15.7 dBFS
[Parsed_ebur128_0 @ 0x148e05970] t: 263.799979 TARGET:-23 LUFS    M:   nan S: -37.6     I: -32.7 LUFS       LRA:   7.7 LU  FTPK:  -inf  -inf dBFS  TPK: -15.2 -15.7 dBFS
[Parsed_ebur128_0 @ 0x148e05970] t: 263.899979 TARGET:-23 LUFS    M:   nan S: -40.0     I: -32.7 LUFS       LRA:   7.7 LU  FTPK:  -inf  -inf dBFS  TPK: -15.2 -15.7 dBFS
[Parsed_ebur128_0 @ 0x148e05970] t: 263.999979 TARGET:-23 LUFS    M:   nan S: -44.6     I: -32.7 LUFS       LRA:   8.2 LU  FTPK:  -inf  -inf dBFS  TPK: -15.2 -15.7 dBFS
[Parsed_ebur128_0 @ 0x148e05970] t: 264.099979 TARGET:-23 LUFS    M:   nan S:   nan     I: -32.7 LUFS       LRA:   8.2 LU  FTPK:  -inf  -inf dBFS  TPK: -15.2 -15.7 dBFS
[Parsed_ebur128_0 @ 0x148e05970] t: 264.199979 TARGET:-23 LUFS    M:   nan S:   nan     I: -32.7 LUFS       LRA:   8.2 LU  FTPK:  -inf  -inf dBFS  TPK: -15.2 -15.7 dBFS
[Parsed_ebur128_0 @ 0x148e05970] t: 264.299979 TARGET:-23 LUFS    M:   nan S:   nan     I: -32.7 LUFS       LRA:   8.2 LU  FTPK:  -inf  -inf dBFS  TPK: -15.2 -15.7 dBFS
[Parsed_ebur128_0 @ 0x148e05970] t: 264.399979 TARGET:-23 LUFS    M:   nan S:   nan     I: -32.7 LUFS       LRA:   8.2 LU  FTPK:  -inf  -inf dBFS  TPK: -15.2 -15.7 dBFS
[Parsed_ebur128_0 @ 0x148e05970] t: 264.499979 TARGET:-23 LUFS    M:   nan S:   nan     I: -32.7 LUFS       LRA:   8.2 LU  FTPK:  -inf  -inf dBFS  TPK: -15.2 -15.7 dBFS
[Parsed_ebur128_0 @ 0x148e05970] t: 264.599979 TARGET:-23 LUFS    M:   nan S:   nan     I: -32.7 LUFS       LRA:   8.2 LU  FTPK:  -inf  -inf dBFS  TPK: -15.2 -15.7 dBFS
[Parsed_ebur128_0 @ 0x148e05970] t: 264.699979 TARGET:-23 LUFS    M:   nan S:   nan     I: -32.7 LUFS       LRA:   8.2 LU  FTPK:  -inf  -inf dBFS  TPK: -15.2 -15.7 dBFS
[Parsed_ebur128_0 @ 0x148e05970] t: 264.799979 TARGET:-23 LUFS    M:   nan S:   nan     I: -32.7 LUFS       LRA:   8.2 LU  FTPK:  -inf  -inf dBFS  TPK: -15.2 -15.7 dBFS
[Parsed_ebur128_0 @ 0x148e05970] t: 264.899979 TARGET:-23 LUFS    M:   nan S:   nan     I: -32.7 LUFS       LRA:   8.2 LU  FTPK:  -inf  -inf dBFS  TPK: -15.2 -15.7 dBFS
[Parsed_ebur128_0 @ 0x148e05970] t: 264.999979 TARGET:-23 LUFS    M:   nan S:   nan     I: -32.7 LUFS       LRA:   8.2 LU  FTPK:  -inf  -inf dBFS  TPK: -15.2 -15.7 dBFS
[Parsed_ebur128_0 @ 0x148e05970] t: 265.099979 TARGET:-23 LUFS    M:   nan S:   nan     I: -32.7 LUFS       LRA:   8.2 LU  FTPK:  -inf  -inf dBFS  TPK: -15.2 -15.7 dBFS
[Parsed_ebur128_0 @ 0x148e05970] t: 265.199979 TARGET:-23 LUFS    M:   nan S:   nan     I: -32.7 LUFS       LRA:   8.2 LU  FTPK:  -inf  -inf dBFS  TPK: -15.2 -15.7 dBFS
[Parsed_ebur128_0 @ 0x148e05970] t: 265.299979 TARGET:-23 LUFS    M:   nan S:   nan     I: -32.7 LUFS       LRA:   8.2 LU  FTPK:  -inf  -inf dBFS  TPK: -15.2 -15.7 dBFS
[Parsed_ebur128_0 @ 0x148e05970] t: 265.399979 TARGET:-23 LUFS    M:   nan S:   nan     I: -32.7 LUFS       LRA:   8.2 LU  FTPK:  -inf  -inf dBFS  TPK: -15.2 -15.7 dBFS
[Parsed_ebur128_0 @ 0x148e05970] t: 265.499979 TARGET:-23 LUFS    M:   nan S:   nan     I: -32.7 LUFS       LRA:   8.2 LU  FTPK:  -inf  -inf dBFS  TPK: -15.2 -15.7 dBFS
[Parsed_ebur128_0 @ 0x148e05970] t: 265.599979 TARGET:-23 LUFS    M:   nan S:   nan     I: -32.7 LUFS       LRA:   8.2 LU  FTPK:  -inf  -inf dBFS  TPK: -15.2 -15.7 dBFS
[Parsed_ebur128_0 @ 0x148e05970] t: 265.699979 TARGET:-23 LUFS    M:   nan S:   nan     I: -32.7 LUFS       LRA:   8.2 LU  FTPK:  -inf  -inf dBFS  TPK: -15.2 -15.7 dBFS
[Parsed_ebur128_0 @ 0x148e05970] t: 265.799979 TARGET:-23 LUFS    M:   nan S:   nan     I: -32.7 LUFS       LRA:   8.2 LU  FTPK:  -inf  -inf dBFS  TPK: -15.2 -15.7 dBFS
[Parsed_ebur128_0 @ 0x148e05970] t: 265.899979 TARGET:-23 LUFS    M:   nan S:   nan     I: -32.7 LUFS       LRA:   8.2 LU  FTPK:  -inf  -inf dBFS  TPK: -15.2 -15.7 dBFS
[Parsed_ebur128_0 @ 0x148e05970] t: 265.999979 TARGET:-23 LUFS    M:   nan S:   nan     I: -32.7 LUFS       LRA:   8.2 LU  FTPK:  -inf  -inf dBFS  TPK: -15.2 -15.7 dBFS
[Parsed_ebur128_0 @ 0x148e05970] t: 266.099979 TARGET:-23 LUFS    M:   nan S:   nan     I: -32.7 LUFS       LRA:   8.2 LU  FTPK:  -inf  -inf dBFS  TPK: -15.2 -15.7 dBFS
[Parsed_ebur128_0 @ 0x148e05970] t: 266.199979 TARGET:-23 LUFS    M:   nan S:   nan     I: -32.7 LUFS       LRA:   8.2 LU  FTPK:  -inf  -inf dBFS  TPK: -15.2 -15.7 dBFS
[Parsed_ebur128_0 @ 0x148e05970] t: 266.299979 TARGET:-23 LUFS    M:   nan S:   nan     I: -32.7 LUFS       LRA:   8.2 LU  FTPK:  -inf  -inf dBFS  TPK: -15.2 -15.7 dBFS
[Parsed_ebur128_0 @ 0x148e05970] t: 266.399979 TARGET:-23 LUFS    M:   nan S:   nan     I: -32.7 LUFS       LRA:   8.2 LU  FTPK:  -inf  -inf dBFS  TPK: -15.2 -15.7 dBFS
[Parsed_ebur128_0 @ 0x148e05970] t: 266.499979 TARGET:-23 LUFS    M:   nan S:   nan     I: -32.7 LUFS       LRA:   8.2 LU  FTPK:  -inf  -inf dBFS  TPK: -15.2 -15.7 dBFS
[Parsed_ebur128_0 @ 0x148e05970] t: 266.599979 TARGET:-23 LUFS    M:   nan S:   nan     I: -32.7 LUFS       LRA:   8.2 LU  FTPK:  -inf  -inf dBFS  TPK: -15.2 -15.7 dBFS
[Parsed_ebur128_0 @ 0x148e05970] t: 266.699979 TARGET:-23 LUFS    M:   nan S:   nan     I: -32.7 LUFS       LRA:   8.2 LU  FTPK:  -inf  -inf dBFS  TPK: -15.2 -15.7 dBFS
[Parsed_ebur128_0 @ 0x148e05970] t: 266.799979 TARGET:-23 LUFS    M:   nan S:   nan     I: -32.7 LUFS       LRA:   8.2 LU  FTPK:  -inf  -inf dBFS  TPK: -15.2 -15.7 dBFS
[Parsed_ebur128_0 @ 0x148e05970] t: 266.899979 TARGET:-23 LUFS    M:   nan S:   nan     I: -32.7 LUFS       LRA:   8.2 LU  FTPK:  -inf  -inf dBFS  TPK: -15.2 -15.7 dBFS
[Parsed_ebur128_0 @ 0x148e05970] t: 266.999979 TARGET:-23 LUFS    M:   nan S:   nan     I: -32.7 LUFS       LRA:   8.2 LU  FTPK:  -inf  -inf dBFS  TPK: -15.2 -15.7 dBFS
[Parsed_ebur128_0 @ 0x148e05970] t: 267.099979 TARGET:-23 LUFS    M:   nan S:   nan     I: -32.7 LUFS       LRA:   8.2 LU  FTPK:  -inf  -inf dBFS  TPK: -15.2 -15.7 dBFS
[Parsed_ebur128_0 @ 0x148e05970] t: 267.199979 TARGET:-23 LUFS    M:   nan S:   nan     I: -32.7 LUFS       LRA:   8.2 LU  FTPK:  -inf  -inf dBFS  TPK: -15.2 -15.7 dBFS
[Parsed_ebur128_0 @ 0x148e05970] t: 267.299979 TARGET:-23 LUFS    M:   nan S:   nan     I: -32.7 LUFS       LRA:   8.2 LU  FTPK:  -inf  -inf dBFS  TPK: -15.2 -15.7 dBFS
[Parsed_ebur128_0 @ 0x148e05970] t: 267.399979 TARGET:-23 LUFS    M:   nan S:   nan     I: -32.7 LUFS       LRA:   8.2 LU  FTPK:  -inf  -inf dBFS  TPK: -15.2 -15.7 dBFS
[Parsed_ebur128_0 @ 0x148e05970] t: 267.499979 TARGET:-23 LUFS    M:   nan S:   nan     I: -32.7 LUFS       LRA:   8.2 LU  FTPK:  -inf  -inf dBFS  TPK: -15.2 -15.7 dBFS
[Parsed_ebur128_0 @ 0x148e05970] t: 267.599979 TARGET:-23 LUFS    M:   nan S:   nan     I: -32.7 LUFS       LRA:   8.2 LU  FTPK:  -inf  -inf dBFS  TPK: -15.2 -15.7 dBFS
[Parsed_ebur128_0 @ 0x148e05970] t: 267.699979 TARGET:-23 LUFS    M:   nan S:   nan     I: -32.7 LUFS       LRA:   8.2 LU  FTPK:  -inf  -inf dBFS  TPK: -15.2 -15.7 dBFS
[Parsed_ebur128_0 @ 0x148e05970] t: 267.799979 TARGET:-23 LUFS    M:   nan S:   nan     I: -32.7 LUFS       LRA:   8.2 LU  FTPK:  -inf  -inf dBFS  TPK: -15.2 -15.7 dBFS
[Parsed_ebur128_0 @ 0x148e05970] t: 267.899979 TARGET:-23 LUFS    M:   nan S:   nan     I: -32.7 LUFS       LRA:   8.2 LU  FTPK:  -inf  -inf dBFS  TPK: -15.2 -15.7 dBFS
[Parsed_ebur128_0 @ 0x148e05970] t: 267.999979 TARGET:-23 LUFS    M:   nan S:   nan     I: -32.7 LUFS       LRA:   8.2 LU  FTPK:  -inf  -inf dBFS  TPK: -15.2 -15.7 dBFS
[Parsed_ebur128_0 @ 0x148e05970] t: 268.099979 TARGET:-23 LUFS    M:   nan S:   nan     I: -32.7 LUFS       LRA:   8.2 LU  FTPK:  -inf  -inf dBFS  TPK: -15.2 -15.7 dBFS
[Parsed_ebur128_0 @ 0x148e05970] t: 268.199979 TARGET:-23 LUFS    M:   nan S:   nan     I: -32.7 LUFS       LRA:   8.2 LU  FTPK:  -inf  -inf dBFS  TPK: -15.2 -15.7 dBFS
[Parsed_ebur128_0 @ 0x148e05970] t: 268.299979 TARGET:-23 LUFS    M:   nan S:   nan     I: -32.7 LUFS       LRA:   8.2 LU  FTPK:  -inf  -inf dBFS  TPK: -15.2 -15.7 dBFS
[Parsed_ebur128_0 @ 0x148e05970] t: 268.399979 TARGET:-23 LUFS    M:   nan S:   nan     I: -32.7 LUFS       LRA:   8.2 LU  FTPK:  -inf  -inf dBFS  TPK: -15.2 -15.7 dBFS
[Parsed_ebur128_0 @ 0x148e05970] t: 268.499979 TARGET:-23 LUFS    M:   nan S:   nan     I: -32.7 LUFS       LRA:   8.2 LU  FTPK:  -inf  -inf dBFS  TPK: -15.2 -15.7 dBFS
[Parsed_ebur128_0 @ 0x148e05970] t: 268.599979 TARGET:-23 LUFS    M:   nan S:   nan     I: -32.7 LUFS       LRA:   8.2 LU  FTPK:  -inf  -inf dBFS  TPK: -15.2 -15.7 dBFS
[Parsed_ebur128_0 @ 0x148e05970] t: 268.699979 TARGET:-23 LUFS    M:   nan S:   nan     I: -32.7 LUFS       LRA:   8.2 LU  FTPK:  -inf  -inf dBFS  TPK: -15.2 -15.7 dBFS
[Parsed_ebur128_0 @ 0x148e05970] t: 268.799979 TARGET:-23 LUFS    M:   nan S:   nan     I: -32.7 LUFS       LRA:   8.2 LU  FTPK:  -inf  -inf dBFS  TPK: -15.2 -15.7 dBFS
[Parsed_ebur128_0 @ 0x148e05970] t: 268.899979 TARGET:-23 LUFS    M:   nan S:   nan     I: -32.7 LUFS       LRA:   8.2 LU  FTPK:  -inf  -inf dBFS  TPK: -15.2 -15.7 dBFS
[Parsed_ebur128_0 @ 0x148e05970] t: 268.999979 TARGET:-23 LUFS    M:   nan S:   nan     I: -32.7 LUFS       LRA:   8.2 LU  FTPK:  -inf  -inf dBFS  TPK: -15.2 -15.7 dBFS
[Parsed_ebur128_0 @ 0x148e05970] t: 269.099979 TARGET:-23 LUFS    M:   nan S:   nan     I: -32.7 LUFS       LRA:   8.2 LU  FTPK:  -inf  -inf dBFS  TPK: -15.2 -15.7 dBFS
[Parsed_ebur128_0 @ 0x148e05970] t: 269.199979 TARGET:-23 LUFS    M:   nan S:   nan     I: -32.7 LUFS       LRA:   8.2 LU  FTPK:  -inf  -inf dBFS  TPK: -15.2 -15.7 dBFS
[Parsed_ebur128_0 @ 0x148e05970] t: 269.299979 TARGET:-23 LUFS    M:   nan S:   nan     I: -32.7 LUFS       LRA:   8.2 LU  FTPK:  -inf  -inf dBFS  TPK: -15.2 -15.7 dBFS
[Parsed_ebur128_0 @ 0x148e05970] t: 269.399979 TARGET:-23 LUFS    M:   nan S:   nan     I: -32.7 LUFS       LRA:   8.2 LU  FTPK:  -inf  -inf dBFS  TPK: -15.2 -15.7 dBFS
[Parsed_ebur128_0 @ 0x148e05970] t: 269.499979 TARGET:-23 LUFS    M:   nan S:   nan     I: -32.7 LUFS       LRA:   8.2 LU  FTPK:  -inf  -inf dBFS  TPK: -15.2 -15.7 dBFS
[Parsed_ebur128_0 @ 0x148e05970] t: 269.599979 TARGET:-23 LUFS    M:   nan S:   nan     I: -32.7 LUFS       LRA:   8.2 LU  FTPK:  -inf  -inf dBFS  TPK: -15.2 -15.7 dBFS
[Parsed_ebur128_0 @ 0x148e05970] t: 269.699979 TARGET:-23 LUFS    M:   nan S:   nan     I: -32.7 LUFS       LRA:   8.2 LU  FTPK:  -inf  -inf dBFS  TPK: -15.2 -15.7 dBFS
[Parsed_ebur128_0 @ 0x148e05970] t: 269.799979 TARGET:-23 LUFS    M:   nan S:   nan     I: -32.7 LUFS       LRA:   8.2 LU  FTPK:  -inf  -inf dBFS  TPK: -15.2 -15.7 dBFS
[Parsed_ebur128_0 @ 0x148e05970] t: 269.899979 TARGET:-23 LUFS    M:   nan S:   nan     I: -32.7 LUFS       LRA:   8.2 LU  FTPK:  -inf  -inf dBFS  TPK: -15.2 -15.7 dBFS
[Parsed_ebur128_0 @ 0x148e05970] t: 269.999979 TARGET:-23 LUFS    M:   nan S:   nan     I: -32.7 LUFS       LRA:   8.2 LU  FTPK:  -inf  -inf dBFS  TPK: -15.2 -15.7 dBFS
[Parsed_ebur128_0 @ 0x148e05970] t: 270.099979 TARGET:-23 LUFS    M:   nan S:   nan     I: -32.7 LUFS       LRA:   8.2 LU  FTPK:  -inf  -inf dBFS  TPK: -15.2 -15.7 dBFS
[Parsed_ebur128_0 @ 0x148e05970] t: 270.199979 TARGET:-23 LUFS    M:   nan S:   nan     I: -32.7 LUFS       LRA:   8.2 LU  FTPK:  -inf  -inf dBFS  TPK: -15.2 -15.7 dBFS
[Parsed_ebur128_0 @ 0x148e05970] t: 270.299979 TARGET:-23 LUFS    M:   nan S:   nan     I: -32.7 LUFS       LRA:   8.2 LU  FTPK:  -inf  -inf dBFS  TPK: -15.2 -15.7 dBFS
[Parsed_ebur128_0 @ 0x148e05970] t: 270.399979 TARGET:-23 LUFS    M:   nan S:   nan     I: -32.7 LUFS       LRA:   8.2 LU  FTPK:  -inf  -inf dBFS  TPK: -15.2 -15.7 dBFS
[Parsed_ebur128_0 @ 0x148e05970] t: 270.499979 TARGET:-23 LUFS    M:   nan S:   nan     I: -32.7 LUFS       LRA:   8.2 LU  FTPK:  -inf  -inf dBFS  TPK: -15.2 -15.7 dBFS
[Parsed_ebur128_0 @ 0x148e05970] t: 270.599979 TARGET:-23 LUFS    M:   nan S:   nan     I: -32.7 LUFS       LRA:   8.2 LU  FTPK:  -inf  -inf dBFS  TPK: -15.2 -15.7 dBFS
[Parsed_ebur128_0 @ 0x148e05970] t: 270.699979 TARGET:-23 LUFS    M:   nan S:   nan     I: -32.7 LUFS       LRA:   8.2 LU  FTPK:  -inf  -inf dBFS  TPK: -15.2 -15.7 dBFS
[Parsed_ebur128_0 @ 0x148e05970] t: 270.799979 TARGET:-23 LUFS    M:   nan S:   nan     I: -32.7 LUFS       LRA:   8.2 LU  FTPK:  -inf  -inf dBFS  TPK: -15.2 -15.7 dBFS
[Parsed_ebur128_0 @ 0x148e05970] t: 270.899979 TARGET:-23 LUFS    M:   nan S:   nan     I: -32.7 LUFS       LRA:   8.2 LU  FTPK:  -inf  -inf dBFS  TPK: -15.2 -15.7 dBFS
[Parsed_ebur128_0 @ 0x148e05970] t: 270.999979 TARGET:-23 LUFS    M:   nan S:   nan     I: -32.7 LUFS       LRA:   8.2 LU  FTPK:  -inf  -inf dBFS  TPK: -15.2 -15.7 dBFS
[Parsed_ebur128_0 @ 0x148e05970] t: 271.099979 TARGET:-23 LUFS    M:   nan S:   nan     I: -32.7 LUFS       LRA:   8.2 LU  FTPK:  -inf  -inf dBFS  TPK: -15.2 -15.7 dBFS
[Parsed_ebur128_0 @ 0x148e05970] t: 271.199979 TARGET:-23 LUFS    M:   nan S:   nan     I: -32.7 LUFS       LRA:   8.2 LU  FTPK:  -inf  -inf dBFS  TPK: -15.2 -15.7 dBFS
[Parsed_ebur128_0 @ 0x148e05970] t: 271.299979 TARGET:-23 LUFS    M:   nan S:   nan     I: -32.7 LUFS       LRA:   8.2 LU  FTPK:  -inf  -inf dBFS  TPK: -15.2 -15.7 dBFS
[Parsed_ebur128_0 @ 0x148e05970] t: 271.399979 TARGET:-23 LUFS    M:   nan S:   nan     I: -32.7 LUFS       LRA:   8.2 LU  FTPK:  -inf  -inf dBFS  TPK: -15.2 -15.7 dBFS
[Parsed_ebur128_0 @ 0x148e05970] t: 271.499979 TARGET:-23 LUFS    M:   nan S:   nan     I: -32.7 LUFS       LRA:   8.2 LU  FTPK:  -inf  -inf dBFS  TPK: -15.2 -15.7 dBFS
[Parsed_ebur128_0 @ 0x148e05970] t: 271.599979 TARGET:-23 LUFS    M:   nan S:   nan     I: -32.7 LUFS       LRA:   8.2 LU  FTPK:  -inf  -inf dBFS  TPK: -15.2 -15.7 dBFS
[Parsed_ebur128_0 @ 0x148e05970] t: 271.699979 TARGET:-23 LUFS    M:   nan S:   nan     I: -32.7 LUFS       LRA:   8.2 LU  FTPK:  -inf  -inf dBFS  TPK: -15.2 -15.7 dBFS
[Parsed_ebur128_0 @ 0x148e05970] t: 271.799979 TARGET:-23 LUFS    M:   nan S:   nan     I: -32.7 LUFS       LRA:   8.2 LU  FTPK:  -inf  -inf dBFS  TPK: -15.2 -15.7 dBFS
[Parsed_ebur128_0 @ 0x148e05970] t: 271.899979 TARGET:-23 LUFS    M:   nan S:   nan     I: -32.7 LUFS       LRA:   8.2 LU  FTPK:  -inf  -inf dBFS  TPK: -15.2 -15.7 dBFS
[Parsed_ebur128_0 @ 0x148e05970] t: 271.999979 TARGET:-23 LUFS    M:   nan S:   nan     I: -32.7 LUFS       LRA:   8.2 LU  FTPK:  -inf  -inf dBFS  TPK: -15.2 -15.7 dBFS
[Parsed_ebur128_0 @ 0x148e05970] t: 272.099979 TARGET:-23 LUFS    M:   nan S:   nan     I: -32.7 LUFS       LRA:   8.2 LU  FTPK:  -inf  -inf dBFS  TPK: -15.2 -15.7 dBFS
[Parsed_ebur128_0 @ 0x148e05970] t: 272.199979 TARGET:-23 LUFS    M:   nan S:   nan     I: -32.7 LUFS       LRA:   8.2 LU  FTPK:  -inf  -inf dBFS  TPK: -15.2 -15.7 dBFS
[Parsed_ebur128_0 @ 0x148e05970] t: 272.299979 TARGET:-23 LUFS    M:   nan S:   nan     I: -32.7 LUFS       LRA:   8.2 LU  FTPK:  -inf  -inf dBFS  TPK: -15.2 -15.7 dBFS
[Parsed_ebur128_0 @ 0x148e05970] t: 272.399979 TARGET:-23 LUFS    M:   nan S:   nan     I: -32.7 LUFS       LRA:   8.2 LU  FTPK:  -inf  -inf dBFS  TPK: -15.2 -15.7 dBFS
[Parsed_ebur128_0 @ 0x148e05970] t: 272.499979 TARGET:-23 LUFS    M:   nan S:   nan     I: -32.7 LUFS       LRA:   8.2 LU  FTPK:  -inf  -inf dBFS  TPK: -15.2 -15.7 dBFS
[Parsed_ebur128_0 @ 0x148e05970] t: 272.599979 TARGET:-23 LUFS    M:   nan S:   nan     I: -32.7 LUFS       LRA:   8.2 LU  FTPK:  -inf  -inf dBFS  TPK: -15.2 -15.7 dBFS
[Parsed_ebur128_0 @ 0x148e05970] t: 272.699979 TARGET:-23 LUFS    M:   nan S:   nan     I: -32.7 LUFS       LRA:   8.2 LU  FTPK:  -inf  -inf dBFS  TPK: -15.2 -15.7 dBFS
[Parsed_ebur128_0 @ 0x148e05970] t: 272.799979 TARGET:-23 LUFS    M:   nan S:   nan     I: -32.7 LUFS       LRA:   8.2 LU  FTPK:  -inf  -inf dBFS  TPK: -15.2 -15.7 dBFS
[Parsed_ebur128_0 @ 0x148e05970] t: 272.899979 TARGET:-23 LUFS    M:   nan S:   nan     I: -32.7 LUFS       LRA:   8.2 LU  FTPK:  -inf  -inf dBFS  TPK: -15.2 -15.7 dBFS
[Parsed_ebur128_0 @ 0x148e05970] t: 272.999979 TARGET:-23 LUFS    M:-114.0 S:-122.8     I: -32.7 LUFS       LRA:   8.2 LU  FTPK: -89.1 -89.7 dBFS  TPK: -15.2 -15.7 dBFS
[Parsed_ebur128_0 @ 0x148e05970] t: 273.099979 TARGET:-23 LUFS    M: -34.0 S: -42.7     I: -32.7 LUFS       LRA:   8.2 LU  FTPK: -15.2 -16.3 dBFS  TPK: -15.2 -15.7 dBFS
[Parsed_ebur128_0 @ 0x148e05970] t: 273.199979 TARGET:-23 LUFS    M: -34.0 S: -42.7     I: -32.7 LUFS       LRA:   8.2 LU  FTPK: -93.3 -91.5 dBFS  TPK: -15.2 -15.7 dBFS
[Parsed_ebur128_0 @ 0x148e05970] t: 273.299979 TARGET:-23 LUFS    M: -34.0 S: -42.7     I: -32.7 LUFS       LRA:   8.2 LU  FTPK:  -inf  -inf dBFS  TPK: -15.2 -15.7 dBFS
[Parsed_ebur128_0 @ 0x148e05970] t: 273.399979 TARGET:-23 LUFS    M: -34.0 S: -42.7     I: -32.7 LUFS       LRA:   8.2 LU  FTPK:  -inf  -inf dBFS  TPK: -15.2 -15.7 dBFS
[Parsed_ebur128_0 @ 0x148e05970] t: 273.499979 TARGET:-23 LUFS    M:-116.3 S: -42.7     I: -32.7 LUFS       LRA:   7.7 LU  FTPK:  -inf  -inf dBFS  TPK: -15.2 -15.7 dBFS
[Parsed_ebur128_0 @ 0x148e05970] t: 273.599979 TARGET:-23 LUFS    M:   nan S: -42.7     I: -32.7 LUFS       LRA:   7.7 LU  FTPK:  -inf  -inf dBFS  TPK: -15.2 -15.7 dBFS
[Parsed_ebur128_0 @ 0x148e05970] t: 273.699979 TARGET:-23 LUFS    M:   nan S: -42.7     I: -32.7 LUFS       LRA:   7.7 LU  FTPK:  -inf  -inf dBFS  TPK: -15.2 -15.7 dBFS
[Parsed_ebur128_0 @ 0x148e05970] t: 273.799979 TARGET:-23 LUFS    M:   nan S: -42.7     I: -32.7 LUFS       LRA:   7.7 LU  FTPK:  -inf  -inf dBFS  TPK: -15.2 -15.7 dBFS
[Parsed_ebur128_0 @ 0x148e05970] t: 273.899979 TARGET:-23 LUFS    M:   nan S: -42.7     I: -32.7 LUFS       LRA:   7.7 LU  FTPK:  -inf  -inf dBFS  TPK: -15.2 -15.7 dBFS
[Parsed_ebur128_0 @ 0x148e05970] t: 273.999979 TARGET:-23 LUFS    M:   nan S: -42.7     I: -32.7 LUFS       LRA:   7.7 LU  FTPK:  -inf  -inf dBFS  TPK: -15.2 -15.7 dBFS
[Parsed_ebur128_0 @ 0x148e05970] t: 274.099979 TARGET:-23 LUFS    M:   nan S: -42.7     I: -32.7 LUFS       LRA:   7.7 LU  FTPK:  -inf  -inf dBFS  TPK: -15.2 -15.7 dBFS
[Parsed_ebur128_0 @ 0x148e05970] t: 274.199979 TARGET:-23 LUFS    M:   nan S: -42.7     I: -32.7 LUFS       LRA:   7.7 LU  FTPK:  -inf  -inf dBFS  TPK: -15.2 -15.7 dBFS
[Parsed_ebur128_0 @ 0x148e05970] t: 274.299979 TARGET:-23 LUFS    M:   nan S: -42.7     I: -32.7 LUFS       LRA:   7.7 LU  FTPK:  -inf  -inf dBFS  TPK: -15.2 -15.7 dBFS
[Parsed_ebur128_0 @ 0x148e05970] t: 274.399979 TARGET:-23 LUFS    M:   nan S: -42.7     I: -32.7 LUFS       LRA:   7.7 LU  FTPK:  -inf  -inf dBFS  TPK: -15.2 -15.7 dBFS
[Parsed_ebur128_0 @ 0x148e05970] t: 274.499979 TARGET:-23 LUFS    M:   nan S: -42.7     I: -32.7 LUFS       LRA:   7.7 LU  FTPK:  -inf  -inf dBFS  TPK: -15.2 -15.7 dBFS
[Parsed_ebur128_0 @ 0x148e05970] t: 274.599979 TARGET:-23 LUFS    M:   nan S: -42.7     I: -32.7 LUFS       LRA:   7.7 LU  FTPK:  -inf  -inf dBFS  TPK: -15.2 -15.7 dBFS
[Parsed_ebur128_0 @ 0x148e05970] t: 274.699979 TARGET:-23 LUFS    M:   nan S: -42.7     I: -32.7 LUFS       LRA:   7.7 LU  FTPK:  -inf  -inf dBFS  TPK: -15.2 -15.7 dBFS
[Parsed_ebur128_0 @ 0x148e05970] t: 274.799979 TARGET:-23 LUFS    M:   nan S: -42.7     I: -32.7 LUFS       LRA:   7.7 LU  FTPK:  -inf  -inf dBFS  TPK: -15.2 -15.7 dBFS
[Parsed_ebur128_0 @ 0x148e05970] t: 274.899979 TARGET:-23 LUFS    M:   nan S: -42.7     I: -32.7 LUFS       LRA:   7.7 LU  FTPK:  -inf  -inf dBFS  TPK: -15.2 -15.7 dBFS
[Parsed_ebur128_0 @ 0x148e05970] t: 274.999979 TARGET:-23 LUFS    M:   nan S: -42.7     I: -32.7 LUFS       LRA:   7.7 LU  FTPK:  -inf  -inf dBFS  TPK: -15.2 -15.7 dBFS
[Parsed_ebur128_0 @ 0x148e05970] t: 275.099979 TARGET:-23 LUFS    M:   nan S: -42.7     I: -32.7 LUFS       LRA:   7.7 LU  FTPK:  -inf  -inf dBFS  TPK: -15.2 -15.7 dBFS
[Parsed_ebur128_0 @ 0x148e05970] t: 275.199979 TARGET:-23 LUFS    M:   nan S: -42.7     I: -32.7 LUFS       LRA:   7.7 LU  FTPK:  -inf  -inf dBFS  TPK: -15.2 -15.7 dBFS
[Parsed_ebur128_0 @ 0x148e05970] t: 275.299979 TARGET:-23 LUFS    M:   nan S: -42.7     I: -32.7 LUFS       LRA:   7.7 LU  FTPK:  -inf  -inf dBFS  TPK: -15.2 -15.7 dBFS
[Parsed_ebur128_0 @ 0x148e05970] t: 275.399979 TARGET:-23 LUFS    M:   nan S: -42.7     I: -32.7 LUFS       LRA:   7.7 LU  FTPK:  -inf  -inf dBFS  TPK: -15.2 -15.7 dBFS
[Parsed_ebur128_0 @ 0x148e05970] t: 275.499979 TARGET:-23 LUFS    M:   nan S: -42.7     I: -32.7 LUFS       LRA:   7.7 LU  FTPK:  -inf  -inf dBFS  TPK: -15.2 -15.7 dBFS
[Parsed_ebur128_0 @ 0x148e05970] t: 275.599979 TARGET:-23 LUFS    M:   nan S: -42.7     I: -32.7 LUFS       LRA:   7.7 LU  FTPK:  -inf  -inf dBFS  TPK: -15.2 -15.7 dBFS
[Parsed_ebur128_0 @ 0x148e05970] t: 275.699979 TARGET:-23 LUFS    M:   nan S: -42.7     I: -32.7 LUFS       LRA:   7.7 LU  FTPK:  -inf  -inf dBFS  TPK: -15.2 -15.7 dBFS
[Parsed_ebur128_0 @ 0x148e05970] t: 275.799979 TARGET:-23 LUFS    M:   nan S: -42.7     I: -32.7 LUFS       LRA:   7.7 LU  FTPK:  -inf  -inf dBFS  TPK: -15.2 -15.7 dBFS
[Parsed_ebur128_0 @ 0x148e05970] t: 275.899979 TARGET:-23 LUFS    M:   nan S: -42.7     I: -32.7 LUFS       LRA:   7.7 LU  FTPK:  -inf  -inf dBFS  TPK: -15.2 -15.7 dBFS
[Parsed_ebur128_0 @ 0x148e05970] t: 275.999979 TARGET:-23 LUFS    M:   nan S: -42.7     I: -32.7 LUFS       LRA:   7.7 LU  FTPK:  -inf  -inf dBFS  TPK: -15.2 -15.7 dBFS
[Parsed_ebur128_0 @ 0x148e05970] t: 276.099979 TARGET:-23 LUFS    M:   nan S:-125.0     I: -32.7 LUFS       LRA:   7.7 LU  FTPK:  -inf  -inf dBFS  TPK: -15.2 -15.7 dBFS
[Parsed_ebur128_0 @ 0x148e05970] t: 276.199979 TARGET:-23 LUFS    M:   nan S:   nan     I: -32.7 LUFS       LRA:   7.7 LU  FTPK:  -inf  -inf dBFS  TPK: -15.2 -15.7 dBFS
[Parsed_ebur128_0 @ 0x148e05970] t: 276.299979 TARGET:-23 LUFS    M:   nan S:   nan     I: -32.7 LUFS       LRA:   7.7 LU  FTPK:  -inf  -inf dBFS  TPK: -15.2 -15.7 dBFS
[Parsed_ebur128_0 @ 0x148e05970] t: 276.399979 TARGET:-23 LUFS    M:   nan S:   nan     I: -32.7 LUFS       LRA:   7.7 LU  FTPK:  -inf  -inf dBFS  TPK: -15.2 -15.7 dBFS
[Parsed_ebur128_0 @ 0x148e05970] t: 276.499979 TARGET:-23 LUFS    M:   nan S:   nan     I: -32.7 LUFS       LRA:   7.7 LU  FTPK:  -inf  -inf dBFS  TPK: -15.2 -15.7 dBFS
[Parsed_ebur128_0 @ 0x148e05970] t: 276.599979 TARGET:-23 LUFS    M:   nan S:   nan     I: -32.7 LUFS       LRA:   7.7 LU  FTPK:  -inf  -inf dBFS  TPK: -15.2 -15.7 dBFS
[Parsed_ebur128_0 @ 0x148e05970] t: 276.699979 TARGET:-23 LUFS    M:   nan S:   nan     I: -32.7 LUFS       LRA:   7.7 LU  FTPK:  -inf  -inf dBFS  TPK: -15.2 -15.7 dBFS
[Parsed_ebur128_0 @ 0x148e05970] t: 276.799979 TARGET:-23 LUFS    M:   nan S:   nan     I: -32.7 LUFS       LRA:   7.7 LU  FTPK:  -inf  -inf dBFS  TPK: -15.2 -15.7 dBFS
[Parsed_ebur128_0 @ 0x148e05970] t: 276.899979 TARGET:-23 LUFS    M:   nan S:   nan     I: -32.7 LUFS       LRA:   7.7 LU  FTPK:  -inf  -inf dBFS  TPK: -15.2 -15.7 dBFS
[Parsed_ebur128_0 @ 0x148e05970] t: 276.999979 TARGET:-23 LUFS    M:   nan S:   nan     I: -32.7 LUFS       LRA:   7.7 LU  FTPK:  -inf  -inf dBFS  TPK: -15.2 -15.7 dBFS
[Parsed_ebur128_0 @ 0x148e05970] t: 277.099979 TARGET:-23 LUFS    M:   nan S:   nan     I: -32.7 LUFS       LRA:   7.7 LU  FTPK:  -inf  -inf dBFS  TPK: -15.2 -15.7 dBFS
[Parsed_ebur128_0 @ 0x148e05970] t: 277.199979 TARGET:-23 LUFS    M:   nan S:   nan     I: -32.7 LUFS       LRA:   7.7 LU  FTPK:  -inf  -inf dBFS  TPK: -15.2 -15.7 dBFS
size=N/A time=00:04:37.20 bitrate=N/A speed= 274x elapsed=0:00:01.01    
[Parsed_ebur128_0 @ 0x148e05970] t: 277.299979 TARGET:-23 LUFS    M:   nan S:   nan     I: -32.7 LUFS       LRA:   7.7 LU  FTPK:  -inf  -inf dBFS  TPK: -15.2 -15.7 dBFS
[Parsed_ebur128_0 @ 0x148e05970] t: 277.399979 TARGET:-23 LUFS    M:   nan S:   nan     I: -32.7 LUFS       LRA:   7.7 LU  FTPK:  -inf  -inf dBFS  TPK: -15.2 -15.7 dBFS
[Parsed_ebur128_0 @ 0x148e05970] t: 277.499979 TARGET:-23 LUFS    M:   nan S:   nan     I: -32.7 LUFS       LRA:   7.7 LU  FTPK:  -inf  -inf dBFS  TPK: -15.2 -15.7 dBFS
[Parsed_ebur128_0 @ 0x148e05970] t: 277.599979 TARGET:-23 LUFS    M:   nan S:   nan     I: -32.7 LUFS       LRA:   7.7 LU  FTPK:  -inf  -inf dBFS  TPK: -15.2 -15.7 dBFS
[Parsed_ebur128_0 @ 0x148e05970] t: 277.699979 TARGET:-23 LUFS    M:   nan S:   nan     I: -32.7 LUFS       LRA:   7.7 LU  FTPK:  -inf  -inf dBFS  TPK: -15.2 -15.7 dBFS
[Parsed_ebur128_0 @ 0x148e05970] t: 277.799979 TARGET:-23 LUFS    M:   nan S:   nan     I: -32.7 LUFS       LRA:   7.7 LU  FTPK:  -inf  -inf dBFS  TPK: -15.2 -15.7 dBFS
[Parsed_ebur128_0 @ 0x148e05970] t: 277.899979 TARGET:-23 LUFS    M:   nan S:   nan     I: -32.7 LUFS       LRA:   7.7 LU  FTPK:  -inf  -inf dBFS  TPK: -15.2 -15.7 dBFS
[Parsed_ebur128_0 @ 0x148e05970] t: 277.999979 TARGET:-23 LUFS    M:   nan S:   nan     I: -32.7 LUFS       LRA:   7.7 LU  FTPK:  -inf  -inf dBFS  TPK: -15.2 -15.7 dBFS
[Parsed_ebur128_0 @ 0x148e05970] t: 278.099979 TARGET:-23 LUFS    M:   nan S:   nan     I: -32.7 LUFS       LRA:   7.7 LU  FTPK:  -inf  -inf dBFS  TPK: -15.2 -15.7 dBFS
[Parsed_ebur128_0 @ 0x148e05970] t: 278.199979 TARGET:-23 LUFS    M:   nan S:   nan     I: -32.7 LUFS       LRA:   7.7 LU  FTPK:  -inf  -inf dBFS  TPK: -15.2 -15.7 dBFS
[Parsed_ebur128_0 @ 0x148e05970] t: 278.299979 TARGET:-23 LUFS    M:   nan S:   nan     I: -32.7 LUFS       LRA:   7.7 LU  FTPK:  -inf  -inf dBFS  TPK: -15.2 -15.7 dBFS
[Parsed_ebur128_0 @ 0x148e05970] t: 278.399979 TARGET:-23 LUFS    M:   nan S:   nan     I: -32.7 LUFS       LRA:   7.7 LU  FTPK:  -inf  -inf dBFS  TPK: -15.2 -15.7 dBFS
[Parsed_ebur128_0 @ 0x148e05970] t: 278.499979 TARGET:-23 LUFS    M:   nan S:   nan     I: -32.7 LUFS       LRA:   7.7 LU  FTPK:  -inf  -inf dBFS  TPK: -15.2 -15.7 dBFS
[Parsed_ebur128_0 @ 0x148e05970] t: 278.599979 TARGET:-23 LUFS    M:   nan S:   nan     I: -32.7 LUFS       LRA:   7.7 LU  FTPK:  -inf  -inf dBFS  TPK: -15.2 -15.7 dBFS
[Parsed_ebur128_0 @ 0x148e05970] t: 278.699979 TARGET:-23 LUFS    M:   nan S:   nan     I: -32.7 LUFS       LRA:   7.7 LU  FTPK:  -inf  -inf dBFS  TPK: -15.2 -15.7 dBFS
[Parsed_ebur128_0 @ 0x148e05970] t: 278.799979 TARGET:-23 LUFS    M:   nan S:   nan     I: -32.7 LUFS       LRA:   7.7 LU  FTPK:  -inf  -inf dBFS  TPK: -15.2 -15.7 dBFS
[Parsed_ebur128_0 @ 0x148e05970] t: 278.899979 TARGET:-23 LUFS    M:   nan S:   nan     I: -32.7 LUFS       LRA:   7.7 LU  FTPK:  -inf  -inf dBFS  TPK: -15.2 -15.7 dBFS
[Parsed_ebur128_0 @ 0x148e05970] t: 278.999979 TARGET:-23 LUFS    M:   nan S:   nan     I: -32.7 LUFS       LRA:   7.7 LU  FTPK:  -inf  -inf dBFS  TPK: -15.2 -15.7 dBFS
[Parsed_ebur128_0 @ 0x148e05970] t: 279.099979 TARGET:-23 LUFS    M:   nan S:   nan     I: -32.7 LUFS       LRA:   7.7 LU  FTPK:  -inf  -inf dBFS  TPK: -15.2 -15.7 dBFS
[Parsed_ebur128_0 @ 0x148e05970] t: 279.199979 TARGET:-23 LUFS    M:   nan S:   nan     I: -32.7 LUFS       LRA:   7.7 LU  FTPK:  -inf  -inf dBFS  TPK: -15.2 -15.7 dBFS
[Parsed_ebur128_0 @ 0x148e05970] t: 279.299979 TARGET:-23 LUFS    M:   nan S:   nan     I: -32.7 LUFS       LRA:   7.7 LU  FTPK:  -inf  -inf dBFS  TPK: -15.2 -15.7 dBFS
[Parsed_ebur128_0 @ 0x148e05970] t: 279.399979 TARGET:-23 LUFS    M:   nan S:   nan     I: -32.7 LUFS       LRA:   7.7 LU  FTPK:  -inf  -inf dBFS  TPK: -15.2 -15.7 dBFS
[Parsed_ebur128_0 @ 0x148e05970] t: 279.499979 TARGET:-23 LUFS    M:   nan S:   nan     I: -32.7 LUFS       LRA:   7.7 LU  FTPK:  -inf  -inf dBFS  TPK: -15.2 -15.7 dBFS
[Parsed_ebur128_0 @ 0x148e05970] t: 279.599979 TARGET:-23 LUFS    M:   nan S:   nan     I: -32.7 LUFS       LRA:   7.7 LU  FTPK:  -inf  -inf dBFS  TPK: -15.2 -15.7 dBFS
[Parsed_ebur128_0 @ 0x148e05970] t: 279.699979 TARGET:-23 LUFS    M:   nan S:   nan     I: -32.7 LUFS       LRA:   7.7 LU  FTPK:  -inf  -inf dBFS  TPK: -15.2 -15.7 dBFS
[Parsed_ebur128_0 @ 0x148e05970] t: 279.799979 TARGET:-23 LUFS    M:   nan S:   nan     I: -32.7 LUFS       LRA:   7.7 LU  FTPK:  -inf  -inf dBFS  TPK: -15.2 -15.7 dBFS
[Parsed_ebur128_0 @ 0x148e05970] t: 279.899979 TARGET:-23 LUFS    M:   nan S:   nan     I: -32.7 LUFS       LRA:   7.7 LU  FTPK:  -inf  -inf dBFS  TPK: -15.2 -15.7 dBFS
[Parsed_ebur128_0 @ 0x148e05970] t: 279.999979 TARGET:-23 LUFS    M:   nan S:   nan     I: -32.7 LUFS       LRA:   7.7 LU  FTPK:  -inf  -inf dBFS  TPK: -15.2 -15.7 dBFS
[Parsed_ebur128_0 @ 0x148e05970] t: 280.099979 TARGET:-23 LUFS    M:   nan S:   nan     I: -32.7 LUFS       LRA:   7.7 LU  FTPK:  -inf  -inf dBFS  TPK: -15.2 -15.7 dBFS
[Parsed_ebur128_0 @ 0x148e05970] t: 280.199979 TARGET:-23 LUFS    M: -36.1 S: -44.9     I: -32.7 LUFS       LRA:   7.7 LU  FTPK: -15.2 -16.3 dBFS  TPK: -15.2 -15.7 dBFS
[Parsed_ebur128_0 @ 0x148e05970] t: 280.299979 TARGET:-23 LUFS    M: -36.1 S: -44.8     I: -32.7 LUFS       LRA:   7.7 LU  FTPK: -37.2 -38.2 dBFS  TPK: -15.2 -15.7 dBFS
[Parsed_ebur128_0 @ 0x148e05970] t: 280.399979 TARGET:-23 LUFS    M: -36.1 S: -44.8     I: -32.7 LUFS       LRA:   8.2 LU  FTPK:  -inf  -inf dBFS  TPK: -15.2 -15.7 dBFS
[Parsed_ebur128_0 @ 0x148e05970] t: 280.499979 TARGET:-23 LUFS    M: -36.1 S: -44.8     I: -32.7 LUFS       LRA:   8.3 LU  FTPK:  -inf  -inf dBFS  TPK: -15.2 -15.7 dBFS
[Parsed_ebur128_0 @ 0x148e05970] t: 280.599979 TARGET:-23 LUFS    M: -54.4 S: -44.8     I: -32.7 LUFS       LRA:   8.3 LU  FTPK:  -inf  -inf dBFS  TPK: -15.2 -15.7 dBFS
[Parsed_ebur128_0 @ 0x148e05970] t: 280.699979 TARGET:-23 LUFS    M:   nan S: -44.8     I: -32.7 LUFS       LRA:   8.4 LU  FTPK:  -inf  -inf dBFS  TPK: -15.2 -15.7 dBFS
[Parsed_ebur128_0 @ 0x148e05970] t: 280.799979 TARGET:-23 LUFS    M: -35.2 S: -41.3     I: -32.7 LUFS       LRA:   8.4 LU  FTPK: -17.3 -18.3 dBFS  TPK: -15.2 -15.7 dBFS
[Parsed_ebur128_0 @ 0x148e05970] t: 280.899979 TARGET:-23 LUFS    M: -31.1 S: -38.6     I: -32.7 LUFS       LRA:   8.4 LU  FTPK: -18.1 -19.0 dBFS  TPK: -15.2 -15.7 dBFS
[Parsed_ebur128_0 @ 0x148e05970] t: 280.999979 TARGET:-23 LUFS    M: -28.7 S: -36.7     I: -32.7 LUFS       LRA:   8.4 LU  FTPK: -19.3 -20.3 dBFS  TPK: -15.2 -15.7 dBFS
[Parsed_ebur128_0 @ 0x148e05970] t: 281.099979 TARGET:-23 LUFS    M: -28.5 S: -36.6     I: -32.7 LUFS       LRA:   8.4 LU  FTPK: -21.8 -22.8 dBFS  TPK: -15.2 -15.7 dBFS
[Parsed_ebur128_0 @ 0x148e05970] t: 281.199979 TARGET:-23 LUFS    M: -29.6 S: -36.6     I: -32.7 LUFS       LRA:   8.4 LU  FTPK:  -inf  -inf dBFS  TPK: -15.2 -15.7 dBFS
[Parsed_ebur128_0 @ 0x148e05970] t: 281.299979 TARGET:-23 LUFS    M: -32.0 S: -36.6     I: -32.7 LUFS       LRA:   8.4 LU  FTPK:  -inf  -inf dBFS  TPK: -15.2 -15.7 dBFS
[Parsed_ebur128_0 @ 0x148e05970] t: 281.399979 TARGET:-23 LUFS    M: -41.9 S: -36.6     I: -32.7 LUFS       LRA:   8.4 LU  FTPK:  -inf  -inf dBFS  TPK: -15.2 -15.7 dBFS
[Parsed_ebur128_0 @ 0x148e05970] t: 281.499979 TARGET:-23 LUFS    M:   nan S: -36.6     I: -32.7 LUFS       LRA:   8.4 LU  FTPK:  -inf  -inf dBFS  TPK: -15.2 -15.7 dBFS
[Parsed_ebur128_0 @ 0x148e05970] t: 281.599979 TARGET:-23 LUFS    M:   nan S: -36.6     I: -32.7 LUFS       LRA:   8.3 LU  FTPK:  -inf  -inf dBFS  TPK: -15.2 -15.7 dBFS
[Parsed_ebur128_0 @ 0x148e05970] t: 281.699979 TARGET:-23 LUFS    M:   nan S: -36.6     I: -32.7 LUFS       LRA:   8.3 LU  FTPK:  -inf  -inf dBFS  TPK: -15.2 -15.7 dBFS
[Parsed_ebur128_0 @ 0x148e05970] t: 281.799979 TARGET:-23 LUFS    M:   nan S: -36.6     I: -32.7 LUFS       LRA:   8.3 LU  FTPK:  -inf  -inf dBFS  TPK: -15.2 -15.7 dBFS
[Parsed_ebur128_0 @ 0x148e05970] t: 281.899979 TARGET:-23 LUFS    M:   nan S: -36.6     I: -32.7 LUFS       LRA:   8.3 LU  FTPK:  -inf  -inf dBFS  TPK: -15.2 -15.7 dBFS
[Parsed_ebur128_0 @ 0x148e05970] t: 281.999979 TARGET:-23 LUFS    M:   nan S: -36.6     I: -32.7 LUFS       LRA:   8.3 LU  FTPK:  -inf  -inf dBFS  TPK: -15.2 -15.7 dBFS
[Parsed_ebur128_0 @ 0x148e05970] t: 282.099979 TARGET:-23 LUFS    M:   nan S: -36.6     I: -32.7 LUFS       LRA:   8.3 LU  FTPK:  -inf  -inf dBFS  TPK: -15.2 -15.7 dBFS
[Parsed_ebur128_0 @ 0x148e05970] t: 282.199979 TARGET:-23 LUFS    M:   nan S: -36.6     I: -32.7 LUFS       LRA:   8.3 LU  FTPK:  -inf  -inf dBFS  TPK: -15.2 -15.7 dBFS
[Parsed_ebur128_0 @ 0x148e05970] t: 282.299979 TARGET:-23 LUFS    M:   nan S: -36.6     I: -32.7 LUFS       LRA:   8.3 LU  FTPK:  -inf  -inf dBFS  TPK: -15.2 -15.7 dBFS
[Parsed_ebur128_0 @ 0x148e05970] t: 282.399979 TARGET:-23 LUFS    M:   nan S: -36.6     I: -32.7 LUFS       LRA:   8.3 LU  FTPK:  -inf  -inf dBFS  TPK: -15.2 -15.7 dBFS
[Parsed_ebur128_0 @ 0x148e05970] t: 282.499979 TARGET:-23 LUFS    M:   nan S: -36.6     I: -32.7 LUFS       LRA:   8.3 LU  FTPK:  -inf  -inf dBFS  TPK: -15.2 -15.7 dBFS
[Parsed_ebur128_0 @ 0x148e05970] t: 282.599979 TARGET:-23 LUFS    M:   nan S: -36.6     I: -32.7 LUFS       LRA:   8.2 LU  FTPK:  -inf  -inf dBFS  TPK: -15.2 -15.7 dBFS
[Parsed_ebur128_0 @ 0x148e05970] t: 282.699979 TARGET:-23 LUFS    M:   nan S: -36.6     I: -32.7 LUFS       LRA:   8.2 LU  FTPK:  -inf  -inf dBFS  TPK: -15.2 -15.7 dBFS
[Parsed_ebur128_0 @ 0x148e05970] t: 282.799979 TARGET:-23 LUFS    M:   nan S: -36.6     I: -32.7 LUFS       LRA:   8.2 LU  FTPK:  -inf  -inf dBFS  TPK: -15.2 -15.7 dBFS
[Parsed_ebur128_0 @ 0x148e05970] t: 282.899979 TARGET:-23 LUFS    M:   nan S: -36.6     I: -32.7 LUFS       LRA:   8.2 LU  FTPK:  -inf  -inf dBFS  TPK: -15.2 -15.7 dBFS
[Parsed_ebur128_0 @ 0x148e05970] t: 282.999979 TARGET:-23 LUFS    M:   nan S: -36.6     I: -32.7 LUFS       LRA:   8.2 LU  FTPK:  -inf  -inf dBFS  TPK: -15.2 -15.7 dBFS
[Parsed_ebur128_0 @ 0x148e05970] t: 283.099979 TARGET:-23 LUFS    M:   nan S: -36.6     I: -32.7 LUFS       LRA:   8.2 LU  FTPK:  -inf  -inf dBFS  TPK: -15.2 -15.7 dBFS
[Parsed_ebur128_0 @ 0x148e05970] t: 283.199979 TARGET:-23 LUFS    M:   nan S: -37.2     I: -32.7 LUFS       LRA:   8.2 LU  FTPK:  -inf  -inf dBFS  TPK: -15.2 -15.7 dBFS
[Parsed_ebur128_0 @ 0x148e05970] t: 283.299979 TARGET:-23 LUFS    M:   nan S: -37.3     I: -32.7 LUFS       LRA:   8.2 LU  FTPK:  -inf  -inf dBFS  TPK: -15.2 -15.7 dBFS
[Parsed_ebur128_0 @ 0x148e05970] t: 283.399979 TARGET:-23 LUFS    M:   nan S: -37.3     I: -32.7 LUFS       LRA:   8.2 LU  FTPK:  -inf  -inf dBFS  TPK: -15.2 -15.7 dBFS
[Parsed_ebur128_0 @ 0x148e05970] t: 283.499979 TARGET:-23 LUFS    M:   nan S: -37.3     I: -32.7 LUFS       LRA:   8.2 LU  FTPK:  -inf  -inf dBFS  TPK: -15.2 -15.7 dBFS
[Parsed_ebur128_0 @ 0x148e05970] t: 283.599979 TARGET:-23 LUFS    M:   nan S: -37.3     I: -32.7 LUFS       LRA:   7.7 LU  FTPK:  -inf  -inf dBFS  TPK: -15.2 -15.7 dBFS
[Parsed_ebur128_0 @ 0x148e05970] t: 283.699979 TARGET:-23 LUFS    M:   nan S: -37.3     I: -32.7 LUFS       LRA:   7.7 LU  FTPK:  -inf  -inf dBFS  TPK: -15.2 -15.7 dBFS
[Parsed_ebur128_0 @ 0x148e05970] t: 283.799979 TARGET:-23 LUFS    M:   nan S: -38.3     I: -32.7 LUFS       LRA:   7.7 LU  FTPK:  -inf  -inf dBFS  TPK: -15.2 -15.7 dBFS
[Parsed_ebur128_0 @ 0x148e05970] t: 283.899979 TARGET:-23 LUFS    M:   nan S: -40.8     I: -32.7 LUFS       LRA:   7.7 LU  FTPK:  -inf  -inf dBFS  TPK: -15.2 -15.7 dBFS
[Parsed_ebur128_0 @ 0x148e05970] t: 283.999979 TARGET:-23 LUFS    M:   nan S: -50.7     I: -32.7 LUFS       LRA:   8.2 LU  FTPK:  -inf  -inf dBFS  TPK: -15.2 -15.7 dBFS
[Parsed_ebur128_0 @ 0x148e05970] t: 284.099979 TARGET:-23 LUFS    M:   nan S:   nan     I: -32.7 LUFS       LRA:   8.2 LU  FTPK:  -inf  -inf dBFS  TPK: -15.2 -15.7 dBFS
[Parsed_ebur128_0 @ 0x148e05970] t: 284.199979 TARGET:-23 LUFS    M:   nan S:   nan     I: -32.7 LUFS       LRA:   8.2 LU  FTPK:  -inf  -inf dBFS  TPK: -15.2 -15.7 dBFS
[Parsed_ebur128_0 @ 0x148e05970] t: 284.299979 TARGET:-23 LUFS    M:   nan S:   nan     I: -32.7 LUFS       LRA:   8.2 LU  FTPK:  -inf  -inf dBFS  TPK: -15.2 -15.7 dBFS
[Parsed_ebur128_0 @ 0x148e05970] t: 284.399979 TARGET:-23 LUFS    M:   nan S:   nan     I: -32.7 LUFS       LRA:   8.2 LU  FTPK:  -inf  -inf dBFS  TPK: -15.2 -15.7 dBFS
[Parsed_ebur128_0 @ 0x148e05970] t: 284.499979 TARGET:-23 LUFS    M:   nan S:   nan     I: -32.7 LUFS       LRA:   8.2 LU  FTPK:  -inf  -inf dBFS  TPK: -15.2 -15.7 dBFS
[Parsed_ebur128_0 @ 0x148e05970] t: 284.599979 TARGET:-23 LUFS    M:   nan S:   nan     I: -32.7 LUFS       LRA:   8.2 LU  FTPK:  -inf  -inf dBFS  TPK: -15.2 -15.7 dBFS
[Parsed_ebur128_0 @ 0x148e05970] t: 284.699979 TARGET:-23 LUFS    M:   nan S:   nan     I: -32.7 LUFS       LRA:   8.2 LU  FTPK:  -inf  -inf dBFS  TPK: -15.2 -15.7 dBFS
[Parsed_ebur128_0 @ 0x148e05970] t: 284.799979 TARGET:-23 LUFS    M:   nan S:   nan     I: -32.7 LUFS       LRA:   8.2 LU  FTPK:  -inf  -inf dBFS  TPK: -15.2 -15.7 dBFS
[Parsed_ebur128_0 @ 0x148e05970] t: 284.899979 TARGET:-23 LUFS    M:   nan S:   nan     I: -32.7 LUFS       LRA:   8.2 LU  FTPK:  -inf  -inf dBFS  TPK: -15.2 -15.7 dBFS
[Parsed_ebur128_0 @ 0x148e05970] t: 284.999979 TARGET:-23 LUFS    M:   nan S:   nan     I: -32.7 LUFS       LRA:   8.2 LU  FTPK:  -inf  -inf dBFS  TPK: -15.2 -15.7 dBFS
[Parsed_ebur128_0 @ 0x148e05970] t: 285.099979 TARGET:-23 LUFS    M:   nan S:   nan     I: -32.7 LUFS       LRA:   8.2 LU  FTPK:  -inf  -inf dBFS  TPK: -15.2 -15.7 dBFS
[Parsed_ebur128_0 @ 0x148e05970] t: 285.199979 TARGET:-23 LUFS    M:   nan S:   nan     I: -32.7 LUFS       LRA:   8.2 LU  FTPK:  -inf  -inf dBFS  TPK: -15.2 -15.7 dBFS
[Parsed_ebur128_0 @ 0x148e05970] t: 285.299979 TARGET:-23 LUFS    M:   nan S:   nan     I: -32.7 LUFS       LRA:   8.2 LU  FTPK:  -inf  -inf dBFS  TPK: -15.2 -15.7 dBFS
[Parsed_ebur128_0 @ 0x148e05970] t: 285.399979 TARGET:-23 LUFS    M:   nan S:   nan     I: -32.7 LUFS       LRA:   8.2 LU  FTPK:  -inf  -inf dBFS  TPK: -15.2 -15.7 dBFS
[Parsed_ebur128_0 @ 0x148e05970] t: 285.499979 TARGET:-23 LUFS    M:   nan S:   nan     I: -32.7 LUFS       LRA:   8.2 LU  FTPK:  -inf  -inf dBFS  TPK: -15.2 -15.7 dBFS
[Parsed_ebur128_0 @ 0x148e05970] t: 285.599979 TARGET:-23 LUFS    M:   nan S:   nan     I: -32.7 LUFS       LRA:   8.2 LU  FTPK:  -inf  -inf dBFS  TPK: -15.2 -15.7 dBFS
[Parsed_ebur128_0 @ 0x148e05970] t: 285.699979 TARGET:-23 LUFS    M:   nan S:   nan     I: -32.7 LUFS       LRA:   8.2 LU  FTPK:  -inf  -inf dBFS  TPK: -15.2 -15.7 dBFS
[Parsed_ebur128_0 @ 0x148e05970] t: 285.799979 TARGET:-23 LUFS    M:   nan S:   nan     I: -32.7 LUFS       LRA:   8.2 LU  FTPK:  -inf  -inf dBFS  TPK: -15.2 -15.7 dBFS
[Parsed_ebur128_0 @ 0x148e05970] t: 285.899979 TARGET:-23 LUFS    M:   nan S:   nan     I: -32.7 LUFS       LRA:   8.2 LU  FTPK:  -inf  -inf dBFS  TPK: -15.2 -15.7 dBFS
[Parsed_ebur128_0 @ 0x148e05970] t: 285.999979 TARGET:-23 LUFS    M:   nan S:   nan     I: -32.7 LUFS       LRA:   8.2 LU  FTPK:  -inf  -inf dBFS  TPK: -15.2 -15.7 dBFS
[Parsed_ebur128_0 @ 0x148e05970] t: 286.099979 TARGET:-23 LUFS    M:   nan S:   nan     I: -32.7 LUFS       LRA:   8.2 LU  FTPK:  -inf  -inf dBFS  TPK: -15.2 -15.7 dBFS
[Parsed_ebur128_0 @ 0x148e05970] t: 286.199979 TARGET:-23 LUFS    M:   nan S:   nan     I: -32.7 LUFS       LRA:   8.2 LU  FTPK:  -inf  -inf dBFS  TPK: -15.2 -15.7 dBFS
[Parsed_ebur128_0 @ 0x148e05970] t: 286.299979 TARGET:-23 LUFS    M:   nan S:   nan     I: -32.7 LUFS       LRA:   8.2 LU  FTPK:  -inf  -inf dBFS  TPK: -15.2 -15.7 dBFS
[Parsed_ebur128_0 @ 0x148e05970] t: 286.399979 TARGET:-23 LUFS    M:   nan S:   nan     I: -32.7 LUFS       LRA:   8.2 LU  FTPK:  -inf  -inf dBFS  TPK: -15.2 -15.7 dBFS
[Parsed_ebur128_0 @ 0x148e05970] t: 286.499979 TARGET:-23 LUFS    M:   nan S:   nan     I: -32.7 LUFS       LRA:   8.2 LU  FTPK:  -inf  -inf dBFS  TPK: -15.2 -15.7 dBFS
[Parsed_ebur128_0 @ 0x148e05970] t: 286.599979 TARGET:-23 LUFS    M:   nan S:   nan     I: -32.7 LUFS       LRA:   8.2 LU  FTPK:  -inf  -inf dBFS  TPK: -15.2 -15.7 dBFS
[Parsed_ebur128_0 @ 0x148e05970] t: 286.699979 TARGET:-23 LUFS    M:   nan S:   nan     I: -32.7 LUFS       LRA:   8.2 LU  FTPK:  -inf  -inf dBFS  TPK: -15.2 -15.7 dBFS
[Parsed_ebur128_0 @ 0x148e05970] t: 286.799979 TARGET:-23 LUFS    M:   nan S:   nan     I: -32.7 LUFS       LRA:   8.2 LU  FTPK:  -inf  -inf dBFS  TPK: -15.2 -15.7 dBFS
[Parsed_ebur128_0 @ 0x148e05970] t: 286.899979 TARGET:-23 LUFS    M:   nan S:   nan     I: -32.7 LUFS       LRA:   8.2 LU  FTPK:  -inf  -inf dBFS  TPK: -15.2 -15.7 dBFS
[Parsed_ebur128_0 @ 0x148e05970] t: 286.999979 TARGET:-23 LUFS    M:   nan S:   nan     I: -32.7 LUFS       LRA:   8.2 LU  FTPK:  -inf  -inf dBFS  TPK: -15.2 -15.7 dBFS
[Parsed_ebur128_0 @ 0x148e05970] t: 287.099979 TARGET:-23 LUFS    M:   nan S:   nan     I: -32.7 LUFS       LRA:   8.2 LU  FTPK:  -inf  -inf dBFS  TPK: -15.2 -15.7 dBFS
[Parsed_ebur128_0 @ 0x148e05970] t: 287.199979 TARGET:-23 LUFS    M:   nan S:   nan     I: -32.7 LUFS       LRA:   8.2 LU  FTPK:  -inf  -inf dBFS  TPK: -15.2 -15.7 dBFS
[Parsed_ebur128_0 @ 0x148e05970] t: 287.299979 TARGET:-23 LUFS    M:   nan S:   nan     I: -32.7 LUFS       LRA:   8.2 LU  FTPK:  -inf  -inf dBFS  TPK: -15.2 -15.7 dBFS
[Parsed_ebur128_0 @ 0x148e05970] t: 287.399979 TARGET:-23 LUFS    M:   nan S:   nan     I: -32.7 LUFS       LRA:   8.2 LU  FTPK:  -inf  -inf dBFS  TPK: -15.2 -15.7 dBFS
[Parsed_ebur128_0 @ 0x148e05970] t: 287.499979 TARGET:-23 LUFS    M:   nan S:   nan     I: -32.7 LUFS       LRA:   8.2 LU  FTPK:  -inf  -inf dBFS  TPK: -15.2 -15.7 dBFS
[Parsed_ebur128_0 @ 0x148e05970] t: 287.599979 TARGET:-23 LUFS    M:   nan S:   nan     I: -32.7 LUFS       LRA:   8.2 LU  FTPK:  -inf  -inf dBFS  TPK: -15.2 -15.7 dBFS
[Parsed_ebur128_0 @ 0x148e05970] t: 287.699979 TARGET:-23 LUFS    M:   nan S:   nan     I: -32.7 LUFS       LRA:   8.2 LU  FTPK:  -inf  -inf dBFS  TPK: -15.2 -15.7 dBFS
[Parsed_ebur128_0 @ 0x148e05970] t: 287.799979 TARGET:-23 LUFS    M:   nan S:   nan     I: -32.7 LUFS       LRA:   8.2 LU  FTPK:  -inf  -inf dBFS  TPK: -15.2 -15.7 dBFS
[Parsed_ebur128_0 @ 0x148e05970] t: 287.899979 TARGET:-23 LUFS    M:   nan S:   nan     I: -32.7 LUFS       LRA:   8.2 LU  FTPK:  -inf  -inf dBFS  TPK: -15.2 -15.7 dBFS
[Parsed_ebur128_0 @ 0x148e05970] t: 287.999979 TARGET:-23 LUFS    M:   nan S:   nan     I: -32.7 LUFS       LRA:   8.2 LU  FTPK:  -inf  -inf dBFS  TPK: -15.2 -15.7 dBFS
[Parsed_ebur128_0 @ 0x148e05970] t: 288.099979 TARGET:-23 LUFS    M:   nan S:   nan     I: -32.7 LUFS       LRA:   8.2 LU  FTPK:  -inf  -inf dBFS  TPK: -15.2 -15.7 dBFS
[Parsed_ebur128_0 @ 0x148e05970] t: 288.199979 TARGET:-23 LUFS    M:   nan S:   nan     I: -32.7 LUFS       LRA:   8.2 LU  FTPK:  -inf  -inf dBFS  TPK: -15.2 -15.7 dBFS
[Parsed_ebur128_0 @ 0x148e05970] t: 288.299979 TARGET:-23 LUFS    M:   nan S:   nan     I: -32.7 LUFS       LRA:   8.2 LU  FTPK:  -inf  -inf dBFS  TPK: -15.2 -15.7 dBFS
[Parsed_ebur128_0 @ 0x148e05970] t: 288.399979 TARGET:-23 LUFS    M:   nan S:   nan     I: -32.7 LUFS       LRA:   8.2 LU  FTPK:  -inf  -inf dBFS  TPK: -15.2 -15.7 dBFS
[Parsed_ebur128_0 @ 0x148e05970] t: 288.499979 TARGET:-23 LUFS    M:   nan S:   nan     I: -32.7 LUFS       LRA:   8.2 LU  FTPK:  -inf  -inf dBFS  TPK: -15.2 -15.7 dBFS
[Parsed_ebur128_0 @ 0x148e05970] t: 288.599979 TARGET:-23 LUFS    M:   nan S:   nan     I: -32.7 LUFS       LRA:   8.2 LU  FTPK:  -inf  -inf dBFS  TPK: -15.2 -15.7 dBFS
[Parsed_ebur128_0 @ 0x148e05970] t: 288.699979 TARGET:-23 LUFS    M:   nan S:   nan     I: -32.7 LUFS       LRA:   8.2 LU  FTPK:  -inf  -inf dBFS  TPK: -15.2 -15.7 dBFS
[Parsed_ebur128_0 @ 0x148e05970] t: 288.799979 TARGET:-23 LUFS    M:   nan S:   nan     I: -32.7 LUFS       LRA:   8.2 LU  FTPK:  -inf  -inf dBFS  TPK: -15.2 -15.7 dBFS
[Parsed_ebur128_0 @ 0x148e05970] t: 288.899979 TARGET:-23 LUFS    M:   nan S:   nan     I: -32.7 LUFS       LRA:   8.2 LU  FTPK:  -inf  -inf dBFS  TPK: -15.2 -15.7 dBFS
[Parsed_ebur128_0 @ 0x148e05970] t: 288.999979 TARGET:-23 LUFS    M:   nan S:   nan     I: -32.7 LUFS       LRA:   8.2 LU  FTPK:  -inf  -inf dBFS  TPK: -15.2 -15.7 dBFS
[Parsed_ebur128_0 @ 0x148e05970] t: 289.099979 TARGET:-23 LUFS    M:   nan S:   nan     I: -32.7 LUFS       LRA:   8.2 LU  FTPK:  -inf  -inf dBFS  TPK: -15.2 -15.7 dBFS
[Parsed_ebur128_0 @ 0x148e05970] t: 289.199979 TARGET:-23 LUFS    M:   nan S:   nan     I: -32.7 LUFS       LRA:   8.2 LU  FTPK:  -inf  -inf dBFS  TPK: -15.2 -15.7 dBFS
[Parsed_ebur128_0 @ 0x148e05970] t: 289.299979 TARGET:-23 LUFS    M:   nan S:   nan     I: -32.7 LUFS       LRA:   8.2 LU  FTPK:  -inf  -inf dBFS  TPK: -15.2 -15.7 dBFS
[Parsed_ebur128_0 @ 0x148e05970] t: 289.399979 TARGET:-23 LUFS    M:   nan S:   nan     I: -32.7 LUFS       LRA:   8.2 LU  FTPK:  -inf  -inf dBFS  TPK: -15.2 -15.7 dBFS
[Parsed_ebur128_0 @ 0x148e05970] t: 289.499979 TARGET:-23 LUFS    M:   nan S:   nan     I: -32.7 LUFS       LRA:   8.2 LU  FTPK:  -inf  -inf dBFS  TPK: -15.2 -15.7 dBFS
[Parsed_ebur128_0 @ 0x148e05970] t: 289.599979 TARGET:-23 LUFS    M:   nan S:   nan     I: -32.7 LUFS       LRA:   8.2 LU  FTPK:  -inf  -inf dBFS  TPK: -15.2 -15.7 dBFS
[Parsed_ebur128_0 @ 0x148e05970] t: 289.699979 TARGET:-23 LUFS    M:   nan S:   nan     I: -32.7 LUFS       LRA:   8.2 LU  FTPK:  -inf  -inf dBFS  TPK: -15.2 -15.7 dBFS
[Parsed_ebur128_0 @ 0x148e05970] t: 289.799979 TARGET:-23 LUFS    M:   nan S:   nan     I: -32.7 LUFS       LRA:   8.2 LU  FTPK:  -inf  -inf dBFS  TPK: -15.2 -15.7 dBFS
[Parsed_ebur128_0 @ 0x148e05970] t: 289.899979 TARGET:-23 LUFS    M:   nan S:   nan     I: -32.7 LUFS       LRA:   8.2 LU  FTPK:  -inf  -inf dBFS  TPK: -15.2 -15.7 dBFS
[Parsed_ebur128_0 @ 0x148e05970] t: 289.999979 TARGET:-23 LUFS    M:   nan S:   nan     I: -32.7 LUFS       LRA:   8.2 LU  FTPK:  -inf  -inf dBFS  TPK: -15.2 -15.7 dBFS
[Parsed_ebur128_0 @ 0x148e05970] t: 290.099979 TARGET:-23 LUFS    M:   nan S:   nan     I: -32.7 LUFS       LRA:   8.2 LU  FTPK:  -inf  -inf dBFS  TPK: -15.2 -15.7 dBFS
[Parsed_ebur128_0 @ 0x148e05970] t: 290.199979 TARGET:-23 LUFS    M:   nan S:   nan     I: -32.7 LUFS       LRA:   8.2 LU  FTPK:  -inf  -inf dBFS  TPK: -15.2 -15.7 dBFS
[Parsed_ebur128_0 @ 0x148e05970] t: 290.299979 TARGET:-23 LUFS    M:   nan S:   nan     I: -32.7 LUFS       LRA:   8.2 LU  FTPK:  -inf  -inf dBFS  TPK: -15.2 -15.7 dBFS
[Parsed_ebur128_0 @ 0x148e05970] t: 290.399979 TARGET:-23 LUFS    M:   nan S:   nan     I: -32.7 LUFS       LRA:   8.2 LU  FTPK:  -inf  -inf dBFS  TPK: -15.2 -15.7 dBFS
[Parsed_ebur128_0 @ 0x148e05970] t: 290.499979 TARGET:-23 LUFS    M:   nan S:   nan     I: -32.7 LUFS       LRA:   8.2 LU  FTPK:  -inf  -inf dBFS  TPK: -15.2 -15.7 dBFS
[Parsed_ebur128_0 @ 0x148e05970] t: 290.599979 TARGET:-23 LUFS    M:   nan S:   nan     I: -32.7 LUFS       LRA:   8.2 LU  FTPK:  -inf  -inf dBFS  TPK: -15.2 -15.7 dBFS
[Parsed_ebur128_0 @ 0x148e05970] t: 290.699979 TARGET:-23 LUFS    M:   nan S:   nan     I: -32.7 LUFS       LRA:   8.2 LU  FTPK:  -inf  -inf dBFS  TPK: -15.2 -15.7 dBFS
[Parsed_ebur128_0 @ 0x148e05970] t: 290.799979 TARGET:-23 LUFS    M:   nan S:   nan     I: -32.7 LUFS       LRA:   8.2 LU  FTPK:  -inf  -inf dBFS  TPK: -15.2 -15.7 dBFS
[Parsed_ebur128_0 @ 0x148e05970] t: 290.899979 TARGET:-23 LUFS    M:   nan S:   nan     I: -32.7 LUFS       LRA:   8.2 LU  FTPK:  -inf  -inf dBFS  TPK: -15.2 -15.7 dBFS
[Parsed_ebur128_0 @ 0x148e05970] t: 290.999979 TARGET:-23 LUFS    M:   nan S:   nan     I: -32.7 LUFS       LRA:   8.2 LU  FTPK:  -inf  -inf dBFS  TPK: -15.2 -15.7 dBFS
[Parsed_ebur128_0 @ 0x148e05970] t: 291.099979 TARGET:-23 LUFS    M:   nan S:   nan     I: -32.7 LUFS       LRA:   8.2 LU  FTPK:  -inf  -inf dBFS  TPK: -15.2 -15.7 dBFS
[Parsed_ebur128_0 @ 0x148e05970] t: 291.199979 TARGET:-23 LUFS    M:   nan S:   nan     I: -32.7 LUFS       LRA:   8.2 LU  FTPK:  -inf  -inf dBFS  TPK: -15.2 -15.7 dBFS
[Parsed_ebur128_0 @ 0x148e05970] t: 291.299979 TARGET:-23 LUFS    M:   nan S:   nan     I: -32.7 LUFS       LRA:   8.2 LU  FTPK:  -inf  -inf dBFS  TPK: -15.2 -15.7 dBFS
[Parsed_ebur128_0 @ 0x148e05970] t: 291.399979 TARGET:-23 LUFS    M:   nan S:   nan     I: -32.7 LUFS       LRA:   8.2 LU  FTPK:  -inf  -inf dBFS  TPK: -15.2 -15.7 dBFS
[Parsed_ebur128_0 @ 0x148e05970] t: 291.499979 TARGET:-23 LUFS    M:   nan S:   nan     I: -32.7 LUFS       LRA:   8.2 LU  FTPK:  -inf  -inf dBFS  TPK: -15.2 -15.7 dBFS
[Parsed_ebur128_0 @ 0x148e05970] t: 291.599979 TARGET:-23 LUFS    M:-119.0 S:-127.7     I: -32.7 LUFS       LRA:   8.2 LU  FTPK: -93.3 -93.3 dBFS  TPK: -15.2 -15.7 dBFS
[Parsed_ebur128_0 @ 0x148e05970] t: 291.699979 TARGET:-23 LUFS    M: -36.1 S: -44.8     I: -32.7 LUFS       LRA:   8.3 LU  FTPK: -15.8 -15.8 dBFS  TPK: -15.2 -15.7 dBFS
[Parsed_ebur128_0 @ 0x148e05970] t: 291.799979 TARGET:-23 LUFS    M: -36.1 S: -44.8     I: -32.7 LUFS       LRA:   8.4 LU  FTPK: -46.6 -46.6 dBFS  TPK: -15.2 -15.7 dBFS
[Parsed_ebur128_0 @ 0x148e05970] t: 291.899979 TARGET:-23 LUFS    M: -36.1 S: -44.8     I: -32.7 LUFS       LRA:   8.4 LU  FTPK:  -inf  -inf dBFS  TPK: -15.2 -15.7 dBFS
[Parsed_ebur128_0 @ 0x148e05970] t: 291.999979 TARGET:-23 LUFS    M: -36.1 S: -44.8     I: -32.7 LUFS       LRA:   8.4 LU  FTPK:  -inf  -inf dBFS  TPK: -15.2 -15.7 dBFS
[Parsed_ebur128_0 @ 0x148e05970] t: 292.099979 TARGET:-23 LUFS    M: -65.3 S: -44.8     I: -32.7 LUFS       LRA:   8.4 LU  FTPK:  -inf  -inf dBFS  TPK: -15.2 -15.7 dBFS
[Parsed_ebur128_0 @ 0x148e05970] t: 292.199979 TARGET:-23 LUFS    M:   nan S: -44.8     I: -32.7 LUFS       LRA:   8.4 LU  FTPK:  -inf  -inf dBFS  TPK: -15.2 -15.7 dBFS
[Parsed_ebur128_0 @ 0x148e05970] t: 292.299979 TARGET:-23 LUFS    M:   nan S: -44.8     I: -32.7 LUFS       LRA:   8.5 LU  FTPK:  -inf  -inf dBFS  TPK: -15.2 -15.7 dBFS
[Parsed_ebur128_0 @ 0x148e05970] t: 292.399979 TARGET:-23 LUFS    M:   nan S: -44.8     I: -32.7 LUFS       LRA:   8.6 LU  FTPK:  -inf  -inf dBFS  TPK: -15.2 -15.7 dBFS
[Parsed_ebur128_0 @ 0x148e05970] t: 292.499979 TARGET:-23 LUFS    M:   nan S: -44.8     I: -32.7 LUFS       LRA:   8.6 LU  FTPK:  -inf  -inf dBFS  TPK: -15.2 -15.7 dBFS
[Parsed_ebur128_0 @ 0x148e05970] t: 292.599979 TARGET:-23 LUFS    M: -41.3 S: -43.7     I: -32.7 LUFS       LRA:   8.6 LU  FTPK: -22.0 -22.0 dBFS  TPK: -15.2 -15.7 dBFS
[Parsed_ebur128_0 @ 0x148e05970] t: 292.699979 TARGET:-23 LUFS    M: -32.3 S: -39.5     I: -32.7 LUFS       LRA:   8.6 LU  FTPK: -17.8 -17.8 dBFS  TPK: -15.2 -15.7 dBFS
[Parsed_ebur128_0 @ 0x148e05970] t: 292.799979 TARGET:-23 LUFS    M: -29.5 S: -37.4     I: -32.7 LUFS       LRA:   8.6 LU  FTPK: -18.5 -18.5 dBFS  TPK: -15.2 -15.7 dBFS
[Parsed_ebur128_0 @ 0x148e05970] t: 292.899979 TARGET:-23 LUFS    M: -28.5 S: -36.6     I: -32.7 LUFS       LRA:   8.6 LU  FTPK: -20.4 -20.4 dBFS  TPK: -15.2 -15.7 dBFS
[Parsed_ebur128_0 @ 0x148e05970] t: 292.999979 TARGET:-23 LUFS    M: -28.7 S: -36.6     I: -32.7 LUFS       LRA:   8.6 LU  FTPK: -101.6 -101.6 dBFS  TPK: -15.2 -15.7 dBFS
[Parsed_ebur128_0 @ 0x148e05970] t: 293.099979 TARGET:-23 LUFS    M: -30.9 S: -36.6     I: -32.6 LUFS       LRA:   8.6 LU  FTPK:  -inf  -inf dBFS  TPK: -15.2 -15.7 dBFS
[Parsed_ebur128_0 @ 0x148e05970] t: 293.199979 TARGET:-23 LUFS    M: -35.6 S: -36.6     I: -32.7 LUFS       LRA:   8.6 LU  FTPK:  -inf  -inf dBFS  TPK: -15.2 -15.7 dBFS
[Parsed_ebur128_0 @ 0x148e05970] t: 293.299979 TARGET:-23 LUFS    M:-128.6 S: -36.6     I: -32.7 LUFS       LRA:   8.6 LU  FTPK:  -inf  -inf dBFS  TPK: -15.2 -15.7 dBFS
[Parsed_ebur128_0 @ 0x148e05970] t: 293.399979 TARGET:-23 LUFS    M:   nan S: -36.6     I: -32.7 LUFS       LRA:   8.6 LU  FTPK:  -inf  -inf dBFS  TPK: -15.2 -15.7 dBFS
[Parsed_ebur128_0 @ 0x148e05970] t: 293.499979 TARGET:-23 LUFS    M:   nan S: -36.6     I: -32.7 LUFS       LRA:   8.6 LU  FTPK:  -inf  -inf dBFS  TPK: -15.2 -15.7 dBFS
[Parsed_ebur128_0 @ 0x148e05970] t: 293.599979 TARGET:-23 LUFS    M:   nan S: -36.6     I: -32.7 LUFS       LRA:   8.6 LU  FTPK:  -inf  -inf dBFS  TPK: -15.2 -15.7 dBFS
[Parsed_ebur128_0 @ 0x148e05970] t: 293.699979 TARGET:-23 LUFS    M:   nan S: -36.6     I: -32.7 LUFS       LRA:   8.6 LU  FTPK:  -inf  -inf dBFS  TPK: -15.2 -15.7 dBFS
[Parsed_ebur128_0 @ 0x148e05970] t: 293.799979 TARGET:-23 LUFS    M:   nan S: -36.6     I: -32.7 LUFS       LRA:   8.6 LU  FTPK:  -inf  -inf dBFS  TPK: -15.2 -15.7 dBFS
[Parsed_ebur128_0 @ 0x148e05970] t: 293.899979 TARGET:-23 LUFS    M:   nan S: -36.6     I: -32.7 LUFS       LRA:   8.6 LU  FTPK:  -inf  -inf dBFS  TPK: -15.2 -15.7 dBFS
[Parsed_ebur128_0 @ 0x148e05970] t: 293.999979 TARGET:-23 LUFS    M:   nan S: -36.6     I: -32.7 LUFS       LRA:   8.6 LU  FTPK:  -inf  -inf dBFS  TPK: -15.2 -15.7 dBFS
[Parsed_ebur128_0 @ 0x148e05970] t: 294.099979 TARGET:-23 LUFS    M:   nan S: -36.6     I: -32.7 LUFS       LRA:   8.6 LU  FTPK:  -inf  -inf dBFS  TPK: -15.2 -15.7 dBFS
[Parsed_ebur128_0 @ 0x148e05970] t: 294.199979 TARGET:-23 LUFS    M:   nan S: -36.6     I: -32.7 LUFS       LRA:   8.5 LU  FTPK:  -inf  -inf dBFS  TPK: -15.2 -15.7 dBFS
[Parsed_ebur128_0 @ 0x148e05970] t: 294.299979 TARGET:-23 LUFS    M:   nan S: -36.6     I: -32.7 LUFS       LRA:   8.5 LU  FTPK:  -inf  -inf dBFS  TPK: -15.2 -15.7 dBFS
[Parsed_ebur128_0 @ 0x148e05970] t: 294.399979 TARGET:-23 LUFS    M:   nan S: -36.6     I: -32.7 LUFS       LRA:   8.5 LU  FTPK:  -inf  -inf dBFS  TPK: -15.2 -15.7 dBFS
[Parsed_ebur128_0 @ 0x148e05970] t: 294.499979 TARGET:-23 LUFS    M:   nan S: -36.6     I: -32.7 LUFS       LRA:   8.5 LU  FTPK:  -inf  -inf dBFS  TPK: -15.2 -15.7 dBFS
[Parsed_ebur128_0 @ 0x148e05970] t: 294.599979 TARGET:-23 LUFS    M:   nan S: -36.6     I: -32.7 LUFS       LRA:   8.5 LU  FTPK:  -inf  -inf dBFS  TPK: -15.2 -15.7 dBFS
[Parsed_ebur128_0 @ 0x148e05970] t: 294.699979 TARGET:-23 LUFS    M:   nan S: -37.3     I: -32.7 LUFS       LRA:   8.5 LU  FTPK:  -inf  -inf dBFS  TPK: -15.2 -15.7 dBFS
[Parsed_ebur128_0 @ 0x148e05970] t: 294.799979 TARGET:-23 LUFS    M:   nan S: -37.3     I: -32.7 LUFS       LRA:   8.5 LU  FTPK:  -inf  -inf dBFS  TPK: -15.2 -15.7 dBFS
[Parsed_ebur128_0 @ 0x148e05970] t: 294.899979 TARGET:-23 LUFS    M:   nan S: -37.3     I: -32.7 LUFS       LRA:   8.5 LU  FTPK:  -inf  -inf dBFS  TPK: -15.2 -15.7 dBFS
[Parsed_ebur128_0 @ 0x148e05970] t: 294.999979 TARGET:-23 LUFS    M:   nan S: -37.3     I: -32.7 LUFS       LRA:   8.5 LU  FTPK:  -inf  -inf dBFS  TPK: -15.2 -15.7 dBFS
[Parsed_ebur128_0 @ 0x148e05970] t: 295.099979 TARGET:-23 LUFS    M:   nan S: -37.3     I: -32.7 LUFS       LRA:   8.5 LU  FTPK:  -inf  -inf dBFS  TPK: -15.2 -15.7 dBFS
[Parsed_ebur128_0 @ 0x148e05970] t: 295.199979 TARGET:-23 LUFS    M:   nan S: -37.3     I: -32.7 LUFS       LRA:   8.4 LU  FTPK:  -inf  -inf dBFS  TPK: -15.2 -15.7 dBFS
[Parsed_ebur128_0 @ 0x148e05970] t: 295.299979 TARGET:-23 LUFS    M:   nan S: -37.3     I: -32.7 LUFS       LRA:   8.4 LU  FTPK:  -inf  -inf dBFS  TPK: -15.2 -15.7 dBFS
[Parsed_ebur128_0 @ 0x148e05970] t: 295.399979 TARGET:-23 LUFS    M:   nan S: -37.3     I: -32.7 LUFS       LRA:   8.4 LU  FTPK:  -inf  -inf dBFS  TPK: -15.2 -15.7 dBFS
[Parsed_ebur128_0 @ 0x148e05970] t: 295.499979 TARGET:-23 LUFS    M:   nan S: -37.3     I: -32.7 LUFS       LRA:   8.4 LU  FTPK:  -inf  -inf dBFS  TPK: -15.2 -15.7 dBFS
[Parsed_ebur128_0 @ 0x148e05970] t: 295.599979 TARGET:-23 LUFS    M:   nan S: -37.5     I: -32.7 LUFS       LRA:   8.4 LU  FTPK:  -inf  -inf dBFS  TPK: -15.2 -15.7 dBFS
[Parsed_ebur128_0 @ 0x148e05970] t: 295.699979 TARGET:-23 LUFS    M:   nan S: -39.6     I: -32.7 LUFS       LRA:   8.4 LU  FTPK:  -inf  -inf dBFS  TPK: -15.2 -15.7 dBFS
[Parsed_ebur128_0 @ 0x148e05970] t: 295.799979 TARGET:-23 LUFS    M:   nan S: -44.4     I: -32.7 LUFS       LRA:   8.4 LU  FTPK:  -inf  -inf dBFS  TPK: -15.2 -15.7 dBFS
[Parsed_ebur128_0 @ 0x148e05970] t: 295.899979 TARGET:-23 LUFS    M:   nan S:-137.4     I: -32.7 LUFS       LRA:   8.4 LU  FTPK:  -inf  -inf dBFS  TPK: -15.2 -15.7 dBFS
[Parsed_ebur128_0 @ 0x148e05970] t: 295.999979 TARGET:-23 LUFS    M:   nan S:   nan     I: -32.7 LUFS       LRA:   8.4 LU  FTPK:  -inf  -inf dBFS  TPK: -15.2 -15.7 dBFS
[Parsed_ebur128_0 @ 0x148e05970] t: 296.099979 TARGET:-23 LUFS    M:   nan S:   nan     I: -32.7 LUFS       LRA:   8.4 LU  FTPK:  -inf  -inf dBFS  TPK: -15.2 -15.7 dBFS
[Parsed_ebur128_0 @ 0x148e05970] t: 296.199979 TARGET:-23 LUFS    M:   nan S:   nan     I: -32.7 LUFS       LRA:   8.4 LU  FTPK:  -inf  -inf dBFS  TPK: -15.2 -15.7 dBFS
[Parsed_ebur128_0 @ 0x148e05970] t: 296.299979 TARGET:-23 LUFS    M:   nan S:   nan     I: -32.7 LUFS       LRA:   8.4 LU  FTPK:  -inf  -inf dBFS  TPK: -15.2 -15.7 dBFS
[Parsed_ebur128_0 @ 0x148e05970] t: 296.399979 TARGET:-23 LUFS    M:   nan S:   nan     I: -32.7 LUFS       LRA:   8.4 LU  FTPK:  -inf  -inf dBFS  TPK: -15.2 -15.7 dBFS
[Parsed_ebur128_0 @ 0x148e05970] t: 296.499979 TARGET:-23 LUFS    M:   nan S:   nan     I: -32.7 LUFS       LRA:   8.4 LU  FTPK:  -inf  -inf dBFS  TPK: -15.2 -15.7 dBFS
[Parsed_ebur128_0 @ 0x148e05970] t: 296.599979 TARGET:-23 LUFS    M:   nan S:   nan     I: -32.7 LUFS       LRA:   8.4 LU  FTPK:  -inf  -inf dBFS  TPK: -15.2 -15.7 dBFS
[Parsed_ebur128_0 @ 0x148e05970] t: 296.699979 TARGET:-23 LUFS    M:   nan S:   nan     I: -32.7 LUFS       LRA:   8.4 LU  FTPK:  -inf  -inf dBFS  TPK: -15.2 -15.7 dBFS
[Parsed_ebur128_0 @ 0x148e05970] t: 296.799979 TARGET:-23 LUFS    M:   nan S:   nan     I: -32.7 LUFS       LRA:   8.4 LU  FTPK:  -inf  -inf dBFS  TPK: -15.2 -15.7 dBFS
[Parsed_ebur128_0 @ 0x148e05970] t: 296.899979 TARGET:-23 LUFS    M:   nan S:   nan     I: -32.7 LUFS       LRA:   8.4 LU  FTPK:  -inf  -inf dBFS  TPK: -15.2 -15.7 dBFS
[Parsed_ebur128_0 @ 0x148e05970] t: 296.999979 TARGET:-23 LUFS    M:   nan S:   nan     I: -32.7 LUFS       LRA:   8.4 LU  FTPK:  -inf  -inf dBFS  TPK: -15.2 -15.7 dBFS
[Parsed_ebur128_0 @ 0x148e05970] t: 297.099979 TARGET:-23 LUFS    M:   nan S:   nan     I: -32.7 LUFS       LRA:   8.4 LU  FTPK:  -inf  -inf dBFS  TPK: -15.2 -15.7 dBFS
[Parsed_ebur128_0 @ 0x148e05970] t: 297.199979 TARGET:-23 LUFS    M:   nan S:   nan     I: -32.7 LUFS       LRA:   8.4 LU  FTPK:  -inf  -inf dBFS  TPK: -15.2 -15.7 dBFS
[Parsed_ebur128_0 @ 0x148e05970] t: 297.299979 TARGET:-23 LUFS    M:   nan S:   nan     I: -32.7 LUFS       LRA:   8.4 LU  FTPK:  -inf  -inf dBFS  TPK: -15.2 -15.7 dBFS
[Parsed_ebur128_0 @ 0x148e05970] t: 297.399979 TARGET:-23 LUFS    M:   nan S:   nan     I: -32.7 LUFS       LRA:   8.4 LU  FTPK:  -inf  -inf dBFS  TPK: -15.2 -15.7 dBFS
[Parsed_ebur128_0 @ 0x148e05970] t: 297.499979 TARGET:-23 LUFS    M:   nan S:   nan     I: -32.7 LUFS       LRA:   8.4 LU  FTPK:  -inf  -inf dBFS  TPK: -15.2 -15.7 dBFS
[Parsed_ebur128_0 @ 0x148e05970] t: 297.599979 TARGET:-23 LUFS    M:   nan S:   nan     I: -32.7 LUFS       LRA:   8.4 LU  FTPK:  -inf  -inf dBFS  TPK: -15.2 -15.7 dBFS
[Parsed_ebur128_0 @ 0x148e05970] t: 297.699979 TARGET:-23 LUFS    M:   nan S:   nan     I: -32.7 LUFS       LRA:   8.4 LU  FTPK:  -inf  -inf dBFS  TPK: -15.2 -15.7 dBFS
[Parsed_ebur128_0 @ 0x148e05970] t: 297.799979 TARGET:-23 LUFS    M:   nan S:   nan     I: -32.7 LUFS       LRA:   8.4 LU  FTPK:  -inf  -inf dBFS  TPK: -15.2 -15.7 dBFS
[Parsed_ebur128_0 @ 0x148e05970] t: 297.899979 TARGET:-23 LUFS    M:   nan S:   nan     I: -32.7 LUFS       LRA:   8.4 LU  FTPK:  -inf  -inf dBFS  TPK: -15.2 -15.7 dBFS
[Parsed_ebur128_0 @ 0x148e05970] t: 297.999979 TARGET:-23 LUFS    M:   nan S:   nan     I: -32.7 LUFS       LRA:   8.4 LU  FTPK:  -inf  -inf dBFS  TPK: -15.2 -15.7 dBFS
[Parsed_ebur128_0 @ 0x148e05970] t: 298.099979 TARGET:-23 LUFS    M:   nan S:   nan     I: -32.7 LUFS       LRA:   8.4 LU  FTPK:  -inf  -inf dBFS  TPK: -15.2 -15.7 dBFS
[Parsed_ebur128_0 @ 0x148e05970] t: 298.199979 TARGET:-23 LUFS    M:   nan S:   nan     I: -32.7 LUFS       LRA:   8.4 LU  FTPK:  -inf  -inf dBFS  TPK: -15.2 -15.7 dBFS
[Parsed_ebur128_0 @ 0x148e05970] t: 298.299979 TARGET:-23 LUFS    M:   nan S:   nan     I: -32.7 LUFS       LRA:   8.4 LU  FTPK:  -inf  -inf dBFS  TPK: -15.2 -15.7 dBFS
[Parsed_ebur128_0 @ 0x148e05970] t: 298.399979 TARGET:-23 LUFS    M:   nan S:   nan     I: -32.7 LUFS       LRA:   8.4 LU  FTPK:  -inf  -inf dBFS  TPK: -15.2 -15.7 dBFS
[Parsed_ebur128_0 @ 0x148e05970] t: 298.499979 TARGET:-23 LUFS    M:   nan S:   nan     I: -32.7 LUFS       LRA:   8.4 LU  FTPK:  -inf  -inf dBFS  TPK: -15.2 -15.7 dBFS
[Parsed_ebur128_0 @ 0x148e05970] t: 298.599979 TARGET:-23 LUFS    M:   nan S:   nan     I: -32.7 LUFS       LRA:   8.4 LU  FTPK:  -inf  -inf dBFS  TPK: -15.2 -15.7 dBFS
[Parsed_ebur128_0 @ 0x148e05970] t: 298.699979 TARGET:-23 LUFS    M:   nan S:   nan     I: -32.7 LUFS       LRA:   8.4 LU  FTPK:  -inf  -inf dBFS  TPK: -15.2 -15.7 dBFS
[Parsed_ebur128_0 @ 0x148e05970] t: 298.799979 TARGET:-23 LUFS    M:   nan S:   nan     I: -32.7 LUFS       LRA:   8.4 LU  FTPK:  -inf  -inf dBFS  TPK: -15.2 -15.7 dBFS
[Parsed_ebur128_0 @ 0x148e05970] t: 298.899979 TARGET:-23 LUFS    M:   nan S:   nan     I: -32.7 LUFS       LRA:   8.4 LU  FTPK:  -inf  -inf dBFS  TPK: -15.2 -15.7 dBFS
[Parsed_ebur128_0 @ 0x148e05970] t: 298.999979 TARGET:-23 LUFS    M:   nan S:   nan     I: -32.7 LUFS       LRA:   8.4 LU  FTPK:  -inf  -inf dBFS  TPK: -15.2 -15.7 dBFS
[Parsed_ebur128_0 @ 0x148e05970] t: 299.099979 TARGET:-23 LUFS    M:   nan S:   nan     I: -32.7 LUFS       LRA:   8.4 LU  FTPK:  -inf  -inf dBFS  TPK: -15.2 -15.7 dBFS
[Parsed_ebur128_0 @ 0x148e05970] t: 299.199979 TARGET:-23 LUFS    M:   nan S:   nan     I: -32.7 LUFS       LRA:   8.4 LU  FTPK:  -inf  -inf dBFS  TPK: -15.2 -15.7 dBFS
[Parsed_ebur128_0 @ 0x148e05970] t: 299.299979 TARGET:-23 LUFS    M:   nan S:   nan     I: -32.7 LUFS       LRA:   8.4 LU  FTPK:  -inf  -inf dBFS  TPK: -15.2 -15.7 dBFS
[Parsed_ebur128_0 @ 0x148e05970] t: 299.399979 TARGET:-23 LUFS    M:   nan S:   nan     I: -32.7 LUFS       LRA:   8.4 LU  FTPK:  -inf  -inf dBFS  TPK: -15.2 -15.7 dBFS
[Parsed_ebur128_0 @ 0x148e05970] t: 299.499979 TARGET:-23 LUFS    M:   nan S:   nan     I: -32.7 LUFS       LRA:   8.4 LU  FTPK:  -inf  -inf dBFS  TPK: -15.2 -15.7 dBFS
[Parsed_ebur128_0 @ 0x148e05970] t: 299.599979 TARGET:-23 LUFS    M:   nan S:   nan     I: -32.7 LUFS       LRA:   8.4 LU  FTPK:  -inf  -inf dBFS  TPK: -15.2 -15.7 dBFS
[Parsed_ebur128_0 @ 0x148e05970] t: 299.699979 TARGET:-23 LUFS    M:   nan S:   nan     I: -32.7 LUFS       LRA:   8.4 LU  FTPK:  -inf  -inf dBFS  TPK: -15.2 -15.7 dBFS
[Parsed_ebur128_0 @ 0x148e05970] t: 299.799979 TARGET:-23 LUFS    M:   nan S:   nan     I: -32.7 LUFS       LRA:   8.4 LU  FTPK:  -inf  -inf dBFS  TPK: -15.2 -15.7 dBFS
[Parsed_ebur128_0 @ 0x148e05970] t: 299.899979 TARGET:-23 LUFS    M:   nan S:   nan     I: -32.7 LUFS       LRA:   8.4 LU  FTPK:  -inf  -inf dBFS  TPK: -15.2 -15.7 dBFS
[Parsed_ebur128_0 @ 0x148e05970] t: 299.999979 TARGET:-23 LUFS    M:   nan S:   nan     I: -32.7 LUFS       LRA:   8.4 LU  FTPK:  -inf  -inf dBFS  TPK: -15.2 -15.7 dBFS
[Parsed_ebur128_0 @ 0x148e05970] t: 300.099979 TARGET:-23 LUFS    M:   nan S:   nan     I: -32.7 LUFS       LRA:   8.4 LU  FTPK:  -inf  -inf dBFS  TPK: -15.2 -15.7 dBFS
[Parsed_ebur128_0 @ 0x148e05970] t: 300.199979 TARGET:-23 LUFS    M:   nan S:   nan     I: -32.7 LUFS       LRA:   8.4 LU  FTPK:  -inf  -inf dBFS  TPK: -15.2 -15.7 dBFS
[Parsed_ebur128_0 @ 0x148e05970] t: 300.299979 TARGET:-23 LUFS    M:   nan S:   nan     I: -32.7 LUFS       LRA:   8.4 LU  FTPK:  -inf  -inf dBFS  TPK: -15.2 -15.7 dBFS
[Parsed_ebur128_0 @ 0x148e05970] t: 300.399979 TARGET:-23 LUFS    M:   nan S:   nan     I: -32.7 LUFS       LRA:   8.4 LU  FTPK:  -inf  -inf dBFS  TPK: -15.2 -15.7 dBFS
[Parsed_ebur128_0 @ 0x148e05970] t: 300.499979 TARGET:-23 LUFS    M:   nan S:   nan     I: -32.7 LUFS       LRA:   8.4 LU  FTPK:  -inf  -inf dBFS  TPK: -15.2 -15.7 dBFS
[Parsed_ebur128_0 @ 0x148e05970] t: 300.599979 TARGET:-23 LUFS    M:   nan S:   nan     I: -32.7 LUFS       LRA:   8.4 LU  FTPK:  -inf  -inf dBFS  TPK: -15.2 -15.7 dBFS
[Parsed_ebur128_0 @ 0x148e05970] t: 300.699979 TARGET:-23 LUFS    M:   nan S:   nan     I: -32.7 LUFS       LRA:   8.4 LU  FTPK:  -inf  -inf dBFS  TPK: -15.2 -15.7 dBFS
[Parsed_ebur128_0 @ 0x148e05970] t: 300.799979 TARGET:-23 LUFS    M:   nan S:   nan     I: -32.7 LUFS       LRA:   8.4 LU  FTPK:  -inf  -inf dBFS  TPK: -15.2 -15.7 dBFS
[Parsed_ebur128_0 @ 0x148e05970] t: 300.899979 TARGET:-23 LUFS    M:   nan S:   nan     I: -32.7 LUFS       LRA:   8.4 LU  FTPK:  -inf  -inf dBFS  TPK: -15.2 -15.7 dBFS
[Parsed_ebur128_0 @ 0x148e05970] t: 300.999979 TARGET:-23 LUFS    M:   nan S:   nan     I: -32.7 LUFS       LRA:   8.4 LU  FTPK:  -inf  -inf dBFS  TPK: -15.2 -15.7 dBFS
[Parsed_ebur128_0 @ 0x148e05970] t: 301.099979 TARGET:-23 LUFS    M:   nan S:   nan     I: -32.7 LUFS       LRA:   8.4 LU  FTPK:  -inf  -inf dBFS  TPK: -15.2 -15.7 dBFS
[Parsed_ebur128_0 @ 0x148e05970] t: 301.199979 TARGET:-23 LUFS    M:   nan S:   nan     I: -32.7 LUFS       LRA:   8.4 LU  FTPK:  -inf  -inf dBFS  TPK: -15.2 -15.7 dBFS
[Parsed_ebur128_0 @ 0x148e05970] t: 301.299979 TARGET:-23 LUFS    M:   nan S:   nan     I: -32.7 LUFS       LRA:   8.4 LU  FTPK:  -inf  -inf dBFS  TPK: -15.2 -15.7 dBFS
[Parsed_ebur128_0 @ 0x148e05970] t: 301.399979 TARGET:-23 LUFS    M:   nan S:   nan     I: -32.7 LUFS       LRA:   8.4 LU  FTPK:  -inf  -inf dBFS  TPK: -15.2 -15.7 dBFS
[Parsed_ebur128_0 @ 0x148e05970] t: 301.499979 TARGET:-23 LUFS    M:   nan S:   nan     I: -32.7 LUFS       LRA:   8.4 LU  FTPK:  -inf  -inf dBFS  TPK: -15.2 -15.7 dBFS
[Parsed_ebur128_0 @ 0x148e05970] t: 301.599979 TARGET:-23 LUFS    M:   nan S:   nan     I: -32.7 LUFS       LRA:   8.4 LU  FTPK:  -inf  -inf dBFS  TPK: -15.2 -15.7 dBFS
[Parsed_ebur128_0 @ 0x148e05970] t: 301.699979 TARGET:-23 LUFS    M:   nan S:   nan     I: -32.7 LUFS       LRA:   8.4 LU  FTPK:  -inf  -inf dBFS  TPK: -15.2 -15.7 dBFS
[Parsed_ebur128_0 @ 0x148e05970] t: 301.799979 TARGET:-23 LUFS    M:   nan S:   nan     I: -32.7 LUFS       LRA:   8.4 LU  FTPK:  -inf  -inf dBFS  TPK: -15.2 -15.7 dBFS
[Parsed_ebur128_0 @ 0x148e05970] t: 301.899979 TARGET:-23 LUFS    M:   nan S:   nan     I: -32.7 LUFS       LRA:   8.4 LU  FTPK:  -inf  -inf dBFS  TPK: -15.2 -15.7 dBFS
[Parsed_ebur128_0 @ 0x148e05970] t: 301.999979 TARGET:-23 LUFS    M:   nan S:   nan     I: -32.7 LUFS       LRA:   8.4 LU  FTPK:  -inf  -inf dBFS  TPK: -15.2 -15.7 dBFS
[Parsed_ebur128_0 @ 0x148e05970] t: 302.099979 TARGET:-23 LUFS    M:   nan S:   nan     I: -32.7 LUFS       LRA:   8.4 LU  FTPK:  -inf  -inf dBFS  TPK: -15.2 -15.7 dBFS
[Parsed_ebur128_0 @ 0x148e05970] t: 302.199979 TARGET:-23 LUFS    M:   nan S:   nan     I: -32.7 LUFS       LRA:   8.4 LU  FTPK:  -inf  -inf dBFS  TPK: -15.2 -15.7 dBFS
[Parsed_ebur128_0 @ 0x148e05970] t: 302.299979 TARGET:-23 LUFS    M:   nan S:   nan     I: -32.7 LUFS       LRA:   8.4 LU  FTPK:  -inf  -inf dBFS  TPK: -15.2 -15.7 dBFS
[Parsed_ebur128_0 @ 0x148e05970] t: 302.399979 TARGET:-23 LUFS    M:   nan S:   nan     I: -32.7 LUFS       LRA:   8.4 LU  FTPK:  -inf  -inf dBFS  TPK: -15.2 -15.7 dBFS
[Parsed_ebur128_0 @ 0x148e05970] t: 302.499979 TARGET:-23 LUFS    M:   nan S:   nan     I: -32.7 LUFS       LRA:   8.4 LU  FTPK:  -inf  -inf dBFS  TPK: -15.2 -15.7 dBFS
[Parsed_ebur128_0 @ 0x148e05970] t: 302.599979 TARGET:-23 LUFS    M:   nan S:   nan     I: -32.7 LUFS       LRA:   8.4 LU  FTPK:  -inf  -inf dBFS  TPK: -15.2 -15.7 dBFS
[Parsed_ebur128_0 @ 0x148e05970] t: 302.699979 TARGET:-23 LUFS    M:   nan S:   nan     I: -32.7 LUFS       LRA:   8.4 LU  FTPK:  -inf  -inf dBFS  TPK: -15.2 -15.7 dBFS
[Parsed_ebur128_0 @ 0x148e05970] t: 302.799979 TARGET:-23 LUFS    M:   nan S:   nan     I: -32.7 LUFS       LRA:   8.4 LU  FTPK:  -inf  -inf dBFS  TPK: -15.2 -15.7 dBFS
[Parsed_ebur128_0 @ 0x148e05970] t: 302.899979 TARGET:-23 LUFS    M:   nan S:   nan     I: -32.7 LUFS       LRA:   8.4 LU  FTPK:  -inf  -inf dBFS  TPK: -15.2 -15.7 dBFS
[Parsed_ebur128_0 @ 0x148e05970] t: 302.999979 TARGET:-23 LUFS    M:   nan S:   nan     I: -32.7 LUFS       LRA:   8.4 LU  FTPK:  -inf  -inf dBFS  TPK: -15.2 -15.7 dBFS
[Parsed_ebur128_0 @ 0x148e05970] t: 303.099979 TARGET:-23 LUFS    M:   nan S:   nan     I: -32.7 LUFS       LRA:   8.4 LU  FTPK:  -inf  -inf dBFS  TPK: -15.2 -15.7 dBFS
[Parsed_ebur128_0 @ 0x148e05970] t: 303.199979 TARGET:-23 LUFS    M:   nan S:   nan     I: -32.7 LUFS       LRA:   8.4 LU  FTPK:  -inf  -inf dBFS  TPK: -15.2 -15.7 dBFS
[Parsed_ebur128_0 @ 0x148e05970] t: 303.299979 TARGET:-23 LUFS    M:   nan S:   nan     I: -32.7 LUFS       LRA:   8.4 LU  FTPK:  -inf  -inf dBFS  TPK: -15.2 -15.7 dBFS
[Parsed_ebur128_0 @ 0x148e05970] t: 303.399979 TARGET:-23 LUFS    M:   nan S:   nan     I: -32.7 LUFS       LRA:   8.4 LU  FTPK:  -inf  -inf dBFS  TPK: -15.2 -15.7 dBFS
[Parsed_ebur128_0 @ 0x148e05970] t: 303.499979 TARGET:-23 LUFS    M:   nan S:   nan     I: -32.7 LUFS       LRA:   8.4 LU  FTPK:  -inf  -inf dBFS  TPK: -15.2 -15.7 dBFS
[Parsed_ebur128_0 @ 0x148e05970] t: 303.599979 TARGET:-23 LUFS    M:   nan S:   nan     I: -32.7 LUFS       LRA:   8.4 LU  FTPK:  -inf  -inf dBFS  TPK: -15.2 -15.7 dBFS
[Parsed_ebur128_0 @ 0x148e05970] t: 303.699979 TARGET:-23 LUFS    M:   nan S:   nan     I: -32.7 LUFS       LRA:   8.4 LU  FTPK:  -inf  -inf dBFS  TPK: -15.2 -15.7 dBFS
[Parsed_ebur128_0 @ 0x148e05970] t: 303.799979 TARGET:-23 LUFS    M:   nan S:   nan     I: -32.7 LUFS       LRA:   8.4 LU  FTPK:  -inf  -inf dBFS  TPK: -15.2 -15.7 dBFS
[Parsed_ebur128_0 @ 0x148e05970] t: 303.899979 TARGET:-23 LUFS    M:   nan S:   nan     I: -32.7 LUFS       LRA:   8.4 LU  FTPK:  -inf  -inf dBFS  TPK: -15.2 -15.7 dBFS
[Parsed_ebur128_0 @ 0x148e05970] t: 303.999979 TARGET:-23 LUFS    M:   nan S:   nan     I: -32.7 LUFS       LRA:   8.4 LU  FTPK:  -inf  -inf dBFS  TPK: -15.2 -15.7 dBFS
[Parsed_ebur128_0 @ 0x148e05970] t: 304.099979 TARGET:-23 LUFS    M:   nan S:   nan     I: -32.7 LUFS       LRA:   8.4 LU  FTPK:  -inf  -inf dBFS  TPK: -15.2 -15.7 dBFS
[Parsed_ebur128_0 @ 0x148e05970] t: 304.199979 TARGET:-23 LUFS    M:   nan S:   nan     I: -32.7 LUFS       LRA:   8.4 LU  FTPK:  -inf  -inf dBFS  TPK: -15.2 -15.7 dBFS
[Parsed_ebur128_0 @ 0x148e05970] t: 304.299979 TARGET:-23 LUFS    M:   nan S:   nan     I: -32.7 LUFS       LRA:   8.4 LU  FTPK:  -inf  -inf dBFS  TPK: -15.2 -15.7 dBFS
[Parsed_ebur128_0 @ 0x148e05970] t: 304.399979 TARGET:-23 LUFS    M:   nan S:   nan     I: -32.7 LUFS       LRA:   8.4 LU  FTPK:  -inf  -inf dBFS  TPK: -15.2 -15.7 dBFS
[Parsed_ebur128_0 @ 0x148e05970] t: 304.499979 TARGET:-23 LUFS    M:   nan S:   nan     I: -32.7 LUFS       LRA:   8.4 LU  FTPK:  -inf  -inf dBFS  TPK: -15.2 -15.7 dBFS
[Parsed_ebur128_0 @ 0x148e05970] t: 304.599979 TARGET:-23 LUFS    M:   nan S:   nan     I: -32.7 LUFS       LRA:   8.4 LU  FTPK:  -inf  -inf dBFS  TPK: -15.2 -15.7 dBFS
[Parsed_ebur128_0 @ 0x148e05970] t: 304.699979 TARGET:-23 LUFS    M:   nan S:   nan     I: -32.7 LUFS       LRA:   8.4 LU  FTPK:  -inf  -inf dBFS  TPK: -15.2 -15.7 dBFS
[Parsed_ebur128_0 @ 0x148e05970] t: 304.799979 TARGET:-23 LUFS    M:   nan S:   nan     I: -32.7 LUFS       LRA:   8.4 LU  FTPK:  -inf  -inf dBFS  TPK: -15.2 -15.7 dBFS
[Parsed_ebur128_0 @ 0x148e05970] t: 304.899979 TARGET:-23 LUFS    M:   nan S:   nan     I: -32.7 LUFS       LRA:   8.4 LU  FTPK:  -inf  -inf dBFS  TPK: -15.2 -15.7 dBFS
[Parsed_ebur128_0 @ 0x148e05970] t: 304.999979 TARGET:-23 LUFS    M:   nan S:   nan     I: -32.7 LUFS       LRA:   8.4 LU  FTPK:  -inf  -inf dBFS  TPK: -15.2 -15.7 dBFS
[Parsed_ebur128_0 @ 0x148e05970] t: 305.099979 TARGET:-23 LUFS    M:   nan S:   nan     I: -32.7 LUFS       LRA:   8.4 LU  FTPK:  -inf  -inf dBFS  TPK: -15.2 -15.7 dBFS
[Parsed_ebur128_0 @ 0x148e05970] t: 305.199979 TARGET:-23 LUFS    M:   nan S:   nan     I: -32.7 LUFS       LRA:   8.4 LU  FTPK:  -inf  -inf dBFS  TPK: -15.2 -15.7 dBFS
[Parsed_ebur128_0 @ 0x148e05970] t: 305.299979 TARGET:-23 LUFS    M:   nan S:   nan     I: -32.7 LUFS       LRA:   8.4 LU  FTPK:  -inf  -inf dBFS  TPK: -15.2 -15.7 dBFS
[Parsed_ebur128_0 @ 0x148e05970] t: 305.399979 TARGET:-23 LUFS    M:   nan S:   nan     I: -32.7 LUFS       LRA:   8.4 LU  FTPK:  -inf  -inf dBFS  TPK: -15.2 -15.7 dBFS
[Parsed_ebur128_0 @ 0x148e05970] t: 305.499979 TARGET:-23 LUFS    M: -36.1 S: -44.9     I: -32.7 LUFS       LRA:   8.5 LU  FTPK: -15.7 -15.7 dBFS  TPK: -15.2 -15.7 dBFS
[Parsed_ebur128_0 @ 0x148e05970] t: 305.599979 TARGET:-23 LUFS    M: -36.0 S: -44.8     I: -32.7 LUFS       LRA:   8.6 LU  FTPK: -37.7 -37.7 dBFS  TPK: -15.2 -15.7 dBFS
[Parsed_ebur128_0 @ 0x148e05970] t: 305.699979 TARGET:-23 LUFS    M: -36.0 S: -44.8     I: -32.7 LUFS       LRA:   8.6 LU  FTPK: -178.6 -178.6 dBFS  TPK: -15.2 -15.7 dBFS
[Parsed_ebur128_0 @ 0x148e05970] t: 305.799979 TARGET:-23 LUFS    M: -36.0 S: -44.8     I: -32.7 LUFS       LRA:   8.6 LU  FTPK:  -inf  -inf dBFS  TPK: -15.2 -15.7 dBFS
[Parsed_ebur128_0 @ 0x148e05970] t: 305.899979 TARGET:-23 LUFS    M: -35.7 S: -41.6     I: -32.7 LUFS       LRA:   8.6 LU  FTPK: -17.8 -17.8 dBFS  TPK: -15.2 -15.7 dBFS
[Parsed_ebur128_0 @ 0x148e05970] t: 305.999979 TARGET:-23 LUFS    M: -30.6 S: -38.2     I: -32.7 LUFS       LRA:   8.6 LU  FTPK: -18.5 -18.5 dBFS  TPK: -15.2 -15.7 dBFS
[Parsed_ebur128_0 @ 0x148e05970] t: 306.099979 TARGET:-23 LUFS    M: -29.8 S: -37.7     I: -32.7 LUFS       LRA:   8.6 LU  FTPK: -21.3 -21.3 dBFS  TPK: -15.2 -15.7 dBFS
[Parsed_ebur128_0 @ 0x148e05970] t: 306.199979 TARGET:-23 LUFS    M: -29.8 S: -37.7     I: -32.7 LUFS       LRA:   8.6 LU  FTPK:  -inf  -inf dBFS  TPK: -15.2 -15.7 dBFS
[Parsed_ebur128_0 @ 0x148e05970] t: 306.299979 TARGET:-23 LUFS    M: -31.1 S: -37.7     I: -32.7 LUFS       LRA:   8.6 LU  FTPK:  -inf  -inf dBFS  TPK: -15.2 -15.7 dBFS
[Parsed_ebur128_0 @ 0x148e05970] t: 306.399979 TARGET:-23 LUFS    M: -38.0 S: -37.7     I: -32.7 LUFS       LRA:   8.6 LU  FTPK:  -inf  -inf dBFS  TPK: -15.2 -15.7 dBFS
[Parsed_ebur128_0 @ 0x148e05970] t: 306.499979 TARGET:-23 LUFS    M:   nan S: -37.7     I: -32.7 LUFS       LRA:   8.6 LU  FTPK:  -inf  -inf dBFS  TPK: -15.2 -15.7 dBFS
[Parsed_ebur128_0 @ 0x148e05970] t: 306.599979 TARGET:-23 LUFS    M:   nan S: -37.7     I: -32.7 LUFS       LRA:   8.6 LU  FTPK:  -inf  -inf dBFS  TPK: -15.2 -15.7 dBFS
[Parsed_ebur128_0 @ 0x148e05970] t: 306.699979 TARGET:-23 LUFS    M:   nan S: -37.7     I: -32.7 LUFS       LRA:   8.6 LU  FTPK:  -inf  -inf dBFS  TPK: -15.2 -15.7 dBFS
[Parsed_ebur128_0 @ 0x148e05970] t: 306.799979 TARGET:-23 LUFS    M:   nan S: -37.7     I: -32.7 LUFS       LRA:   8.6 LU  FTPK:  -inf  -inf dBFS  TPK: -15.2 -15.7 dBFS
[Parsed_ebur128_0 @ 0x148e05970] t: 306.899979 TARGET:-23 LUFS    M:   nan S: -37.7     I: -32.7 LUFS       LRA:   8.6 LU  FTPK:  -inf  -inf dBFS  TPK: -15.2 -15.7 dBFS
[Parsed_ebur128_0 @ 0x148e05970] t: 306.999979 TARGET:-23 LUFS    M:   nan S: -37.7     I: -32.7 LUFS       LRA:   8.6 LU  FTPK:  -inf  -inf dBFS  TPK: -15.2 -15.7 dBFS
[Parsed_ebur128_0 @ 0x148e05970] t: 307.099979 TARGET:-23 LUFS    M:   nan S: -37.7     I: -32.7 LUFS       LRA:   8.6 LU  FTPK:  -inf  -inf dBFS  TPK: -15.2 -15.7 dBFS
[Parsed_ebur128_0 @ 0x148e05970] t: 307.199979 TARGET:-23 LUFS    M:   nan S: -37.7     I: -32.7 LUFS       LRA:   8.6 LU  FTPK:  -inf  -inf dBFS  TPK: -15.2 -15.7 dBFS
[Parsed_ebur128_0 @ 0x148e05970] t: 307.299979 TARGET:-23 LUFS    M:   nan S: -37.7     I: -32.7 LUFS       LRA:   8.6 LU  FTPK:  -inf  -inf dBFS  TPK: -15.2 -15.7 dBFS
[Parsed_ebur128_0 @ 0x148e05970] t: 307.399979 TARGET:-23 LUFS    M:   nan S: -37.7     I: -32.7 LUFS       LRA:   8.6 LU  FTPK:  -inf  -inf dBFS  TPK: -15.2 -15.7 dBFS
[Parsed_ebur128_0 @ 0x148e05970] t: 307.499979 TARGET:-23 LUFS    M:   nan S: -37.7     I: -32.7 LUFS       LRA:   8.6 LU  FTPK:  -inf  -inf dBFS  TPK: -15.2 -15.7 dBFS
[Parsed_ebur128_0 @ 0x148e05970] t: 307.599979 TARGET:-23 LUFS    M:   nan S: -37.7     I: -32.7 LUFS       LRA:   8.6 LU  FTPK:  -inf  -inf dBFS  TPK: -15.2 -15.7 dBFS
[Parsed_ebur128_0 @ 0x148e05970] t: 307.699979 TARGET:-23 LUFS    M:   nan S: -37.7     I: -32.7 LUFS       LRA:   8.6 LU  FTPK:  -inf  -inf dBFS  TPK: -15.2 -15.7 dBFS
[Parsed_ebur128_0 @ 0x148e05970] t: 307.799979 TARGET:-23 LUFS    M:   nan S: -37.7     I: -32.7 LUFS       LRA:   8.5 LU  FTPK:  -inf  -inf dBFS  TPK: -15.2 -15.7 dBFS
[Parsed_ebur128_0 @ 0x148e05970] t: 307.899979 TARGET:-23 LUFS    M:   nan S: -37.7     I: -32.7 LUFS       LRA:   8.5 LU  FTPK:  -inf  -inf dBFS  TPK: -15.2 -15.7 dBFS
[Parsed_ebur128_0 @ 0x148e05970] t: 307.999979 TARGET:-23 LUFS    M:   nan S: -37.7     I: -32.7 LUFS       LRA:   8.5 LU  FTPK:  -inf  -inf dBFS  TPK: -15.2 -15.7 dBFS
[Parsed_ebur128_0 @ 0x148e05970] t: 308.099979 TARGET:-23 LUFS    M:   nan S: -37.7     I: -32.7 LUFS       LRA:   8.5 LU  FTPK:  -inf  -inf dBFS  TPK: -15.2 -15.7 dBFS
[Parsed_ebur128_0 @ 0x148e05970] t: 308.199979 TARGET:-23 LUFS    M:   nan S: -37.7     I: -32.7 LUFS       LRA:   8.5 LU  FTPK:  -inf  -inf dBFS  TPK: -15.2 -15.7 dBFS
[Parsed_ebur128_0 @ 0x148e05970] t: 308.299979 TARGET:-23 LUFS    M:   nan S: -37.7     I: -32.7 LUFS       LRA:   8.5 LU  FTPK:  -inf  -inf dBFS  TPK: -15.2 -15.7 dBFS
[Parsed_ebur128_0 @ 0x148e05970] t: 308.399979 TARGET:-23 LUFS    M:   nan S: -37.7     I: -32.7 LUFS       LRA:   8.5 LU  FTPK:  -inf  -inf dBFS  TPK: -15.2 -15.7 dBFS
[Parsed_ebur128_0 @ 0x148e05970] t: 308.499979 TARGET:-23 LUFS    M:   nan S: -38.6     I: -32.7 LUFS       LRA:   8.5 LU  FTPK:  -inf  -inf dBFS  TPK: -15.2 -15.7 dBFS
[Parsed_ebur128_0 @ 0x148e05970] t: 308.599979 TARGET:-23 LUFS    M:   nan S: -38.6     I: -32.7 LUFS       LRA:   8.5 LU  FTPK:  -inf  -inf dBFS  TPK: -15.2 -15.7 dBFS
[Parsed_ebur128_0 @ 0x148e05970] t: 308.699979 TARGET:-23 LUFS    M:   nan S: -38.6     I: -32.7 LUFS       LRA:   8.5 LU  FTPK:  -inf  -inf dBFS  TPK: -15.2 -15.7 dBFS
[Parsed_ebur128_0 @ 0x148e05970] t: 308.799979 TARGET:-23 LUFS    M:   nan S: -38.6     I: -32.7 LUFS       LRA:   8.4 LU  FTPK:  -inf  -inf dBFS  TPK: -15.2 -15.7 dBFS
[Parsed_ebur128_0 @ 0x148e05970] t: 308.899979 TARGET:-23 LUFS    M:   nan S: -39.9     I: -32.7 LUFS       LRA:   8.4 LU  FTPK:  -inf  -inf dBFS  TPK: -15.2 -15.7 dBFS
[Parsed_ebur128_0 @ 0x148e05970] t: 308.999979 TARGET:-23 LUFS    M:   nan S: -46.7     I: -32.7 LUFS       LRA:   8.5 LU  FTPK:  -inf  -inf dBFS  TPK: -15.2 -15.7 dBFS
[Parsed_ebur128_0 @ 0x148e05970] t: 309.099979 TARGET:-23 LUFS    M:   nan S:   nan     I: -32.7 LUFS       LRA:   8.5 LU  FTPK:  -inf  -inf dBFS  TPK: -15.2 -15.7 dBFS
[Parsed_ebur128_0 @ 0x148e05970] t: 309.199979 TARGET:-23 LUFS    M:   nan S:   nan     I: -32.7 LUFS       LRA:   8.5 LU  FTPK:  -inf  -inf dBFS  TPK: -15.2 -15.7 dBFS
[Parsed_ebur128_0 @ 0x148e05970] t: 309.299979 TARGET:-23 LUFS    M:   nan S:   nan     I: -32.7 LUFS       LRA:   8.5 LU  FTPK:  -inf  -inf dBFS  TPK: -15.2 -15.7 dBFS
[Parsed_ebur128_0 @ 0x148e05970] t: 309.399979 TARGET:-23 LUFS    M:   nan S:   nan     I: -32.7 LUFS       LRA:   8.5 LU  FTPK:  -inf  -inf dBFS  TPK: -15.2 -15.7 dBFS
[Parsed_ebur128_0 @ 0x148e05970] t: 309.499979 TARGET:-23 LUFS    M:   nan S:   nan     I: -32.7 LUFS       LRA:   8.5 LU  FTPK:  -inf  -inf dBFS  TPK: -15.2 -15.7 dBFS
[Parsed_ebur128_0 @ 0x148e05970] t: 309.599979 TARGET:-23 LUFS    M:   nan S:   nan     I: -32.7 LUFS       LRA:   8.5 LU  FTPK:  -inf  -inf dBFS  TPK: -15.2 -15.7 dBFS
[Parsed_ebur128_0 @ 0x148e05970] t: 309.699979 TARGET:-23 LUFS    M:   nan S:   nan     I: -32.7 LUFS       LRA:   8.5 LU  FTPK:  -inf  -inf dBFS  TPK: -15.2 -15.7 dBFS
[Parsed_ebur128_0 @ 0x148e05970] t: 309.799979 TARGET:-23 LUFS    M:   nan S:   nan     I: -32.7 LUFS       LRA:   8.5 LU  FTPK:  -inf  -inf dBFS  TPK: -15.2 -15.7 dBFS
[Parsed_ebur128_0 @ 0x148e05970] t: 309.899979 TARGET:-23 LUFS    M:   nan S:   nan     I: -32.7 LUFS       LRA:   8.5 LU  FTPK:  -inf  -inf dBFS  TPK: -15.2 -15.7 dBFS
[Parsed_ebur128_0 @ 0x148e05970] t: 309.999979 TARGET:-23 LUFS    M:   nan S:   nan     I: -32.7 LUFS       LRA:   8.5 LU  FTPK:  -inf  -inf dBFS  TPK: -15.2 -15.7 dBFS
[Parsed_ebur128_0 @ 0x148e05970] t: 310.099979 TARGET:-23 LUFS    M:   nan S:   nan     I: -32.7 LUFS       LRA:   8.5 LU  FTPK:  -inf  -inf dBFS  TPK: -15.2 -15.7 dBFS
[Parsed_ebur128_0 @ 0x148e05970] t: 310.199979 TARGET:-23 LUFS    M:   nan S:   nan     I: -32.7 LUFS       LRA:   8.5 LU  FTPK:  -inf  -inf dBFS  TPK: -15.2 -15.7 dBFS
[Parsed_ebur128_0 @ 0x148e05970] t: 310.299979 TARGET:-23 LUFS    M:   nan S:   nan     I: -32.7 LUFS       LRA:   8.5 LU  FTPK:  -inf  -inf dBFS  TPK: -15.2 -15.7 dBFS
[Parsed_ebur128_0 @ 0x148e05970] t: 310.399979 TARGET:-23 LUFS    M:   nan S:   nan     I: -32.7 LUFS       LRA:   8.5 LU  FTPK:  -inf  -inf dBFS  TPK: -15.2 -15.7 dBFS
[Parsed_ebur128_0 @ 0x148e05970] t: 310.499979 TARGET:-23 LUFS    M:   nan S:   nan     I: -32.7 LUFS       LRA:   8.5 LU  FTPK:  -inf  -inf dBFS  TPK: -15.2 -15.7 dBFS
[Parsed_ebur128_0 @ 0x148e05970] t: 310.599979 TARGET:-23 LUFS    M:   nan S:   nan     I: -32.7 LUFS       LRA:   8.5 LU  FTPK:  -inf  -inf dBFS  TPK: -15.2 -15.7 dBFS
[Parsed_ebur128_0 @ 0x148e05970] t: 310.699979 TARGET:-23 LUFS    M:   nan S:   nan     I: -32.7 LUFS       LRA:   8.5 LU  FTPK:  -inf  -inf dBFS  TPK: -15.2 -15.7 dBFS
[Parsed_ebur128_0 @ 0x148e05970] t: 310.799979 TARGET:-23 LUFS    M:   nan S:   nan     I: -32.7 LUFS       LRA:   8.5 LU  FTPK:  -inf  -inf dBFS  TPK: -15.2 -15.7 dBFS
[Parsed_ebur128_0 @ 0x148e05970] t: 310.899979 TARGET:-23 LUFS    M:   nan S:   nan     I: -32.7 LUFS       LRA:   8.5 LU  FTPK:  -inf  -inf dBFS  TPK: -15.2 -15.7 dBFS
[Parsed_ebur128_0 @ 0x148e05970] t: 310.999979 TARGET:-23 LUFS    M:   nan S:   nan     I: -32.7 LUFS       LRA:   8.5 LU  FTPK:  -inf  -inf dBFS  TPK: -15.2 -15.7 dBFS
[Parsed_ebur128_0 @ 0x148e05970] t: 311.099979 TARGET:-23 LUFS    M:   nan S:   nan     I: -32.7 LUFS       LRA:   8.5 LU  FTPK:  -inf  -inf dBFS  TPK: -15.2 -15.7 dBFS
[Parsed_ebur128_0 @ 0x148e05970] t: 311.199979 TARGET:-23 LUFS    M:   nan S:   nan     I: -32.7 LUFS       LRA:   8.5 LU  FTPK:  -inf  -inf dBFS  TPK: -15.2 -15.7 dBFS
[Parsed_ebur128_0 @ 0x148e05970] t: 311.299979 TARGET:-23 LUFS    M:   nan S:   nan     I: -32.7 LUFS       LRA:   8.5 LU  FTPK:  -inf  -inf dBFS  TPK: -15.2 -15.7 dBFS
[Parsed_ebur128_0 @ 0x148e05970] t: 311.399979 TARGET:-23 LUFS    M:   nan S:   nan     I: -32.7 LUFS       LRA:   8.5 LU  FTPK:  -inf  -inf dBFS  TPK: -15.2 -15.7 dBFS
[Parsed_ebur128_0 @ 0x148e05970] t: 311.499979 TARGET:-23 LUFS    M:   nan S:   nan     I: -32.7 LUFS       LRA:   8.5 LU  FTPK:  -inf  -inf dBFS  TPK: -15.2 -15.7 dBFS
[Parsed_ebur128_0 @ 0x148e05970] t: 311.599979 TARGET:-23 LUFS    M:   nan S:   nan     I: -32.7 LUFS       LRA:   8.5 LU  FTPK:  -inf  -inf dBFS  TPK: -15.2 -15.7 dBFS
[Parsed_ebur128_0 @ 0x148e05970] t: 311.699979 TARGET:-23 LUFS    M:   nan S:   nan     I: -32.7 LUFS       LRA:   8.5 LU  FTPK:  -inf  -inf dBFS  TPK: -15.2 -15.7 dBFS
[Parsed_ebur128_0 @ 0x148e05970] t: 311.799979 TARGET:-23 LUFS    M:   nan S:   nan     I: -32.7 LUFS       LRA:   8.5 LU  FTPK:  -inf  -inf dBFS  TPK: -15.2 -15.7 dBFS
[Parsed_ebur128_0 @ 0x148e05970] t: 311.899979 TARGET:-23 LUFS    M:   nan S:   nan     I: -32.7 LUFS       LRA:   8.5 LU  FTPK:  -inf  -inf dBFS  TPK: -15.2 -15.7 dBFS
[Parsed_ebur128_0 @ 0x148e05970] t: 311.999979 TARGET:-23 LUFS    M:   nan S:   nan     I: -32.7 LUFS       LRA:   8.5 LU  FTPK:  -inf  -inf dBFS  TPK: -15.2 -15.7 dBFS
[Parsed_ebur128_0 @ 0x148e05970] t: 312.099979 TARGET:-23 LUFS    M:   nan S:   nan     I: -32.7 LUFS       LRA:   8.5 LU  FTPK:  -inf  -inf dBFS  TPK: -15.2 -15.7 dBFS
[Parsed_ebur128_0 @ 0x148e05970] t: 312.199979 TARGET:-23 LUFS    M:   nan S:   nan     I: -32.7 LUFS       LRA:   8.5 LU  FTPK:  -inf  -inf dBFS  TPK: -15.2 -15.7 dBFS
[Parsed_ebur128_0 @ 0x148e05970] t: 312.299979 TARGET:-23 LUFS    M:   nan S:   nan     I: -32.7 LUFS       LRA:   8.5 LU  FTPK:  -inf  -inf dBFS  TPK: -15.2 -15.7 dBFS
[Parsed_ebur128_0 @ 0x148e05970] t: 312.399979 TARGET:-23 LUFS    M:   nan S:   nan     I: -32.7 LUFS       LRA:   8.5 LU  FTPK:  -inf  -inf dBFS  TPK: -15.2 -15.7 dBFS
[Parsed_ebur128_0 @ 0x148e05970] t: 312.499979 TARGET:-23 LUFS    M:   nan S:   nan     I: -32.7 LUFS       LRA:   8.5 LU  FTPK:  -inf  -inf dBFS  TPK: -15.2 -15.7 dBFS
[Parsed_ebur128_0 @ 0x148e05970] t: 312.599979 TARGET:-23 LUFS    M:   nan S:   nan     I: -32.7 LUFS       LRA:   8.5 LU  FTPK:  -inf  -inf dBFS  TPK: -15.2 -15.7 dBFS
[Parsed_ebur128_0 @ 0x148e05970] t: 312.699979 TARGET:-23 LUFS    M:   nan S:   nan     I: -32.7 LUFS       LRA:   8.5 LU  FTPK:  -inf  -inf dBFS  TPK: -15.2 -15.7 dBFS
[Parsed_ebur128_0 @ 0x148e05970] t: 312.799979 TARGET:-23 LUFS    M:   nan S:   nan     I: -32.7 LUFS       LRA:   8.5 LU  FTPK:  -inf  -inf dBFS  TPK: -15.2 -15.7 dBFS
[Parsed_ebur128_0 @ 0x148e05970] t: 312.899979 TARGET:-23 LUFS    M:   nan S:   nan     I: -32.7 LUFS       LRA:   8.5 LU  FTPK:  -inf  -inf dBFS  TPK: -15.2 -15.7 dBFS
[Parsed_ebur128_0 @ 0x148e05970] t: 312.999979 TARGET:-23 LUFS    M:   nan S:   nan     I: -32.7 LUFS       LRA:   8.5 LU  FTPK:  -inf  -inf dBFS  TPK: -15.2 -15.7 dBFS
[Parsed_ebur128_0 @ 0x148e05970] t: 313.099979 TARGET:-23 LUFS    M:   nan S:   nan     I: -32.7 LUFS       LRA:   8.5 LU  FTPK:  -inf  -inf dBFS  TPK: -15.2 -15.7 dBFS
[Parsed_ebur128_0 @ 0x148e05970] t: 313.199979 TARGET:-23 LUFS    M:   nan S:   nan     I: -32.7 LUFS       LRA:   8.5 LU  FTPK:  -inf  -inf dBFS  TPK: -15.2 -15.7 dBFS
[Parsed_ebur128_0 @ 0x148e05970] t: 313.299979 TARGET:-23 LUFS    M:   nan S:   nan     I: -32.7 LUFS       LRA:   8.5 LU  FTPK:  -inf  -inf dBFS  TPK: -15.2 -15.7 dBFS
[Parsed_ebur128_0 @ 0x148e05970] t: 313.399979 TARGET:-23 LUFS    M:   nan S:   nan     I: -32.7 LUFS       LRA:   8.5 LU  FTPK:  -inf  -inf dBFS  TPK: -15.2 -15.7 dBFS
[Parsed_ebur128_0 @ 0x148e05970] t: 313.499979 TARGET:-23 LUFS    M:   nan S:   nan     I: -32.7 LUFS       LRA:   8.5 LU  FTPK:  -inf  -inf dBFS  TPK: -15.2 -15.7 dBFS
[Parsed_ebur128_0 @ 0x148e05970] t: 313.599979 TARGET:-23 LUFS    M:   nan S:   nan     I: -32.7 LUFS       LRA:   8.5 LU  FTPK:  -inf  -inf dBFS  TPK: -15.2 -15.7 dBFS
[Parsed_ebur128_0 @ 0x148e05970] t: 313.699979 TARGET:-23 LUFS    M:   nan S:   nan     I: -32.7 LUFS       LRA:   8.5 LU  FTPK:  -inf  -inf dBFS  TPK: -15.2 -15.7 dBFS
[Parsed_ebur128_0 @ 0x148e05970] t: 313.799979 TARGET:-23 LUFS    M:   nan S:   nan     I: -32.7 LUFS       LRA:   8.5 LU  FTPK:  -inf  -inf dBFS  TPK: -15.2 -15.7 dBFS
[Parsed_ebur128_0 @ 0x148e05970] t: 313.899979 TARGET:-23 LUFS    M:   nan S:   nan     I: -32.7 LUFS       LRA:   8.5 LU  FTPK:  -inf  -inf dBFS  TPK: -15.2 -15.7 dBFS
[Parsed_ebur128_0 @ 0x148e05970] t: 313.999979 TARGET:-23 LUFS    M:   nan S:   nan     I: -32.7 LUFS       LRA:   8.5 LU  FTPK:  -inf  -inf dBFS  TPK: -15.2 -15.7 dBFS
[Parsed_ebur128_0 @ 0x148e05970] t: 314.099979 TARGET:-23 LUFS    M:   nan S:   nan     I: -32.7 LUFS       LRA:   8.5 LU  FTPK:  -inf  -inf dBFS  TPK: -15.2 -15.7 dBFS
[Parsed_ebur128_0 @ 0x148e05970] t: 314.199979 TARGET:-23 LUFS    M:   nan S:   nan     I: -32.7 LUFS       LRA:   8.5 LU  FTPK:  -inf  -inf dBFS  TPK: -15.2 -15.7 dBFS
[Parsed_ebur128_0 @ 0x148e05970] t: 314.299979 TARGET:-23 LUFS    M:   nan S:   nan     I: -32.7 LUFS       LRA:   8.5 LU  FTPK:  -inf  -inf dBFS  TPK: -15.2 -15.7 dBFS
[Parsed_ebur128_0 @ 0x148e05970] t: 314.399979 TARGET:-23 LUFS    M:   nan S:   nan     I: -32.7 LUFS       LRA:   8.5 LU  FTPK:  -inf  -inf dBFS  TPK: -15.2 -15.7 dBFS
[Parsed_ebur128_0 @ 0x148e05970] t: 314.499979 TARGET:-23 LUFS    M:   nan S:   nan     I: -32.7 LUFS       LRA:   8.5 LU  FTPK:  -inf  -inf dBFS  TPK: -15.2 -15.7 dBFS
[Parsed_ebur128_0 @ 0x148e05970] t: 314.599979 TARGET:-23 LUFS    M:   nan S:   nan     I: -32.7 LUFS       LRA:   8.5 LU  FTPK:  -inf  -inf dBFS  TPK: -15.2 -15.7 dBFS
[Parsed_ebur128_0 @ 0x148e05970] t: 314.699979 TARGET:-23 LUFS    M:   nan S:   nan     I: -32.7 LUFS       LRA:   8.5 LU  FTPK:  -inf  -inf dBFS  TPK: -15.2 -15.7 dBFS
[Parsed_ebur128_0 @ 0x148e05970] t: 314.799979 TARGET:-23 LUFS    M:   nan S:   nan     I: -32.7 LUFS       LRA:   8.5 LU  FTPK:  -inf  -inf dBFS  TPK: -15.2 -15.7 dBFS
[Parsed_ebur128_0 @ 0x148e05970] t: 314.899979 TARGET:-23 LUFS    M:   nan S:   nan     I: -32.7 LUFS       LRA:   8.5 LU  FTPK:  -inf  -inf dBFS  TPK: -15.2 -15.7 dBFS
[Parsed_ebur128_0 @ 0x148e05970] t: 314.999979 TARGET:-23 LUFS    M:   nan S:   nan     I: -32.7 LUFS       LRA:   8.5 LU  FTPK:  -inf  -inf dBFS  TPK: -15.2 -15.7 dBFS
[Parsed_ebur128_0 @ 0x148e05970] t: 315.099979 TARGET:-23 LUFS    M:   nan S:   nan     I: -32.7 LUFS       LRA:   8.5 LU  FTPK:  -inf  -inf dBFS  TPK: -15.2 -15.7 dBFS
[Parsed_ebur128_0 @ 0x148e05970] t: 315.199979 TARGET:-23 LUFS    M:   nan S:   nan     I: -32.7 LUFS       LRA:   8.5 LU  FTPK:  -inf  -inf dBFS  TPK: -15.2 -15.7 dBFS
[Parsed_ebur128_0 @ 0x148e05970] t: 315.299979 TARGET:-23 LUFS    M:   nan S:   nan     I: -32.7 LUFS       LRA:   8.5 LU  FTPK:  -inf  -inf dBFS  TPK: -15.2 -15.7 dBFS
[Parsed_ebur128_0 @ 0x148e05970] t: 315.399979 TARGET:-23 LUFS    M:   nan S:   nan     I: -32.7 LUFS       LRA:   8.5 LU  FTPK:  -inf  -inf dBFS  TPK: -15.2 -15.7 dBFS
[Parsed_ebur128_0 @ 0x148e05970] t: 315.499979 TARGET:-23 LUFS    M:   nan S:   nan     I: -32.7 LUFS       LRA:   8.5 LU  FTPK:  -inf  -inf dBFS  TPK: -15.2 -15.7 dBFS
[Parsed_ebur128_0 @ 0x148e05970] t: 315.599979 TARGET:-23 LUFS    M:   nan S:   nan     I: -32.7 LUFS       LRA:   8.5 LU  FTPK:  -inf  -inf dBFS  TPK: -15.2 -15.7 dBFS
[Parsed_ebur128_0 @ 0x148e05970] t: 315.699979 TARGET:-23 LUFS    M:   nan S:   nan     I: -32.7 LUFS       LRA:   8.5 LU  FTPK:  -inf  -inf dBFS  TPK: -15.2 -15.7 dBFS
[Parsed_ebur128_0 @ 0x148e05970] t: 315.799979 TARGET:-23 LUFS    M:   nan S:   nan     I: -32.7 LUFS       LRA:   8.5 LU  FTPK:  -inf  -inf dBFS  TPK: -15.2 -15.7 dBFS
[Parsed_ebur128_0 @ 0x148e05970] t: 315.899979 TARGET:-23 LUFS    M:   nan S:   nan     I: -32.7 LUFS       LRA:   8.5 LU  FTPK:  -inf  -inf dBFS  TPK: -15.2 -15.7 dBFS
[Parsed_ebur128_0 @ 0x148e05970] t: 315.999979 TARGET:-23 LUFS    M:   nan S:   nan     I: -32.7 LUFS       LRA:   8.5 LU  FTPK:  -inf  -inf dBFS  TPK: -15.2 -15.7 dBFS
[Parsed_ebur128_0 @ 0x148e05970] t: 316.099979 TARGET:-23 LUFS    M:   nan S:   nan     I: -32.7 LUFS       LRA:   8.5 LU  FTPK:  -inf  -inf dBFS  TPK: -15.2 -15.7 dBFS
[Parsed_ebur128_0 @ 0x148e05970] t: 316.199979 TARGET:-23 LUFS    M:   nan S:   nan     I: -32.7 LUFS       LRA:   8.5 LU  FTPK:  -inf  -inf dBFS  TPK: -15.2 -15.7 dBFS
[Parsed_ebur128_0 @ 0x148e05970] t: 316.299979 TARGET:-23 LUFS    M:   nan S:   nan     I: -32.7 LUFS       LRA:   8.5 LU  FTPK:  -inf  -inf dBFS  TPK: -15.2 -15.7 dBFS
[Parsed_ebur128_0 @ 0x148e05970] t: 316.399979 TARGET:-23 LUFS    M:   nan S:   nan     I: -32.7 LUFS       LRA:   8.5 LU  FTPK:  -inf  -inf dBFS  TPK: -15.2 -15.7 dBFS
[Parsed_ebur128_0 @ 0x148e05970] t: 316.499979 TARGET:-23 LUFS    M:   nan S:   nan     I: -32.7 LUFS       LRA:   8.5 LU  FTPK:  -inf  -inf dBFS  TPK: -15.2 -15.7 dBFS
[Parsed_ebur128_0 @ 0x148e05970] t: 316.599979 TARGET:-23 LUFS    M:   nan S:   nan     I: -32.7 LUFS       LRA:   8.5 LU  FTPK:  -inf  -inf dBFS  TPK: -15.2 -15.7 dBFS
[Parsed_ebur128_0 @ 0x148e05970] t: 316.699979 TARGET:-23 LUFS    M:   nan S:   nan     I: -32.7 LUFS       LRA:   8.5 LU  FTPK:  -inf  -inf dBFS  TPK: -15.2 -15.7 dBFS
[Parsed_ebur128_0 @ 0x148e05970] t: 316.799979 TARGET:-23 LUFS    M:   nan S:   nan     I: -32.7 LUFS       LRA:   8.5 LU  FTPK:  -inf  -inf dBFS  TPK: -15.2 -15.7 dBFS
[Parsed_ebur128_0 @ 0x148e05970] t: 316.899979 TARGET:-23 LUFS    M:   nan S:   nan     I: -32.7 LUFS       LRA:   8.5 LU  FTPK:  -inf  -inf dBFS  TPK: -15.2 -15.7 dBFS
[Parsed_ebur128_0 @ 0x148e05970] t: 316.999979 TARGET:-23 LUFS    M:   nan S:   nan     I: -32.7 LUFS       LRA:   8.5 LU  FTPK:  -inf  -inf dBFS  TPK: -15.2 -15.7 dBFS
[Parsed_ebur128_0 @ 0x148e05970] t: 317.099979 TARGET:-23 LUFS    M:   nan S:   nan     I: -32.7 LUFS       LRA:   8.5 LU  FTPK:  -inf  -inf dBFS  TPK: -15.2 -15.7 dBFS
[Parsed_ebur128_0 @ 0x148e05970] t: 317.199979 TARGET:-23 LUFS    M:   nan S:   nan     I: -32.7 LUFS       LRA:   8.5 LU  FTPK:  -inf  -inf dBFS  TPK: -15.2 -15.7 dBFS
[Parsed_ebur128_0 @ 0x148e05970] t: 317.299979 TARGET:-23 LUFS    M:   nan S:   nan     I: -32.7 LUFS       LRA:   8.5 LU  FTPK:  -inf  -inf dBFS  TPK: -15.2 -15.7 dBFS
[Parsed_ebur128_0 @ 0x148e05970] t: 317.399979 TARGET:-23 LUFS    M:   nan S:   nan     I: -32.7 LUFS       LRA:   8.5 LU  FTPK:  -inf  -inf dBFS  TPK: -15.2 -15.7 dBFS
[Parsed_ebur128_0 @ 0x148e05970] t: 317.499979 TARGET:-23 LUFS    M:   nan S:   nan     I: -32.7 LUFS       LRA:   8.5 LU  FTPK:  -inf  -inf dBFS  TPK: -15.2 -15.7 dBFS
[Parsed_ebur128_0 @ 0x148e05970] t: 317.599979 TARGET:-23 LUFS    M:   nan S:   nan     I: -32.7 LUFS       LRA:   8.5 LU  FTPK:  -inf  -inf dBFS  TPK: -15.2 -15.7 dBFS
[Parsed_ebur128_0 @ 0x148e05970] t: 317.699979 TARGET:-23 LUFS    M:   nan S:   nan     I: -32.7 LUFS       LRA:   8.5 LU  FTPK:  -inf  -inf dBFS  TPK: -15.2 -15.7 dBFS
[Parsed_ebur128_0 @ 0x148e05970] t: 317.799979 TARGET:-23 LUFS    M:   nan S:   nan     I: -32.7 LUFS       LRA:   8.5 LU  FTPK:  -inf  -inf dBFS  TPK: -15.2 -15.7 dBFS
[Parsed_ebur128_0 @ 0x148e05970] t: 317.899979 TARGET:-23 LUFS    M:   nan S:   nan     I: -32.7 LUFS       LRA:   8.5 LU  FTPK:  -inf  -inf dBFS  TPK: -15.2 -15.7 dBFS
[Parsed_ebur128_0 @ 0x148e05970] t: 317.999979 TARGET:-23 LUFS    M:   nan S:   nan     I: -32.7 LUFS       LRA:   8.5 LU  FTPK:  -inf  -inf dBFS  TPK: -15.2 -15.7 dBFS
[Parsed_ebur128_0 @ 0x148e05970] t: 318.099979 TARGET:-23 LUFS    M:   nan S:   nan     I: -32.7 LUFS       LRA:   8.5 LU  FTPK:  -inf  -inf dBFS  TPK: -15.2 -15.7 dBFS
[Parsed_ebur128_0 @ 0x148e05970] t: 318.199979 TARGET:-23 LUFS    M:   nan S:   nan     I: -32.7 LUFS       LRA:   8.5 LU  FTPK:  -inf  -inf dBFS  TPK: -15.2 -15.7 dBFS
[Parsed_ebur128_0 @ 0x148e05970] t: 318.299979 TARGET:-23 LUFS    M:   nan S:   nan     I: -32.7 LUFS       LRA:   8.5 LU  FTPK:  -inf  -inf dBFS  TPK: -15.2 -15.7 dBFS
[Parsed_ebur128_0 @ 0x148e05970] t: 318.399979 TARGET:-23 LUFS    M:   nan S:   nan     I: -32.7 LUFS       LRA:   8.5 LU  FTPK:  -inf  -inf dBFS  TPK: -15.2 -15.7 dBFS
[Parsed_ebur128_0 @ 0x148e05970] t: 318.499979 TARGET:-23 LUFS    M:   nan S:   nan     I: -32.7 LUFS       LRA:   8.5 LU  FTPK:  -inf  -inf dBFS  TPK: -15.2 -15.7 dBFS
[Parsed_ebur128_0 @ 0x148e05970] t: 318.599979 TARGET:-23 LUFS    M:-118.9 S:-127.6     I: -32.7 LUFS       LRA:   8.5 LU  FTPK: -89.1 -89.1 dBFS  TPK: -15.2 -15.7 dBFS
[Parsed_ebur128_0 @ 0x148e05970] t: 318.699979 TARGET:-23 LUFS    M: -34.1 S: -42.9     I: -32.7 LUFS       LRA:   8.5 LU  FTPK: -16.9 -16.9 dBFS  TPK: -15.2 -15.7 dBFS
[Parsed_ebur128_0 @ 0x148e05970] t: 318.799979 TARGET:-23 LUFS    M: -34.1 S: -42.9     I: -32.7 LUFS       LRA:   8.5 LU  FTPK: -40.4 -40.4 dBFS  TPK: -15.2 -15.7 dBFS
[Parsed_ebur128_0 @ 0x148e05970] t: 318.899979 TARGET:-23 LUFS    M: -34.1 S: -42.9     I: -32.7 LUFS       LRA:   8.5 LU  FTPK: -135.8 -135.8 dBFS  TPK: -15.2 -15.7 dBFS
[Parsed_ebur128_0 @ 0x148e05970] t: 318.999979 TARGET:-23 LUFS    M: -34.1 S: -42.9     I: -32.7 LUFS       LRA:   8.5 LU  FTPK:  -inf  -inf dBFS  TPK: -15.2 -15.7 dBFS
[Parsed_ebur128_0 @ 0x148e05970] t: 319.099979 TARGET:-23 LUFS    M: -55.7 S: -42.9     I: -32.7 LUFS       LRA:   8.5 LU  FTPK:  -inf  -inf dBFS  TPK: -15.2 -15.7 dBFS
[Parsed_ebur128_0 @ 0x148e05970] t: 319.199979 TARGET:-23 LUFS    M: -35.2 S: -40.4     I: -32.7 LUFS       LRA:   8.5 LU  FTPK: -17.8 -17.8 dBFS  TPK: -15.2 -15.7 dBFS
[Parsed_ebur128_0 @ 0x148e05970] t: 319.299979 TARGET:-23 LUFS    M: -31.1 S: -38.1     I: -32.7 LUFS       LRA:   8.5 LU  FTPK: -18.5 -18.5 dBFS  TPK: -15.2 -15.7 dBFS
[Parsed_ebur128_0 @ 0x148e05970] t: 319.399979 TARGET:-23 LUFS    M: -28.7 S: -36.4     I: -32.7 LUFS       LRA:   8.4 LU  FTPK: -19.8 -19.8 dBFS  TPK: -15.2 -15.7 dBFS
[Parsed_ebur128_0 @ 0x148e05970] t: 319.499979 TARGET:-23 LUFS    M: -28.5 S: -36.2     I: -32.6 LUFS       LRA:   8.4 LU  FTPK: -22.4 -22.4 dBFS  TPK: -15.2 -15.7 dBFS
[Parsed_ebur128_0 @ 0x148e05970] t: 319.599979 TARGET:-23 LUFS    M: -29.6 S: -36.2     I: -32.6 LUFS       LRA:   8.4 LU  FTPK:  -inf  -inf dBFS  TPK: -15.2 -15.7 dBFS
[Parsed_ebur128_0 @ 0x148e05970] t: 319.699979 TARGET:-23 LUFS    M: -32.0 S: -36.2     I: -32.6 LUFS       LRA:   8.4 LU  FTPK:  -inf  -inf dBFS  TPK: -15.2 -15.7 dBFS
[Parsed_ebur128_0 @ 0x148e05970] t: 319.799979 TARGET:-23 LUFS    M: -41.6 S: -36.2     I: -32.6 LUFS       LRA:   8.4 LU  FTPK:  -inf  -inf dBFS  TPK: -15.2 -15.7 dBFS
[Parsed_ebur128_0 @ 0x148e05970] t: 319.899979 TARGET:-23 LUFS    M:   nan S: -36.2     I: -32.6 LUFS       LRA:   8.4 LU  FTPK:  -inf  -inf dBFS  TPK: -15.2 -15.7 dBFS
[Parsed_ebur128_0 @ 0x148e05970] t: 319.999979 TARGET:-23 LUFS    M:   nan S: -36.2     I: -32.6 LUFS       LRA:   8.4 LU  FTPK:  -inf  -inf dBFS  TPK: -15.2 -15.7 dBFS
[Parsed_ebur128_0 @ 0x148e05970] t: 320.099979 TARGET:-23 LUFS    M:   nan S: -36.2     I: -32.6 LUFS       LRA:   8.4 LU  FTPK:  -inf  -inf dBFS  TPK: -15.2 -15.7 dBFS
[Parsed_ebur128_0 @ 0x148e05970] t: 320.199979 TARGET:-23 LUFS    M:   nan S: -36.2     I: -32.6 LUFS       LRA:   8.4 LU  FTPK:  -inf  -inf dBFS  TPK: -15.2 -15.7 dBFS
[Parsed_ebur128_0 @ 0x148e05970] t: 320.299979 TARGET:-23 LUFS    M:   nan S: -36.2     I: -32.6 LUFS       LRA:   8.4 LU  FTPK:  -inf  -inf dBFS  TPK: -15.2 -15.7 dBFS
[Parsed_ebur128_0 @ 0x148e05970] t: 320.399979 TARGET:-23 LUFS    M:   nan S: -36.2     I: -32.6 LUFS       LRA:   8.4 LU  FTPK:  -inf  -inf dBFS  TPK: -15.2 -15.7 dBFS
[Parsed_ebur128_0 @ 0x148e05970] t: 320.499979 TARGET:-23 LUFS    M:   nan S: -36.2     I: -32.6 LUFS       LRA:   8.4 LU  FTPK:  -inf  -inf dBFS  TPK: -15.2 -15.7 dBFS
[Parsed_ebur128_0 @ 0x148e05970] t: 320.599979 TARGET:-23 LUFS    M:   nan S: -36.2     I: -32.6 LUFS       LRA:   8.4 LU  FTPK:  -inf  -inf dBFS  TPK: -15.2 -15.7 dBFS
[Parsed_ebur128_0 @ 0x148e05970] t: 320.699979 TARGET:-23 LUFS    M:   nan S: -36.2     I: -32.6 LUFS       LRA:   8.4 LU  FTPK:  -inf  -inf dBFS  TPK: -15.2 -15.7 dBFS
[Parsed_ebur128_0 @ 0x148e05970] t: 320.799979 TARGET:-23 LUFS    M:   nan S: -36.2     I: -32.6 LUFS       LRA:   8.4 LU  FTPK:  -inf  -inf dBFS  TPK: -15.2 -15.7 dBFS
[Parsed_ebur128_0 @ 0x148e05970] t: 320.899979 TARGET:-23 LUFS    M:   nan S: -36.2     I: -32.6 LUFS       LRA:   8.4 LU  FTPK:  -inf  -inf dBFS  TPK: -15.2 -15.7 dBFS
[Parsed_ebur128_0 @ 0x148e05970] t: 320.999979 TARGET:-23 LUFS    M:   nan S: -36.2     I: -32.6 LUFS       LRA:   8.4 LU  FTPK:  -inf  -inf dBFS  TPK: -15.2 -15.7 dBFS
[Parsed_ebur128_0 @ 0x148e05970] t: 321.099979 TARGET:-23 LUFS    M:   nan S: -36.2     I: -32.6 LUFS       LRA:   8.4 LU  FTPK:  -inf  -inf dBFS  TPK: -15.2 -15.7 dBFS
[Parsed_ebur128_0 @ 0x148e05970] t: 321.199979 TARGET:-23 LUFS    M:   nan S: -36.2     I: -32.6 LUFS       LRA:   8.4 LU  FTPK:  -inf  -inf dBFS  TPK: -15.2 -15.7 dBFS
[Parsed_ebur128_0 @ 0x148e05970] t: 321.299979 TARGET:-23 LUFS    M:   nan S: -36.2     I: -32.6 LUFS       LRA:   8.4 LU  FTPK:  -inf  -inf dBFS  TPK: -15.2 -15.7 dBFS
[Parsed_ebur128_0 @ 0x148e05970] t: 321.399979 TARGET:-23 LUFS    M:   nan S: -36.2     I: -32.6 LUFS       LRA:   8.4 LU  FTPK:  -inf  -inf dBFS  TPK: -15.2 -15.7 dBFS
[Parsed_ebur128_0 @ 0x148e05970] t: 321.499979 TARGET:-23 LUFS    M:   nan S: -36.2     I: -32.6 LUFS       LRA:   8.4 LU  FTPK:  -inf  -inf dBFS  TPK: -15.2 -15.7 dBFS
[Parsed_ebur128_0 @ 0x148e05970] t: 321.599979 TARGET:-23 LUFS    M:   nan S: -36.2     I: -32.6 LUFS       LRA:   8.4 LU  FTPK:  -inf  -inf dBFS  TPK: -15.2 -15.7 dBFS
[Parsed_ebur128_0 @ 0x148e05970] t: 321.699979 TARGET:-23 LUFS    M:   nan S: -37.3     I: -32.6 LUFS       LRA:   8.4 LU  FTPK:  -inf  -inf dBFS  TPK: -15.2 -15.7 dBFS
[Parsed_ebur128_0 @ 0x148e05970] t: 321.799979 TARGET:-23 LUFS    M:   nan S: -37.3     I: -32.6 LUFS       LRA:   8.4 LU  FTPK:  -inf  -inf dBFS  TPK: -15.2 -15.7 dBFS
[Parsed_ebur128_0 @ 0x148e05970] t: 321.899979 TARGET:-23 LUFS    M:   nan S: -37.3     I: -32.6 LUFS       LRA:   8.4 LU  FTPK:  -inf  -inf dBFS  TPK: -15.2 -15.7 dBFS
[Parsed_ebur128_0 @ 0x148e05970] t: 321.999979 TARGET:-23 LUFS    M:   nan S: -37.3     I: -32.6 LUFS       LRA:   8.4 LU  FTPK:  -inf  -inf dBFS  TPK: -15.2 -15.7 dBFS
[Parsed_ebur128_0 @ 0x148e05970] t: 322.099979 TARGET:-23 LUFS    M:   nan S: -37.3     I: -32.6 LUFS       LRA:   8.4 LU  FTPK:  -inf  -inf dBFS  TPK: -15.2 -15.7 dBFS
[Parsed_ebur128_0 @ 0x148e05970] t: 322.199979 TARGET:-23 LUFS    M:   nan S: -38.3     I: -32.6 LUFS       LRA:   8.4 LU  FTPK:  -inf  -inf dBFS  TPK: -15.2 -15.7 dBFS
[Parsed_ebur128_0 @ 0x148e05970] t: 322.299979 TARGET:-23 LUFS    M:   nan S: -40.8     I: -32.6 LUFS       LRA:   8.4 LU  FTPK:  -inf  -inf dBFS  TPK: -15.2 -15.7 dBFS
[Parsed_ebur128_0 @ 0x148e05970] t: 322.399979 TARGET:-23 LUFS    M:   nan S: -50.4     I: -32.6 LUFS       LRA:   8.4 LU  FTPK:  -inf  -inf dBFS  TPK: -15.2 -15.7 dBFS
[Parsed_ebur128_0 @ 0x148e05970] t: 322.499979 TARGET:-23 LUFS    M:   nan S:   nan     I: -32.6 LUFS       LRA:   8.4 LU  FTPK:  -inf  -inf dBFS  TPK: -15.2 -15.7 dBFS
[Parsed_ebur128_0 @ 0x148e05970] t: 322.599979 TARGET:-23 LUFS    M:   nan S:   nan     I: -32.6 LUFS       LRA:   8.4 LU  FTPK:  -inf  -inf dBFS  TPK: -15.2 -15.7 dBFS
[Parsed_ebur128_0 @ 0x148e05970] t: 322.699979 TARGET:-23 LUFS    M:   nan S:   nan     I: -32.6 LUFS       LRA:   8.4 LU  FTPK:  -inf  -inf dBFS  TPK: -15.2 -15.7 dBFS
[Parsed_ebur128_0 @ 0x148e05970] t: 322.799979 TARGET:-23 LUFS    M:   nan S:   nan     I: -32.6 LUFS       LRA:   8.4 LU  FTPK:  -inf  -inf dBFS  TPK: -15.2 -15.7 dBFS
[Parsed_ebur128_0 @ 0x148e05970] t: 322.899979 TARGET:-23 LUFS    M:   nan S:   nan     I: -32.6 LUFS       LRA:   8.4 LU  FTPK:  -inf  -inf dBFS  TPK: -15.2 -15.7 dBFS
[Parsed_ebur128_0 @ 0x148e05970] t: 322.999979 TARGET:-23 LUFS    M:   nan S:   nan     I: -32.6 LUFS       LRA:   8.4 LU  FTPK:  -inf  -inf dBFS  TPK: -15.2 -15.7 dBFS
[Parsed_ebur128_0 @ 0x148e05970] t: 323.099979 TARGET:-23 LUFS    M:   nan S:   nan     I: -32.6 LUFS       LRA:   8.4 LU  FTPK:  -inf  -inf dBFS  TPK: -15.2 -15.7 dBFS
[Parsed_ebur128_0 @ 0x148e05970] t: 323.199979 TARGET:-23 LUFS    M:   nan S:   nan     I: -32.6 LUFS       LRA:   8.4 LU  FTPK:  -inf  -inf dBFS  TPK: -15.2 -15.7 dBFS
[Parsed_ebur128_0 @ 0x148e05970] t: 323.299979 TARGET:-23 LUFS    M:   nan S:   nan     I: -32.6 LUFS       LRA:   8.4 LU  FTPK:  -inf  -inf dBFS  TPK: -15.2 -15.7 dBFS
[Parsed_ebur128_0 @ 0x148e05970] t: 323.399979 TARGET:-23 LUFS    M:   nan S:   nan     I: -32.6 LUFS       LRA:   8.4 LU  FTPK:  -inf  -inf dBFS  TPK: -15.2 -15.7 dBFS
[Parsed_ebur128_0 @ 0x148e05970] t: 323.499979 TARGET:-23 LUFS    M:   nan S:   nan     I: -32.6 LUFS       LRA:   8.4 LU  FTPK:  -inf  -inf dBFS  TPK: -15.2 -15.7 dBFS
[Parsed_ebur128_0 @ 0x148e05970] t: 323.599979 TARGET:-23 LUFS    M:   nan S:   nan     I: -32.6 LUFS       LRA:   8.4 LU  FTPK:  -inf  -inf dBFS  TPK: -15.2 -15.7 dBFS
[Parsed_ebur128_0 @ 0x148e05970] t: 323.699979 TARGET:-23 LUFS    M:   nan S:   nan     I: -32.6 LUFS       LRA:   8.4 LU  FTPK:  -inf  -inf dBFS  TPK: -15.2 -15.7 dBFS
[Parsed_ebur128_0 @ 0x148e05970] t: 323.799979 TARGET:-23 LUFS    M:   nan S:   nan     I: -32.6 LUFS       LRA:   8.4 LU  FTPK:  -inf  -inf dBFS  TPK: -15.2 -15.7 dBFS
[Parsed_ebur128_0 @ 0x148e05970] t: 323.899979 TARGET:-23 LUFS    M:   nan S:   nan     I: -32.6 LUFS       LRA:   8.4 LU  FTPK:  -inf  -inf dBFS  TPK: -15.2 -15.7 dBFS
[Parsed_ebur128_0 @ 0x148e05970] t: 323.999979 TARGET:-23 LUFS    M:   nan S:   nan     I: -32.6 LUFS       LRA:   8.4 LU  FTPK:  -inf  -inf dBFS  TPK: -15.2 -15.7 dBFS
[Parsed_ebur128_0 @ 0x148e05970] t: 324.099979 TARGET:-23 LUFS    M:   nan S:   nan     I: -32.6 LUFS       LRA:   8.4 LU  FTPK:  -inf  -inf dBFS  TPK: -15.2 -15.7 dBFS
[Parsed_ebur128_0 @ 0x148e05970] t: 324.199979 TARGET:-23 LUFS    M:   nan S:   nan     I: -32.6 LUFS       LRA:   8.4 LU  FTPK:  -inf  -inf dBFS  TPK: -15.2 -15.7 dBFS
[Parsed_ebur128_0 @ 0x148e05970] t: 324.299979 TARGET:-23 LUFS    M:   nan S:   nan     I: -32.6 LUFS       LRA:   8.4 LU  FTPK:  -inf  -inf dBFS  TPK: -15.2 -15.7 dBFS
[Parsed_ebur128_0 @ 0x148e05970] t: 324.399979 TARGET:-23 LUFS    M:   nan S:   nan     I: -32.6 LUFS       LRA:   8.4 LU  FTPK:  -inf  -inf dBFS  TPK: -15.2 -15.7 dBFS
[Parsed_ebur128_0 @ 0x148e05970] t: 324.499979 TARGET:-23 LUFS    M:   nan S:   nan     I: -32.6 LUFS       LRA:   8.4 LU  FTPK:  -inf  -inf dBFS  TPK: -15.2 -15.7 dBFS
[Parsed_ebur128_0 @ 0x148e05970] t: 324.599979 TARGET:-23 LUFS    M:   nan S:   nan     I: -32.6 LUFS       LRA:   8.4 LU  FTPK:  -inf  -inf dBFS  TPK: -15.2 -15.7 dBFS
[Parsed_ebur128_0 @ 0x148e05970] t: 324.699979 TARGET:-23 LUFS    M:   nan S:   nan     I: -32.6 LUFS       LRA:   8.4 LU  FTPK:  -inf  -inf dBFS  TPK: -15.2 -15.7 dBFS
[Parsed_ebur128_0 @ 0x148e05970] t: 324.799979 TARGET:-23 LUFS    M:   nan S:   nan     I: -32.6 LUFS       LRA:   8.4 LU  FTPK:  -inf  -inf dBFS  TPK: -15.2 -15.7 dBFS
[Parsed_ebur128_0 @ 0x148e05970] t: 324.899979 TARGET:-23 LUFS    M:   nan S:   nan     I: -32.6 LUFS       LRA:   8.4 LU  FTPK:  -inf  -inf dBFS  TPK: -15.2 -15.7 dBFS
[Parsed_ebur128_0 @ 0x148e05970] t: 324.999979 TARGET:-23 LUFS    M:   nan S:   nan     I: -32.6 LUFS       LRA:   8.4 LU  FTPK:  -inf  -inf dBFS  TPK: -15.2 -15.7 dBFS
[Parsed_ebur128_0 @ 0x148e05970] t: 325.099979 TARGET:-23 LUFS    M:   nan S:   nan     I: -32.6 LUFS       LRA:   8.4 LU  FTPK:  -inf  -inf dBFS  TPK: -15.2 -15.7 dBFS
[Parsed_ebur128_0 @ 0x148e05970] t: 325.199979 TARGET:-23 LUFS    M:   nan S:   nan     I: -32.6 LUFS       LRA:   8.4 LU  FTPK:  -inf  -inf dBFS  TPK: -15.2 -15.7 dBFS
[Parsed_ebur128_0 @ 0x148e05970] t: 325.299979 TARGET:-23 LUFS    M:   nan S:   nan     I: -32.6 LUFS       LRA:   8.4 LU  FTPK:  -inf  -inf dBFS  TPK: -15.2 -15.7 dBFS
[Parsed_ebur128_0 @ 0x148e05970] t: 325.399979 TARGET:-23 LUFS    M:   nan S:   nan     I: -32.6 LUFS       LRA:   8.4 LU  FTPK:  -inf  -inf dBFS  TPK: -15.2 -15.7 dBFS
[Parsed_ebur128_0 @ 0x148e05970] t: 325.499979 TARGET:-23 LUFS    M:   nan S:   nan     I: -32.6 LUFS       LRA:   8.4 LU  FTPK:  -inf  -inf dBFS  TPK: -15.2 -15.7 dBFS
[Parsed_ebur128_0 @ 0x148e05970] t: 325.599979 TARGET:-23 LUFS    M:   nan S:   nan     I: -32.6 LUFS       LRA:   8.4 LU  FTPK:  -inf  -inf dBFS  TPK: -15.2 -15.7 dBFS
[Parsed_ebur128_0 @ 0x148e05970] t: 325.699979 TARGET:-23 LUFS    M:   nan S:   nan     I: -32.6 LUFS       LRA:   8.4 LU  FTPK:  -inf  -inf dBFS  TPK: -15.2 -15.7 dBFS
[Parsed_ebur128_0 @ 0x148e05970] t: 325.799979 TARGET:-23 LUFS    M:   nan S:   nan     I: -32.6 LUFS       LRA:   8.4 LU  FTPK:  -inf  -inf dBFS  TPK: -15.2 -15.7 dBFS
[Parsed_ebur128_0 @ 0x148e05970] t: 325.899979 TARGET:-23 LUFS    M:   nan S:   nan     I: -32.6 LUFS       LRA:   8.4 LU  FTPK:  -inf  -inf dBFS  TPK: -15.2 -15.7 dBFS
[Parsed_ebur128_0 @ 0x148e05970] t: 325.999979 TARGET:-23 LUFS    M:   nan S:   nan     I: -32.6 LUFS       LRA:   8.4 LU  FTPK:  -inf  -inf dBFS  TPK: -15.2 -15.7 dBFS
[Parsed_ebur128_0 @ 0x148e05970] t: 326.099979 TARGET:-23 LUFS    M:   nan S:   nan     I: -32.6 LUFS       LRA:   8.4 LU  FTPK:  -inf  -inf dBFS  TPK: -15.2 -15.7 dBFS
[Parsed_ebur128_0 @ 0x148e05970] t: 326.199979 TARGET:-23 LUFS    M:   nan S:   nan     I: -32.6 LUFS       LRA:   8.4 LU  FTPK:  -inf  -inf dBFS  TPK: -15.2 -15.7 dBFS
[Parsed_ebur128_0 @ 0x148e05970] t: 326.299979 TARGET:-23 LUFS    M:   nan S:   nan     I: -32.6 LUFS       LRA:   8.4 LU  FTPK:  -inf  -inf dBFS  TPK: -15.2 -15.7 dBFS
[Parsed_ebur128_0 @ 0x148e05970] t: 326.399979 TARGET:-23 LUFS    M:   nan S:   nan     I: -32.6 LUFS       LRA:   8.4 LU  FTPK:  -inf  -inf dBFS  TPK: -15.2 -15.7 dBFS
[Parsed_ebur128_0 @ 0x148e05970] t: 326.499979 TARGET:-23 LUFS    M:   nan S:   nan     I: -32.6 LUFS       LRA:   8.4 LU  FTPK:  -inf  -inf dBFS  TPK: -15.2 -15.7 dBFS
[Parsed_ebur128_0 @ 0x148e05970] t: 326.599979 TARGET:-23 LUFS    M:   nan S:   nan     I: -32.6 LUFS       LRA:   8.4 LU  FTPK:  -inf  -inf dBFS  TPK: -15.2 -15.7 dBFS
[Parsed_ebur128_0 @ 0x148e05970] t: 326.699979 TARGET:-23 LUFS    M:   nan S:   nan     I: -32.6 LUFS       LRA:   8.4 LU  FTPK:  -inf  -inf dBFS  TPK: -15.2 -15.7 dBFS
[Parsed_ebur128_0 @ 0x148e05970] t: 326.799979 TARGET:-23 LUFS    M:   nan S:   nan     I: -32.6 LUFS       LRA:   8.4 LU  FTPK:  -inf  -inf dBFS  TPK: -15.2 -15.7 dBFS
[Parsed_ebur128_0 @ 0x148e05970] t: 326.899979 TARGET:-23 LUFS    M:   nan S:   nan     I: -32.6 LUFS       LRA:   8.4 LU  FTPK:  -inf  -inf dBFS  TPK: -15.2 -15.7 dBFS
[Parsed_ebur128_0 @ 0x148e05970] t: 326.999979 TARGET:-23 LUFS    M:   nan S:   nan     I: -32.6 LUFS       LRA:   8.4 LU  FTPK:  -inf  -inf dBFS  TPK: -15.2 -15.7 dBFS
[Parsed_ebur128_0 @ 0x148e05970] t: 327.099979 TARGET:-23 LUFS    M:   nan S:   nan     I: -32.6 LUFS       LRA:   8.4 LU  FTPK:  -inf  -inf dBFS  TPK: -15.2 -15.7 dBFS
[Parsed_ebur128_0 @ 0x148e05970] t: 327.199979 TARGET:-23 LUFS    M:   nan S:   nan     I: -32.6 LUFS       LRA:   8.4 LU  FTPK:  -inf  -inf dBFS  TPK: -15.2 -15.7 dBFS
[Parsed_ebur128_0 @ 0x148e05970] t: 327.299979 TARGET:-23 LUFS    M:   nan S:   nan     I: -32.6 LUFS       LRA:   8.4 LU  FTPK:  -inf  -inf dBFS  TPK: -15.2 -15.7 dBFS
[Parsed_ebur128_0 @ 0x148e05970] t: 327.399979 TARGET:-23 LUFS    M:   nan S:   nan     I: -32.6 LUFS       LRA:   8.4 LU  FTPK:  -inf  -inf dBFS  TPK: -15.2 -15.7 dBFS
[Parsed_ebur128_0 @ 0x148e05970] t: 327.499979 TARGET:-23 LUFS    M:   nan S:   nan     I: -32.6 LUFS       LRA:   8.4 LU  FTPK:  -inf  -inf dBFS  TPK: -15.2 -15.7 dBFS
[Parsed_ebur128_0 @ 0x148e05970] t: 327.599979 TARGET:-23 LUFS    M:   nan S:   nan     I: -32.6 LUFS       LRA:   8.4 LU  FTPK:  -inf  -inf dBFS  TPK: -15.2 -15.7 dBFS
[Parsed_ebur128_0 @ 0x148e05970] t: 327.699979 TARGET:-23 LUFS    M:   nan S:   nan     I: -32.6 LUFS       LRA:   8.4 LU  FTPK:  -inf  -inf dBFS  TPK: -15.2 -15.7 dBFS
[Parsed_ebur128_0 @ 0x148e05970] t: 327.799979 TARGET:-23 LUFS    M:   nan S:   nan     I: -32.6 LUFS       LRA:   8.4 LU  FTPK:  -inf  -inf dBFS  TPK: -15.2 -15.7 dBFS
[Parsed_ebur128_0 @ 0x148e05970] t: 327.899979 TARGET:-23 LUFS    M:   nan S:   nan     I: -32.6 LUFS       LRA:   8.4 LU  FTPK:  -inf  -inf dBFS  TPK: -15.2 -15.7 dBFS
[Parsed_ebur128_0 @ 0x148e05970] t: 327.999979 TARGET:-23 LUFS    M:   nan S:   nan     I: -32.6 LUFS       LRA:   8.4 LU  FTPK:  -inf  -inf dBFS  TPK: -15.2 -15.7 dBFS
[Parsed_ebur128_0 @ 0x148e05970] t: 328.099979 TARGET:-23 LUFS    M:   nan S:   nan     I: -32.6 LUFS       LRA:   8.4 LU  FTPK:  -inf  -inf dBFS  TPK: -15.2 -15.7 dBFS
[Parsed_ebur128_0 @ 0x148e05970] t: 328.199979 TARGET:-23 LUFS    M:   nan S:   nan     I: -32.6 LUFS       LRA:   8.4 LU  FTPK:  -inf  -inf dBFS  TPK: -15.2 -15.7 dBFS
[Parsed_ebur128_0 @ 0x148e05970] t: 328.299979 TARGET:-23 LUFS    M:   nan S:   nan     I: -32.6 LUFS       LRA:   8.4 LU  FTPK:  -inf  -inf dBFS  TPK: -15.2 -15.7 dBFS
[Parsed_ebur128_0 @ 0x148e05970] t: 328.399979 TARGET:-23 LUFS    M:   nan S:   nan     I: -32.6 LUFS       LRA:   8.4 LU  FTPK:  -inf  -inf dBFS  TPK: -15.2 -15.7 dBFS
[Parsed_ebur128_0 @ 0x148e05970] t: 328.499979 TARGET:-23 LUFS    M:   nan S:   nan     I: -32.6 LUFS       LRA:   8.4 LU  FTPK:  -inf  -inf dBFS  TPK: -15.2 -15.7 dBFS
[Parsed_ebur128_0 @ 0x148e05970] t: 328.599979 TARGET:-23 LUFS    M:   nan S:   nan     I: -32.6 LUFS       LRA:   8.4 LU  FTPK:  -inf  -inf dBFS  TPK: -15.2 -15.7 dBFS
[Parsed_ebur128_0 @ 0x148e05970] t: 328.699979 TARGET:-23 LUFS    M:   nan S:   nan     I: -32.6 LUFS       LRA:   8.4 LU  FTPK:  -inf  -inf dBFS  TPK: -15.2 -15.7 dBFS
[Parsed_ebur128_0 @ 0x148e05970] t: 328.799979 TARGET:-23 LUFS    M:   nan S:   nan     I: -32.6 LUFS       LRA:   8.4 LU  FTPK:  -inf  -inf dBFS  TPK: -15.2 -15.7 dBFS
[Parsed_ebur128_0 @ 0x148e05970] t: 328.899979 TARGET:-23 LUFS    M:   nan S:   nan     I: -32.6 LUFS       LRA:   8.4 LU  FTPK:  -inf  -inf dBFS  TPK: -15.2 -15.7 dBFS
[Parsed_ebur128_0 @ 0x148e05970] t: 328.999979 TARGET:-23 LUFS    M:   nan S:   nan     I: -32.6 LUFS       LRA:   8.4 LU  FTPK:  -inf  -inf dBFS  TPK: -15.2 -15.7 dBFS
[Parsed_ebur128_0 @ 0x148e05970] t: 329.099979 TARGET:-23 LUFS    M:   nan S:   nan     I: -32.6 LUFS       LRA:   8.4 LU  FTPK:  -inf  -inf dBFS  TPK: -15.2 -15.7 dBFS
[Parsed_ebur128_0 @ 0x148e05970] t: 329.199979 TARGET:-23 LUFS    M:   nan S:   nan     I: -32.6 LUFS       LRA:   8.4 LU  FTPK:  -inf  -inf dBFS  TPK: -15.2 -15.7 dBFS
[Parsed_ebur128_0 @ 0x148e05970] t: 329.299979 TARGET:-23 LUFS    M:   nan S:   nan     I: -32.6 LUFS       LRA:   8.4 LU  FTPK:  -inf  -inf dBFS  TPK: -15.2 -15.7 dBFS
[Parsed_ebur128_0 @ 0x148e05970] t: 329.399979 TARGET:-23 LUFS    M:   nan S:   nan     I: -32.6 LUFS       LRA:   8.4 LU  FTPK:  -inf  -inf dBFS  TPK: -15.2 -15.7 dBFS
[Parsed_ebur128_0 @ 0x148e05970] t: 329.499979 TARGET:-23 LUFS    M:   nan S:   nan     I: -32.6 LUFS       LRA:   8.4 LU  FTPK:  -inf  -inf dBFS  TPK: -15.2 -15.7 dBFS
[Parsed_ebur128_0 @ 0x148e05970] t: 329.599979 TARGET:-23 LUFS    M:   nan S:   nan     I: -32.6 LUFS       LRA:   8.4 LU  FTPK:  -inf  -inf dBFS  TPK: -15.2 -15.7 dBFS
[Parsed_ebur128_0 @ 0x148e05970] t: 329.699979 TARGET:-23 LUFS    M:   nan S:   nan     I: -32.6 LUFS       LRA:   8.4 LU  FTPK:  -inf  -inf dBFS  TPK: -15.2 -15.7 dBFS
[Parsed_ebur128_0 @ 0x148e05970] t: 329.799979 TARGET:-23 LUFS    M:   nan S:   nan     I: -32.6 LUFS       LRA:   8.4 LU  FTPK:  -inf  -inf dBFS  TPK: -15.2 -15.7 dBFS
[Parsed_ebur128_0 @ 0x148e05970] t: 329.899979 TARGET:-23 LUFS    M:   nan S:   nan     I: -32.6 LUFS       LRA:   8.4 LU  FTPK:  -inf  -inf dBFS  TPK: -15.2 -15.7 dBFS
[Parsed_ebur128_0 @ 0x148e05970] t: 329.999979 TARGET:-23 LUFS    M:   nan S:   nan     I: -32.6 LUFS       LRA:   8.4 LU  FTPK:  -inf  -inf dBFS  TPK: -15.2 -15.7 dBFS
[Parsed_ebur128_0 @ 0x148e05970] t: 330.099979 TARGET:-23 LUFS    M:   nan S:   nan     I: -32.6 LUFS       LRA:   8.4 LU  FTPK:  -inf  -inf dBFS  TPK: -15.2 -15.7 dBFS
[Parsed_ebur128_0 @ 0x148e05970] t: 330.199979 TARGET:-23 LUFS    M:   nan S:   nan     I: -32.6 LUFS       LRA:   8.4 LU  FTPK:  -inf  -inf dBFS  TPK: -15.2 -15.7 dBFS
[Parsed_ebur128_0 @ 0x148e05970] t: 330.299979 TARGET:-23 LUFS    M:   nan S:   nan     I: -32.6 LUFS       LRA:   8.4 LU  FTPK:  -inf  -inf dBFS  TPK: -15.2 -15.7 dBFS
[Parsed_ebur128_0 @ 0x148e05970] t: 330.399979 TARGET:-23 LUFS    M:   nan S:   nan     I: -32.6 LUFS       LRA:   8.4 LU  FTPK:  -inf  -inf dBFS  TPK: -15.2 -15.7 dBFS
[Parsed_ebur128_0 @ 0x148e05970] t: 330.499979 TARGET:-23 LUFS    M:   nan S:   nan     I: -32.6 LUFS       LRA:   8.4 LU  FTPK:  -inf  -inf dBFS  TPK: -15.2 -15.7 dBFS
[Parsed_ebur128_0 @ 0x148e05970] t: 330.599979 TARGET:-23 LUFS    M:   nan S:   nan     I: -32.6 LUFS       LRA:   8.4 LU  FTPK:  -inf  -inf dBFS  TPK: -15.2 -15.7 dBFS
[Parsed_ebur128_0 @ 0x148e05970] t: 330.699979 TARGET:-23 LUFS    M:   nan S:   nan     I: -32.6 LUFS       LRA:   8.4 LU  FTPK:  -inf  -inf dBFS  TPK: -15.2 -15.7 dBFS
[Parsed_ebur128_0 @ 0x148e05970] t: 330.799979 TARGET:-23 LUFS    M:   nan S:   nan     I: -32.6 LUFS       LRA:   8.4 LU  FTPK:  -inf  -inf dBFS  TPK: -15.2 -15.7 dBFS
[Parsed_ebur128_0 @ 0x148e05970] t: 330.899979 TARGET:-23 LUFS    M:   nan S:   nan     I: -32.6 LUFS       LRA:   8.4 LU  FTPK:  -inf  -inf dBFS  TPK: -15.2 -15.7 dBFS
[Parsed_ebur128_0 @ 0x148e05970] t: 330.999979 TARGET:-23 LUFS    M:   nan S:   nan     I: -32.6 LUFS       LRA:   8.4 LU  FTPK:  -inf  -inf dBFS  TPK: -15.2 -15.7 dBFS
[Parsed_ebur128_0 @ 0x148e05970] t: 331.099979 TARGET:-23 LUFS    M:   nan S:   nan     I: -32.6 LUFS       LRA:   8.4 LU  FTPK:  -inf  -inf dBFS  TPK: -15.2 -15.7 dBFS
[Parsed_ebur128_0 @ 0x148e05970] t: 331.199979 TARGET:-23 LUFS    M:   nan S:   nan     I: -32.6 LUFS       LRA:   8.4 LU  FTPK:  -inf  -inf dBFS  TPK: -15.2 -15.7 dBFS
[Parsed_ebur128_0 @ 0x148e05970] t: 331.299979 TARGET:-23 LUFS    M:   nan S:   nan     I: -32.6 LUFS       LRA:   8.4 LU  FTPK:  -inf  -inf dBFS  TPK: -15.2 -15.7 dBFS
[Parsed_ebur128_0 @ 0x148e05970] t: 331.399979 TARGET:-23 LUFS    M:   nan S:   nan     I: -32.6 LUFS       LRA:   8.4 LU  FTPK:  -inf  -inf dBFS  TPK: -15.2 -15.7 dBFS
[Parsed_ebur128_0 @ 0x148e05970] t: 331.499979 TARGET:-23 LUFS    M:   nan S:   nan     I: -32.6 LUFS       LRA:   8.4 LU  FTPK:  -inf  -inf dBFS  TPK: -15.2 -15.7 dBFS
[Parsed_ebur128_0 @ 0x148e05970] t: 331.599979 TARGET:-23 LUFS    M:   nan S:   nan     I: -32.6 LUFS       LRA:   8.4 LU  FTPK:  -inf  -inf dBFS  TPK: -15.2 -15.7 dBFS
[Parsed_ebur128_0 @ 0x148e05970] t: 331.699979 TARGET:-23 LUFS    M:   nan S:   nan     I: -32.6 LUFS       LRA:   8.4 LU  FTPK:  -inf  -inf dBFS  TPK: -15.2 -15.7 dBFS
[Parsed_ebur128_0 @ 0x148e05970] t: 331.799979 TARGET:-23 LUFS    M:   nan S:   nan     I: -32.6 LUFS       LRA:   8.4 LU  FTPK:  -inf  -inf dBFS  TPK: -15.2 -15.7 dBFS
[Parsed_ebur128_0 @ 0x148e05970] t: 331.899979 TARGET:-23 LUFS    M:   nan S:   nan     I: -32.6 LUFS       LRA:   8.4 LU  FTPK:  -inf  -inf dBFS  TPK: -15.2 -15.7 dBFS
[Parsed_ebur128_0 @ 0x148e05970] t: 331.999979 TARGET:-23 LUFS    M:   nan S:   nan     I: -32.6 LUFS       LRA:   8.4 LU  FTPK:  -inf  -inf dBFS  TPK: -15.2 -15.7 dBFS
[Parsed_ebur128_0 @ 0x148e05970] t: 332.099979 TARGET:-23 LUFS    M:   nan S:   nan     I: -32.6 LUFS       LRA:   8.4 LU  FTPK:  -inf  -inf dBFS  TPK: -15.2 -15.7 dBFS
[Parsed_ebur128_0 @ 0x148e05970] t: 332.199979 TARGET:-23 LUFS    M:   nan S:   nan     I: -32.6 LUFS       LRA:   8.4 LU  FTPK:  -inf  -inf dBFS  TPK: -15.2 -15.7 dBFS
[Parsed_ebur128_0 @ 0x148e05970] t: 332.299979 TARGET:-23 LUFS    M:   nan S:   nan     I: -32.6 LUFS       LRA:   8.4 LU  FTPK:  -inf  -inf dBFS  TPK: -15.2 -15.7 dBFS
[Parsed_ebur128_0 @ 0x148e05970] t: 332.399979 TARGET:-23 LUFS    M:   nan S:   nan     I: -32.6 LUFS       LRA:   8.4 LU  FTPK:  -inf  -inf dBFS  TPK: -15.2 -15.7 dBFS
[Parsed_ebur128_0 @ 0x148e05970] t: 332.499979 TARGET:-23 LUFS    M:   nan S:   nan     I: -32.6 LUFS       LRA:   8.4 LU  FTPK:  -inf  -inf dBFS  TPK: -15.2 -15.7 dBFS
[Parsed_ebur128_0 @ 0x148e05970] t: 332.599979 TARGET:-23 LUFS    M:   nan S:   nan     I: -32.6 LUFS       LRA:   8.4 LU  FTPK:  -inf  -inf dBFS  TPK: -15.2 -15.7 dBFS
[Parsed_ebur128_0 @ 0x148e05970] t: 332.699979 TARGET:-23 LUFS    M:   nan S:   nan     I: -32.6 LUFS       LRA:   8.4 LU  FTPK:  -inf  -inf dBFS  TPK: -15.2 -15.7 dBFS
[Parsed_ebur128_0 @ 0x148e05970] t: 332.799979 TARGET:-23 LUFS    M:   nan S:   nan     I: -32.6 LUFS       LRA:   8.4 LU  FTPK:  -inf  -inf dBFS  TPK: -15.2 -15.7 dBFS
[Parsed_ebur128_0 @ 0x148e05970] t: 332.899979 TARGET:-23 LUFS    M:   nan S:   nan     I: -32.6 LUFS       LRA:   8.4 LU  FTPK:  -inf  -inf dBFS  TPK: -15.2 -15.7 dBFS
[Parsed_ebur128_0 @ 0x148e05970] t: 332.999979 TARGET:-23 LUFS    M:   nan S:   nan     I: -32.6 LUFS       LRA:   8.4 LU  FTPK:  -inf  -inf dBFS  TPK: -15.2 -15.7 dBFS
[Parsed_ebur128_0 @ 0x148e05970] t: 333.099979 TARGET:-23 LUFS    M:   nan S:   nan     I: -32.6 LUFS       LRA:   8.4 LU  FTPK:  -inf  -inf dBFS  TPK: -15.2 -15.7 dBFS
[Parsed_ebur128_0 @ 0x148e05970] t: 333.199979 TARGET:-23 LUFS    M:   nan S:   nan     I: -32.6 LUFS       LRA:   8.4 LU  FTPK:  -inf  -inf dBFS  TPK: -15.2 -15.7 dBFS
[Parsed_ebur128_0 @ 0x148e05970] t: 333.299979 TARGET:-23 LUFS    M:   nan S:   nan     I: -32.6 LUFS       LRA:   8.4 LU  FTPK:  -inf  -inf dBFS  TPK: -15.2 -15.7 dBFS
[Parsed_ebur128_0 @ 0x148e05970] t: 333.399979 TARGET:-23 LUFS    M:   nan S:   nan     I: -32.6 LUFS       LRA:   8.4 LU  FTPK:  -inf  -inf dBFS  TPK: -15.2 -15.7 dBFS
[Parsed_ebur128_0 @ 0x148e05970] t: 333.499979 TARGET:-23 LUFS    M:   nan S:   nan     I: -32.6 LUFS       LRA:   8.4 LU  FTPK:  -inf  -inf dBFS  TPK: -15.2 -15.7 dBFS
[Parsed_ebur128_0 @ 0x148e05970] t: 333.599979 TARGET:-23 LUFS    M:   nan S:   nan     I: -32.6 LUFS       LRA:   8.4 LU  FTPK:  -inf  -inf dBFS  TPK: -15.2 -15.7 dBFS
[Parsed_ebur128_0 @ 0x148e05970] t: 333.699979 TARGET:-23 LUFS    M:   nan S:   nan     I: -32.6 LUFS       LRA:   8.4 LU  FTPK:  -inf  -inf dBFS  TPK: -15.2 -15.7 dBFS
[Parsed_ebur128_0 @ 0x148e05970] t: 333.799979 TARGET:-23 LUFS    M:   nan S:   nan     I: -32.6 LUFS       LRA:   8.4 LU  FTPK:  -inf  -inf dBFS  TPK: -15.2 -15.7 dBFS
[Parsed_ebur128_0 @ 0x148e05970] t: 333.899979 TARGET:-23 LUFS    M:   nan S:   nan     I: -32.6 LUFS       LRA:   8.4 LU  FTPK:  -inf  -inf dBFS  TPK: -15.2 -15.7 dBFS
[Parsed_ebur128_0 @ 0x148e05970] t: 333.999979 TARGET:-23 LUFS    M:   nan S:   nan     I: -32.6 LUFS       LRA:   8.4 LU  FTPK:  -inf  -inf dBFS  TPK: -15.2 -15.7 dBFS
[Parsed_ebur128_0 @ 0x148e05970] t: 334.099979 TARGET:-23 LUFS    M:   nan S:   nan     I: -32.6 LUFS       LRA:   8.4 LU  FTPK:  -inf  -inf dBFS  TPK: -15.2 -15.7 dBFS
[Parsed_ebur128_0 @ 0x148e05970] t: 334.199979 TARGET:-23 LUFS    M:   nan S:   nan     I: -32.6 LUFS       LRA:   8.4 LU  FTPK:  -inf  -inf dBFS  TPK: -15.2 -15.7 dBFS
[Parsed_ebur128_0 @ 0x148e05970] t: 334.299979 TARGET:-23 LUFS    M:   nan S:   nan     I: -32.6 LUFS       LRA:   8.4 LU  FTPK:  -inf  -inf dBFS  TPK: -15.2 -15.7 dBFS
[Parsed_ebur128_0 @ 0x148e05970] t: 334.399979 TARGET:-23 LUFS    M:   nan S:   nan     I: -32.6 LUFS       LRA:   8.4 LU  FTPK:  -inf  -inf dBFS  TPK: -15.2 -15.7 dBFS
[Parsed_ebur128_0 @ 0x148e05970] t: 334.499979 TARGET:-23 LUFS    M:   nan S:   nan     I: -32.6 LUFS       LRA:   8.4 LU  FTPK:  -inf  -inf dBFS  TPK: -15.2 -15.7 dBFS
[Parsed_ebur128_0 @ 0x148e05970] t: 334.599979 TARGET:-23 LUFS    M:   nan S:   nan     I: -32.6 LUFS       LRA:   8.4 LU  FTPK:  -inf  -inf dBFS  TPK: -15.2 -15.7 dBFS
[Parsed_ebur128_0 @ 0x148e05970] t: 334.699979 TARGET:-23 LUFS    M:   nan S:   nan     I: -32.6 LUFS       LRA:   8.4 LU  FTPK:  -inf  -inf dBFS  TPK: -15.2 -15.7 dBFS
[Parsed_ebur128_0 @ 0x148e05970] t: 334.799979 TARGET:-23 LUFS    M:   nan S:   nan     I: -32.6 LUFS       LRA:   8.4 LU  FTPK:  -inf  -inf dBFS  TPK: -15.2 -15.7 dBFS
[Parsed_ebur128_0 @ 0x148e05970] t: 334.899979 TARGET:-23 LUFS    M:   nan S:   nan     I: -32.6 LUFS       LRA:   8.4 LU  FTPK:  -inf  -inf dBFS  TPK: -15.2 -15.7 dBFS
[Parsed_ebur128_0 @ 0x148e05970] t: 334.999979 TARGET:-23 LUFS    M:   nan S:   nan     I: -32.6 LUFS       LRA:   8.4 LU  FTPK:  -inf  -inf dBFS  TPK: -15.2 -15.7 dBFS
[Parsed_ebur128_0 @ 0x148e05970] t: 335.099979 TARGET:-23 LUFS    M:   nan S:   nan     I: -32.6 LUFS       LRA:   8.4 LU  FTPK:  -inf  -inf dBFS  TPK: -15.2 -15.7 dBFS
[Parsed_ebur128_0 @ 0x148e05970] t: 335.199979 TARGET:-23 LUFS    M:   nan S:   nan     I: -32.6 LUFS       LRA:   8.4 LU  FTPK:  -inf  -inf dBFS  TPK: -15.2 -15.7 dBFS
[Parsed_ebur128_0 @ 0x148e05970] t: 335.299979 TARGET:-23 LUFS    M:   nan S:   nan     I: -32.6 LUFS       LRA:   8.4 LU  FTPK:  -inf  -inf dBFS  TPK: -15.2 -15.7 dBFS
[Parsed_ebur128_0 @ 0x148e05970] t: 335.399979 TARGET:-23 LUFS    M:   nan S:   nan     I: -32.6 LUFS       LRA:   8.4 LU  FTPK:  -inf  -inf dBFS  TPK: -15.2 -15.7 dBFS
[Parsed_ebur128_0 @ 0x148e05970] t: 335.499979 TARGET:-23 LUFS    M:   nan S:   nan     I: -32.6 LUFS       LRA:   8.4 LU  FTPK:  -inf  -inf dBFS  TPK: -15.2 -15.7 dBFS
[Parsed_ebur128_0 @ 0x148e05970] t: 335.599979 TARGET:-23 LUFS    M:   nan S:   nan     I: -32.6 LUFS       LRA:   8.4 LU  FTPK:  -inf  -inf dBFS  TPK: -15.2 -15.7 dBFS
[Parsed_ebur128_0 @ 0x148e05970] t: 335.699979 TARGET:-23 LUFS    M:   nan S:   nan     I: -32.6 LUFS       LRA:   8.4 LU  FTPK:  -inf  -inf dBFS  TPK: -15.2 -15.7 dBFS
[Parsed_ebur128_0 @ 0x148e05970] t: 335.799979 TARGET:-23 LUFS    M:   nan S:   nan     I: -32.6 LUFS       LRA:   8.4 LU  FTPK:  -inf  -inf dBFS  TPK: -15.2 -15.7 dBFS
[Parsed_ebur128_0 @ 0x148e05970] t: 335.899979 TARGET:-23 LUFS    M:   nan S:   nan     I: -32.6 LUFS       LRA:   8.4 LU  FTPK:  -inf  -inf dBFS  TPK: -15.2 -15.7 dBFS
[Parsed_ebur128_0 @ 0x148e05970] t: 335.999979 TARGET:-23 LUFS    M:   nan S:   nan     I: -32.6 LUFS       LRA:   8.4 LU  FTPK:  -inf  -inf dBFS  TPK: -15.2 -15.7 dBFS
[Parsed_ebur128_0 @ 0x148e05970] t: 336.099979 TARGET:-23 LUFS    M:   nan S:   nan     I: -32.6 LUFS       LRA:   8.4 LU  FTPK:  -inf  -inf dBFS  TPK: -15.2 -15.7 dBFS
[Parsed_ebur128_0 @ 0x148e05970] t: 336.199979 TARGET:-23 LUFS    M:   nan S:   nan     I: -32.6 LUFS       LRA:   8.4 LU  FTPK:  -inf  -inf dBFS  TPK: -15.2 -15.7 dBFS
[Parsed_ebur128_0 @ 0x148e05970] t: 336.299979 TARGET:-23 LUFS    M:   nan S:   nan     I: -32.6 LUFS       LRA:   8.4 LU  FTPK:  -inf  -inf dBFS  TPK: -15.2 -15.7 dBFS
[Parsed_ebur128_0 @ 0x148e05970] t: 336.399979 TARGET:-23 LUFS    M:   nan S:   nan     I: -32.6 LUFS       LRA:   8.4 LU  FTPK:  -inf  -inf dBFS  TPK: -15.2 -15.7 dBFS
[Parsed_ebur128_0 @ 0x148e05970] t: 336.499979 TARGET:-23 LUFS    M:   nan S:   nan     I: -32.6 LUFS       LRA:   8.4 LU  FTPK:  -inf  -inf dBFS  TPK: -15.2 -15.7 dBFS
[Parsed_ebur128_0 @ 0x148e05970] t: 336.599979 TARGET:-23 LUFS    M:   nan S:   nan     I: -32.6 LUFS       LRA:   8.4 LU  FTPK:  -inf  -inf dBFS  TPK: -15.2 -15.7 dBFS
[Parsed_ebur128_0 @ 0x148e05970] t: 336.699979 TARGET:-23 LUFS    M:   nan S:   nan     I: -32.6 LUFS       LRA:   8.4 LU  FTPK:  -inf  -inf dBFS  TPK: -15.2 -15.7 dBFS
[Parsed_ebur128_0 @ 0x148e05970] t: 336.799979 TARGET:-23 LUFS    M:   nan S:   nan     I: -32.6 LUFS       LRA:   8.4 LU  FTPK:  -inf  -inf dBFS  TPK: -15.2 -15.7 dBFS
[Parsed_ebur128_0 @ 0x148e05970] t: 336.899979 TARGET:-23 LUFS    M:   nan S:   nan     I: -32.6 LUFS       LRA:   8.4 LU  FTPK:  -inf  -inf dBFS  TPK: -15.2 -15.7 dBFS
[Parsed_ebur128_0 @ 0x148e05970] t: 336.999979 TARGET:-23 LUFS    M:   nan S:   nan     I: -32.6 LUFS       LRA:   8.4 LU  FTPK:  -inf  -inf dBFS  TPK: -15.2 -15.7 dBFS
[Parsed_ebur128_0 @ 0x148e05970] t: 337.099979 TARGET:-23 LUFS    M:   nan S:   nan     I: -32.6 LUFS       LRA:   8.4 LU  FTPK:  -inf  -inf dBFS  TPK: -15.2 -15.7 dBFS
[Parsed_ebur128_0 @ 0x148e05970] t: 337.199979 TARGET:-23 LUFS    M:   nan S:   nan     I: -32.6 LUFS       LRA:   8.4 LU  FTPK:  -inf  -inf dBFS  TPK: -15.2 -15.7 dBFS
[Parsed_ebur128_0 @ 0x148e05970] t: 337.299979 TARGET:-23 LUFS    M:   nan S:   nan     I: -32.6 LUFS       LRA:   8.4 LU  FTPK:  -inf  -inf dBFS  TPK: -15.2 -15.7 dBFS
[Parsed_ebur128_0 @ 0x148e05970] t: 337.399979 TARGET:-23 LUFS    M:   nan S:   nan     I: -32.6 LUFS       LRA:   8.4 LU  FTPK:  -inf  -inf dBFS  TPK: -15.2 -15.7 dBFS
[Parsed_ebur128_0 @ 0x148e05970] t: 337.499979 TARGET:-23 LUFS    M:   nan S:   nan     I: -32.6 LUFS       LRA:   8.4 LU  FTPK:  -inf  -inf dBFS  TPK: -15.2 -15.7 dBFS
[Parsed_ebur128_0 @ 0x148e05970] t: 337.599979 TARGET:-23 LUFS    M:   nan S:   nan     I: -32.6 LUFS       LRA:   8.4 LU  FTPK:  -inf  -inf dBFS  TPK: -15.2 -15.7 dBFS
[Parsed_ebur128_0 @ 0x148e05970] t: 337.699979 TARGET:-23 LUFS    M:   nan S:   nan     I: -32.6 LUFS       LRA:   8.4 LU  FTPK:  -inf  -inf dBFS  TPK: -15.2 -15.7 dBFS
[Parsed_ebur128_0 @ 0x148e05970] t: 337.799979 TARGET:-23 LUFS    M:   nan S:   nan     I: -32.6 LUFS       LRA:   8.4 LU  FTPK:  -inf  -inf dBFS  TPK: -15.2 -15.7 dBFS
[Parsed_ebur128_0 @ 0x148e05970] t: 337.899979 TARGET:-23 LUFS    M:   nan S:   nan     I: -32.6 LUFS       LRA:   8.4 LU  FTPK:  -inf  -inf dBFS  TPK: -15.2 -15.7 dBFS
[Parsed_ebur128_0 @ 0x148e05970] t: 337.999979 TARGET:-23 LUFS    M:   nan S:   nan     I: -32.6 LUFS       LRA:   8.4 LU  FTPK:  -inf  -inf dBFS  TPK: -15.2 -15.7 dBFS
[Parsed_ebur128_0 @ 0x148e05970] t: 338.099979 TARGET:-23 LUFS    M:   nan S:   nan     I: -32.6 LUFS       LRA:   8.4 LU  FTPK:  -inf  -inf dBFS  TPK: -15.2 -15.7 dBFS
[Parsed_ebur128_0 @ 0x148e05970] t: 338.199979 TARGET:-23 LUFS    M:   nan S:   nan     I: -32.6 LUFS       LRA:   8.4 LU  FTPK:  -inf  -inf dBFS  TPK: -15.2 -15.7 dBFS
[Parsed_ebur128_0 @ 0x148e05970] t: 338.299979 TARGET:-23 LUFS    M:   nan S:   nan     I: -32.6 LUFS       LRA:   8.4 LU  FTPK:  -inf  -inf dBFS  TPK: -15.2 -15.7 dBFS
[Parsed_ebur128_0 @ 0x148e05970] t: 338.399979 TARGET:-23 LUFS    M:   nan S:   nan     I: -32.6 LUFS       LRA:   8.4 LU  FTPK:  -inf  -inf dBFS  TPK: -15.2 -15.7 dBFS
[Parsed_ebur128_0 @ 0x148e05970] t: 338.499979 TARGET:-23 LUFS    M:   nan S:   nan     I: -32.6 LUFS       LRA:   8.4 LU  FTPK:  -inf  -inf dBFS  TPK: -15.2 -15.7 dBFS
[Parsed_ebur128_0 @ 0x148e05970] t: 338.599979 TARGET:-23 LUFS    M:   nan S:   nan     I: -32.6 LUFS       LRA:   8.4 LU  FTPK:  -inf  -inf dBFS  TPK: -15.2 -15.7 dBFS
[Parsed_ebur128_0 @ 0x148e05970] t: 338.699979 TARGET:-23 LUFS    M:   nan S:   nan     I: -32.6 LUFS       LRA:   8.4 LU  FTPK:  -inf  -inf dBFS  TPK: -15.2 -15.7 dBFS
[Parsed_ebur128_0 @ 0x148e05970] t: 338.799979 TARGET:-23 LUFS    M:   nan S:   nan     I: -32.6 LUFS       LRA:   8.4 LU  FTPK:  -inf  -inf dBFS  TPK: -15.2 -15.7 dBFS
[Parsed_ebur128_0 @ 0x148e05970] t: 338.899979 TARGET:-23 LUFS    M:   nan S:   nan     I: -32.6 LUFS       LRA:   8.4 LU  FTPK:  -inf  -inf dBFS  TPK: -15.2 -15.7 dBFS
[Parsed_ebur128_0 @ 0x148e05970] t: 338.999979 TARGET:-23 LUFS    M: -36.1 S: -44.9     I: -32.6 LUFS       LRA:   8.4 LU  FTPK: -15.3 -16.3 dBFS  TPK: -15.2 -15.7 dBFS
[Parsed_ebur128_0 @ 0x148e05970] t: 339.099979 TARGET:-23 LUFS    M: -36.1 S: -44.8     I: -32.6 LUFS       LRA:   8.4 LU  FTPK: -37.3 -38.3 dBFS  TPK: -15.2 -15.7 dBFS
[Parsed_ebur128_0 @ 0x148e05970] t: 339.199979 TARGET:-23 LUFS    M: -36.1 S: -44.8     I: -32.7 LUFS       LRA:   8.5 LU  FTPK:  -inf  -inf dBFS  TPK: -15.2 -15.7 dBFS
[Parsed_ebur128_0 @ 0x148e05970] t: 339.299979 TARGET:-23 LUFS    M: -36.1 S: -44.8     I: -32.7 LUFS       LRA:   8.6 LU  FTPK:  -inf  -inf dBFS  TPK: -15.2 -15.7 dBFS
[Parsed_ebur128_0 @ 0x148e05970] t: 339.399979 TARGET:-23 LUFS    M: -54.4 S: -44.8     I: -32.7 LUFS       LRA:   8.6 LU  FTPK:  -inf  -inf dBFS  TPK: -15.2 -15.7 dBFS
[Parsed_ebur128_0 @ 0x148e05970] t: 339.499979 TARGET:-23 LUFS    M:   nan S: -44.8     I: -32.7 LUFS       LRA:   8.6 LU  FTPK:  -inf  -inf dBFS  TPK: -15.2 -15.7 dBFS
[Parsed_ebur128_0 @ 0x148e05970] t: 339.599979 TARGET:-23 LUFS    M: -67.7 S: -44.8     I: -32.7 LUFS       LRA:   8.6 LU  FTPK: -43.2 -43.2 dBFS  TPK: -15.2 -15.7 dBFS
[Parsed_ebur128_0 @ 0x148e05970] t: 339.699979 TARGET:-23 LUFS    M: -32.7 S: -39.8     I: -32.7 LUFS       LRA:   8.6 LU  FTPK: -17.7 -17.7 dBFS  TPK: -15.2 -15.7 dBFS
[Parsed_ebur128_0 @ 0x148e05970] t: 339.799979 TARGET:-23 LUFS    M: -29.8 S: -37.7     I: -32.7 LUFS       LRA:   8.6 LU  FTPK: -18.5 -18.5 dBFS  TPK: -15.2 -15.7 dBFS
[Parsed_ebur128_0 @ 0x148e05970] t: 339.899979 TARGET:-23 LUFS    M: -28.5 S: -36.6     I: -32.6 LUFS       LRA:   8.6 LU  FTPK: -19.8 -19.8 dBFS  TPK: -15.2 -15.7 dBFS
[Parsed_ebur128_0 @ 0x148e05970] t: 339.999979 TARGET:-23 LUFS    M: -28.5 S: -36.6     I: -32.6 LUFS       LRA:   8.6 LU  FTPK: -88.5 -88.5 dBFS  TPK: -15.2 -15.7 dBFS
[Parsed_ebur128_0 @ 0x148e05970] t: 340.099979 TARGET:-23 LUFS    M: -30.6 S: -36.6     I: -32.6 LUFS       LRA:   8.6 LU  FTPK:  -inf  -inf dBFS  TPK: -15.2 -15.7 dBFS
[Parsed_ebur128_0 @ 0x148e05970] t: 340.199979 TARGET:-23 LUFS    M: -34.3 S: -36.6     I: -32.6 LUFS       LRA:   8.6 LU  FTPK:  -inf  -inf dBFS  TPK: -15.2 -15.7 dBFS
[Parsed_ebur128_0 @ 0x148e05970] t: 340.299979 TARGET:-23 LUFS    M:-109.3 S: -36.6     I: -32.6 LUFS       LRA:   8.6 LU  FTPK:  -inf  -inf dBFS  TPK: -15.2 -15.7 dBFS
[Parsed_ebur128_0 @ 0x148e05970] t: 340.399979 TARGET:-23 LUFS    M:   nan S: -36.6     I: -32.6 LUFS       LRA:   8.6 LU  FTPK:  -inf  -inf dBFS  TPK: -15.2 -15.7 dBFS
[Parsed_ebur128_0 @ 0x148e05970] t: 340.499979 TARGET:-23 LUFS    M:   nan S: -36.6     I: -32.6 LUFS       LRA:   8.6 LU  FTPK:  -inf  -inf dBFS  TPK: -15.2 -15.7 dBFS
[Parsed_ebur128_0 @ 0x148e05970] t: 340.599979 TARGET:-23 LUFS    M:   nan S: -36.6     I: -32.6 LUFS       LRA:   8.6 LU  FTPK:  -inf  -inf dBFS  TPK: -15.2 -15.7 dBFS
[Parsed_ebur128_0 @ 0x148e05970] t: 340.699979 TARGET:-23 LUFS    M:   nan S: -36.6     I: -32.6 LUFS       LRA:   8.6 LU  FTPK:  -inf  -inf dBFS  TPK: -15.2 -15.7 dBFS
[Parsed_ebur128_0 @ 0x148e05970] t: 340.799979 TARGET:-23 LUFS    M:   nan S: -36.6     I: -32.6 LUFS       LRA:   8.6 LU  FTPK:  -inf  -inf dBFS  TPK: -15.2 -15.7 dBFS
[Parsed_ebur128_0 @ 0x148e05970] t: 340.899979 TARGET:-23 LUFS    M:   nan S: -36.6     I: -32.6 LUFS       LRA:   8.6 LU  FTPK:  -inf  -inf dBFS  TPK: -15.2 -15.7 dBFS
[Parsed_ebur128_0 @ 0x148e05970] t: 340.999979 TARGET:-23 LUFS    M:   nan S: -36.6     I: -32.6 LUFS       LRA:   8.6 LU  FTPK:  -inf  -inf dBFS  TPK: -15.2 -15.7 dBFS
[Parsed_ebur128_0 @ 0x148e05970] t: 341.099979 TARGET:-23 LUFS    M:   nan S: -36.6     I: -32.6 LUFS       LRA:   8.6 LU  FTPK:  -inf  -inf dBFS  TPK: -15.2 -15.7 dBFS
[Parsed_ebur128_0 @ 0x148e05970] t: 341.199979 TARGET:-23 LUFS    M:   nan S: -36.6     I: -32.6 LUFS       LRA:   8.6 LU  FTPK:  -inf  -inf dBFS  TPK: -15.2 -15.7 dBFS
[Parsed_ebur128_0 @ 0x148e05970] t: 341.299979 TARGET:-23 LUFS    M:   nan S: -36.6     I: -32.6 LUFS       LRA:   8.6 LU  FTPK:  -inf  -inf dBFS  TPK: -15.2 -15.7 dBFS
[Parsed_ebur128_0 @ 0x148e05970] t: 341.399979 TARGET:-23 LUFS    M:   nan S: -36.6     I: -32.6 LUFS       LRA:   8.6 LU  FTPK:  -inf  -inf dBFS  TPK: -15.2 -15.7 dBFS
[Parsed_ebur128_0 @ 0x148e05970] t: 341.499979 TARGET:-23 LUFS    M:   nan S: -36.6     I: -32.6 LUFS       LRA:   8.6 LU  FTPK:  -inf  -inf dBFS  TPK: -15.2 -15.7 dBFS
[Parsed_ebur128_0 @ 0x148e05970] t: 341.599979 TARGET:-23 LUFS    M:   nan S: -36.6     I: -32.6 LUFS       LRA:   8.6 LU  FTPK:  -inf  -inf dBFS  TPK: -15.2 -15.7 dBFS
[Parsed_ebur128_0 @ 0x148e05970] t: 341.699979 TARGET:-23 LUFS    M:   nan S: -36.6     I: -32.6 LUFS       LRA:   8.6 LU  FTPK:  -inf  -inf dBFS  TPK: -15.2 -15.7 dBFS
[Parsed_ebur128_0 @ 0x148e05970] t: 341.799979 TARGET:-23 LUFS    M:   nan S: -36.6     I: -32.6 LUFS       LRA:   8.6 LU  FTPK:  -inf  -inf dBFS  TPK: -15.2 -15.7 dBFS
[Parsed_ebur128_0 @ 0x148e05970] t: 341.899979 TARGET:-23 LUFS    M:   nan S: -36.6     I: -32.6 LUFS       LRA:   8.6 LU  FTPK:  -inf  -inf dBFS  TPK: -15.2 -15.7 dBFS
[Parsed_ebur128_0 @ 0x148e05970] t: 341.999979 TARGET:-23 LUFS    M:   nan S: -37.3     I: -32.6 LUFS       LRA:   8.6 LU  FTPK:  -inf  -inf dBFS  TPK: -15.2 -15.7 dBFS
[Parsed_ebur128_0 @ 0x148e05970] t: 342.099979 TARGET:-23 LUFS    M:   nan S: -37.3     I: -32.6 LUFS       LRA:   8.6 LU  FTPK:  -inf  -inf dBFS  TPK: -15.2 -15.7 dBFS
[Parsed_ebur128_0 @ 0x148e05970] t: 342.199979 TARGET:-23 LUFS    M:   nan S: -37.3     I: -32.6 LUFS       LRA:   8.6 LU  FTPK:  -inf  -inf dBFS  TPK: -15.2 -15.7 dBFS
[Parsed_ebur128_0 @ 0x148e05970] t: 342.299979 TARGET:-23 LUFS    M:   nan S: -37.3     I: -32.6 LUFS       LRA:   8.6 LU  FTPK:  -inf  -inf dBFS  TPK: -15.2 -15.7 dBFS
[Parsed_ebur128_0 @ 0x148e05970] t: 342.399979 TARGET:-23 LUFS    M:   nan S: -37.3     I: -32.6 LUFS       LRA:   8.6 LU  FTPK:  -inf  -inf dBFS  TPK: -15.2 -15.7 dBFS
[Parsed_ebur128_0 @ 0x148e05970] t: 342.499979 TARGET:-23 LUFS    M:   nan S: -37.3     I: -32.6 LUFS       LRA:   8.6 LU  FTPK:  -inf  -inf dBFS  TPK: -15.2 -15.7 dBFS
[Parsed_ebur128_0 @ 0x148e05970] t: 342.599979 TARGET:-23 LUFS    M:   nan S: -37.3     I: -32.6 LUFS       LRA:   8.6 LU  FTPK:  -inf  -inf dBFS  TPK: -15.2 -15.7 dBFS
[Parsed_ebur128_0 @ 0x148e05970] t: 342.699979 TARGET:-23 LUFS    M:   nan S: -39.4     I: -32.6 LUFS       LRA:   8.6 LU  FTPK:  -inf  -inf dBFS  TPK: -15.2 -15.7 dBFS
[Parsed_ebur128_0 @ 0x148e05970] t: 342.799979 TARGET:-23 LUFS    M:   nan S: -43.1     I: -32.6 LUFS       LRA:   8.6 LU  FTPK:  -inf  -inf dBFS  TPK: -15.2 -15.7 dBFS
[Parsed_ebur128_0 @ 0x148e05970] t: 342.899979 TARGET:-23 LUFS    M:   nan S:-118.1     I: -32.6 LUFS       LRA:   8.6 LU  FTPK:  -inf  -inf dBFS  TPK: -15.2 -15.7 dBFS
[Parsed_ebur128_0 @ 0x148e05970] t: 342.999979 TARGET:-23 LUFS    M:   nan S:   nan     I: -32.6 LUFS       LRA:   8.6 LU  FTPK:  -inf  -inf dBFS  TPK: -15.2 -15.7 dBFS
[Parsed_ebur128_0 @ 0x148e05970] t: 343.099979 TARGET:-23 LUFS    M:   nan S:   nan     I: -32.6 LUFS       LRA:   8.6 LU  FTPK:  -inf  -inf dBFS  TPK: -15.2 -15.7 dBFS
[Parsed_ebur128_0 @ 0x148e05970] t: 343.199979 TARGET:-23 LUFS    M:   nan S:   nan     I: -32.6 LUFS       LRA:   8.6 LU  FTPK:  -inf  -inf dBFS  TPK: -15.2 -15.7 dBFS
[Parsed_ebur128_0 @ 0x148e05970] t: 343.299979 TARGET:-23 LUFS    M:   nan S:   nan     I: -32.6 LUFS       LRA:   8.6 LU  FTPK:  -inf  -inf dBFS  TPK: -15.2 -15.7 dBFS
[Parsed_ebur128_0 @ 0x148e05970] t: 343.399979 TARGET:-23 LUFS    M:   nan S:   nan     I: -32.6 LUFS       LRA:   8.6 LU  FTPK:  -inf  -inf dBFS  TPK: -15.2 -15.7 dBFS
[Parsed_ebur128_0 @ 0x148e05970] t: 343.499979 TARGET:-23 LUFS    M:   nan S:   nan     I: -32.6 LUFS       LRA:   8.6 LU  FTPK:  -inf  -inf dBFS  TPK: -15.2 -15.7 dBFS
[Parsed_ebur128_0 @ 0x148e05970] t: 343.599979 TARGET:-23 LUFS    M:   nan S:   nan     I: -32.6 LUFS       LRA:   8.6 LU  FTPK:  -inf  -inf dBFS  TPK: -15.2 -15.7 dBFS
[Parsed_ebur128_0 @ 0x148e05970] t: 343.699979 TARGET:-23 LUFS    M:   nan S:   nan     I: -32.6 LUFS       LRA:   8.6 LU  FTPK:  -inf  -inf dBFS  TPK: -15.2 -15.7 dBFS
[Parsed_ebur128_0 @ 0x148e05970] t: 343.799979 TARGET:-23 LUFS    M:   nan S:   nan     I: -32.6 LUFS       LRA:   8.6 LU  FTPK:  -inf  -inf dBFS  TPK: -15.2 -15.7 dBFS
[Parsed_ebur128_0 @ 0x148e05970] t: 343.899979 TARGET:-23 LUFS    M:   nan S:   nan     I: -32.6 LUFS       LRA:   8.6 LU  FTPK:  -inf  -inf dBFS  TPK: -15.2 -15.7 dBFS
[Parsed_ebur128_0 @ 0x148e05970] t: 343.999979 TARGET:-23 LUFS    M:   nan S:   nan     I: -32.6 LUFS       LRA:   8.6 LU  FTPK:  -inf  -inf dBFS  TPK: -15.2 -15.7 dBFS
[Parsed_ebur128_0 @ 0x148e05970] t: 344.099979 TARGET:-23 LUFS    M:   nan S:   nan     I: -32.6 LUFS       LRA:   8.6 LU  FTPK:  -inf  -inf dBFS  TPK: -15.2 -15.7 dBFS
[Parsed_ebur128_0 @ 0x148e05970] t: 344.199979 TARGET:-23 LUFS    M:   nan S:   nan     I: -32.6 LUFS       LRA:   8.6 LU  FTPK:  -inf  -inf dBFS  TPK: -15.2 -15.7 dBFS
[Parsed_ebur128_0 @ 0x148e05970] t: 344.299979 TARGET:-23 LUFS    M:   nan S:   nan     I: -32.6 LUFS       LRA:   8.6 LU  FTPK:  -inf  -inf dBFS  TPK: -15.2 -15.7 dBFS
[Parsed_ebur128_0 @ 0x148e05970] t: 344.399979 TARGET:-23 LUFS    M:   nan S:   nan     I: -32.6 LUFS       LRA:   8.6 LU  FTPK:  -inf  -inf dBFS  TPK: -15.2 -15.7 dBFS
[Parsed_ebur128_0 @ 0x148e05970] t: 344.499979 TARGET:-23 LUFS    M:   nan S:   nan     I: -32.6 LUFS       LRA:   8.6 LU  FTPK:  -inf  -inf dBFS  TPK: -15.2 -15.7 dBFS
[Parsed_ebur128_0 @ 0x148e05970] t: 344.599979 TARGET:-23 LUFS    M:   nan S:   nan     I: -32.6 LUFS       LRA:   8.6 LU  FTPK:  -inf  -inf dBFS  TPK: -15.2 -15.7 dBFS
[Parsed_ebur128_0 @ 0x148e05970] t: 344.699979 TARGET:-23 LUFS    M:   nan S:   nan     I: -32.6 LUFS       LRA:   8.6 LU  FTPK:  -inf  -inf dBFS  TPK: -15.2 -15.7 dBFS
[Parsed_ebur128_0 @ 0x148e05970] t: 344.799979 TARGET:-23 LUFS    M:   nan S:   nan     I: -32.6 LUFS       LRA:   8.6 LU  FTPK:  -inf  -inf dBFS  TPK: -15.2 -15.7 dBFS
[Parsed_ebur128_0 @ 0x148e05970] t: 344.899979 TARGET:-23 LUFS    M:   nan S:   nan     I: -32.6 LUFS       LRA:   8.6 LU  FTPK:  -inf  -inf dBFS  TPK: -15.2 -15.7 dBFS
[Parsed_ebur128_0 @ 0x148e05970] t: 344.999979 TARGET:-23 LUFS    M:   nan S:   nan     I: -32.6 LUFS       LRA:   8.6 LU  FTPK:  -inf  -inf dBFS  TPK: -15.2 -15.7 dBFS
[Parsed_ebur128_0 @ 0x148e05970] t: 345.099979 TARGET:-23 LUFS    M:   nan S:   nan     I: -32.6 LUFS       LRA:   8.6 LU  FTPK:  -inf  -inf dBFS  TPK: -15.2 -15.7 dBFS
[Parsed_ebur128_0 @ 0x148e05970] t: 345.199979 TARGET:-23 LUFS    M:   nan S:   nan     I: -32.6 LUFS       LRA:   8.6 LU  FTPK:  -inf  -inf dBFS  TPK: -15.2 -15.7 dBFS
[Parsed_ebur128_0 @ 0x148e05970] t: 345.299979 TARGET:-23 LUFS    M:   nan S:   nan     I: -32.6 LUFS       LRA:   8.6 LU  FTPK:  -inf  -inf dBFS  TPK: -15.2 -15.7 dBFS
[Parsed_ebur128_0 @ 0x148e05970] t: 345.399979 TARGET:-23 LUFS    M:   nan S:   nan     I: -32.6 LUFS       LRA:   8.6 LU  FTPK:  -inf  -inf dBFS  TPK: -15.2 -15.7 dBFS
[Parsed_ebur128_0 @ 0x148e05970] t: 345.499979 TARGET:-23 LUFS    M:   nan S:   nan     I: -32.6 LUFS       LRA:   8.6 LU  FTPK:  -inf  -inf dBFS  TPK: -15.2 -15.7 dBFS
[Parsed_ebur128_0 @ 0x148e05970] t: 345.599979 TARGET:-23 LUFS    M:   nan S:   nan     I: -32.6 LUFS       LRA:   8.6 LU  FTPK:  -inf  -inf dBFS  TPK: -15.2 -15.7 dBFS
[Parsed_ebur128_0 @ 0x148e05970] t: 345.699979 TARGET:-23 LUFS    M:   nan S:   nan     I: -32.6 LUFS       LRA:   8.6 LU  FTPK:  -inf  -inf dBFS  TPK: -15.2 -15.7 dBFS
[Parsed_ebur128_0 @ 0x148e05970] t: 345.799979 TARGET:-23 LUFS    M:   nan S:   nan     I: -32.6 LUFS       LRA:   8.6 LU  FTPK:  -inf  -inf dBFS  TPK: -15.2 -15.7 dBFS
[Parsed_ebur128_0 @ 0x148e05970] t: 345.899979 TARGET:-23 LUFS    M:   nan S:   nan     I: -32.6 LUFS       LRA:   8.6 LU  FTPK:  -inf  -inf dBFS  TPK: -15.2 -15.7 dBFS
[Parsed_ebur128_0 @ 0x148e05970] t: 345.999979 TARGET:-23 LUFS    M:   nan S:   nan     I: -32.6 LUFS       LRA:   8.6 LU  FTPK:  -inf  -inf dBFS  TPK: -15.2 -15.7 dBFS
[Parsed_ebur128_0 @ 0x148e05970] t: 346.099979 TARGET:-23 LUFS    M:   nan S:   nan     I: -32.6 LUFS       LRA:   8.6 LU  FTPK:  -inf  -inf dBFS  TPK: -15.2 -15.7 dBFS
[Parsed_ebur128_0 @ 0x148e05970] t: 346.199979 TARGET:-23 LUFS    M:   nan S:   nan     I: -32.6 LUFS       LRA:   8.6 LU  FTPK:  -inf  -inf dBFS  TPK: -15.2 -15.7 dBFS
[Parsed_ebur128_0 @ 0x148e05970] t: 346.299979 TARGET:-23 LUFS    M:   nan S:   nan     I: -32.6 LUFS       LRA:   8.6 LU  FTPK:  -inf  -inf dBFS  TPK: -15.2 -15.7 dBFS
[Parsed_ebur128_0 @ 0x148e05970] t: 346.399979 TARGET:-23 LUFS    M:   nan S:   nan     I: -32.6 LUFS       LRA:   8.6 LU  FTPK:  -inf  -inf dBFS  TPK: -15.2 -15.7 dBFS
[Parsed_ebur128_0 @ 0x148e05970] t: 346.499979 TARGET:-23 LUFS    M:   nan S:   nan     I: -32.6 LUFS       LRA:   8.6 LU  FTPK:  -inf  -inf dBFS  TPK: -15.2 -15.7 dBFS
[Parsed_ebur128_0 @ 0x148e05970] t: 346.599979 TARGET:-23 LUFS    M:   nan S:   nan     I: -32.6 LUFS       LRA:   8.6 LU  FTPK:  -inf  -inf dBFS  TPK: -15.2 -15.7 dBFS
[Parsed_ebur128_0 @ 0x148e05970] t: 346.699979 TARGET:-23 LUFS    M:   nan S:   nan     I: -32.6 LUFS       LRA:   8.6 LU  FTPK:  -inf  -inf dBFS  TPK: -15.2 -15.7 dBFS
[Parsed_ebur128_0 @ 0x148e05970] t: 346.799979 TARGET:-23 LUFS    M:   nan S:   nan     I: -32.6 LUFS       LRA:   8.6 LU  FTPK:  -inf  -inf dBFS  TPK: -15.2 -15.7 dBFS
[Parsed_ebur128_0 @ 0x148e05970] t: 346.899979 TARGET:-23 LUFS    M:   nan S:   nan     I: -32.6 LUFS       LRA:   8.6 LU  FTPK:  -inf  -inf dBFS  TPK: -15.2 -15.7 dBFS
[Parsed_ebur128_0 @ 0x148e05970] t: 346.999979 TARGET:-23 LUFS    M:   nan S:   nan     I: -32.6 LUFS       LRA:   8.6 LU  FTPK:  -inf  -inf dBFS  TPK: -15.2 -15.7 dBFS
[Parsed_ebur128_0 @ 0x148e05970] t: 347.099979 TARGET:-23 LUFS    M:   nan S:   nan     I: -32.6 LUFS       LRA:   8.6 LU  FTPK:  -inf  -inf dBFS  TPK: -15.2 -15.7 dBFS
[Parsed_ebur128_0 @ 0x148e05970] t: 347.199979 TARGET:-23 LUFS    M:   nan S:   nan     I: -32.6 LUFS       LRA:   8.6 LU  FTPK:  -inf  -inf dBFS  TPK: -15.2 -15.7 dBFS
[Parsed_ebur128_0 @ 0x148e05970] t: 347.299979 TARGET:-23 LUFS    M:   nan S:   nan     I: -32.6 LUFS       LRA:   8.6 LU  FTPK:  -inf  -inf dBFS  TPK: -15.2 -15.7 dBFS
[Parsed_ebur128_0 @ 0x148e05970] t: 347.399979 TARGET:-23 LUFS    M:   nan S:   nan     I: -32.6 LUFS       LRA:   8.6 LU  FTPK:  -inf  -inf dBFS  TPK: -15.2 -15.7 dBFS
[Parsed_ebur128_0 @ 0x148e05970] t: 347.499979 TARGET:-23 LUFS    M:   nan S:   nan     I: -32.6 LUFS       LRA:   8.6 LU  FTPK:  -inf  -inf dBFS  TPK: -15.2 -15.7 dBFS
[Parsed_ebur128_0 @ 0x148e05970] t: 347.599979 TARGET:-23 LUFS    M:   nan S:   nan     I: -32.6 LUFS       LRA:   8.6 LU  FTPK:  -inf  -inf dBFS  TPK: -15.2 -15.7 dBFS
[Parsed_ebur128_0 @ 0x148e05970] t: 347.699979 TARGET:-23 LUFS    M:   nan S:   nan     I: -32.6 LUFS       LRA:   8.6 LU  FTPK:  -inf  -inf dBFS  TPK: -15.2 -15.7 dBFS
[Parsed_ebur128_0 @ 0x148e05970] t: 347.799979 TARGET:-23 LUFS    M:   nan S:   nan     I: -32.6 LUFS       LRA:   8.6 LU  FTPK:  -inf  -inf dBFS  TPK: -15.2 -15.7 dBFS
[Parsed_ebur128_0 @ 0x148e05970] t: 347.899979 TARGET:-23 LUFS    M:   nan S:   nan     I: -32.6 LUFS       LRA:   8.6 LU  FTPK:  -inf  -inf dBFS  TPK: -15.2 -15.7 dBFS
[Parsed_ebur128_0 @ 0x148e05970] t: 347.999979 TARGET:-23 LUFS    M:   nan S:   nan     I: -32.6 LUFS       LRA:   8.6 LU  FTPK:  -inf  -inf dBFS  TPK: -15.2 -15.7 dBFS
[Parsed_ebur128_0 @ 0x148e05970] t: 348.099979 TARGET:-23 LUFS    M:   nan S:   nan     I: -32.6 LUFS       LRA:   8.6 LU  FTPK:  -inf  -inf dBFS  TPK: -15.2 -15.7 dBFS
[Parsed_ebur128_0 @ 0x148e05970] t: 348.199979 TARGET:-23 LUFS    M:   nan S:   nan     I: -32.6 LUFS       LRA:   8.6 LU  FTPK:  -inf  -inf dBFS  TPK: -15.2 -15.7 dBFS
[Parsed_ebur128_0 @ 0x148e05970] t: 348.299979 TARGET:-23 LUFS    M:-121.6 S:-130.4     I: -32.6 LUFS       LRA:   8.6 LU  FTPK: -96.7 -91.6 dBFS  TPK: -15.2 -15.7 dBFS
[Parsed_ebur128_0 @ 0x148e05970] t: 348.399979 TARGET:-23 LUFS    M: -36.1 S: -44.8     I: -32.6 LUFS       LRA:   8.6 LU  FTPK: -16.2 -15.2 dBFS  TPK: -15.2 -15.2 dBFS
[Parsed_ebur128_0 @ 0x148e05970] t: 348.499979 TARGET:-23 LUFS    M: -36.1 S: -44.8     I: -32.6 LUFS       LRA:   8.6 LU  FTPK: -47.1 -46.0 dBFS  TPK: -15.2 -15.2 dBFS
[Parsed_ebur128_0 @ 0x148e05970] t: 348.599979 TARGET:-23 LUFS    M: -36.1 S: -44.8     I: -32.6 LUFS       LRA:   8.6 LU  FTPK:  -inf  -inf dBFS  TPK: -15.2 -15.2 dBFS
[Parsed_ebur128_0 @ 0x148e05970] t: 348.699979 TARGET:-23 LUFS    M: -36.1 S: -44.8     I: -32.6 LUFS       LRA:   8.6 LU  FTPK:  -inf  -inf dBFS  TPK: -15.2 -15.2 dBFS
[Parsed_ebur128_0 @ 0x148e05970] t: 348.799979 TARGET:-23 LUFS    M: -65.2 S: -44.8     I: -32.6 LUFS       LRA:   8.6 LU  FTPK:  -inf  -inf dBFS  TPK: -15.2 -15.2 dBFS
[Parsed_ebur128_0 @ 0x148e05970] t: 348.899979 TARGET:-23 LUFS    M:   nan S: -44.8     I: -32.6 LUFS       LRA:   8.6 LU  FTPK:  -inf  -inf dBFS  TPK: -15.2 -15.2 dBFS
[Parsed_ebur128_0 @ 0x148e05970] t: 348.999979 TARGET:-23 LUFS    M:   nan S: -44.8     I: -32.6 LUFS       LRA:   8.6 LU  FTPK:  -inf  -inf dBFS  TPK: -15.2 -15.2 dBFS
[Parsed_ebur128_0 @ 0x148e05970] t: 349.099979 TARGET:-23 LUFS    M:   nan S: -44.8     I: -32.6 LUFS       LRA:   8.6 LU  FTPK:  -inf  -inf dBFS  TPK: -15.2 -15.2 dBFS
[Parsed_ebur128_0 @ 0x148e05970] t: 349.199979 TARGET:-23 LUFS    M: -39.3 S: -43.1     I: -32.6 LUFS       LRA:   8.6 LU  FTPK: -22.5 -21.5 dBFS  TPK: -15.2 -15.2 dBFS
[Parsed_ebur128_0 @ 0x148e05970] t: 349.299979 TARGET:-23 LUFS    M: -31.6 S: -39.0     I: -32.6 LUFS       LRA:   8.6 LU  FTPK: -18.3 -17.3 dBFS  TPK: -15.2 -15.2 dBFS
[Parsed_ebur128_0 @ 0x148e05970] t: 349.399979 TARGET:-23 LUFS    M: -29.2 S: -37.1     I: -32.6 LUFS       LRA:   8.6 LU  FTPK: -20.2 -19.3 dBFS  TPK: -15.2 -15.2 dBFS
[Parsed_ebur128_0 @ 0x148e05970] t: 349.499979 TARGET:-23 LUFS    M: -28.7 S: -36.7     I: -32.6 LUFS       LRA:   8.6 LU  FTPK: -21.1 -20.0 dBFS  TPK: -15.2 -15.2 dBFS
[Parsed_ebur128_0 @ 0x148e05970] t: 349.599979 TARGET:-23 LUFS    M: -29.1 S: -36.7     I: -32.6 LUFS       LRA:   8.6 LU  FTPK:  -inf  -inf dBFS  TPK: -15.2 -15.2 dBFS
[Parsed_ebur128_0 @ 0x148e05970] t: 349.699979 TARGET:-23 LUFS    M: -31.7 S: -36.7     I: -32.6 LUFS       LRA:   8.6 LU  FTPK:  -inf  -inf dBFS  TPK: -15.2 -15.2 dBFS
[Parsed_ebur128_0 @ 0x148e05970] t: 349.799979 TARGET:-23 LUFS    M: -37.9 S: -36.7     I: -32.6 LUFS       LRA:   8.6 LU  FTPK:  -inf  -inf dBFS  TPK: -15.2 -15.2 dBFS
[Parsed_ebur128_0 @ 0x148e05970] t: 349.899979 TARGET:-23 LUFS    M:   nan S: -36.7     I: -32.6 LUFS       LRA:   8.6 LU  FTPK:  -inf  -inf dBFS  TPK: -15.2 -15.2 dBFS
[Parsed_ebur128_0 @ 0x148e05970] t: 349.999979 TARGET:-23 LUFS    M:   nan S: -36.7     I: -32.6 LUFS       LRA:   8.6 LU  FTPK:  -inf  -inf dBFS  TPK: -15.2 -15.2 dBFS
[Parsed_ebur128_0 @ 0x148e05970] t: 350.099979 TARGET:-23 LUFS    M:   nan S: -36.7     I: -32.6 LUFS       LRA:   8.6 LU  FTPK:  -inf  -inf dBFS  TPK: -15.2 -15.2 dBFS
[Parsed_ebur128_0 @ 0x148e05970] t: 350.199979 TARGET:-23 LUFS    M:   nan S: -36.7     I: -32.6 LUFS       LRA:   8.6 LU  FTPK:  -inf  -inf dBFS  TPK: -15.2 -15.2 dBFS
[Parsed_ebur128_0 @ 0x148e05970] t: 350.299979 TARGET:-23 LUFS    M:   nan S: -36.7     I: -32.6 LUFS       LRA:   8.6 LU  FTPK:  -inf  -inf dBFS  TPK: -15.2 -15.2 dBFS
[Parsed_ebur128_0 @ 0x148e05970] t: 350.399979 TARGET:-23 LUFS    M:   nan S: -36.7     I: -32.6 LUFS       LRA:   8.6 LU  FTPK:  -inf  -inf dBFS  TPK: -15.2 -15.2 dBFS
[Parsed_ebur128_0 @ 0x148e05970] t: 350.499979 TARGET:-23 LUFS    M:   nan S: -36.7     I: -32.6 LUFS       LRA:   8.6 LU  FTPK:  -inf  -inf dBFS  TPK: -15.2 -15.2 dBFS
[Parsed_ebur128_0 @ 0x148e05970] t: 350.599979 TARGET:-23 LUFS    M:   nan S: -36.7     I: -32.6 LUFS       LRA:   8.6 LU  FTPK:  -inf  -inf dBFS  TPK: -15.2 -15.2 dBFS
[Parsed_ebur128_0 @ 0x148e05970] t: 350.699979 TARGET:-23 LUFS    M:   nan S: -36.7     I: -32.6 LUFS       LRA:   8.6 LU  FTPK:  -inf  -inf dBFS  TPK: -15.2 -15.2 dBFS
[Parsed_ebur128_0 @ 0x148e05970] t: 350.799979 TARGET:-23 LUFS    M:   nan S: -36.7     I: -32.6 LUFS       LRA:   8.6 LU  FTPK:  -inf  -inf dBFS  TPK: -15.2 -15.2 dBFS
[Parsed_ebur128_0 @ 0x148e05970] t: 350.899979 TARGET:-23 LUFS    M:   nan S: -36.7     I: -32.6 LUFS       LRA:   8.6 LU  FTPK:  -inf  -inf dBFS  TPK: -15.2 -15.2 dBFS
[Parsed_ebur128_0 @ 0x148e05970] t: 350.999979 TARGET:-23 LUFS    M:   nan S: -36.7     I: -32.6 LUFS       LRA:   8.6 LU  FTPK:  -inf  -inf dBFS  TPK: -15.2 -15.2 dBFS
[Parsed_ebur128_0 @ 0x148e05970] t: 351.099979 TARGET:-23 LUFS    M:   nan S: -36.7     I: -32.6 LUFS       LRA:   8.6 LU  FTPK:  -inf  -inf dBFS  TPK: -15.2 -15.2 dBFS
[Parsed_ebur128_0 @ 0x148e05970] t: 351.199979 TARGET:-23 LUFS    M:   nan S: -36.7     I: -32.6 LUFS       LRA:   8.6 LU  FTPK:  -inf  -inf dBFS  TPK: -15.2 -15.2 dBFS
[Parsed_ebur128_0 @ 0x148e05970] t: 351.299979 TARGET:-23 LUFS    M:   nan S: -36.7     I: -32.6 LUFS       LRA:   8.6 LU  FTPK:  -inf  -inf dBFS  TPK: -15.2 -15.2 dBFS
[Parsed_ebur128_0 @ 0x148e05970] t: 351.399979 TARGET:-23 LUFS    M:   nan S: -37.4     I: -32.6 LUFS       LRA:   8.6 LU  FTPK:  -inf  -inf dBFS  TPK: -15.2 -15.2 dBFS
[Parsed_ebur128_0 @ 0x148e05970] t: 351.499979 TARGET:-23 LUFS    M:   nan S: -37.4     I: -32.6 LUFS       LRA:   8.6 LU  FTPK:  -inf  -inf dBFS  TPK: -15.2 -15.2 dBFS
[Parsed_ebur128_0 @ 0x148e05970] t: 351.599979 TARGET:-23 LUFS    M:   nan S: -37.4     I: -32.6 LUFS       LRA:   8.6 LU  FTPK:  -inf  -inf dBFS  TPK: -15.2 -15.2 dBFS
[Parsed_ebur128_0 @ 0x148e05970] t: 351.699979 TARGET:-23 LUFS    M:   nan S: -37.4     I: -32.6 LUFS       LRA:   8.6 LU  FTPK:  -inf  -inf dBFS  TPK: -15.2 -15.2 dBFS
[Parsed_ebur128_0 @ 0x148e05970] t: 351.799979 TARGET:-23 LUFS    M:   nan S: -37.4     I: -32.6 LUFS       LRA:   8.6 LU  FTPK:  -inf  -inf dBFS  TPK: -15.2 -15.2 dBFS
[Parsed_ebur128_0 @ 0x148e05970] t: 351.899979 TARGET:-23 LUFS    M:   nan S: -37.4     I: -32.6 LUFS       LRA:   8.6 LU  FTPK:  -inf  -inf dBFS  TPK: -15.2 -15.2 dBFS
[Parsed_ebur128_0 @ 0x148e05970] t: 351.999979 TARGET:-23 LUFS    M:   nan S: -37.4     I: -32.6 LUFS       LRA:   8.6 LU  FTPK:  -inf  -inf dBFS  TPK: -15.2 -15.2 dBFS
[Parsed_ebur128_0 @ 0x148e05970] t: 352.099979 TARGET:-23 LUFS    M:   nan S: -37.4     I: -32.6 LUFS       LRA:   8.6 LU  FTPK:  -inf  -inf dBFS  TPK: -15.2 -15.2 dBFS
[Parsed_ebur128_0 @ 0x148e05970] t: 352.199979 TARGET:-23 LUFS    M:   nan S: -37.8     I: -32.6 LUFS       LRA:   8.6 LU  FTPK:  -inf  -inf dBFS  TPK: -15.2 -15.2 dBFS
[Parsed_ebur128_0 @ 0x148e05970] t: 352.299979 TARGET:-23 LUFS    M:   nan S: -40.5     I: -32.6 LUFS       LRA:   8.6 LU  FTPK:  -inf  -inf dBFS  TPK: -15.2 -15.2 dBFS
[Parsed_ebur128_0 @ 0x148e05970] t: 352.399979 TARGET:-23 LUFS    M:   nan S: -46.6     I: -32.6 LUFS       LRA:   8.6 LU  FTPK:  -inf  -inf dBFS  TPK: -15.2 -15.2 dBFS
[Parsed_ebur128_0 @ 0x148e05970] t: 352.499979 TARGET:-23 LUFS    M:   nan S:   nan     I: -32.6 LUFS       LRA:   8.6 LU  FTPK:  -inf  -inf dBFS  TPK: -15.2 -15.2 dBFS
[Parsed_ebur128_0 @ 0x148e05970] t: 352.599979 TARGET:-23 LUFS    M:   nan S:   nan     I: -32.6 LUFS       LRA:   8.6 LU  FTPK:  -inf  -inf dBFS  TPK: -15.2 -15.2 dBFS
[Parsed_ebur128_0 @ 0x148e05970] t: 352.699979 TARGET:-23 LUFS    M:   nan S:   nan     I: -32.6 LUFS       LRA:   8.6 LU  FTPK:  -inf  -inf dBFS  TPK: -15.2 -15.2 dBFS
[Parsed_ebur128_0 @ 0x148e05970] t: 352.799979 TARGET:-23 LUFS    M:   nan S:   nan     I: -32.6 LUFS       LRA:   8.6 LU  FTPK:  -inf  -inf dBFS  TPK: -15.2 -15.2 dBFS
[Parsed_ebur128_0 @ 0x148e05970] t: 352.899979 TARGET:-23 LUFS    M:   nan S:   nan     I: -32.6 LUFS       LRA:   8.6 LU  FTPK:  -inf  -inf dBFS  TPK: -15.2 -15.2 dBFS
[Parsed_ebur128_0 @ 0x148e05970] t: 352.999979 TARGET:-23 LUFS    M:   nan S:   nan     I: -32.6 LUFS       LRA:   8.6 LU  FTPK:  -inf  -inf dBFS  TPK: -15.2 -15.2 dBFS
[Parsed_ebur128_0 @ 0x148e05970] t: 353.099979 TARGET:-23 LUFS    M:   nan S:   nan     I: -32.6 LUFS       LRA:   8.6 LU  FTPK:  -inf  -inf dBFS  TPK: -15.2 -15.2 dBFS
[Parsed_ebur128_0 @ 0x148e05970] t: 353.199979 TARGET:-23 LUFS    M:   nan S:   nan     I: -32.6 LUFS       LRA:   8.6 LU  FTPK:  -inf  -inf dBFS  TPK: -15.2 -15.2 dBFS
[Parsed_ebur128_0 @ 0x148e05970] t: 353.299979 TARGET:-23 LUFS    M:   nan S:   nan     I: -32.6 LUFS       LRA:   8.6 LU  FTPK:  -inf  -inf dBFS  TPK: -15.2 -15.2 dBFS
[Parsed_ebur128_0 @ 0x148e05970] t: 353.399979 TARGET:-23 LUFS    M:   nan S:   nan     I: -32.6 LUFS       LRA:   8.6 LU  FTPK:  -inf  -inf dBFS  TPK: -15.2 -15.2 dBFS
[Parsed_ebur128_0 @ 0x148e05970] t: 353.499979 TARGET:-23 LUFS    M:   nan S:   nan     I: -32.6 LUFS       LRA:   8.6 LU  FTPK:  -inf  -inf dBFS  TPK: -15.2 -15.2 dBFS
[Parsed_ebur128_0 @ 0x148e05970] t: 353.599979 TARGET:-23 LUFS    M:   nan S:   nan     I: -32.6 LUFS       LRA:   8.6 LU  FTPK:  -inf  -inf dBFS  TPK: -15.2 -15.2 dBFS
[Parsed_ebur128_0 @ 0x148e05970] t: 353.699979 TARGET:-23 LUFS    M:   nan S:   nan     I: -32.6 LUFS       LRA:   8.6 LU  FTPK:  -inf  -inf dBFS  TPK: -15.2 -15.2 dBFS
[Parsed_ebur128_0 @ 0x148e05970] t: 353.799979 TARGET:-23 LUFS    M:   nan S:   nan     I: -32.6 LUFS       LRA:   8.6 LU  FTPK:  -inf  -inf dBFS  TPK: -15.2 -15.2 dBFS
[Parsed_ebur128_0 @ 0x148e05970] t: 353.899979 TARGET:-23 LUFS    M:   nan S:   nan     I: -32.6 LUFS       LRA:   8.6 LU  FTPK:  -inf  -inf dBFS  TPK: -15.2 -15.2 dBFS
[Parsed_ebur128_0 @ 0x148e05970] t: 353.999979 TARGET:-23 LUFS    M:   nan S:   nan     I: -32.6 LUFS       LRA:   8.6 LU  FTPK:  -inf  -inf dBFS  TPK: -15.2 -15.2 dBFS
[Parsed_ebur128_0 @ 0x148e05970] t: 354.099979 TARGET:-23 LUFS    M:   nan S:   nan     I: -32.6 LUFS       LRA:   8.6 LU  FTPK:  -inf  -inf dBFS  TPK: -15.2 -15.2 dBFS
[Parsed_ebur128_0 @ 0x148e05970] t: 354.199979 TARGET:-23 LUFS    M:   nan S:   nan     I: -32.6 LUFS       LRA:   8.6 LU  FTPK:  -inf  -inf dBFS  TPK: -15.2 -15.2 dBFS
[Parsed_ebur128_0 @ 0x148e05970] t: 354.299979 TARGET:-23 LUFS    M:   nan S:   nan     I: -32.6 LUFS       LRA:   8.6 LU  FTPK:  -inf  -inf dBFS  TPK: -15.2 -15.2 dBFS
[Parsed_ebur128_0 @ 0x148e05970] t: 354.399979 TARGET:-23 LUFS    M:   nan S:   nan     I: -32.6 LUFS       LRA:   8.6 LU  FTPK:  -inf  -inf dBFS  TPK: -15.2 -15.2 dBFS
[Parsed_ebur128_0 @ 0x148e05970] t: 354.499979 TARGET:-23 LUFS    M:   nan S:   nan     I: -32.6 LUFS       LRA:   8.6 LU  FTPK:  -inf  -inf dBFS  TPK: -15.2 -15.2 dBFS
[Parsed_ebur128_0 @ 0x148e05970] t: 354.599979 TARGET:-23 LUFS    M:   nan S:   nan     I: -32.6 LUFS       LRA:   8.6 LU  FTPK:  -inf  -inf dBFS  TPK: -15.2 -15.2 dBFS
[Parsed_ebur128_0 @ 0x148e05970] t: 354.699979 TARGET:-23 LUFS    M:   nan S:   nan     I: -32.6 LUFS       LRA:   8.6 LU  FTPK:  -inf  -inf dBFS  TPK: -15.2 -15.2 dBFS
[Parsed_ebur128_0 @ 0x148e05970] t: 354.799979 TARGET:-23 LUFS    M:   nan S:   nan     I: -32.6 LUFS       LRA:   8.6 LU  FTPK:  -inf  -inf dBFS  TPK: -15.2 -15.2 dBFS
[Parsed_ebur128_0 @ 0x148e05970] t: 354.899979 TARGET:-23 LUFS    M:   nan S:   nan     I: -32.6 LUFS       LRA:   8.6 LU  FTPK:  -inf  -inf dBFS  TPK: -15.2 -15.2 dBFS
[Parsed_ebur128_0 @ 0x148e05970] t: 354.999979 TARGET:-23 LUFS    M:   nan S:   nan     I: -32.6 LUFS       LRA:   8.6 LU  FTPK:  -inf  -inf dBFS  TPK: -15.2 -15.2 dBFS
[Parsed_ebur128_0 @ 0x148e05970] t: 355.099979 TARGET:-23 LUFS    M:   nan S:   nan     I: -32.6 LUFS       LRA:   8.6 LU  FTPK:  -inf  -inf dBFS  TPK: -15.2 -15.2 dBFS
[Parsed_ebur128_0 @ 0x148e05970] t: 355.199979 TARGET:-23 LUFS    M:   nan S:   nan     I: -32.6 LUFS       LRA:   8.6 LU  FTPK:  -inf  -inf dBFS  TPK: -15.2 -15.2 dBFS
[Parsed_ebur128_0 @ 0x148e05970] t: 355.299979 TARGET:-23 LUFS    M:   nan S:   nan     I: -32.6 LUFS       LRA:   8.6 LU  FTPK:  -inf  -inf dBFS  TPK: -15.2 -15.2 dBFS
[Parsed_ebur128_0 @ 0x148e05970] t: 355.399979 TARGET:-23 LUFS    M:   nan S:   nan     I: -32.6 LUFS       LRA:   8.6 LU  FTPK:  -inf  -inf dBFS  TPK: -15.2 -15.2 dBFS
[Parsed_ebur128_0 @ 0x148e05970] t: 355.499979 TARGET:-23 LUFS    M:   nan S:   nan     I: -32.6 LUFS       LRA:   8.6 LU  FTPK:  -inf  -inf dBFS  TPK: -15.2 -15.2 dBFS
[Parsed_ebur128_0 @ 0x148e05970] t: 355.599979 TARGET:-23 LUFS    M:   nan S:   nan     I: -32.6 LUFS       LRA:   8.6 LU  FTPK:  -inf  -inf dBFS  TPK: -15.2 -15.2 dBFS
[Parsed_ebur128_0 @ 0x148e05970] t: 355.699979 TARGET:-23 LUFS    M:   nan S:   nan     I: -32.6 LUFS       LRA:   8.6 LU  FTPK:  -inf  -inf dBFS  TPK: -15.2 -15.2 dBFS
[Parsed_ebur128_0 @ 0x148e05970] t: 355.799979 TARGET:-23 LUFS    M:   nan S:   nan     I: -32.6 LUFS       LRA:   8.6 LU  FTPK:  -inf  -inf dBFS  TPK: -15.2 -15.2 dBFS
[Parsed_ebur128_0 @ 0x148e05970] t: 355.899979 TARGET:-23 LUFS    M:   nan S:   nan     I: -32.6 LUFS       LRA:   8.6 LU  FTPK:  -inf  -inf dBFS  TPK: -15.2 -15.2 dBFS
[Parsed_ebur128_0 @ 0x148e05970] t: 355.999979 TARGET:-23 LUFS    M:   nan S:   nan     I: -32.6 LUFS       LRA:   8.6 LU  FTPK:  -inf  -inf dBFS  TPK: -15.2 -15.2 dBFS
[Parsed_ebur128_0 @ 0x148e05970] t: 356.099979 TARGET:-23 LUFS    M:   nan S:   nan     I: -32.6 LUFS       LRA:   8.6 LU  FTPK:  -inf  -inf dBFS  TPK: -15.2 -15.2 dBFS
[Parsed_ebur128_0 @ 0x148e05970] t: 356.199979 TARGET:-23 LUFS    M:   nan S:   nan     I: -32.6 LUFS       LRA:   8.6 LU  FTPK:  -inf  -inf dBFS  TPK: -15.2 -15.2 dBFS
[Parsed_ebur128_0 @ 0x148e05970] t: 356.299979 TARGET:-23 LUFS    M:   nan S:   nan     I: -32.6 LUFS       LRA:   8.6 LU  FTPK:  -inf  -inf dBFS  TPK: -15.2 -15.2 dBFS
[Parsed_ebur128_0 @ 0x148e05970] t: 356.399979 TARGET:-23 LUFS    M:   nan S:   nan     I: -32.6 LUFS       LRA:   8.6 LU  FTPK:  -inf  -inf dBFS  TPK: -15.2 -15.2 dBFS
[Parsed_ebur128_0 @ 0x148e05970] t: 356.499979 TARGET:-23 LUFS    M:   nan S:   nan     I: -32.6 LUFS       LRA:   8.6 LU  FTPK:  -inf  -inf dBFS  TPK: -15.2 -15.2 dBFS
[Parsed_ebur128_0 @ 0x148e05970] t: 356.599979 TARGET:-23 LUFS    M:   nan S:   nan     I: -32.6 LUFS       LRA:   8.6 LU  FTPK:  -inf  -inf dBFS  TPK: -15.2 -15.2 dBFS
[Parsed_ebur128_0 @ 0x148e05970] t: 356.699979 TARGET:-23 LUFS    M:   nan S:   nan     I: -32.6 LUFS       LRA:   8.6 LU  FTPK:  -inf  -inf dBFS  TPK: -15.2 -15.2 dBFS
[Parsed_ebur128_0 @ 0x148e05970] t: 356.799979 TARGET:-23 LUFS    M:   nan S:   nan     I: -32.6 LUFS       LRA:   8.6 LU  FTPK:  -inf  -inf dBFS  TPK: -15.2 -15.2 dBFS
[Parsed_ebur128_0 @ 0x148e05970] t: 356.899979 TARGET:-23 LUFS    M:   nan S:   nan     I: -32.6 LUFS       LRA:   8.6 LU  FTPK:  -inf  -inf dBFS  TPK: -15.2 -15.2 dBFS
[Parsed_ebur128_0 @ 0x148e05970] t: 356.999979 TARGET:-23 LUFS    M:   nan S:   nan     I: -32.6 LUFS       LRA:   8.6 LU  FTPK:  -inf  -inf dBFS  TPK: -15.2 -15.2 dBFS
[Parsed_ebur128_0 @ 0x148e05970] t: 357.099979 TARGET:-23 LUFS    M:   nan S:   nan     I: -32.6 LUFS       LRA:   8.6 LU  FTPK:  -inf  -inf dBFS  TPK: -15.2 -15.2 dBFS
[Parsed_ebur128_0 @ 0x148e05970] t: 357.199979 TARGET:-23 LUFS    M:   nan S:   nan     I: -32.6 LUFS       LRA:   8.6 LU  FTPK:  -inf  -inf dBFS  TPK: -15.2 -15.2 dBFS
[Parsed_ebur128_0 @ 0x148e05970] t: 357.299979 TARGET:-23 LUFS    M:   nan S:   nan     I: -32.6 LUFS       LRA:   8.6 LU  FTPK:  -inf  -inf dBFS  TPK: -15.2 -15.2 dBFS
[Parsed_ebur128_0 @ 0x148e05970] t: 357.399979 TARGET:-23 LUFS    M:   nan S:   nan     I: -32.6 LUFS       LRA:   8.6 LU  FTPK:  -inf  -inf dBFS  TPK: -15.2 -15.2 dBFS
[Parsed_ebur128_0 @ 0x148e05970] t: 357.499979 TARGET:-23 LUFS    M:   nan S:   nan     I: -32.6 LUFS       LRA:   8.6 LU  FTPK:  -inf  -inf dBFS  TPK: -15.2 -15.2 dBFS
[Parsed_ebur128_0 @ 0x148e05970] t: 357.599979 TARGET:-23 LUFS    M:   nan S:   nan     I: -32.6 LUFS       LRA:   8.6 LU  FTPK:  -inf  -inf dBFS  TPK: -15.2 -15.2 dBFS
[Parsed_ebur128_0 @ 0x148e05970] t: 357.699979 TARGET:-23 LUFS    M:   nan S:   nan     I: -32.6 LUFS       LRA:   8.6 LU  FTPK:  -inf  -inf dBFS  TPK: -15.2 -15.2 dBFS
[Parsed_ebur128_0 @ 0x148e05970] t: 357.799979 TARGET:-23 LUFS    M:   nan S:   nan     I: -32.6 LUFS       LRA:   8.6 LU  FTPK:  -inf  -inf dBFS  TPK: -15.2 -15.2 dBFS
[Parsed_ebur128_0 @ 0x148e05970] t: 357.899979 TARGET:-23 LUFS    M:   nan S:   nan     I: -32.6 LUFS       LRA:   8.6 LU  FTPK:  -inf  -inf dBFS  TPK: -15.2 -15.2 dBFS
[Parsed_ebur128_0 @ 0x148e05970] t: 357.999979 TARGET:-23 LUFS    M:   nan S:   nan     I: -32.6 LUFS       LRA:   8.6 LU  FTPK:  -inf  -inf dBFS  TPK: -15.2 -15.2 dBFS
[Parsed_ebur128_0 @ 0x148e05970] t: 358.099979 TARGET:-23 LUFS    M: -36.7 S: -45.4     I: -32.6 LUFS       LRA:   8.6 LU  FTPK: -15.8 -15.8 dBFS  TPK: -15.2 -15.2 dBFS
[Parsed_ebur128_0 @ 0x148e05970] t: 358.199979 TARGET:-23 LUFS    M: -36.1 S: -44.8     I: -32.6 LUFS       LRA:   8.6 LU  FTPK: -28.1 -28.1 dBFS  TPK: -15.2 -15.2 dBFS
[Parsed_ebur128_0 @ 0x148e05970] t: 358.299979 TARGET:-23 LUFS    M: -36.1 S: -44.8     I: -32.6 LUFS       LRA:   8.6 LU  FTPK: -83.6 -83.6 dBFS  TPK: -15.2 -15.2 dBFS
[Parsed_ebur128_0 @ 0x148e05970] t: 358.399979 TARGET:-23 LUFS    M: -36.1 S: -44.8     I: -32.6 LUFS       LRA:   8.6 LU  FTPK:  -inf  -inf dBFS  TPK: -15.2 -15.2 dBFS
[Parsed_ebur128_0 @ 0x148e05970] t: 358.499979 TARGET:-23 LUFS    M: -45.1 S: -44.8     I: -32.6 LUFS       LRA:   8.6 LU  FTPK:  -inf  -inf dBFS  TPK: -15.2 -15.2 dBFS
[Parsed_ebur128_0 @ 0x148e05970] t: 358.599979 TARGET:-23 LUFS    M:-107.5 S: -44.8     I: -32.6 LUFS       LRA:   8.6 LU  FTPK:  -inf  -inf dBFS  TPK: -15.2 -15.2 dBFS
[Parsed_ebur128_0 @ 0x148e05970] t: 358.699979 TARGET:-23 LUFS    M:   nan S: -44.8     I: -32.6 LUFS       LRA:   8.6 LU  FTPK:  -inf  -inf dBFS  TPK: -15.2 -15.2 dBFS
[Parsed_ebur128_0 @ 0x148e05970] t: 358.799979 TARGET:-23 LUFS    M:   nan S: -44.8     I: -32.6 LUFS       LRA:   8.6 LU  FTPK:  -inf  -inf dBFS  TPK: -15.2 -15.2 dBFS
[Parsed_ebur128_0 @ 0x148e05970] t: 358.899979 TARGET:-23 LUFS    M:   nan S: -44.8     I: -32.6 LUFS       LRA:   8.6 LU  FTPK:  -inf  -inf dBFS  TPK: -15.2 -15.2 dBFS
[Parsed_ebur128_0 @ 0x148e05970] t: 358.999979 TARGET:-23 LUFS    M:   nan S: -44.8     I: -32.6 LUFS       LRA:   8.6 LU  FTPK:  -inf  -inf dBFS  TPK: -15.2 -15.2 dBFS
[Parsed_ebur128_0 @ 0x148e05970] t: 359.099979 TARGET:-23 LUFS    M:   nan S: -44.8     I: -32.6 LUFS       LRA:   8.6 LU  FTPK:  -inf  -inf dBFS  TPK: -15.2 -15.2 dBFS
[Parsed_ebur128_0 @ 0x148e05970] t: 359.199979 TARGET:-23 LUFS    M:   nan S: -44.8     I: -32.6 LUFS       LRA:   8.6 LU  FTPK:  -inf  -inf dBFS  TPK: -15.2 -15.2 dBFS
[Parsed_ebur128_0 @ 0x148e05970] t: 359.299979 TARGET:-23 LUFS    M:   nan S: -44.8     I: -32.6 LUFS       LRA:   8.6 LU  FTPK:  -inf  -inf dBFS  TPK: -15.2 -15.2 dBFS
[Parsed_ebur128_0 @ 0x148e05970] t: 359.399979 TARGET:-23 LUFS    M:   nan S: -44.8     I: -32.6 LUFS       LRA:   8.6 LU  FTPK:  -inf  -inf dBFS  TPK: -15.2 -15.2 dBFS
[Parsed_ebur128_0 @ 0x148e05970] t: 359.499979 TARGET:-23 LUFS    M:   nan S: -44.8     I: -32.6 LUFS       LRA:   8.6 LU  FTPK:  -inf  -inf dBFS  TPK: -15.2 -15.2 dBFS
[Parsed_ebur128_0 @ 0x148e05970] t: 359.599979 TARGET:-23 LUFS    M:   nan S: -44.8     I: -32.6 LUFS       LRA:   8.6 LU  FTPK:  -inf  -inf dBFS  TPK: -15.2 -15.2 dBFS
[Parsed_ebur128_0 @ 0x148e05970] t: 359.699979 TARGET:-23 LUFS    M:   nan S: -44.8     I: -32.6 LUFS       LRA:   8.6 LU  FTPK:  -inf  -inf dBFS  TPK: -15.2 -15.2 dBFS
[Parsed_ebur128_0 @ 0x148e05970] t: 359.799979 TARGET:-23 LUFS    M:   nan S: -44.8     I: -32.6 LUFS       LRA:   8.6 LU  FTPK:  -inf  -inf dBFS  TPK: -15.2 -15.2 dBFS
[Parsed_ebur128_0 @ 0x148e05970] t: 359.899979 TARGET:-23 LUFS    M:   nan S: -44.8     I: -32.6 LUFS       LRA:   8.6 LU  FTPK:  -inf  -inf dBFS  TPK: -15.2 -15.2 dBFS
[Parsed_ebur128_0 @ 0x148e05970] t: 359.999979 TARGET:-23 LUFS    M:   nan S: -44.8     I: -32.6 LUFS       LRA:   8.6 LU  FTPK:  -inf  -inf dBFS  TPK: -15.2 -15.2 dBFS
[Parsed_ebur128_0 @ 0x148e05970] t: 360.099979 TARGET:-23 LUFS    M:   nan S: -44.8     I: -32.6 LUFS       LRA:   8.6 LU  FTPK:  -inf  -inf dBFS  TPK: -15.2 -15.2 dBFS
[Parsed_ebur128_0 @ 0x148e05970] t: 360.199979 TARGET:-23 LUFS    M:   nan S: -44.8     I: -32.6 LUFS       LRA:   8.6 LU  FTPK:  -inf  -inf dBFS  TPK: -15.2 -15.2 dBFS
[Parsed_ebur128_0 @ 0x148e05970] t: 360.299979 TARGET:-23 LUFS    M:   nan S: -44.8     I: -32.6 LUFS       LRA:   8.6 LU  FTPK:  -inf  -inf dBFS  TPK: -15.2 -15.2 dBFS
[Parsed_ebur128_0 @ 0x148e05970] t: 360.399979 TARGET:-23 LUFS    M:   nan S: -44.8     I: -32.6 LUFS       LRA:   8.6 LU  FTPK:  -inf  -inf dBFS  TPK: -15.2 -15.2 dBFS
[Parsed_ebur128_0 @ 0x148e05970] t: 360.499979 TARGET:-23 LUFS    M:   nan S: -44.8     I: -32.6 LUFS       LRA:   8.6 LU  FTPK:  -inf  -inf dBFS  TPK: -15.2 -15.2 dBFS
[Parsed_ebur128_0 @ 0x148e05970] t: 360.599979 TARGET:-23 LUFS    M:   nan S: -44.8     I: -32.6 LUFS       LRA:   8.6 LU  FTPK:  -inf  -inf dBFS  TPK: -15.2 -15.2 dBFS
[Parsed_ebur128_0 @ 0x148e05970] t: 360.699979 TARGET:-23 LUFS    M:   nan S: -44.8     I: -32.6 LUFS       LRA:   8.6 LU  FTPK:  -inf  -inf dBFS  TPK: -15.2 -15.2 dBFS
[Parsed_ebur128_0 @ 0x148e05970] t: 360.799979 TARGET:-23 LUFS    M:   nan S: -44.8     I: -32.6 LUFS       LRA:   8.6 LU  FTPK:  -inf  -inf dBFS  TPK: -15.2 -15.2 dBFS
[Parsed_ebur128_0 @ 0x148e05970] t: 360.899979 TARGET:-23 LUFS    M:   nan S: -44.8     I: -32.6 LUFS       LRA:   8.6 LU  FTPK:  -inf  -inf dBFS  TPK: -15.2 -15.2 dBFS
[Parsed_ebur128_0 @ 0x148e05970] t: 360.999979 TARGET:-23 LUFS    M:   nan S: -44.8     I: -32.6 LUFS       LRA:   8.6 LU  FTPK:  -inf  -inf dBFS  TPK: -15.2 -15.2 dBFS
[Parsed_ebur128_0 @ 0x148e05970] t: 361.099979 TARGET:-23 LUFS    M:   nan S: -53.8     I: -32.6 LUFS       LRA:   8.6 LU  FTPK:  -inf  -inf dBFS  TPK: -15.2 -15.2 dBFS
[Parsed_ebur128_0 @ 0x148e05970] t: 361.199979 TARGET:-23 LUFS    M:   nan S:-116.3     I: -32.6 LUFS       LRA:   8.6 LU  FTPK:  -inf  -inf dBFS  TPK: -15.2 -15.2 dBFS
[Parsed_ebur128_0 @ 0x148e05970] t: 361.299979 TARGET:-23 LUFS    M:   nan S:   nan     I: -32.6 LUFS       LRA:   8.6 LU  FTPK:  -inf  -inf dBFS  TPK: -15.2 -15.2 dBFS
[Parsed_ebur128_0 @ 0x148e05970] t: 361.399979 TARGET:-23 LUFS    M:   nan S:   nan     I: -32.6 LUFS       LRA:   8.6 LU  FTPK:  -inf  -inf dBFS  TPK: -15.2 -15.2 dBFS
[Parsed_ebur128_0 @ 0x148e05970] t: 361.499979 TARGET:-23 LUFS    M:   nan S:   nan     I: -32.6 LUFS       LRA:   8.6 LU  FTPK:  -inf  -inf dBFS  TPK: -15.2 -15.2 dBFS
[Parsed_ebur128_0 @ 0x148e05970] t: 361.599979 TARGET:-23 LUFS    M: -36.1 S: -44.9     I: -32.6 LUFS       LRA:   8.6 LU  FTPK: -15.3 -16.3 dBFS  TPK: -15.2 -15.2 dBFS
[Parsed_ebur128_0 @ 0x148e05970] t: 361.699979 TARGET:-23 LUFS    M: -36.1 S: -44.8     I: -32.6 LUFS       LRA:   8.6 LU  FTPK: -37.4 -38.5 dBFS  TPK: -15.2 -15.2 dBFS
[Parsed_ebur128_0 @ 0x148e05970] t: 361.799979 TARGET:-23 LUFS    M: -36.1 S: -44.8     I: -32.6 LUFS       LRA:   8.6 LU  FTPK: -135.6 -135.1 dBFS  TPK: -15.2 -15.2 dBFS
[Parsed_ebur128_0 @ 0x148e05970] t: 361.899979 TARGET:-23 LUFS    M: -36.1 S: -44.8     I: -32.7 LUFS       LRA:   8.6 LU  FTPK:  -inf  -inf dBFS  TPK: -15.2 -15.2 dBFS
[Parsed_ebur128_0 @ 0x148e05970] t: 361.999979 TARGET:-23 LUFS    M: -54.4 S: -44.8     I: -32.7 LUFS       LRA:   8.6 LU  FTPK:  -inf  -inf dBFS  TPK: -15.2 -15.2 dBFS
[Parsed_ebur128_0 @ 0x148e05970] t: 362.099979 TARGET:-23 LUFS    M:   nan S: -44.8     I: -32.7 LUFS       LRA:   8.6 LU  FTPK:  -inf  -inf dBFS  TPK: -15.2 -15.2 dBFS
[Parsed_ebur128_0 @ 0x148e05970] t: 362.199979 TARGET:-23 LUFS    M:   nan S: -44.8     I: -32.7 LUFS       LRA:   8.6 LU  FTPK:  -inf  -inf dBFS  TPK: -15.2 -15.2 dBFS
[Parsed_ebur128_0 @ 0x148e05970] t: 362.299979 TARGET:-23 LUFS    M:   nan S: -44.8     I: -32.7 LUFS       LRA:   8.6 LU  FTPK:  -inf  -inf dBFS  TPK: -15.2 -15.2 dBFS
[Parsed_ebur128_0 @ 0x148e05970] t: 362.399979 TARGET:-23 LUFS    M:   nan S: -44.8     I: -32.7 LUFS       LRA:   8.6 LU  FTPK:  -inf  -inf dBFS  TPK: -15.2 -15.2 dBFS
[Parsed_ebur128_0 @ 0x148e05970] t: 362.499979 TARGET:-23 LUFS    M: -34.4 S: -40.9     I: -32.7 LUFS       LRA:   8.6 LU  FTPK: -17.7 -17.7 dBFS  TPK: -15.2 -15.2 dBFS
[Parsed_ebur128_0 @ 0x148e05970] t: 362.599979 TARGET:-23 LUFS    M: -30.5 S: -38.2     I: -32.6 LUFS       LRA:   8.6 LU  FTPK: -18.5 -18.5 dBFS  TPK: -15.2 -15.2 dBFS
[Parsed_ebur128_0 @ 0x148e05970] t: 362.699979 TARGET:-23 LUFS    M: -28.6 S: -36.6     I: -32.6 LUFS       LRA:   8.6 LU  FTPK: -19.8 -19.8 dBFS  TPK: -15.2 -15.2 dBFS
[Parsed_ebur128_0 @ 0x148e05970] t: 362.799979 TARGET:-23 LUFS    M: -28.5 S: -36.6     I: -32.6 LUFS       LRA:   8.6 LU  FTPK: -23.9 -23.9 dBFS  TPK: -15.2 -15.2 dBFS
[Parsed_ebur128_0 @ 0x148e05970] t: 362.899979 TARGET:-23 LUFS    M: -29.8 S: -36.6     I: -32.6 LUFS       LRA:   8.6 LU  FTPK:  -inf  -inf dBFS  TPK: -15.2 -15.2 dBFS
[Parsed_ebur128_0 @ 0x148e05970] t: 362.999979 TARGET:-23 LUFS    M: -32.9 S: -36.6     I: -32.6 LUFS       LRA:   8.6 LU  FTPK:  -inf  -inf dBFS  TPK: -15.2 -15.2 dBFS
[Parsed_ebur128_0 @ 0x148e05970] t: 363.099979 TARGET:-23 LUFS    M: -45.4 S: -36.6     I: -32.6 LUFS       LRA:   8.6 LU  FTPK:  -inf  -inf dBFS  TPK: -15.2 -15.2 dBFS
[Parsed_ebur128_0 @ 0x148e05970] t: 363.199979 TARGET:-23 LUFS    M:   nan S: -36.6     I: -32.6 LUFS       LRA:   8.6 LU  FTPK:  -inf  -inf dBFS  TPK: -15.2 -15.2 dBFS
[Parsed_ebur128_0 @ 0x148e05970] t: 363.299979 TARGET:-23 LUFS    M:   nan S: -36.6     I: -32.6 LUFS       LRA:   8.6 LU  FTPK:  -inf  -inf dBFS  TPK: -15.2 -15.2 dBFS
[Parsed_ebur128_0 @ 0x148e05970] t: 363.399979 TARGET:-23 LUFS    M:   nan S: -36.6     I: -32.6 LUFS       LRA:   8.6 LU  FTPK:  -inf  -inf dBFS  TPK: -15.2 -15.2 dBFS
[Parsed_ebur128_0 @ 0x148e05970] t: 363.499979 TARGET:-23 LUFS    M:   nan S: -36.6     I: -32.6 LUFS       LRA:   8.6 LU  FTPK:  -inf  -inf dBFS  TPK: -15.2 -15.2 dBFS
[Parsed_ebur128_0 @ 0x148e05970] t: 363.599979 TARGET:-23 LUFS    M:   nan S: -36.6     I: -32.6 LUFS       LRA:   8.6 LU  FTPK:  -inf  -inf dBFS  TPK: -15.2 -15.2 dBFS
[Parsed_ebur128_0 @ 0x148e05970] t: 363.699979 TARGET:-23 LUFS    M:   nan S: -36.6     I: -32.6 LUFS       LRA:   8.6 LU  FTPK:  -inf  -inf dBFS  TPK: -15.2 -15.2 dBFS
[Parsed_ebur128_0 @ 0x148e05970] t: 363.799979 TARGET:-23 LUFS    M:   nan S: -36.6     I: -32.6 LUFS       LRA:   8.6 LU  FTPK:  -inf  -inf dBFS  TPK: -15.2 -15.2 dBFS
[Parsed_ebur128_0 @ 0x148e05970] t: 363.899979 TARGET:-23 LUFS    M:   nan S: -36.6     I: -32.6 LUFS       LRA:   8.6 LU  FTPK:  -inf  -inf dBFS  TPK: -15.2 -15.2 dBFS
[Parsed_ebur128_0 @ 0x148e05970] t: 363.999979 TARGET:-23 LUFS    M:   nan S: -36.6     I: -32.6 LUFS       LRA:   8.6 LU  FTPK:  -inf  -inf dBFS  TPK: -15.2 -15.2 dBFS
[Parsed_ebur128_0 @ 0x148e05970] t: 364.099979 TARGET:-23 LUFS    M:   nan S: -36.6     I: -32.6 LUFS       LRA:   8.6 LU  FTPK:  -inf  -inf dBFS  TPK: -15.2 -15.2 dBFS
[Parsed_ebur128_0 @ 0x148e05970] t: 364.199979 TARGET:-23 LUFS    M:   nan S: -36.6     I: -32.6 LUFS       LRA:   8.6 LU  FTPK:  -inf  -inf dBFS  TPK: -15.2 -15.2 dBFS
[Parsed_ebur128_0 @ 0x148e05970] t: 364.299979 TARGET:-23 LUFS    M:   nan S: -36.6     I: -32.6 LUFS       LRA:   8.6 LU  FTPK:  -inf  -inf dBFS  TPK: -15.2 -15.2 dBFS
[Parsed_ebur128_0 @ 0x148e05970] t: 364.399979 TARGET:-23 LUFS    M:   nan S: -36.6     I: -32.6 LUFS       LRA:   8.6 LU  FTPK:  -inf  -inf dBFS  TPK: -15.2 -15.2 dBFS
[Parsed_ebur128_0 @ 0x148e05970] t: 364.499979 TARGET:-23 LUFS    M:   nan S: -36.6     I: -32.6 LUFS       LRA:   8.6 LU  FTPK:  -inf  -inf dBFS  TPK: -15.2 -15.2 dBFS
[Parsed_ebur128_0 @ 0x148e05970] t: 364.599979 TARGET:-23 LUFS    M:   nan S: -37.3     I: -32.6 LUFS       LRA:   8.6 LU  FTPK:  -inf  -inf dBFS  TPK: -15.2 -15.2 dBFS
[Parsed_ebur128_0 @ 0x148e05970] t: 364.699979 TARGET:-23 LUFS    M:   nan S: -37.3     I: -32.6 LUFS       LRA:   8.6 LU  FTPK:  -inf  -inf dBFS  TPK: -15.2 -15.2 dBFS
[Parsed_ebur128_0 @ 0x148e05970] t: 364.799979 TARGET:-23 LUFS    M:   nan S: -37.3     I: -32.6 LUFS       LRA:   8.6 LU  FTPK:  -inf  -inf dBFS  TPK: -15.2 -15.2 dBFS
[Parsed_ebur128_0 @ 0x148e05970] t: 364.899979 TARGET:-23 LUFS    M:   nan S: -37.3     I: -32.6 LUFS       LRA:   8.6 LU  FTPK:  -inf  -inf dBFS  TPK: -15.2 -15.2 dBFS
[Parsed_ebur128_0 @ 0x148e05970] t: 364.999979 TARGET:-23 LUFS    M:   nan S: -37.3     I: -32.6 LUFS       LRA:   8.6 LU  FTPK:  -inf  -inf dBFS  TPK: -15.2 -15.2 dBFS
[Parsed_ebur128_0 @ 0x148e05970] t: 365.099979 TARGET:-23 LUFS    M:   nan S: -37.3     I: -32.6 LUFS       LRA:   8.6 LU  FTPK:  -inf  -inf dBFS  TPK: -15.2 -15.2 dBFS
[Parsed_ebur128_0 @ 0x148e05970] t: 365.199979 TARGET:-23 LUFS    M:   nan S: -37.3     I: -32.6 LUFS       LRA:   8.6 LU  FTPK:  -inf  -inf dBFS  TPK: -15.2 -15.2 dBFS
[Parsed_ebur128_0 @ 0x148e05970] t: 365.299979 TARGET:-23 LUFS    M:   nan S: -37.3     I: -32.6 LUFS       LRA:   8.6 LU  FTPK:  -inf  -inf dBFS  TPK: -15.2 -15.2 dBFS
[Parsed_ebur128_0 @ 0x148e05970] t: 365.399979 TARGET:-23 LUFS    M:   nan S: -37.3     I: -32.6 LUFS       LRA:   8.6 LU  FTPK:  -inf  -inf dBFS  TPK: -15.2 -15.2 dBFS
[Parsed_ebur128_0 @ 0x148e05970] t: 365.499979 TARGET:-23 LUFS    M:   nan S: -38.6     I: -32.6 LUFS       LRA:   8.6 LU  FTPK:  -inf  -inf dBFS  TPK: -15.2 -15.2 dBFS
[Parsed_ebur128_0 @ 0x148e05970] t: 365.599979 TARGET:-23 LUFS    M:   nan S: -41.6     I: -32.6 LUFS       LRA:   8.6 LU  FTPK:  -inf  -inf dBFS  TPK: -15.2 -15.2 dBFS
[Parsed_ebur128_0 @ 0x148e05970] t: 365.699979 TARGET:-23 LUFS    M:   nan S: -54.1     I: -32.6 LUFS       LRA:   8.6 LU  FTPK:  -inf  -inf dBFS  TPK: -15.2 -15.2 dBFS
[Parsed_ebur128_0 @ 0x148e05970] t: 365.799979 TARGET:-23 LUFS    M:   nan S:   nan     I: -32.6 LUFS       LRA:   8.6 LU  FTPK:  -inf  -inf dBFS  TPK: -15.2 -15.2 dBFS
[Parsed_ebur128_0 @ 0x148e05970] t: 365.899979 TARGET:-23 LUFS    M:   nan S:   nan     I: -32.6 LUFS       LRA:   8.6 LU  FTPK:  -inf  -inf dBFS  TPK: -15.2 -15.2 dBFS
[Parsed_ebur128_0 @ 0x148e05970] t: 365.999979 TARGET:-23 LUFS    M:   nan S:   nan     I: -32.6 LUFS       LRA:   8.6 LU  FTPK:  -inf  -inf dBFS  TPK: -15.2 -15.2 dBFS
[Parsed_ebur128_0 @ 0x148e05970] t: 366.099979 TARGET:-23 LUFS    M:   nan S:   nan     I: -32.6 LUFS       LRA:   8.6 LU  FTPK:  -inf  -inf dBFS  TPK: -15.2 -15.2 dBFS
[Parsed_ebur128_0 @ 0x148e05970] t: 366.199979 TARGET:-23 LUFS    M:   nan S:   nan     I: -32.6 LUFS       LRA:   8.6 LU  FTPK:  -inf  -inf dBFS  TPK: -15.2 -15.2 dBFS
[Parsed_ebur128_0 @ 0x148e05970] t: 366.299979 TARGET:-23 LUFS    M:   nan S:   nan     I: -32.6 LUFS       LRA:   8.6 LU  FTPK:  -inf  -inf dBFS  TPK: -15.2 -15.2 dBFS
[Parsed_ebur128_0 @ 0x148e05970] t: 366.399979 TARGET:-23 LUFS    M:   nan S:   nan     I: -32.6 LUFS       LRA:   8.6 LU  FTPK:  -inf  -inf dBFS  TPK: -15.2 -15.2 dBFS
[Parsed_ebur128_0 @ 0x148e05970] t: 366.499979 TARGET:-23 LUFS    M:   nan S:   nan     I: -32.6 LUFS       LRA:   8.6 LU  FTPK:  -inf  -inf dBFS  TPK: -15.2 -15.2 dBFS
[Parsed_ebur128_0 @ 0x148e05970] t: 366.599979 TARGET:-23 LUFS    M:   nan S:   nan     I: -32.6 LUFS       LRA:   8.6 LU  FTPK:  -inf  -inf dBFS  TPK: -15.2 -15.2 dBFS
[Parsed_ebur128_0 @ 0x148e05970] t: 366.699979 TARGET:-23 LUFS    M:   nan S:   nan     I: -32.6 LUFS       LRA:   8.6 LU  FTPK:  -inf  -inf dBFS  TPK: -15.2 -15.2 dBFS
[Parsed_ebur128_0 @ 0x148e05970] t: 366.799979 TARGET:-23 LUFS    M:   nan S:   nan     I: -32.6 LUFS       LRA:   8.6 LU  FTPK:  -inf  -inf dBFS  TPK: -15.2 -15.2 dBFS
[Parsed_ebur128_0 @ 0x148e05970] t: 366.899979 TARGET:-23 LUFS    M:   nan S:   nan     I: -32.6 LUFS       LRA:   8.6 LU  FTPK:  -inf  -inf dBFS  TPK: -15.2 -15.2 dBFS
[Parsed_ebur128_0 @ 0x148e05970] t: 366.999979 TARGET:-23 LUFS    M:   nan S:   nan     I: -32.6 LUFS       LRA:   8.6 LU  FTPK:  -inf  -inf dBFS  TPK: -15.2 -15.2 dBFS
[Parsed_ebur128_0 @ 0x148e05970] t: 367.099979 TARGET:-23 LUFS    M:   nan S:   nan     I: -32.6 LUFS       LRA:   8.6 LU  FTPK:  -inf  -inf dBFS  TPK: -15.2 -15.2 dBFS
[Parsed_ebur128_0 @ 0x148e05970] t: 367.199979 TARGET:-23 LUFS    M:   nan S:   nan     I: -32.6 LUFS       LRA:   8.6 LU  FTPK:  -inf  -inf dBFS  TPK: -15.2 -15.2 dBFS
[Parsed_ebur128_0 @ 0x148e05970] t: 367.299979 TARGET:-23 LUFS    M:   nan S:   nan     I: -32.6 LUFS       LRA:   8.6 LU  FTPK:  -inf  -inf dBFS  TPK: -15.2 -15.2 dBFS
[Parsed_ebur128_0 @ 0x148e05970] t: 367.399979 TARGET:-23 LUFS    M:   nan S:   nan     I: -32.6 LUFS       LRA:   8.6 LU  FTPK:  -inf  -inf dBFS  TPK: -15.2 -15.2 dBFS
[Parsed_ebur128_0 @ 0x148e05970] t: 367.499979 TARGET:-23 LUFS    M:   nan S:   nan     I: -32.6 LUFS       LRA:   8.6 LU  FTPK:  -inf  -inf dBFS  TPK: -15.2 -15.2 dBFS
[Parsed_ebur128_0 @ 0x148e05970] t: 367.599979 TARGET:-23 LUFS    M:   nan S:   nan     I: -32.6 LUFS       LRA:   8.6 LU  FTPK:  -inf  -inf dBFS  TPK: -15.2 -15.2 dBFS
[Parsed_ebur128_0 @ 0x148e05970] t: 367.699979 TARGET:-23 LUFS    M:   nan S:   nan     I: -32.6 LUFS       LRA:   8.6 LU  FTPK:  -inf  -inf dBFS  TPK: -15.2 -15.2 dBFS
[Parsed_ebur128_0 @ 0x148e05970] t: 367.799979 TARGET:-23 LUFS    M:   nan S:   nan     I: -32.6 LUFS       LRA:   8.6 LU  FTPK:  -inf  -inf dBFS  TPK: -15.2 -15.2 dBFS
[Parsed_ebur128_0 @ 0x148e05970] t: 367.899979 TARGET:-23 LUFS    M:-114.8 S:-123.6     I: -32.6 LUFS       LRA:   8.6 LU  FTPK: -86.9 -86.9 dBFS  TPK: -15.2 -15.2 dBFS
[Parsed_ebur128_0 @ 0x148e05970] t: 367.999979 TARGET:-23 LUFS    M: -36.1 S: -44.8     I: -32.6 LUFS       LRA:   8.6 LU  FTPK: -15.8 -15.8 dBFS  TPK: -15.2 -15.2 dBFS
[Parsed_ebur128_0 @ 0x148e05970] t: 368.099979 TARGET:-23 LUFS    M: -36.1 S: -44.8     I: -32.6 LUFS       LRA:   8.6 LU  FTPK: -46.6 -46.6 dBFS  TPK: -15.2 -15.2 dBFS
[Parsed_ebur128_0 @ 0x148e05970] t: 368.199979 TARGET:-23 LUFS    M: -36.1 S: -44.8     I: -32.6 LUFS       LRA:   8.6 LU  FTPK:  -inf  -inf dBFS  TPK: -15.2 -15.2 dBFS
[Parsed_ebur128_0 @ 0x148e05970] t: 368.299979 TARGET:-23 LUFS    M: -36.1 S: -44.8     I: -32.6 LUFS       LRA:   8.6 LU  FTPK:  -inf  -inf dBFS  TPK: -15.2 -15.2 dBFS
[Parsed_ebur128_0 @ 0x148e05970] t: 368.399979 TARGET:-23 LUFS    M: -65.2 S: -44.8     I: -32.6 LUFS       LRA:   8.6 LU  FTPK:  -inf  -inf dBFS  TPK: -15.2 -15.2 dBFS
[Parsed_ebur128_0 @ 0x148e05970] t: 368.499979 TARGET:-23 LUFS    M:   nan S: -44.8     I: -32.6 LUFS       LRA:   8.6 LU  FTPK:  -inf  -inf dBFS  TPK: -15.2 -15.2 dBFS
[Parsed_ebur128_0 @ 0x148e05970] t: 368.599979 TARGET:-23 LUFS    M:   nan S: -44.8     I: -32.6 LUFS       LRA:   8.6 LU  FTPK:  -inf  -inf dBFS  TPK: -15.2 -15.2 dBFS
[Parsed_ebur128_0 @ 0x148e05970] t: 368.699979 TARGET:-23 LUFS    M:   nan S: -44.8     I: -32.6 LUFS       LRA:   8.6 LU  FTPK:  -inf  -inf dBFS  TPK: -15.2 -15.2 dBFS
[Parsed_ebur128_0 @ 0x148e05970] t: 368.799979 TARGET:-23 LUFS    M:   nan S: -44.8     I: -32.6 LUFS       LRA:   8.6 LU  FTPK:  -inf  -inf dBFS  TPK: -15.2 -15.2 dBFS
[Parsed_ebur128_0 @ 0x148e05970] t: 368.899979 TARGET:-23 LUFS    M:   nan S: -44.8     I: -32.6 LUFS       LRA:   8.6 LU  FTPK:  -inf  -inf dBFS  TPK: -15.2 -15.2 dBFS
[Parsed_ebur128_0 @ 0x148e05970] t: 368.999979 TARGET:-23 LUFS    M:   nan S: -44.8     I: -32.6 LUFS       LRA:   8.6 LU  FTPK:  -inf  -inf dBFS  TPK: -15.2 -15.2 dBFS
[Parsed_ebur128_0 @ 0x148e05970] t: 369.099979 TARGET:-23 LUFS    M:   nan S: -44.8     I: -32.6 LUFS       LRA:   8.6 LU  FTPK:  -inf  -inf dBFS  TPK: -15.2 -15.2 dBFS
[Parsed_ebur128_0 @ 0x148e05970] t: 369.199979 TARGET:-23 LUFS    M:   nan S: -44.8     I: -32.6 LUFS       LRA:   8.6 LU  FTPK:  -inf  -inf dBFS  TPK: -15.2 -15.2 dBFS
[Parsed_ebur128_0 @ 0x148e05970] t: 369.299979 TARGET:-23 LUFS    M:   nan S: -44.8     I: -32.6 LUFS       LRA:   8.6 LU  FTPK:  -inf  -inf dBFS  TPK: -15.2 -15.2 dBFS
[Parsed_ebur128_0 @ 0x148e05970] t: 369.399979 TARGET:-23 LUFS    M:   nan S: -44.8     I: -32.6 LUFS       LRA:   8.6 LU  FTPK:  -inf  -inf dBFS  TPK: -15.2 -15.2 dBFS
[Parsed_ebur128_0 @ 0x148e05970] t: 369.499979 TARGET:-23 LUFS    M:   nan S: -44.8     I: -32.6 LUFS       LRA:   8.6 LU  FTPK:  -inf  -inf dBFS  TPK: -15.2 -15.2 dBFS
[Parsed_ebur128_0 @ 0x148e05970] t: 369.599979 TARGET:-23 LUFS    M:   nan S: -44.8     I: -32.6 LUFS       LRA:   8.6 LU  FTPK:  -inf  -inf dBFS  TPK: -15.2 -15.2 dBFS
[Parsed_ebur128_0 @ 0x148e05970] t: 369.699979 TARGET:-23 LUFS    M:   nan S: -44.8     I: -32.6 LUFS       LRA:   8.6 LU  FTPK:  -inf  -inf dBFS  TPK: -15.2 -15.2 dBFS
[Parsed_ebur128_0 @ 0x148e05970] t: 369.799979 TARGET:-23 LUFS    M:   nan S: -44.8     I: -32.6 LUFS       LRA:   8.6 LU  FTPK:  -inf  -inf dBFS  TPK: -15.2 -15.2 dBFS
[Parsed_ebur128_0 @ 0x148e05970] t: 369.899979 TARGET:-23 LUFS    M:   nan S: -44.8     I: -32.6 LUFS       LRA:   8.6 LU  FTPK:  -inf  -inf dBFS  TPK: -15.2 -15.2 dBFS
[Parsed_ebur128_0 @ 0x148e05970] t: 369.999979 TARGET:-23 LUFS    M: -36.6 S: -42.1     I: -32.6 LUFS       LRA:   8.6 LU  FTPK: -16.3 -15.3 dBFS  TPK: -15.2 -15.2 dBFS
[Parsed_ebur128_0 @ 0x148e05970] t: 370.099979 TARGET:-23 LUFS    M: -36.1 S: -41.8     I: -32.6 LUFS       LRA:   8.6 LU  FTPK: -28.8 -27.6 dBFS  TPK: -15.2 -15.2 dBFS
[Parsed_ebur128_0 @ 0x148e05970] t: 370.199979 TARGET:-23 LUFS    M: -36.1 S: -41.8     I: -32.6 LUFS       LRA:   8.6 LU  FTPK: -83.8 -80.7 dBFS  TPK: -15.2 -15.2 dBFS
[Parsed_ebur128_0 @ 0x148e05970] t: 370.299979 TARGET:-23 LUFS    M: -36.1 S: -41.8     I: -32.7 LUFS       LRA:   8.6 LU  FTPK:  -inf  -inf dBFS  TPK: -15.2 -15.2 dBFS
[Parsed_ebur128_0 @ 0x148e05970] t: 370.399979 TARGET:-23 LUFS    M: -45.1 S: -41.8     I: -32.7 LUFS       LRA:   8.6 LU  FTPK:  -inf  -inf dBFS  TPK: -15.2 -15.2 dBFS
[Parsed_ebur128_0 @ 0x148e05970] t: 370.499979 TARGET:-23 LUFS    M: -46.6 S: -41.6     I: -32.7 LUFS       LRA:   8.6 LU  FTPK: -22.0 -22.0 dBFS  TPK: -15.2 -15.2 dBFS
[Parsed_ebur128_0 @ 0x148e05970] t: 370.599979 TARGET:-23 LUFS    M: -32.6 S: -38.6     I: -32.7 LUFS       LRA:   8.6 LU  FTPK: -17.8 -17.8 dBFS  TPK: -15.2 -15.2 dBFS
[Parsed_ebur128_0 @ 0x148e05970] t: 370.699979 TARGET:-23 LUFS    M: -29.7 S: -36.8     I: -32.6 LUFS       LRA:   8.6 LU  FTPK: -18.5 -18.5 dBFS  TPK: -15.2 -15.2 dBFS
[Parsed_ebur128_0 @ 0x148e05970] t: 370.799979 TARGET:-23 LUFS    M: -28.5 S: -36.0     I: -32.6 LUFS       LRA:   8.6 LU  FTPK: -19.8 -19.8 dBFS  TPK: -15.2 -15.2 dBFS
[Parsed_ebur128_0 @ 0x148e05970] t: 370.899979 TARGET:-23 LUFS    M: -28.6 S: -36.0     I: -32.6 LUFS       LRA:   8.6 LU  FTPK: -85.6 -85.6 dBFS  TPK: -15.2 -15.2 dBFS
[Parsed_ebur128_0 @ 0x148e05970] t: 370.999979 TARGET:-23 LUFS    M: -30.7 S: -36.6     I: -32.6 LUFS       LRA:   8.6 LU  FTPK:  -inf  -inf dBFS  TPK: -15.2 -15.2 dBFS
[Parsed_ebur128_0 @ 0x148e05970] t: 371.099979 TARGET:-23 LUFS    M: -34.7 S: -36.6     I: -32.6 LUFS       LRA:   8.6 LU  FTPK:  -inf  -inf dBFS  TPK: -15.2 -15.2 dBFS
[Parsed_ebur128_0 @ 0x148e05970] t: 371.199979 TARGET:-23 LUFS    M:-106.4 S: -36.6     I: -32.6 LUFS       LRA:   8.6 LU  FTPK:  -inf  -inf dBFS  TPK: -15.2 -15.2 dBFS
[Parsed_ebur128_0 @ 0x148e05970] t: 371.299979 TARGET:-23 LUFS    M:   nan S: -36.6     I: -32.6 LUFS       LRA:   8.6 LU  FTPK:  -inf  -inf dBFS  TPK: -15.2 -15.2 dBFS
[Parsed_ebur128_0 @ 0x148e05970] t: 371.399979 TARGET:-23 LUFS    M:   nan S: -36.6     I: -32.6 LUFS       LRA:   8.6 LU  FTPK:  -inf  -inf dBFS  TPK: -15.2 -15.2 dBFS
[Parsed_ebur128_0 @ 0x148e05970] t: 371.499979 TARGET:-23 LUFS    M:   nan S: -36.6     I: -32.6 LUFS       LRA:   8.6 LU  FTPK:  -inf  -inf dBFS  TPK: -15.2 -15.2 dBFS
[Parsed_ebur128_0 @ 0x148e05970] t: 371.599979 TARGET:-23 LUFS    M:   nan S: -36.6     I: -32.6 LUFS       LRA:   8.6 LU  FTPK:  -inf  -inf dBFS  TPK: -15.2 -15.2 dBFS
[Parsed_ebur128_0 @ 0x148e05970] t: 371.699979 TARGET:-23 LUFS    M:   nan S: -36.6     I: -32.6 LUFS       LRA:   8.6 LU  FTPK:  -inf  -inf dBFS  TPK: -15.2 -15.2 dBFS
[Parsed_ebur128_0 @ 0x148e05970] t: 371.799979 TARGET:-23 LUFS    M:   nan S: -36.6     I: -32.6 LUFS       LRA:   8.6 LU  FTPK:  -inf  -inf dBFS  TPK: -15.2 -15.2 dBFS
[Parsed_ebur128_0 @ 0x148e05970] t: 371.899979 TARGET:-23 LUFS    M:   nan S: -36.6     I: -32.6 LUFS       LRA:   8.6 LU  FTPK:  -inf  -inf dBFS  TPK: -15.2 -15.2 dBFS
[Parsed_ebur128_0 @ 0x148e05970] t: 371.999979 TARGET:-23 LUFS    M:   nan S: -36.6     I: -32.6 LUFS       LRA:   8.6 LU  FTPK:  -inf  -inf dBFS  TPK: -15.2 -15.2 dBFS
[Parsed_ebur128_0 @ 0x148e05970] t: 372.099979 TARGET:-23 LUFS    M:   nan S: -36.6     I: -32.6 LUFS       LRA:   8.6 LU  FTPK:  -inf  -inf dBFS  TPK: -15.2 -15.2 dBFS
[Parsed_ebur128_0 @ 0x148e05970] t: 372.199979 TARGET:-23 LUFS    M:   nan S: -36.6     I: -32.6 LUFS       LRA:   8.6 LU  FTPK:  -inf  -inf dBFS  TPK: -15.2 -15.2 dBFS
[Parsed_ebur128_0 @ 0x148e05970] t: 372.299979 TARGET:-23 LUFS    M:   nan S: -36.6     I: -32.6 LUFS       LRA:   8.6 LU  FTPK:  -inf  -inf dBFS  TPK: -15.2 -15.2 dBFS
[Parsed_ebur128_0 @ 0x148e05970] t: 372.399979 TARGET:-23 LUFS    M:   nan S: -36.6     I: -32.6 LUFS       LRA:   8.6 LU  FTPK:  -inf  -inf dBFS  TPK: -15.2 -15.2 dBFS
[Parsed_ebur128_0 @ 0x148e05970] t: 372.499979 TARGET:-23 LUFS    M:   nan S: -36.6     I: -32.6 LUFS       LRA:   8.6 LU  FTPK:  -inf  -inf dBFS  TPK: -15.2 -15.2 dBFS
[Parsed_ebur128_0 @ 0x148e05970] t: 372.599979 TARGET:-23 LUFS    M:   nan S: -36.6     I: -32.6 LUFS       LRA:   8.6 LU  FTPK:  -inf  -inf dBFS  TPK: -15.2 -15.2 dBFS
[Parsed_ebur128_0 @ 0x148e05970] t: 372.699979 TARGET:-23 LUFS    M:   nan S: -36.6     I: -32.6 LUFS       LRA:   8.6 LU  FTPK:  -inf  -inf dBFS  TPK: -15.2 -15.2 dBFS
[Parsed_ebur128_0 @ 0x148e05970] t: 372.799979 TARGET:-23 LUFS    M:   nan S: -36.6     I: -32.6 LUFS       LRA:   8.6 LU  FTPK:  -inf  -inf dBFS  TPK: -15.2 -15.2 dBFS
[Parsed_ebur128_0 @ 0x148e05970] t: 372.899979 TARGET:-23 LUFS    M:   nan S: -36.6     I: -32.6 LUFS       LRA:   8.6 LU  FTPK:  -inf  -inf dBFS  TPK: -15.2 -15.2 dBFS
[Parsed_ebur128_0 @ 0x148e05970] t: 372.999979 TARGET:-23 LUFS    M:   nan S: -37.2     I: -32.6 LUFS       LRA:   8.6 LU  FTPK:  -inf  -inf dBFS  TPK: -15.2 -15.2 dBFS
[Parsed_ebur128_0 @ 0x148e05970] t: 373.099979 TARGET:-23 LUFS    M:   nan S: -37.3     I: -32.6 LUFS       LRA:   8.6 LU  FTPK:  -inf  -inf dBFS  TPK: -15.2 -15.2 dBFS
[Parsed_ebur128_0 @ 0x148e05970] t: 373.199979 TARGET:-23 LUFS    M:   nan S: -37.3     I: -32.6 LUFS       LRA:   8.6 LU  FTPK:  -inf  -inf dBFS  TPK: -15.2 -15.2 dBFS
[Parsed_ebur128_0 @ 0x148e05970] t: 373.299979 TARGET:-23 LUFS    M:   nan S: -37.3     I: -32.6 LUFS       LRA:   8.6 LU  FTPK:  -inf  -inf dBFS  TPK: -15.2 -15.2 dBFS
[Parsed_ebur128_0 @ 0x148e05970] t: 373.399979 TARGET:-23 LUFS    M:   nan S: -37.3     I: -32.6 LUFS       LRA:   8.6 LU  FTPK:  -inf  -inf dBFS  TPK: -15.2 -15.2 dBFS
[Parsed_ebur128_0 @ 0x148e05970] t: 373.499979 TARGET:-23 LUFS    M:   nan S: -37.3     I: -32.6 LUFS       LRA:   8.6 LU  FTPK:  -inf  -inf dBFS  TPK: -15.2 -15.2 dBFS
[Parsed_ebur128_0 @ 0x148e05970] t: 373.599979 TARGET:-23 LUFS    M:   nan S: -39.4     I: -32.6 LUFS       LRA:   8.6 LU  FTPK:  -inf  -inf dBFS  TPK: -15.2 -15.2 dBFS
[Parsed_ebur128_0 @ 0x148e05970] t: 373.699979 TARGET:-23 LUFS    M:   nan S: -43.5     I: -32.6 LUFS       LRA:   8.6 LU  FTPK:  -inf  -inf dBFS  TPK: -15.2 -15.2 dBFS
[Parsed_ebur128_0 @ 0x148e05970] t: 373.799979 TARGET:-23 LUFS    M:   nan S:-115.1     I: -32.6 LUFS       LRA:   8.6 LU  FTPK:  -inf  -inf dBFS  TPK: -15.2 -15.2 dBFS
[Parsed_ebur128_0 @ 0x148e05970] t: 373.899979 TARGET:-23 LUFS    M:   nan S:   nan     I: -32.6 LUFS       LRA:   8.6 LU  FTPK:  -inf  -inf dBFS  TPK: -15.2 -15.2 dBFS
[Parsed_ebur128_0 @ 0x148e05970] t: 373.999979 TARGET:-23 LUFS    M:   nan S:   nan     I: -32.6 LUFS       LRA:   8.6 LU  FTPK:  -inf  -inf dBFS  TPK: -15.2 -15.2 dBFS
[Parsed_ebur128_0 @ 0x148e05970] t: 374.099979 TARGET:-23 LUFS    M:   nan S:   nan     I: -32.6 LUFS       LRA:   8.6 LU  FTPK:  -inf  -inf dBFS  TPK: -15.2 -15.2 dBFS
[Parsed_ebur128_0 @ 0x148e05970] t: 374.199979 TARGET:-23 LUFS    M:   nan S:   nan     I: -32.6 LUFS       LRA:   8.6 LU  FTPK:  -inf  -inf dBFS  TPK: -15.2 -15.2 dBFS
[Parsed_ebur128_0 @ 0x148e05970] t: 374.299979 TARGET:-23 LUFS    M:   nan S:   nan     I: -32.6 LUFS       LRA:   8.6 LU  FTPK:  -inf  -inf dBFS  TPK: -15.2 -15.2 dBFS
[Parsed_ebur128_0 @ 0x148e05970] t: 374.399979 TARGET:-23 LUFS    M:   nan S:   nan     I: -32.6 LUFS       LRA:   8.6 LU  FTPK:  -inf  -inf dBFS  TPK: -15.2 -15.2 dBFS
[Parsed_ebur128_0 @ 0x148e05970] t: 374.499979 TARGET:-23 LUFS    M:   nan S:   nan     I: -32.6 LUFS       LRA:   8.6 LU  FTPK:  -inf  -inf dBFS  TPK: -15.2 -15.2 dBFS
[Parsed_ebur128_0 @ 0x148e05970] t: 374.599979 TARGET:-23 LUFS    M:   nan S:   nan     I: -32.6 LUFS       LRA:   8.6 LU  FTPK:  -inf  -inf dBFS  TPK: -15.2 -15.2 dBFS
[Parsed_ebur128_0 @ 0x148e05970] t: 374.699979 TARGET:-23 LUFS    M:   nan S:   nan     I: -32.6 LUFS       LRA:   8.6 LU  FTPK:  -inf  -inf dBFS  TPK: -15.2 -15.2 dBFS
[Parsed_ebur128_0 @ 0x148e05970] t: 374.799979 TARGET:-23 LUFS    M:   nan S:   nan     I: -32.6 LUFS       LRA:   8.6 LU  FTPK:  -inf  -inf dBFS  TPK: -15.2 -15.2 dBFS
[Parsed_ebur128_0 @ 0x148e05970] t: 374.899979 TARGET:-23 LUFS    M:   nan S:   nan     I: -32.6 LUFS       LRA:   8.6 LU  FTPK:  -inf  -inf dBFS  TPK: -15.2 -15.2 dBFS
[Parsed_ebur128_0 @ 0x148e05970] t: 374.999979 TARGET:-23 LUFS    M:   nan S:   nan     I: -32.6 LUFS       LRA:   8.6 LU  FTPK:  -inf  -inf dBFS  TPK: -15.2 -15.2 dBFS
[Parsed_ebur128_0 @ 0x148e05970] t: 375.099979 TARGET:-23 LUFS    M:   nan S:   nan     I: -32.6 LUFS       LRA:   8.6 LU  FTPK:  -inf  -inf dBFS  TPK: -15.2 -15.2 dBFS
[Parsed_ebur128_0 @ 0x148e05970] t: 375.199979 TARGET:-23 LUFS    M:   nan S:   nan     I: -32.6 LUFS       LRA:   8.6 LU  FTPK:  -inf  -inf dBFS  TPK: -15.2 -15.2 dBFS
[Parsed_ebur128_0 @ 0x148e05970] t: 375.299979 TARGET:-23 LUFS    M:   nan S:   nan     I: -32.6 LUFS       LRA:   8.6 LU  FTPK:  -inf  -inf dBFS  TPK: -15.2 -15.2 dBFS
[Parsed_ebur128_0 @ 0x148e05970] t: 375.399979 TARGET:-23 LUFS    M:   nan S:   nan     I: -32.6 LUFS       LRA:   8.6 LU  FTPK:  -inf  -inf dBFS  TPK: -15.2 -15.2 dBFS
[Parsed_ebur128_0 @ 0x148e05970] t: 375.499979 TARGET:-23 LUFS    M:   nan S:   nan     I: -32.6 LUFS       LRA:   8.6 LU  FTPK:  -inf  -inf dBFS  TPK: -15.2 -15.2 dBFS
[Parsed_ebur128_0 @ 0x148e05970] t: 375.599979 TARGET:-23 LUFS    M:   nan S:   nan     I: -32.6 LUFS       LRA:   8.6 LU  FTPK:  -inf  -inf dBFS  TPK: -15.2 -15.2 dBFS
[Parsed_ebur128_0 @ 0x148e05970] t: 375.699979 TARGET:-23 LUFS    M:   nan S:   nan     I: -32.6 LUFS       LRA:   8.6 LU  FTPK:  -inf  -inf dBFS  TPK: -15.2 -15.2 dBFS
[Parsed_ebur128_0 @ 0x148e05970] t: 375.799979 TARGET:-23 LUFS    M:   nan S:   nan     I: -32.6 LUFS       LRA:   8.6 LU  FTPK:  -inf  -inf dBFS  TPK: -15.2 -15.2 dBFS
[Parsed_ebur128_0 @ 0x148e05970] t: 375.899979 TARGET:-23 LUFS    M:   nan S:   nan     I: -32.6 LUFS       LRA:   8.6 LU  FTPK:  -inf  -inf dBFS  TPK: -15.2 -15.2 dBFS
[Parsed_ebur128_0 @ 0x148e05970] t: 375.999979 TARGET:-23 LUFS    M:   nan S:   nan     I: -32.6 LUFS       LRA:   8.6 LU  FTPK:  -inf  -inf dBFS  TPK: -15.2 -15.2 dBFS
[Parsed_ebur128_0 @ 0x148e05970] t: 376.099979 TARGET:-23 LUFS    M:   nan S:   nan     I: -32.6 LUFS       LRA:   8.6 LU  FTPK:  -inf  -inf dBFS  TPK: -15.2 -15.2 dBFS
[Parsed_ebur128_0 @ 0x148e05970] t: 376.199979 TARGET:-23 LUFS    M:   nan S:   nan     I: -32.6 LUFS       LRA:   8.6 LU  FTPK:  -inf  -inf dBFS  TPK: -15.2 -15.2 dBFS
[Parsed_ebur128_0 @ 0x148e05970] t: 376.299979 TARGET:-23 LUFS    M:   nan S:   nan     I: -32.6 LUFS       LRA:   8.6 LU  FTPK:  -inf  -inf dBFS  TPK: -15.2 -15.2 dBFS
[Parsed_ebur128_0 @ 0x148e05970] t: 376.399979 TARGET:-23 LUFS    M:   nan S:   nan     I: -32.6 LUFS       LRA:   8.6 LU  FTPK:  -inf  -inf dBFS  TPK: -15.2 -15.2 dBFS
[Parsed_ebur128_0 @ 0x148e05970] t: 376.499979 TARGET:-23 LUFS    M:   nan S:   nan     I: -32.6 LUFS       LRA:   8.6 LU  FTPK:  -inf  -inf dBFS  TPK: -15.2 -15.2 dBFS
[Parsed_ebur128_0 @ 0x148e05970] t: 376.599979 TARGET:-23 LUFS    M:   nan S:   nan     I: -32.6 LUFS       LRA:   8.6 LU  FTPK:  -inf  -inf dBFS  TPK: -15.2 -15.2 dBFS
[Parsed_ebur128_0 @ 0x148e05970] t: 376.699979 TARGET:-23 LUFS    M:   nan S:   nan     I: -32.6 LUFS       LRA:   8.6 LU  FTPK:  -inf  -inf dBFS  TPK: -15.2 -15.2 dBFS
[Parsed_ebur128_0 @ 0x148e05970] t: 376.799979 TARGET:-23 LUFS    M:   nan S:   nan     I: -32.6 LUFS       LRA:   8.6 LU  FTPK:  -inf  -inf dBFS  TPK: -15.2 -15.2 dBFS
[Parsed_ebur128_0 @ 0x148e05970] t: 376.899979 TARGET:-23 LUFS    M:   nan S:   nan     I: -32.6 LUFS       LRA:   8.6 LU  FTPK:  -inf  -inf dBFS  TPK: -15.2 -15.2 dBFS
[Parsed_ebur128_0 @ 0x148e05970] t: 376.999979 TARGET:-23 LUFS    M:   nan S:   nan     I: -32.6 LUFS       LRA:   8.6 LU  FTPK:  -inf  -inf dBFS  TPK: -15.2 -15.2 dBFS
[Parsed_ebur128_0 @ 0x148e05970] t: 377.099979 TARGET:-23 LUFS    M:   nan S:   nan     I: -32.6 LUFS       LRA:   8.6 LU  FTPK:  -inf  -inf dBFS  TPK: -15.2 -15.2 dBFS
[Parsed_ebur128_0 @ 0x148e05970] t: 377.199979 TARGET:-23 LUFS    M:   nan S:   nan     I: -32.6 LUFS       LRA:   8.6 LU  FTPK:  -inf  -inf dBFS  TPK: -15.2 -15.2 dBFS
[Parsed_ebur128_0 @ 0x148e05970] t: 377.299979 TARGET:-23 LUFS    M:   nan S:   nan     I: -32.6 LUFS       LRA:   8.6 LU  FTPK:  -inf  -inf dBFS  TPK: -15.2 -15.2 dBFS
[Parsed_ebur128_0 @ 0x148e05970] t: 377.399979 TARGET:-23 LUFS    M:   nan S:   nan     I: -32.6 LUFS       LRA:   8.6 LU  FTPK:  -inf  -inf dBFS  TPK: -15.2 -15.2 dBFS
[Parsed_ebur128_0 @ 0x148e05970] t: 377.499979 TARGET:-23 LUFS    M:   nan S:   nan     I: -32.6 LUFS       LRA:   8.6 LU  FTPK:  -inf  -inf dBFS  TPK: -15.2 -15.2 dBFS
[Parsed_ebur128_0 @ 0x148e05970] t: 377.599979 TARGET:-23 LUFS    M:   nan S:   nan     I: -32.6 LUFS       LRA:   8.6 LU  FTPK:  -inf  -inf dBFS  TPK: -15.2 -15.2 dBFS
[Parsed_ebur128_0 @ 0x148e05970] t: 377.699979 TARGET:-23 LUFS    M:   nan S:   nan     I: -32.6 LUFS       LRA:   8.6 LU  FTPK:  -inf  -inf dBFS  TPK: -15.2 -15.2 dBFS
[Parsed_ebur128_0 @ 0x148e05970] t: 377.799979 TARGET:-23 LUFS    M:   nan S:   nan     I: -32.6 LUFS       LRA:   8.6 LU  FTPK:  -inf  -inf dBFS  TPK: -15.2 -15.2 dBFS
[Parsed_ebur128_0 @ 0x148e05970] t: 377.899979 TARGET:-23 LUFS    M:   nan S:   nan     I: -32.6 LUFS       LRA:   8.6 LU  FTPK:  -inf  -inf dBFS  TPK: -15.2 -15.2 dBFS
[Parsed_ebur128_0 @ 0x148e05970] t: 377.999979 TARGET:-23 LUFS    M:   nan S:   nan     I: -32.6 LUFS       LRA:   8.6 LU  FTPK:  -inf  -inf dBFS  TPK: -15.2 -15.2 dBFS
[Parsed_ebur128_0 @ 0x148e05970] t: 378.099979 TARGET:-23 LUFS    M:   nan S:   nan     I: -32.6 LUFS       LRA:   8.6 LU  FTPK:  -inf  -inf dBFS  TPK: -15.2 -15.2 dBFS
[Parsed_ebur128_0 @ 0x148e05970] t: 378.199979 TARGET:-23 LUFS    M:   nan S:   nan     I: -32.6 LUFS       LRA:   8.6 LU  FTPK:  -inf  -inf dBFS  TPK: -15.2 -15.2 dBFS
[Parsed_ebur128_0 @ 0x148e05970] t: 378.299979 TARGET:-23 LUFS    M:   nan S:   nan     I: -32.6 LUFS       LRA:   8.6 LU  FTPK:  -inf  -inf dBFS  TPK: -15.2 -15.2 dBFS
[Parsed_ebur128_0 @ 0x148e05970] t: 378.399979 TARGET:-23 LUFS    M:   nan S:   nan     I: -32.6 LUFS       LRA:   8.6 LU  FTPK:  -inf  -inf dBFS  TPK: -15.2 -15.2 dBFS
[Parsed_ebur128_0 @ 0x148e05970] t: 378.499979 TARGET:-23 LUFS    M:   nan S:   nan     I: -32.6 LUFS       LRA:   8.6 LU  FTPK:  -inf  -inf dBFS  TPK: -15.2 -15.2 dBFS
[Parsed_ebur128_0 @ 0x148e05970] t: 378.599979 TARGET:-23 LUFS    M:   nan S:   nan     I: -32.6 LUFS       LRA:   8.6 LU  FTPK:  -inf  -inf dBFS  TPK: -15.2 -15.2 dBFS
[Parsed_ebur128_0 @ 0x148e05970] t: 378.699979 TARGET:-23 LUFS    M:   nan S:   nan     I: -32.6 LUFS       LRA:   8.6 LU  FTPK:  -inf  -inf dBFS  TPK: -15.2 -15.2 dBFS
[Parsed_ebur128_0 @ 0x148e05970] t: 378.799979 TARGET:-23 LUFS    M:   nan S:   nan     I: -32.6 LUFS       LRA:   8.6 LU  FTPK:  -inf  -inf dBFS  TPK: -15.2 -15.2 dBFS
[Parsed_ebur128_0 @ 0x148e05970] t: 378.899979 TARGET:-23 LUFS    M:   nan S:   nan     I: -32.6 LUFS       LRA:   8.6 LU  FTPK:  -inf  -inf dBFS  TPK: -15.2 -15.2 dBFS
[Parsed_ebur128_0 @ 0x148e05970] t: 378.999979 TARGET:-23 LUFS    M:   nan S:   nan     I: -32.6 LUFS       LRA:   8.6 LU  FTPK:  -inf  -inf dBFS  TPK: -15.2 -15.2 dBFS
[Parsed_ebur128_0 @ 0x148e05970] t: 379.099979 TARGET:-23 LUFS    M:   nan S:   nan     I: -32.6 LUFS       LRA:   8.6 LU  FTPK:  -inf  -inf dBFS  TPK: -15.2 -15.2 dBFS
[Parsed_ebur128_0 @ 0x148e05970] t: 379.199979 TARGET:-23 LUFS    M:   nan S:   nan     I: -32.6 LUFS       LRA:   8.6 LU  FTPK:  -inf  -inf dBFS  TPK: -15.2 -15.2 dBFS
[Parsed_ebur128_0 @ 0x148e05970] t: 379.299979 TARGET:-23 LUFS    M:   nan S:   nan     I: -32.6 LUFS       LRA:   8.6 LU  FTPK:  -inf  -inf dBFS  TPK: -15.2 -15.2 dBFS
[Parsed_ebur128_0 @ 0x148e05970] t: 379.399979 TARGET:-23 LUFS    M:   nan S:   nan     I: -32.6 LUFS       LRA:   8.6 LU  FTPK:  -inf  -inf dBFS  TPK: -15.2 -15.2 dBFS
[Parsed_ebur128_0 @ 0x148e05970] t: 379.499979 TARGET:-23 LUFS    M:   nan S:   nan     I: -32.6 LUFS       LRA:   8.6 LU  FTPK:  -inf  -inf dBFS  TPK: -15.2 -15.2 dBFS
[Parsed_ebur128_0 @ 0x148e05970] t: 379.599979 TARGET:-23 LUFS    M:   nan S:   nan     I: -32.6 LUFS       LRA:   8.6 LU  FTPK:  -inf  -inf dBFS  TPK: -15.2 -15.2 dBFS
[Parsed_ebur128_0 @ 0x148e05970] t: 379.699979 TARGET:-23 LUFS    M:   nan S:   nan     I: -32.6 LUFS       LRA:   8.6 LU  FTPK:  -inf  -inf dBFS  TPK: -15.2 -15.2 dBFS
[Parsed_ebur128_0 @ 0x148e05970] t: 379.799979 TARGET:-23 LUFS    M:   nan S:   nan     I: -32.6 LUFS       LRA:   8.6 LU  FTPK:  -inf  -inf dBFS  TPK: -15.2 -15.2 dBFS
[Parsed_ebur128_0 @ 0x148e05970] t: 379.899979 TARGET:-23 LUFS    M:   nan S:   nan     I: -32.6 LUFS       LRA:   8.6 LU  FTPK:  -inf  -inf dBFS  TPK: -15.2 -15.2 dBFS
[Parsed_ebur128_0 @ 0x148e05970] t: 379.999979 TARGET:-23 LUFS    M:   nan S:   nan     I: -32.6 LUFS       LRA:   8.6 LU  FTPK:  -inf  -inf dBFS  TPK: -15.2 -15.2 dBFS
[Parsed_ebur128_0 @ 0x148e05970] t: 380.099979 TARGET:-23 LUFS    M:   nan S:   nan     I: -32.6 LUFS       LRA:   8.6 LU  FTPK:  -inf  -inf dBFS  TPK: -15.2 -15.2 dBFS
[Parsed_ebur128_0 @ 0x148e05970] t: 380.199979 TARGET:-23 LUFS    M:   nan S:   nan     I: -32.6 LUFS       LRA:   8.6 LU  FTPK:  -inf  -inf dBFS  TPK: -15.2 -15.2 dBFS
[Parsed_ebur128_0 @ 0x148e05970] t: 380.299979 TARGET:-23 LUFS    M:   nan S:   nan     I: -32.6 LUFS       LRA:   8.6 LU  FTPK:  -inf  -inf dBFS  TPK: -15.2 -15.2 dBFS
[Parsed_ebur128_0 @ 0x148e05970] t: 380.399979 TARGET:-23 LUFS    M:   nan S:   nan     I: -32.6 LUFS       LRA:   8.6 LU  FTPK:  -inf  -inf dBFS  TPK: -15.2 -15.2 dBFS
[Parsed_ebur128_0 @ 0x148e05970] t: 380.499979 TARGET:-23 LUFS    M:   nan S:   nan     I: -32.6 LUFS       LRA:   8.6 LU  FTPK:  -inf  -inf dBFS  TPK: -15.2 -15.2 dBFS
[Parsed_ebur128_0 @ 0x148e05970] t: 380.599979 TARGET:-23 LUFS    M:   nan S:   nan     I: -32.6 LUFS       LRA:   8.6 LU  FTPK:  -inf  -inf dBFS  TPK: -15.2 -15.2 dBFS
[Parsed_ebur128_0 @ 0x148e05970] t: 380.699979 TARGET:-23 LUFS    M:   nan S:   nan     I: -32.6 LUFS       LRA:   8.6 LU  FTPK:  -inf  -inf dBFS  TPK: -15.2 -15.2 dBFS
[Parsed_ebur128_0 @ 0x148e05970] t: 380.799979 TARGET:-23 LUFS    M:   nan S:   nan     I: -32.6 LUFS       LRA:   8.6 LU  FTPK:  -inf  -inf dBFS  TPK: -15.2 -15.2 dBFS
[Parsed_ebur128_0 @ 0x148e05970] t: 380.899979 TARGET:-23 LUFS    M:   nan S:   nan     I: -32.6 LUFS       LRA:   8.6 LU  FTPK:  -inf  -inf dBFS  TPK: -15.2 -15.2 dBFS
[Parsed_ebur128_0 @ 0x148e05970] t: 380.999979 TARGET:-23 LUFS    M:   nan S:   nan     I: -32.6 LUFS       LRA:   8.6 LU  FTPK:  -inf  -inf dBFS  TPK: -15.2 -15.2 dBFS
[Parsed_ebur128_0 @ 0x148e05970] t: 381.099979 TARGET:-23 LUFS    M:   nan S:   nan     I: -32.6 LUFS       LRA:   8.6 LU  FTPK:  -inf  -inf dBFS  TPK: -15.2 -15.2 dBFS
[Parsed_ebur128_0 @ 0x148e05970] t: 381.199979 TARGET:-23 LUFS    M:   nan S:   nan     I: -32.6 LUFS       LRA:   8.6 LU  FTPK:  -inf  -inf dBFS  TPK: -15.2 -15.2 dBFS
[Parsed_ebur128_0 @ 0x148e05970] t: 381.299979 TARGET:-23 LUFS    M:   nan S:   nan     I: -32.6 LUFS       LRA:   8.6 LU  FTPK:  -inf  -inf dBFS  TPK: -15.2 -15.2 dBFS
[Parsed_ebur128_0 @ 0x148e05970] t: 381.399979 TARGET:-23 LUFS    M:   nan S:   nan     I: -32.6 LUFS       LRA:   8.6 LU  FTPK:  -inf  -inf dBFS  TPK: -15.2 -15.2 dBFS
[Parsed_ebur128_0 @ 0x148e05970] t: 381.499979 TARGET:-23 LUFS    M:   nan S:   nan     I: -32.6 LUFS       LRA:   8.6 LU  FTPK:  -inf  -inf dBFS  TPK: -15.2 -15.2 dBFS
[Parsed_ebur128_0 @ 0x148e05970] t: 381.599979 TARGET:-23 LUFS    M:   nan S:   nan     I: -32.6 LUFS       LRA:   8.6 LU  FTPK:  -inf  -inf dBFS  TPK: -15.2 -15.2 dBFS
[Parsed_ebur128_0 @ 0x148e05970] t: 381.699979 TARGET:-23 LUFS    M:   nan S:   nan     I: -32.6 LUFS       LRA:   8.6 LU  FTPK:  -inf  -inf dBFS  TPK: -15.2 -15.2 dBFS
[Parsed_ebur128_0 @ 0x148e05970] t: 381.799979 TARGET:-23 LUFS    M:   nan S:   nan     I: -32.6 LUFS       LRA:   8.6 LU  FTPK:  -inf  -inf dBFS  TPK: -15.2 -15.2 dBFS
[Parsed_ebur128_0 @ 0x148e05970] t: 381.899979 TARGET:-23 LUFS    M:   nan S:   nan     I: -32.6 LUFS       LRA:   8.6 LU  FTPK:  -inf  -inf dBFS  TPK: -15.2 -15.2 dBFS
[Parsed_ebur128_0 @ 0x148e05970] t: 381.999979 TARGET:-23 LUFS    M: -34.6 S: -43.4     I: -32.6 LUFS       LRA:   8.6 LU  FTPK: -13.8 -13.8 dBFS  TPK: -13.8 -13.8 dBFS
[Parsed_ebur128_0 @ 0x148e05970] t: 382.099979 TARGET:-23 LUFS    M: -34.1 S: -42.8     I: -32.6 LUFS       LRA:   8.6 LU  FTPK: -26.3 -26.3 dBFS  TPK: -13.8 -13.8 dBFS
[Parsed_ebur128_0 @ 0x148e05970] t: 382.199979 TARGET:-23 LUFS    M: -34.1 S: -42.8     I: -32.6 LUFS       LRA:   8.6 LU  FTPK: -80.4 -80.4 dBFS  TPK: -13.8 -13.8 dBFS
[Parsed_ebur128_0 @ 0x148e05970] t: 382.299979 TARGET:-23 LUFS    M: -34.1 S: -42.8     I: -32.6 LUFS       LRA:   8.6 LU  FTPK:  -inf  -inf dBFS  TPK: -13.8 -13.8 dBFS
[Parsed_ebur128_0 @ 0x148e05970] t: 382.399979 TARGET:-23 LUFS    M: -43.1 S: -42.8     I: -32.6 LUFS       LRA:   8.6 LU  FTPK:  -inf  -inf dBFS  TPK: -13.8 -13.8 dBFS
[Parsed_ebur128_0 @ 0x148e05970] t: 382.499979 TARGET:-23 LUFS    M:-105.5 S: -42.8     I: -32.6 LUFS       LRA:   8.6 LU  FTPK:  -inf  -inf dBFS  TPK: -13.8 -13.8 dBFS
[Parsed_ebur128_0 @ 0x148e05970] t: 382.599979 TARGET:-23 LUFS    M:   nan S: -42.8     I: -32.6 LUFS       LRA:   8.6 LU  FTPK:  -inf  -inf dBFS  TPK: -13.8 -13.8 dBFS
[Parsed_ebur128_0 @ 0x148e05970] t: 382.699979 TARGET:-23 LUFS    M:   nan S: -42.8     I: -32.6 LUFS       LRA:   8.6 LU  FTPK:  -inf  -inf dBFS  TPK: -13.8 -13.8 dBFS
[Parsed_ebur128_0 @ 0x148e05970] t: 382.799979 TARGET:-23 LUFS    M:   nan S: -42.8     I: -32.6 LUFS       LRA:   8.6 LU  FTPK:  -inf  -inf dBFS  TPK: -13.8 -13.8 dBFS
[Parsed_ebur128_0 @ 0x148e05970] t: 382.899979 TARGET:-23 LUFS    M:   nan S: -42.8     I: -32.6 LUFS       LRA:   8.6 LU  FTPK:  -inf  -inf dBFS  TPK: -13.8 -13.8 dBFS
[Parsed_ebur128_0 @ 0x148e05970] t: 382.999979 TARGET:-23 LUFS    M:   nan S: -42.8     I: -32.6 LUFS       LRA:   8.6 LU  FTPK:  -inf  -inf dBFS  TPK: -13.8 -13.8 dBFS
[Parsed_ebur128_0 @ 0x148e05970] t: 383.099979 TARGET:-23 LUFS    M:   nan S: -42.8     I: -32.6 LUFS       LRA:   8.6 LU  FTPK:  -inf  -inf dBFS  TPK: -13.8 -13.8 dBFS
[Parsed_ebur128_0 @ 0x148e05970] t: 383.199979 TARGET:-23 LUFS    M:   nan S: -42.8     I: -32.6 LUFS       LRA:   8.6 LU  FTPK:  -inf  -inf dBFS  TPK: -13.8 -13.8 dBFS
[Parsed_ebur128_0 @ 0x148e05970] t: 383.299979 TARGET:-23 LUFS    M:   nan S: -42.8     I: -32.6 LUFS       LRA:   8.6 LU  FTPK:  -inf  -inf dBFS  TPK: -13.8 -13.8 dBFS
[Parsed_ebur128_0 @ 0x148e05970] t: 383.399979 TARGET:-23 LUFS    M:   nan S: -42.8     I: -32.6 LUFS       LRA:   8.6 LU  FTPK:  -inf  -inf dBFS  TPK: -13.8 -13.8 dBFS
[Parsed_ebur128_0 @ 0x148e05970] t: 383.499979 TARGET:-23 LUFS    M:   nan S: -42.8     I: -32.6 LUFS       LRA:   8.6 LU  FTPK:  -inf  -inf dBFS  TPK: -13.8 -13.8 dBFS
[Parsed_ebur128_0 @ 0x148e05970] t: 383.599979 TARGET:-23 LUFS    M:   nan S: -42.8     I: -32.6 LUFS       LRA:   8.6 LU  FTPK:  -inf  -inf dBFS  TPK: -13.8 -13.8 dBFS
[Parsed_ebur128_0 @ 0x148e05970] t: 383.699979 TARGET:-23 LUFS    M:   nan S: -42.8     I: -32.6 LUFS       LRA:   8.6 LU  FTPK:  -inf  -inf dBFS  TPK: -13.8 -13.8 dBFS
[Parsed_ebur128_0 @ 0x148e05970] t: 383.799979 TARGET:-23 LUFS    M:   nan S: -42.8     I: -32.6 LUFS       LRA:   8.6 LU  FTPK:  -inf  -inf dBFS  TPK: -13.8 -13.8 dBFS
[Parsed_ebur128_0 @ 0x148e05970] t: 383.899979 TARGET:-23 LUFS    M:   nan S: -42.8     I: -32.6 LUFS       LRA:   8.6 LU  FTPK:  -inf  -inf dBFS  TPK: -13.8 -13.8 dBFS
[Parsed_ebur128_0 @ 0x148e05970] t: 383.999979 TARGET:-23 LUFS    M:   nan S: -42.8     I: -32.6 LUFS       LRA:   8.6 LU  FTPK:  -inf  -inf dBFS  TPK: -13.8 -13.8 dBFS
[Parsed_ebur128_0 @ 0x148e05970] t: 384.099979 TARGET:-23 LUFS    M:   nan S: -42.8     I: -32.6 LUFS       LRA:   8.6 LU  FTPK:  -inf  -inf dBFS  TPK: -13.8 -13.8 dBFS
[Parsed_ebur128_0 @ 0x148e05970] t: 384.199979 TARGET:-23 LUFS    M:   nan S: -42.8     I: -32.6 LUFS       LRA:   8.6 LU  FTPK:  -inf  -inf dBFS  TPK: -13.8 -13.8 dBFS
[Parsed_ebur128_0 @ 0x148e05970] t: 384.299979 TARGET:-23 LUFS    M:   nan S: -42.8     I: -32.6 LUFS       LRA:   8.6 LU  FTPK:  -inf  -inf dBFS  TPK: -13.8 -13.8 dBFS
[Parsed_ebur128_0 @ 0x148e05970] t: 384.399979 TARGET:-23 LUFS    M:   nan S: -42.8     I: -32.6 LUFS       LRA:   8.6 LU  FTPK:  -inf  -inf dBFS  TPK: -13.8 -13.8 dBFS
[Parsed_ebur128_0 @ 0x148e05970] t: 384.499979 TARGET:-23 LUFS    M: -35.6 S: -40.5     I: -32.6 LUFS       LRA:   8.6 LU  FTPK: -19.0 -20.0 dBFS  TPK: -13.8 -13.8 dBFS
[Parsed_ebur128_0 @ 0x148e05970] t: 384.599979 TARGET:-23 LUFS    M: -31.4 S: -38.3     I: -32.6 LUFS       LRA:   8.6 LU  FTPK: -17.3 -18.3 dBFS  TPK: -13.8 -13.8 dBFS
[Parsed_ebur128_0 @ 0x148e05970] t: 384.699979 TARGET:-23 LUFS    M: -29.4 S: -36.9     I: -32.6 LUFS       LRA:   8.6 LU  FTPK: -18.0 -19.0 dBFS  TPK: -13.8 -13.8 dBFS
[Parsed_ebur128_0 @ 0x148e05970] t: 384.799979 TARGET:-23 LUFS    M: -27.8 S: -35.7     I: -32.6 LUFS       LRA:   8.6 LU  FTPK: -19.3 -20.3 dBFS  TPK: -13.8 -13.8 dBFS
[Parsed_ebur128_0 @ 0x148e05970] t: 384.899979 TARGET:-23 LUFS    M: -28.3 S: -35.4     I: -32.6 LUFS       LRA:   8.6 LU  FTPK: -20.6 -21.5 dBFS  TPK: -13.8 -13.8 dBFS
[Parsed_ebur128_0 @ 0x148e05970] t: 384.999979 TARGET:-23 LUFS    M: -29.9 S: -36.2     I: -32.6 LUFS       LRA:   8.6 LU  FTPK:  -inf  -inf dBFS  TPK: -13.8 -13.8 dBFS
[Parsed_ebur128_0 @ 0x148e05970] t: 385.099979 TARGET:-23 LUFS    M: -32.2 S: -36.3     I: -32.6 LUFS       LRA:   8.6 LU  FTPK:  -inf  -inf dBFS  TPK: -13.8 -13.8 dBFS
[Parsed_ebur128_0 @ 0x148e05970] t: 385.199979 TARGET:-23 LUFS    M: -39.9 S: -36.3     I: -32.6 LUFS       LRA:   8.6 LU  FTPK:  -inf  -inf dBFS  TPK: -13.8 -13.8 dBFS
[Parsed_ebur128_0 @ 0x148e05970] t: 385.299979 TARGET:-23 LUFS    M:   nan S: -36.3     I: -32.6 LUFS       LRA:   8.6 LU  FTPK:  -inf  -inf dBFS  TPK: -13.8 -13.8 dBFS
[Parsed_ebur128_0 @ 0x148e05970] t: 385.399979 TARGET:-23 LUFS    M:   nan S: -36.3     I: -32.6 LUFS       LRA:   8.6 LU  FTPK:  -inf  -inf dBFS  TPK: -13.8 -13.8 dBFS
[Parsed_ebur128_0 @ 0x148e05970] t: 385.499979 TARGET:-23 LUFS    M:   nan S: -36.3     I: -32.6 LUFS       LRA:   8.6 LU  FTPK:  -inf  -inf dBFS  TPK: -13.8 -13.8 dBFS
[Parsed_ebur128_0 @ 0x148e05970] t: 385.599979 TARGET:-23 LUFS    M:   nan S: -36.3     I: -32.6 LUFS       LRA:   8.6 LU  FTPK:  -inf  -inf dBFS  TPK: -13.8 -13.8 dBFS
[Parsed_ebur128_0 @ 0x148e05970] t: 385.699979 TARGET:-23 LUFS    M:   nan S: -36.3     I: -32.6 LUFS       LRA:   8.6 LU  FTPK:  -inf  -inf dBFS  TPK: -13.8 -13.8 dBFS
[Parsed_ebur128_0 @ 0x148e05970] t: 385.799979 TARGET:-23 LUFS    M:   nan S: -36.3     I: -32.6 LUFS       LRA:   8.6 LU  FTPK:  -inf  -inf dBFS  TPK: -13.8 -13.8 dBFS
[Parsed_ebur128_0 @ 0x148e05970] t: 385.899979 TARGET:-23 LUFS    M:   nan S: -36.3     I: -32.6 LUFS       LRA:   8.6 LU  FTPK:  -inf  -inf dBFS  TPK: -13.8 -13.8 dBFS
[Parsed_ebur128_0 @ 0x148e05970] t: 385.999979 TARGET:-23 LUFS    M:   nan S: -36.3     I: -32.6 LUFS       LRA:   8.6 LU  FTPK:  -inf  -inf dBFS  TPK: -13.8 -13.8 dBFS
[Parsed_ebur128_0 @ 0x148e05970] t: 386.099979 TARGET:-23 LUFS    M:   nan S: -36.3     I: -32.6 LUFS       LRA:   8.6 LU  FTPK:  -inf  -inf dBFS  TPK: -13.8 -13.8 dBFS
[Parsed_ebur128_0 @ 0x148e05970] t: 386.199979 TARGET:-23 LUFS    M:   nan S: -36.3     I: -32.6 LUFS       LRA:   8.6 LU  FTPK:  -inf  -inf dBFS  TPK: -13.8 -13.8 dBFS
[Parsed_ebur128_0 @ 0x148e05970] t: 386.299979 TARGET:-23 LUFS    M:   nan S: -36.3     I: -32.6 LUFS       LRA:   8.6 LU  FTPK:  -inf  -inf dBFS  TPK: -13.8 -13.8 dBFS
[Parsed_ebur128_0 @ 0x148e05970] t: 386.399979 TARGET:-23 LUFS    M:   nan S: -36.3     I: -32.6 LUFS       LRA:   8.6 LU  FTPK:  -inf  -inf dBFS  TPK: -13.8 -13.8 dBFS
[Parsed_ebur128_0 @ 0x148e05970] t: 386.499979 TARGET:-23 LUFS    M:   nan S: -36.3     I: -32.6 LUFS       LRA:   8.6 LU  FTPK:  -inf  -inf dBFS  TPK: -13.8 -13.8 dBFS
[Parsed_ebur128_0 @ 0x148e05970] t: 386.599979 TARGET:-23 LUFS    M:   nan S: -36.3     I: -32.6 LUFS       LRA:   8.6 LU  FTPK:  -inf  -inf dBFS  TPK: -13.8 -13.8 dBFS
[Parsed_ebur128_0 @ 0x148e05970] t: 386.699979 TARGET:-23 LUFS    M:   nan S: -36.3     I: -32.6 LUFS       LRA:   8.6 LU  FTPK:  -inf  -inf dBFS  TPK: -13.8 -13.8 dBFS
[Parsed_ebur128_0 @ 0x148e05970] t: 386.799979 TARGET:-23 LUFS    M:   nan S: -36.3     I: -32.6 LUFS       LRA:   8.6 LU  FTPK:  -inf  -inf dBFS  TPK: -13.8 -13.8 dBFS
[Parsed_ebur128_0 @ 0x148e05970] t: 386.899979 TARGET:-23 LUFS    M:   nan S: -36.3     I: -32.6 LUFS       LRA:   8.6 LU  FTPK:  -inf  -inf dBFS  TPK: -13.8 -13.8 dBFS
[Parsed_ebur128_0 @ 0x148e05970] t: 386.999979 TARGET:-23 LUFS    M:   nan S: -36.3     I: -32.6 LUFS       LRA:   8.6 LU  FTPK:  -inf  -inf dBFS  TPK: -13.8 -13.8 dBFS
[Parsed_ebur128_0 @ 0x148e05970] t: 387.099979 TARGET:-23 LUFS    M:   nan S: -36.3     I: -32.6 LUFS       LRA:   8.6 LU  FTPK:  -inf  -inf dBFS  TPK: -13.8 -13.8 dBFS
[Parsed_ebur128_0 @ 0x148e05970] t: 387.199979 TARGET:-23 LUFS    M:   nan S: -36.3     I: -32.6 LUFS       LRA:   8.6 LU  FTPK:  -inf  -inf dBFS  TPK: -13.8 -13.8 dBFS
[Parsed_ebur128_0 @ 0x148e05970] t: 387.299979 TARGET:-23 LUFS    M:   nan S: -36.3     I: -32.6 LUFS       LRA:   8.6 LU  FTPK:  -inf  -inf dBFS  TPK: -13.8 -13.8 dBFS
[Parsed_ebur128_0 @ 0x148e05970] t: 387.399979 TARGET:-23 LUFS    M:   nan S: -36.3     I: -32.6 LUFS       LRA:   8.6 LU  FTPK:  -inf  -inf dBFS  TPK: -13.8 -13.8 dBFS
[Parsed_ebur128_0 @ 0x148e05970] t: 387.499979 TARGET:-23 LUFS    M:   nan S: -37.1     I: -32.6 LUFS       LRA:   8.6 LU  FTPK:  -inf  -inf dBFS  TPK: -13.8 -13.8 dBFS
[Parsed_ebur128_0 @ 0x148e05970] t: 387.599979 TARGET:-23 LUFS    M:   nan S: -38.6     I: -32.6 LUFS       LRA:   8.6 LU  FTPK:  -inf  -inf dBFS  TPK: -13.8 -13.8 dBFS
[Parsed_ebur128_0 @ 0x148e05970] t: 387.699979 TARGET:-23 LUFS    M:   nan S: -40.9     I: -32.6 LUFS       LRA:   8.6 LU  FTPK:  -inf  -inf dBFS  TPK: -13.8 -13.8 dBFS
[Parsed_ebur128_0 @ 0x148e05970] t: 387.799979 TARGET:-23 LUFS    M:   nan S: -48.7     I: -32.6 LUFS       LRA:   8.6 LU  FTPK:  -inf  -inf dBFS  TPK: -13.8 -13.8 dBFS
[Parsed_ebur128_0 @ 0x148e05970] t: 387.899979 TARGET:-23 LUFS    M:   nan S:   nan     I: -32.6 LUFS       LRA:   8.6 LU  FTPK:  -inf  -inf dBFS  TPK: -13.8 -13.8 dBFS
[Parsed_ebur128_0 @ 0x148e05970] t: 387.999979 TARGET:-23 LUFS    M:   nan S:   nan     I: -32.6 LUFS       LRA:   8.6 LU  FTPK:  -inf  -inf dBFS  TPK: -13.8 -13.8 dBFS
[Parsed_ebur128_0 @ 0x148e05970] t: 388.099979 TARGET:-23 LUFS    M:   nan S:   nan     I: -32.6 LUFS       LRA:   8.6 LU  FTPK:  -inf  -inf dBFS  TPK: -13.8 -13.8 dBFS
[Parsed_ebur128_0 @ 0x148e05970] t: 388.199979 TARGET:-23 LUFS    M:   nan S:   nan     I: -32.6 LUFS       LRA:   8.6 LU  FTPK:  -inf  -inf dBFS  TPK: -13.8 -13.8 dBFS
[Parsed_ebur128_0 @ 0x148e05970] t: 388.299979 TARGET:-23 LUFS    M:   nan S:   nan     I: -32.6 LUFS       LRA:   8.6 LU  FTPK:  -inf  -inf dBFS  TPK: -13.8 -13.8 dBFS
[Parsed_ebur128_0 @ 0x148e05970] t: 388.399979 TARGET:-23 LUFS    M:   nan S:   nan     I: -32.6 LUFS       LRA:   8.6 LU  FTPK:  -inf  -inf dBFS  TPK: -13.8 -13.8 dBFS
[Parsed_ebur128_0 @ 0x148e05970] t: 388.499979 TARGET:-23 LUFS    M:   nan S:   nan     I: -32.6 LUFS       LRA:   8.6 LU  FTPK:  -inf  -inf dBFS  TPK: -13.8 -13.8 dBFS
[Parsed_ebur128_0 @ 0x148e05970] t: 388.599979 TARGET:-23 LUFS    M:   nan S:   nan     I: -32.6 LUFS       LRA:   8.6 LU  FTPK:  -inf  -inf dBFS  TPK: -13.8 -13.8 dBFS
[Parsed_ebur128_0 @ 0x148e05970] t: 388.699979 TARGET:-23 LUFS    M:   nan S:   nan     I: -32.6 LUFS       LRA:   8.6 LU  FTPK:  -inf  -inf dBFS  TPK: -13.8 -13.8 dBFS
[Parsed_ebur128_0 @ 0x148e05970] t: 388.799979 TARGET:-23 LUFS    M:   nan S:   nan     I: -32.6 LUFS       LRA:   8.6 LU  FTPK:  -inf  -inf dBFS  TPK: -13.8 -13.8 dBFS
[Parsed_ebur128_0 @ 0x148e05970] t: 388.899979 TARGET:-23 LUFS    M:   nan S:   nan     I: -32.6 LUFS       LRA:   8.6 LU  FTPK:  -inf  -inf dBFS  TPK: -13.8 -13.8 dBFS
[Parsed_ebur128_0 @ 0x148e05970] t: 388.999979 TARGET:-23 LUFS    M:   nan S:   nan     I: -32.6 LUFS       LRA:   8.6 LU  FTPK:  -inf  -inf dBFS  TPK: -13.8 -13.8 dBFS
[Parsed_ebur128_0 @ 0x148e05970] t: 389.099979 TARGET:-23 LUFS    M:   nan S:   nan     I: -32.6 LUFS       LRA:   8.6 LU  FTPK:  -inf  -inf dBFS  TPK: -13.8 -13.8 dBFS
[Parsed_ebur128_0 @ 0x148e05970] t: 389.199979 TARGET:-23 LUFS    M:   nan S:   nan     I: -32.6 LUFS       LRA:   8.6 LU  FTPK:  -inf  -inf dBFS  TPK: -13.8 -13.8 dBFS
[Parsed_ebur128_0 @ 0x148e05970] t: 389.299979 TARGET:-23 LUFS    M:   nan S:   nan     I: -32.6 LUFS       LRA:   8.6 LU  FTPK:  -inf  -inf dBFS  TPK: -13.8 -13.8 dBFS
[Parsed_ebur128_0 @ 0x148e05970] t: 389.399979 TARGET:-23 LUFS    M:   nan S:   nan     I: -32.6 LUFS       LRA:   8.6 LU  FTPK:  -inf  -inf dBFS  TPK: -13.8 -13.8 dBFS
[Parsed_ebur128_0 @ 0x148e05970] t: 389.499979 TARGET:-23 LUFS    M:   nan S:   nan     I: -32.6 LUFS       LRA:   8.6 LU  FTPK:  -inf  -inf dBFS  TPK: -13.8 -13.8 dBFS
[Parsed_ebur128_0 @ 0x148e05970] t: 389.599979 TARGET:-23 LUFS    M:   nan S:   nan     I: -32.6 LUFS       LRA:   8.6 LU  FTPK:  -inf  -inf dBFS  TPK: -13.8 -13.8 dBFS
[Parsed_ebur128_0 @ 0x148e05970] t: 389.699979 TARGET:-23 LUFS    M:   nan S:   nan     I: -32.6 LUFS       LRA:   8.6 LU  FTPK:  -inf  -inf dBFS  TPK: -13.8 -13.8 dBFS
[Parsed_ebur128_0 @ 0x148e05970] t: 389.799979 TARGET:-23 LUFS    M:   nan S:   nan     I: -32.6 LUFS       LRA:   8.6 LU  FTPK:  -inf  -inf dBFS  TPK: -13.8 -13.8 dBFS
[Parsed_ebur128_0 @ 0x148e05970] t: 389.899979 TARGET:-23 LUFS    M:   nan S:   nan     I: -32.6 LUFS       LRA:   8.6 LU  FTPK:  -inf  -inf dBFS  TPK: -13.8 -13.8 dBFS
[Parsed_ebur128_0 @ 0x148e05970] t: 389.999979 TARGET:-23 LUFS    M:   nan S:   nan     I: -32.6 LUFS       LRA:   8.6 LU  FTPK:  -inf  -inf dBFS  TPK: -13.8 -13.8 dBFS
[Parsed_ebur128_0 @ 0x148e05970] t: 390.099979 TARGET:-23 LUFS    M:   nan S:   nan     I: -32.6 LUFS       LRA:   8.6 LU  FTPK:  -inf  -inf dBFS  TPK: -13.8 -13.8 dBFS
[Parsed_ebur128_0 @ 0x148e05970] t: 390.199979 TARGET:-23 LUFS    M:   nan S:   nan     I: -32.6 LUFS       LRA:   8.6 LU  FTPK:  -inf  -inf dBFS  TPK: -13.8 -13.8 dBFS
[Parsed_ebur128_0 @ 0x148e05970] t: 390.299979 TARGET:-23 LUFS    M:   nan S:   nan     I: -32.6 LUFS       LRA:   8.6 LU  FTPK:  -inf  -inf dBFS  TPK: -13.8 -13.8 dBFS
[Parsed_ebur128_0 @ 0x148e05970] t: 390.399979 TARGET:-23 LUFS    M:   nan S:   nan     I: -32.6 LUFS       LRA:   8.6 LU  FTPK:  -inf  -inf dBFS  TPK: -13.8 -13.8 dBFS
[Parsed_ebur128_0 @ 0x148e05970] t: 390.499979 TARGET:-23 LUFS    M:   nan S:   nan     I: -32.6 LUFS       LRA:   8.6 LU  FTPK:  -inf  -inf dBFS  TPK: -13.8 -13.8 dBFS
[Parsed_ebur128_0 @ 0x148e05970] t: 390.599979 TARGET:-23 LUFS    M:   nan S:   nan     I: -32.6 LUFS       LRA:   8.6 LU  FTPK:  -inf  -inf dBFS  TPK: -13.8 -13.8 dBFS
[Parsed_ebur128_0 @ 0x148e05970] t: 390.699979 TARGET:-23 LUFS    M:   nan S:   nan     I: -32.6 LUFS       LRA:   8.6 LU  FTPK:  -inf  -inf dBFS  TPK: -13.8 -13.8 dBFS
[Parsed_ebur128_0 @ 0x148e05970] t: 390.799979 TARGET:-23 LUFS    M:   nan S:   nan     I: -32.6 LUFS       LRA:   8.6 LU  FTPK:  -inf  -inf dBFS  TPK: -13.8 -13.8 dBFS
[Parsed_ebur128_0 @ 0x148e05970] t: 390.899979 TARGET:-23 LUFS    M:   nan S:   nan     I: -32.6 LUFS       LRA:   8.6 LU  FTPK:  -inf  -inf dBFS  TPK: -13.8 -13.8 dBFS
[Parsed_ebur128_0 @ 0x148e05970] t: 390.999979 TARGET:-23 LUFS    M:   nan S:   nan     I: -32.6 LUFS       LRA:   8.6 LU  FTPK:  -inf  -inf dBFS  TPK: -13.8 -13.8 dBFS
[Parsed_ebur128_0 @ 0x148e05970] t: 391.099979 TARGET:-23 LUFS    M:   nan S:   nan     I: -32.6 LUFS       LRA:   8.6 LU  FTPK:  -inf  -inf dBFS  TPK: -13.8 -13.8 dBFS
[Parsed_ebur128_0 @ 0x148e05970] t: 391.199979 TARGET:-23 LUFS    M:   nan S:   nan     I: -32.6 LUFS       LRA:   8.6 LU  FTPK:  -inf  -inf dBFS  TPK: -13.8 -13.8 dBFS
[Parsed_ebur128_0 @ 0x148e05970] t: 391.299979 TARGET:-23 LUFS    M:   nan S:   nan     I: -32.6 LUFS       LRA:   8.6 LU  FTPK:  -inf  -inf dBFS  TPK: -13.8 -13.8 dBFS
[Parsed_ebur128_0 @ 0x148e05970] t: 391.399979 TARGET:-23 LUFS    M:   nan S:   nan     I: -32.6 LUFS       LRA:   8.6 LU  FTPK:  -inf  -inf dBFS  TPK: -13.8 -13.8 dBFS
[Parsed_ebur128_0 @ 0x148e05970] t: 391.499979 TARGET:-23 LUFS    M:   nan S:   nan     I: -32.6 LUFS       LRA:   8.6 LU  FTPK:  -inf  -inf dBFS  TPK: -13.8 -13.8 dBFS
[Parsed_ebur128_0 @ 0x148e05970] t: 391.599979 TARGET:-23 LUFS    M:   nan S:   nan     I: -32.6 LUFS       LRA:   8.6 LU  FTPK:  -inf  -inf dBFS  TPK: -13.8 -13.8 dBFS
[Parsed_ebur128_0 @ 0x148e05970] t: 391.699979 TARGET:-23 LUFS    M:   nan S:   nan     I: -32.6 LUFS       LRA:   8.6 LU  FTPK:  -inf  -inf dBFS  TPK: -13.8 -13.8 dBFS
[Parsed_ebur128_0 @ 0x148e05970] t: 391.799979 TARGET:-23 LUFS    M:   nan S:   nan     I: -32.6 LUFS       LRA:   8.6 LU  FTPK:  -inf  -inf dBFS  TPK: -13.8 -13.8 dBFS
[Parsed_ebur128_0 @ 0x148e05970] t: 391.899979 TARGET:-23 LUFS    M:   nan S:   nan     I: -32.6 LUFS       LRA:   8.6 LU  FTPK:  -inf  -inf dBFS  TPK: -13.8 -13.8 dBFS
[Parsed_ebur128_0 @ 0x148e05970] t: 391.999979 TARGET:-23 LUFS    M:   nan S:   nan     I: -32.6 LUFS       LRA:   8.6 LU  FTPK:  -inf  -inf dBFS  TPK: -13.8 -13.8 dBFS
[Parsed_ebur128_0 @ 0x148e05970] t: 392.099979 TARGET:-23 LUFS    M:   nan S:   nan     I: -32.6 LUFS       LRA:   8.6 LU  FTPK:  -inf  -inf dBFS  TPK: -13.8 -13.8 dBFS
[Parsed_ebur128_0 @ 0x148e05970] t: 392.199979 TARGET:-23 LUFS    M:   nan S:   nan     I: -32.6 LUFS       LRA:   8.6 LU  FTPK:  -inf  -inf dBFS  TPK: -13.8 -13.8 dBFS
[Parsed_ebur128_0 @ 0x148e05970] t: 392.299979 TARGET:-23 LUFS    M:   nan S:   nan     I: -32.6 LUFS       LRA:   8.6 LU  FTPK:  -inf  -inf dBFS  TPK: -13.8 -13.8 dBFS
[Parsed_ebur128_0 @ 0x148e05970] t: 392.399979 TARGET:-23 LUFS    M:   nan S:   nan     I: -32.6 LUFS       LRA:   8.6 LU  FTPK:  -inf  -inf dBFS  TPK: -13.8 -13.8 dBFS
[Parsed_ebur128_0 @ 0x148e05970] t: 392.499979 TARGET:-23 LUFS    M:   nan S:   nan     I: -32.6 LUFS       LRA:   8.6 LU  FTPK:  -inf  -inf dBFS  TPK: -13.8 -13.8 dBFS
[Parsed_ebur128_0 @ 0x148e05970] t: 392.599979 TARGET:-23 LUFS    M:   nan S:   nan     I: -32.6 LUFS       LRA:   8.6 LU  FTPK:  -inf  -inf dBFS  TPK: -13.8 -13.8 dBFS
[Parsed_ebur128_0 @ 0x148e05970] t: 392.699979 TARGET:-23 LUFS    M:   nan S:   nan     I: -32.6 LUFS       LRA:   8.6 LU  FTPK:  -inf  -inf dBFS  TPK: -13.8 -13.8 dBFS
[Parsed_ebur128_0 @ 0x148e05970] t: 392.799979 TARGET:-23 LUFS    M:   nan S:   nan     I: -32.6 LUFS       LRA:   8.6 LU  FTPK:  -inf  -inf dBFS  TPK: -13.8 -13.8 dBFS
[Parsed_ebur128_0 @ 0x148e05970] t: 392.899979 TARGET:-23 LUFS    M:   nan S:   nan     I: -32.6 LUFS       LRA:   8.6 LU  FTPK:  -inf  -inf dBFS  TPK: -13.8 -13.8 dBFS
[Parsed_ebur128_0 @ 0x148e05970] t: 392.999979 TARGET:-23 LUFS    M:   nan S:   nan     I: -32.6 LUFS       LRA:   8.6 LU  FTPK:  -inf  -inf dBFS  TPK: -13.8 -13.8 dBFS
[Parsed_ebur128_0 @ 0x148e05970] t: 393.099979 TARGET:-23 LUFS    M:   nan S:   nan     I: -32.6 LUFS       LRA:   8.6 LU  FTPK:  -inf  -inf dBFS  TPK: -13.8 -13.8 dBFS
[Parsed_ebur128_0 @ 0x148e05970] t: 393.199979 TARGET:-23 LUFS    M:   nan S:   nan     I: -32.6 LUFS       LRA:   8.6 LU  FTPK:  -inf  -inf dBFS  TPK: -13.8 -13.8 dBFS
[Parsed_ebur128_0 @ 0x148e05970] t: 393.299979 TARGET:-23 LUFS    M:   nan S:   nan     I: -32.6 LUFS       LRA:   8.6 LU  FTPK:  -inf  -inf dBFS  TPK: -13.8 -13.8 dBFS
[Parsed_ebur128_0 @ 0x148e05970] t: 393.399979 TARGET:-23 LUFS    M:   nan S:   nan     I: -32.6 LUFS       LRA:   8.6 LU  FTPK:  -inf  -inf dBFS  TPK: -13.8 -13.8 dBFS
[Parsed_ebur128_0 @ 0x148e05970] t: 393.499979 TARGET:-23 LUFS    M:   nan S:   nan     I: -32.6 LUFS       LRA:   8.6 LU  FTPK:  -inf  -inf dBFS  TPK: -13.8 -13.8 dBFS
[Parsed_ebur128_0 @ 0x148e05970] t: 393.599979 TARGET:-23 LUFS    M:   nan S:   nan     I: -32.6 LUFS       LRA:   8.6 LU  FTPK:  -inf  -inf dBFS  TPK: -13.8 -13.8 dBFS
[Parsed_ebur128_0 @ 0x148e05970] t: 393.699979 TARGET:-23 LUFS    M:   nan S:   nan     I: -32.6 LUFS       LRA:   8.6 LU  FTPK:  -inf  -inf dBFS  TPK: -13.8 -13.8 dBFS
[Parsed_ebur128_0 @ 0x148e05970] t: 393.799979 TARGET:-23 LUFS    M:   nan S:   nan     I: -32.6 LUFS       LRA:   8.6 LU  FTPK:  -inf  -inf dBFS  TPK: -13.8 -13.8 dBFS
[Parsed_ebur128_0 @ 0x148e05970] t: 393.899979 TARGET:-23 LUFS    M:   nan S:   nan     I: -32.6 LUFS       LRA:   8.6 LU  FTPK:  -inf  -inf dBFS  TPK: -13.8 -13.8 dBFS
[Parsed_ebur128_0 @ 0x148e05970] t: 393.999979 TARGET:-23 LUFS    M:   nan S:   nan     I: -32.6 LUFS       LRA:   8.6 LU  FTPK:  -inf  -inf dBFS  TPK: -13.8 -13.8 dBFS
[Parsed_ebur128_0 @ 0x148e05970] t: 394.099979 TARGET:-23 LUFS    M:   nan S:   nan     I: -32.6 LUFS       LRA:   8.6 LU  FTPK:  -inf  -inf dBFS  TPK: -13.8 -13.8 dBFS
[Parsed_ebur128_0 @ 0x148e05970] t: 394.199979 TARGET:-23 LUFS    M:   nan S:   nan     I: -32.6 LUFS       LRA:   8.6 LU  FTPK:  -inf  -inf dBFS  TPK: -13.8 -13.8 dBFS
[Parsed_ebur128_0 @ 0x148e05970] t: 394.299979 TARGET:-23 LUFS    M:   nan S:   nan     I: -32.6 LUFS       LRA:   8.6 LU  FTPK:  -inf  -inf dBFS  TPK: -13.8 -13.8 dBFS
[Parsed_ebur128_0 @ 0x148e05970] t: 394.399979 TARGET:-23 LUFS    M:   nan S:   nan     I: -32.6 LUFS       LRA:   8.6 LU  FTPK:  -inf  -inf dBFS  TPK: -13.8 -13.8 dBFS
[Parsed_ebur128_0 @ 0x148e05970] t: 394.499979 TARGET:-23 LUFS    M:   nan S:   nan     I: -32.6 LUFS       LRA:   8.6 LU  FTPK:  -inf  -inf dBFS  TPK: -13.8 -13.8 dBFS
[Parsed_ebur128_0 @ 0x148e05970] t: 394.599979 TARGET:-23 LUFS    M:   nan S:   nan     I: -32.6 LUFS       LRA:   8.6 LU  FTPK:  -inf  -inf dBFS  TPK: -13.8 -13.8 dBFS
[Parsed_ebur128_0 @ 0x148e05970] t: 394.699979 TARGET:-23 LUFS    M:   nan S:   nan     I: -32.6 LUFS       LRA:   8.6 LU  FTPK:  -inf  -inf dBFS  TPK: -13.8 -13.8 dBFS
[Parsed_ebur128_0 @ 0x148e05970] t: 394.799979 TARGET:-23 LUFS    M:   nan S:   nan     I: -32.6 LUFS       LRA:   8.6 LU  FTPK:  -inf  -inf dBFS  TPK: -13.8 -13.8 dBFS
[Parsed_ebur128_0 @ 0x148e05970] t: 394.899979 TARGET:-23 LUFS    M:   nan S:   nan     I: -32.6 LUFS       LRA:   8.6 LU  FTPK:  -inf  -inf dBFS  TPK: -13.8 -13.8 dBFS
[Parsed_ebur128_0 @ 0x148e05970] t: 394.999979 TARGET:-23 LUFS    M:   nan S:   nan     I: -32.6 LUFS       LRA:   8.6 LU  FTPK:  -inf  -inf dBFS  TPK: -13.8 -13.8 dBFS
[Parsed_ebur128_0 @ 0x148e05970] t: 395.099979 TARGET:-23 LUFS    M:   nan S:   nan     I: -32.6 LUFS       LRA:   8.6 LU  FTPK:  -inf  -inf dBFS  TPK: -13.8 -13.8 dBFS
[Parsed_ebur128_0 @ 0x148e05970] t: 395.199979 TARGET:-23 LUFS    M:   nan S:   nan     I: -32.6 LUFS       LRA:   8.6 LU  FTPK:  -inf  -inf dBFS  TPK: -13.8 -13.8 dBFS
[Parsed_ebur128_0 @ 0x148e05970] t: 395.299979 TARGET:-23 LUFS    M: -35.6 S: -44.4     I: -32.6 LUFS       LRA:   8.6 LU  FTPK: -14.3 -15.3 dBFS  TPK: -13.8 -13.8 dBFS
[Parsed_ebur128_0 @ 0x148e05970] t: 395.399979 TARGET:-23 LUFS    M: -35.1 S: -43.8     I: -32.6 LUFS       LRA:   8.6 LU  FTPK: -26.7 -27.8 dBFS  TPK: -13.8 -13.8 dBFS
[Parsed_ebur128_0 @ 0x148e05970] t: 395.499979 TARGET:-23 LUFS    M: -35.1 S: -43.8     I: -32.6 LUFS       LRA:   8.6 LU  FTPK: -80.7 -80.4 dBFS  TPK: -13.8 -13.8 dBFS
[Parsed_ebur128_0 @ 0x148e05970] t: 395.599979 TARGET:-23 LUFS    M: -35.1 S: -43.8     I: -32.6 LUFS       LRA:   8.6 LU  FTPK:  -inf  -inf dBFS  TPK: -13.8 -13.8 dBFS
[Parsed_ebur128_0 @ 0x148e05970] t: 395.699979 TARGET:-23 LUFS    M: -44.1 S: -43.8     I: -32.6 LUFS       LRA:   8.6 LU  FTPK:  -inf  -inf dBFS  TPK: -13.8 -13.8 dBFS
[Parsed_ebur128_0 @ 0x148e05970] t: 395.799979 TARGET:-23 LUFS    M:-106.2 S: -43.8     I: -32.6 LUFS       LRA:   8.6 LU  FTPK:  -inf  -inf dBFS  TPK: -13.8 -13.8 dBFS
[Parsed_ebur128_0 @ 0x148e05970] t: 395.899979 TARGET:-23 LUFS    M:   nan S: -43.8     I: -32.6 LUFS       LRA:   8.6 LU  FTPK:  -inf  -inf dBFS  TPK: -13.8 -13.8 dBFS
[Parsed_ebur128_0 @ 0x148e05970] t: 395.999979 TARGET:-23 LUFS    M:   nan S: -43.8     I: -32.6 LUFS       LRA:   8.6 LU  FTPK:  -inf  -inf dBFS  TPK: -13.8 -13.8 dBFS
[Parsed_ebur128_0 @ 0x148e05970] t: 396.099979 TARGET:-23 LUFS    M:   nan S: -43.8     I: -32.6 LUFS       LRA:   8.6 LU  FTPK:  -inf  -inf dBFS  TPK: -13.8 -13.8 dBFS
[Parsed_ebur128_0 @ 0x148e05970] t: 396.199979 TARGET:-23 LUFS    M: -35.9 S: -41.2     I: -32.6 LUFS       LRA:   8.6 LU  FTPK: -19.4 -19.4 dBFS  TPK: -13.8 -13.8 dBFS
[Parsed_ebur128_0 @ 0x148e05970] t: 396.299979 TARGET:-23 LUFS    M: -31.5 S: -38.6     I: -32.6 LUFS       LRA:   8.6 LU  FTPK: -17.8 -17.8 dBFS  TPK: -13.8 -13.8 dBFS
[Parsed_ebur128_0 @ 0x148e05970] t: 396.399979 TARGET:-23 LUFS    M: -29.4 S: -37.1     I: -32.6 LUFS       LRA:   8.6 LU  FTPK: -18.5 -18.5 dBFS  TPK: -13.8 -13.8 dBFS
[Parsed_ebur128_0 @ 0x148e05970] t: 396.499979 TARGET:-23 LUFS    M: -27.8 S: -35.8     I: -32.6 LUFS       LRA:   8.6 LU  FTPK: -19.8 -19.8 dBFS  TPK: -13.8 -13.8 dBFS
[Parsed_ebur128_0 @ 0x148e05970] t: 396.599979 TARGET:-23 LUFS    M: -28.3 S: -35.6     I: -32.5 LUFS       LRA:   8.6 LU  FTPK: -21.0 -21.0 dBFS  TPK: -13.8 -13.8 dBFS
[Parsed_ebur128_0 @ 0x148e05970] t: 396.699979 TARGET:-23 LUFS    M: -29.8 S: -35.6     I: -32.5 LUFS       LRA:   8.6 LU  FTPK:  -inf  -inf dBFS  TPK: -13.8 -13.8 dBFS
[Parsed_ebur128_0 @ 0x148e05970] t: 396.799979 TARGET:-23 LUFS    M: -32.1 S: -35.6     I: -32.5 LUFS       LRA:   8.6 LU  FTPK:  -inf  -inf dBFS  TPK: -13.8 -13.8 dBFS
[Parsed_ebur128_0 @ 0x148e05970] t: 396.899979 TARGET:-23 LUFS    M: -39.8 S: -35.6     I: -32.5 LUFS       LRA:   8.6 LU  FTPK:  -inf  -inf dBFS  TPK: -13.8 -13.8 dBFS
[Parsed_ebur128_0 @ 0x148e05970] t: 396.999979 TARGET:-23 LUFS    M:   nan S: -35.6     I: -32.5 LUFS       LRA:   8.6 LU  FTPK:  -inf  -inf dBFS  TPK: -13.8 -13.8 dBFS
[Parsed_ebur128_0 @ 0x148e05970] t: 397.099979 TARGET:-23 LUFS    M:   nan S: -35.6     I: -32.5 LUFS       LRA:   8.6 LU  FTPK:  -inf  -inf dBFS  TPK: -13.8 -13.8 dBFS
[Parsed_ebur128_0 @ 0x148e05970] t: 397.199979 TARGET:-23 LUFS    M:   nan S: -35.6     I: -32.5 LUFS       LRA:   8.6 LU  FTPK:  -inf  -inf dBFS  TPK: -13.8 -13.8 dBFS
[Parsed_ebur128_0 @ 0x148e05970] t: 397.299979 TARGET:-23 LUFS    M:   nan S: -35.6     I: -32.5 LUFS       LRA:   8.6 LU  FTPK:  -inf  -inf dBFS  TPK: -13.8 -13.8 dBFS
[Parsed_ebur128_0 @ 0x148e05970] t: 397.399979 TARGET:-23 LUFS    M:   nan S: -35.6     I: -32.5 LUFS       LRA:   8.6 LU  FTPK:  -inf  -inf dBFS  TPK: -13.8 -13.8 dBFS
[Parsed_ebur128_0 @ 0x148e05970] t: 397.499979 TARGET:-23 LUFS    M:   nan S: -35.6     I: -32.5 LUFS       LRA:   8.6 LU  FTPK:  -inf  -inf dBFS  TPK: -13.8 -13.8 dBFS
[Parsed_ebur128_0 @ 0x148e05970] t: 397.599979 TARGET:-23 LUFS    M:   nan S: -35.6     I: -32.5 LUFS       LRA:   8.6 LU  FTPK:  -inf  -inf dBFS  TPK: -13.8 -13.8 dBFS
[Parsed_ebur128_0 @ 0x148e05970] t: 397.699979 TARGET:-23 LUFS    M:   nan S: -35.6     I: -32.5 LUFS       LRA:   8.6 LU  FTPK:  -inf  -inf dBFS  TPK: -13.8 -13.8 dBFS
[Parsed_ebur128_0 @ 0x148e05970] t: 397.799979 TARGET:-23 LUFS    M:   nan S: -35.6     I: -32.5 LUFS       LRA:   8.6 LU  FTPK:  -inf  -inf dBFS  TPK: -13.8 -13.8 dBFS
[Parsed_ebur128_0 @ 0x148e05970] t: 397.899979 TARGET:-23 LUFS    M:   nan S: -35.6     I: -32.5 LUFS       LRA:   8.6 LU  FTPK:  -inf  -inf dBFS  TPK: -13.8 -13.8 dBFS
[Parsed_ebur128_0 @ 0x148e05970] t: 397.999979 TARGET:-23 LUFS    M:   nan S: -35.6     I: -32.5 LUFS       LRA:   8.6 LU  FTPK:  -inf  -inf dBFS  TPK: -13.8 -13.8 dBFS
[Parsed_ebur128_0 @ 0x148e05970] t: 398.099979 TARGET:-23 LUFS    M:   nan S: -35.6     I: -32.5 LUFS       LRA:   8.6 LU  FTPK:  -inf  -inf dBFS  TPK: -13.8 -13.8 dBFS
[Parsed_ebur128_0 @ 0x148e05970] t: 398.199979 TARGET:-23 LUFS    M:   nan S: -35.6     I: -32.5 LUFS       LRA:   8.6 LU  FTPK:  -inf  -inf dBFS  TPK: -13.8 -13.8 dBFS
[Parsed_ebur128_0 @ 0x148e05970] t: 398.299979 TARGET:-23 LUFS    M:   nan S: -36.2     I: -32.5 LUFS       LRA:   8.6 LU  FTPK:  -inf  -inf dBFS  TPK: -13.8 -13.8 dBFS
[Parsed_ebur128_0 @ 0x148e05970] t: 398.399979 TARGET:-23 LUFS    M:   nan S: -36.3     I: -32.5 LUFS       LRA:   8.6 LU  FTPK:  -inf  -inf dBFS  TPK: -13.8 -13.8 dBFS
[Parsed_ebur128_0 @ 0x148e05970] t: 398.499979 TARGET:-23 LUFS    M:   nan S: -36.3     I: -32.5 LUFS       LRA:   8.6 LU  FTPK:  -inf  -inf dBFS  TPK: -13.8 -13.8 dBFS
[Parsed_ebur128_0 @ 0x148e05970] t: 398.599979 TARGET:-23 LUFS    M:   nan S: -36.3     I: -32.5 LUFS       LRA:   8.6 LU  FTPK:  -inf  -inf dBFS  TPK: -13.8 -13.8 dBFS
[Parsed_ebur128_0 @ 0x148e05970] t: 398.699979 TARGET:-23 LUFS    M:   nan S: -36.3     I: -32.5 LUFS       LRA:   8.6 LU  FTPK:  -inf  -inf dBFS  TPK: -13.8 -13.8 dBFS
[Parsed_ebur128_0 @ 0x148e05970] t: 398.799979 TARGET:-23 LUFS    M:   nan S: -36.3     I: -32.5 LUFS       LRA:   8.6 LU  FTPK:  -inf  -inf dBFS  TPK: -13.8 -13.8 dBFS
[Parsed_ebur128_0 @ 0x148e05970] t: 398.899979 TARGET:-23 LUFS    M:   nan S: -36.3     I: -32.5 LUFS       LRA:   8.6 LU  FTPK:  -inf  -inf dBFS  TPK: -13.8 -13.8 dBFS
[Parsed_ebur128_0 @ 0x148e05970] t: 398.999979 TARGET:-23 LUFS    M:   nan S: -36.3     I: -32.5 LUFS       LRA:   8.6 LU  FTPK:  -inf  -inf dBFS  TPK: -13.8 -13.8 dBFS
[Parsed_ebur128_0 @ 0x148e05970] t: 399.099979 TARGET:-23 LUFS    M:   nan S: -36.3     I: -32.5 LUFS       LRA:   8.6 LU  FTPK:  -inf  -inf dBFS  TPK: -13.8 -13.8 dBFS
[Parsed_ebur128_0 @ 0x148e05970] t: 399.199979 TARGET:-23 LUFS    M:   nan S: -37.0     I: -32.5 LUFS       LRA:   8.6 LU  FTPK:  -inf  -inf dBFS  TPK: -13.8 -13.8 dBFS
[Parsed_ebur128_0 @ 0x148e05970] t: 399.299979 TARGET:-23 LUFS    M:   nan S: -38.6     I: -32.5 LUFS       LRA:   8.6 LU  FTPK:  -inf  -inf dBFS  TPK: -13.8 -13.8 dBFS
[Parsed_ebur128_0 @ 0x148e05970] t: 399.399979 TARGET:-23 LUFS    M:   nan S: -40.9     I: -32.5 LUFS       LRA:   8.6 LU  FTPK:  -inf  -inf dBFS  TPK: -13.8 -13.8 dBFS
[Parsed_ebur128_0 @ 0x148e05970] t: 399.499979 TARGET:-23 LUFS    M:   nan S: -48.6     I: -32.5 LUFS       LRA:   8.6 LU  FTPK:  -inf  -inf dBFS  TPK: -13.8 -13.8 dBFS
[Parsed_ebur128_0 @ 0x148e05970] t: 399.599979 TARGET:-23 LUFS    M:   nan S:   nan     I: -32.5 LUFS       LRA:   8.6 LU  FTPK:  -inf  -inf dBFS  TPK: -13.8 -13.8 dBFS
[Parsed_ebur128_0 @ 0x148e05970] t: 399.699979 TARGET:-23 LUFS    M:   nan S:   nan     I: -32.5 LUFS       LRA:   8.6 LU  FTPK:  -inf  -inf dBFS  TPK: -13.8 -13.8 dBFS
[Parsed_ebur128_0 @ 0x148e05970] t: 399.799979 TARGET:-23 LUFS    M:   nan S:   nan     I: -32.5 LUFS       LRA:   8.6 LU  FTPK:  -inf  -inf dBFS  TPK: -13.8 -13.8 dBFS
[Parsed_ebur128_0 @ 0x148e05970] t: 399.899979 TARGET:-23 LUFS    M:   nan S:   nan     I: -32.5 LUFS       LRA:   8.6 LU  FTPK:  -inf  -inf dBFS  TPK: -13.8 -13.8 dBFS
[Parsed_ebur128_0 @ 0x148e05970] t: 399.999979 TARGET:-23 LUFS    M:   nan S:   nan     I: -32.5 LUFS       LRA:   8.6 LU  FTPK:  -inf  -inf dBFS  TPK: -13.8 -13.8 dBFS
[Parsed_ebur128_0 @ 0x148e05970] t: 400.099979 TARGET:-23 LUFS    M:   nan S:   nan     I: -32.5 LUFS       LRA:   8.6 LU  FTPK:  -inf  -inf dBFS  TPK: -13.8 -13.8 dBFS
[Parsed_ebur128_0 @ 0x148e05970] t: 400.199979 TARGET:-23 LUFS    M:   nan S:   nan     I: -32.5 LUFS       LRA:   8.6 LU  FTPK:  -inf  -inf dBFS  TPK: -13.8 -13.8 dBFS
[Parsed_ebur128_0 @ 0x148e05970] t: 400.299979 TARGET:-23 LUFS    M:   nan S:   nan     I: -32.5 LUFS       LRA:   8.6 LU  FTPK:  -inf  -inf dBFS  TPK: -13.8 -13.8 dBFS
[Parsed_ebur128_0 @ 0x148e05970] t: 400.399979 TARGET:-23 LUFS    M:   nan S:   nan     I: -32.5 LUFS       LRA:   8.6 LU  FTPK:  -inf  -inf dBFS  TPK: -13.8 -13.8 dBFS
[Parsed_ebur128_0 @ 0x148e05970] t: 400.499979 TARGET:-23 LUFS    M:   nan S:   nan     I: -32.5 LUFS       LRA:   8.6 LU  FTPK:  -inf  -inf dBFS  TPK: -13.8 -13.8 dBFS
[Parsed_ebur128_0 @ 0x148e05970] t: 400.599979 TARGET:-23 LUFS    M:   nan S:   nan     I: -32.5 LUFS       LRA:   8.6 LU  FTPK:  -inf  -inf dBFS  TPK: -13.8 -13.8 dBFS
[Parsed_ebur128_0 @ 0x148e05970] t: 400.699979 TARGET:-23 LUFS    M:   nan S:   nan     I: -32.5 LUFS       LRA:   8.6 LU  FTPK:  -inf  -inf dBFS  TPK: -13.8 -13.8 dBFS
[Parsed_ebur128_0 @ 0x148e05970] t: 400.799979 TARGET:-23 LUFS    M:   nan S:   nan     I: -32.5 LUFS       LRA:   8.6 LU  FTPK:  -inf  -inf dBFS  TPK: -13.8 -13.8 dBFS
[Parsed_ebur128_0 @ 0x148e05970] t: 400.899979 TARGET:-23 LUFS    M: -35.7 S: -44.4     I: -32.5 LUFS       LRA:   8.6 LU  FTPK: -15.3 -14.3 dBFS  TPK: -13.8 -13.8 dBFS
[Parsed_ebur128_0 @ 0x148e05970] t: 400.999979 TARGET:-23 LUFS    M: -35.1 S: -43.8     I: -32.5 LUFS       LRA:   8.6 LU  FTPK: -27.8 -26.8 dBFS  TPK: -13.8 -13.8 dBFS
[Parsed_ebur128_0 @ 0x148e05970] t: 401.099979 TARGET:-23 LUFS    M: -35.1 S: -43.8     I: -32.6 LUFS       LRA:   8.6 LU  FTPK: -80.3 -80.4 dBFS  TPK: -13.8 -13.8 dBFS
[Parsed_ebur128_0 @ 0x148e05970] t: 401.199979 TARGET:-23 LUFS    M: -35.1 S: -43.8     I: -32.6 LUFS       LRA:   8.6 LU  FTPK:  -inf  -inf dBFS  TPK: -13.8 -13.8 dBFS
[Parsed_ebur128_0 @ 0x148e05970] t: 401.299979 TARGET:-23 LUFS    M: -44.1 S: -43.8     I: -32.6 LUFS       LRA:   8.6 LU  FTPK:  -inf  -inf dBFS  TPK: -13.8 -13.8 dBFS
[Parsed_ebur128_0 @ 0x148e05970] t: 401.399979 TARGET:-23 LUFS    M:-106.1 S: -43.8     I: -32.6 LUFS       LRA:   8.6 LU  FTPK:  -inf  -inf dBFS  TPK: -13.8 -13.8 dBFS
[Parsed_ebur128_0 @ 0x148e05970] t: 401.499979 TARGET:-23 LUFS    M: -37.3 S: -41.8     I: -32.6 LUFS       LRA:   8.6 LU  FTPK: -19.4 -19.4 dBFS  TPK: -13.8 -13.8 dBFS
[Parsed_ebur128_0 @ 0x148e05970] t: 401.599979 TARGET:-23 LUFS    M: -31.7 S: -38.8     I: -32.6 LUFS       LRA:   8.6 LU  FTPK: -17.8 -17.8 dBFS  TPK: -13.8 -13.8 dBFS
[Parsed_ebur128_0 @ 0x148e05970] t: 401.699979 TARGET:-23 LUFS    M: -29.5 S: -37.2     I: -32.6 LUFS       LRA:   8.6 LU  FTPK: -18.5 -18.5 dBFS  TPK: -13.8 -13.8 dBFS
[Parsed_ebur128_0 @ 0x148e05970] t: 401.799979 TARGET:-23 LUFS    M: -28.0 S: -36.0     I: -32.5 LUFS       LRA:   8.6 LU  FTPK: -19.8 -19.8 dBFS  TPK: -13.8 -13.8 dBFS
[Parsed_ebur128_0 @ 0x148e05970] t: 401.899979 TARGET:-23 LUFS    M: -28.1 S: -35.6     I: -32.5 LUFS       LRA:   8.6 LU  FTPK: -21.0 -21.0 dBFS  TPK: -13.8 -13.8 dBFS
[Parsed_ebur128_0 @ 0x148e05970] t: 401.999979 TARGET:-23 LUFS    M: -29.7 S: -35.6     I: -32.5 LUFS       LRA:   8.6 LU  FTPK:  -inf  -inf dBFS  TPK: -13.8 -13.8 dBFS
[Parsed_ebur128_0 @ 0x148e05970] t: 402.099979 TARGET:-23 LUFS    M: -32.0 S: -35.6     I: -32.5 LUFS       LRA:   8.6 LU  FTPK:  -inf  -inf dBFS  TPK: -13.8 -13.8 dBFS
[Parsed_ebur128_0 @ 0x148e05970] t: 402.199979 TARGET:-23 LUFS    M: -37.5 S: -35.6     I: -32.5 LUFS       LRA:   8.6 LU  FTPK:  -inf  -inf dBFS  TPK: -13.8 -13.8 dBFS
[Parsed_ebur128_0 @ 0x148e05970] t: 402.299979 TARGET:-23 LUFS    M:   nan S: -35.6     I: -32.5 LUFS       LRA:   8.6 LU  FTPK:  -inf  -inf dBFS  TPK: -13.8 -13.8 dBFS
[Parsed_ebur128_0 @ 0x148e05970] t: 402.399979 TARGET:-23 LUFS    M:   nan S: -35.6     I: -32.5 LUFS       LRA:   8.6 LU  FTPK:  -inf  -inf dBFS  TPK: -13.8 -13.8 dBFS
[Parsed_ebur128_0 @ 0x148e05970] t: 402.499979 TARGET:-23 LUFS    M:   nan S: -35.6     I: -32.5 LUFS       LRA:   8.7 LU  FTPK:  -inf  -inf dBFS  TPK: -13.8 -13.8 dBFS
[Parsed_ebur128_0 @ 0x148e05970] t: 402.599979 TARGET:-23 LUFS    M:   nan S: -35.6     I: -32.5 LUFS       LRA:   8.8 LU  FTPK:  -inf  -inf dBFS  TPK: -13.8 -13.8 dBFS
[Parsed_ebur128_0 @ 0x148e05970] t: 402.699979 TARGET:-23 LUFS    M:   nan S: -35.6     I: -32.5 LUFS       LRA:   8.9 LU  FTPK:  -inf  -inf dBFS  TPK: -13.8 -13.8 dBFS
[Parsed_ebur128_0 @ 0x148e05970] t: 402.799979 TARGET:-23 LUFS    M:   nan S: -35.6     I: -32.5 LUFS       LRA:   8.9 LU  FTPK:  -inf  -inf dBFS  TPK: -13.8 -13.8 dBFS
[Parsed_ebur128_0 @ 0x148e05970] t: 402.899979 TARGET:-23 LUFS    M:   nan S: -35.6     I: -32.5 LUFS       LRA:   8.9 LU  FTPK:  -inf  -inf dBFS  TPK: -13.8 -13.8 dBFS
[Parsed_ebur128_0 @ 0x148e05970] t: 402.999979 TARGET:-23 LUFS    M:   nan S: -35.6     I: -32.5 LUFS       LRA:   9.0 LU  FTPK:  -inf  -inf dBFS  TPK: -13.8 -13.8 dBFS
[Parsed_ebur128_0 @ 0x148e05970] t: 403.099979 TARGET:-23 LUFS    M:   nan S: -35.6     I: -32.5 LUFS       LRA:   9.0 LU  FTPK:  -inf  -inf dBFS  TPK: -13.8 -13.8 dBFS
[Parsed_ebur128_0 @ 0x148e05970] t: 403.199979 TARGET:-23 LUFS    M:   nan S: -35.6     I: -32.5 LUFS       LRA:   9.0 LU  FTPK:  -inf  -inf dBFS  TPK: -13.8 -13.8 dBFS
[Parsed_ebur128_0 @ 0x148e05970] t: 403.299979 TARGET:-23 LUFS    M:   nan S: -35.6     I: -32.5 LUFS       LRA:   9.2 LU  FTPK:  -inf  -inf dBFS  TPK: -13.8 -13.8 dBFS
[Parsed_ebur128_0 @ 0x148e05970] t: 403.399979 TARGET:-23 LUFS    M:   nan S: -35.6     I: -32.5 LUFS       LRA:   9.2 LU  FTPK:  -inf  -inf dBFS  TPK: -13.8 -13.8 dBFS
[Parsed_ebur128_0 @ 0x148e05970] t: 403.499979 TARGET:-23 LUFS    M:   nan S: -35.6     I: -32.5 LUFS       LRA:   9.2 LU  FTPK:  -inf  -inf dBFS  TPK: -13.8 -13.8 dBFS
[Parsed_ebur128_0 @ 0x148e05970] t: 403.599979 TARGET:-23 LUFS    M: -41.6 S: -35.5     I: -32.5 LUFS       LRA:   9.2 LU  FTPK: -25.4 -25.4 dBFS  TPK: -13.8 -13.8 dBFS
[Parsed_ebur128_0 @ 0x148e05970] t: 403.699979 TARGET:-23 LUFS    M: -38.3 S: -35.3     I: -32.5 LUFS       LRA:   9.2 LU  FTPK: -27.7 -27.7 dBFS  TPK: -13.8 -13.8 dBFS
[Parsed_ebur128_0 @ 0x148e05970] t: 403.799979 TARGET:-23 LUFS    M: -35.9 S: -35.1     I: -32.5 LUFS       LRA:   9.2 LU  FTPK: -24.8 -24.8 dBFS  TPK: -13.8 -13.8 dBFS
[Parsed_ebur128_0 @ 0x148e05970] t: 403.899979 TARGET:-23 LUFS    M: -34.6 S: -35.5     I: -32.5 LUFS       LRA:   9.2 LU  FTPK: -23.7 -23.7 dBFS  TPK: -13.8 -13.8 dBFS
[Parsed_ebur128_0 @ 0x148e05970] t: 403.999979 TARGET:-23 LUFS    M: -34.3 S: -35.3     I: -32.5 LUFS       LRA:   9.2 LU  FTPK: -24.8 -24.8 dBFS  TPK: -13.8 -13.8 dBFS
[Parsed_ebur128_0 @ 0x148e05970] t: 404.099979 TARGET:-23 LUFS    M: -33.8 S: -35.1     I: -32.5 LUFS       LRA:   9.2 LU  FTPK: -26.5 -26.5 dBFS  TPK: -13.8 -13.8 dBFS
[Parsed_ebur128_0 @ 0x148e05970] t: 404.199979 TARGET:-23 LUFS    M: -34.3 S: -35.0     I: -32.5 LUFS       LRA:   9.2 LU  FTPK: -26.9 -26.9 dBFS  TPK: -13.8 -13.8 dBFS
[Parsed_ebur128_0 @ 0x148e05970] t: 404.299979 TARGET:-23 LUFS    M: -34.1 S: -34.8     I: -32.5 LUFS       LRA:   9.2 LU  FTPK: -25.9 -25.9 dBFS  TPK: -13.8 -13.8 dBFS
[Parsed_ebur128_0 @ 0x148e05970] t: 404.399979 TARGET:-23 LUFS    M: -34.1 S: -34.6     I: -32.6 LUFS       LRA:   9.2 LU  FTPK: -24.9 -24.9 dBFS  TPK: -13.8 -13.8 dBFS
[Parsed_ebur128_0 @ 0x148e05970] t: 404.499979 TARGET:-23 LUFS    M: -34.6 S: -34.8     I: -32.6 LUFS       LRA:   9.2 LU  FTPK: -26.3 -26.3 dBFS  TPK: -13.8 -13.8 dBFS
[Parsed_ebur128_0 @ 0x148e05970] t: 404.599979 TARGET:-23 LUFS    M: -34.2 S: -35.5     I: -32.6 LUFS       LRA:   9.2 LU  FTPK: -26.7 -26.7 dBFS  TPK: -13.8 -13.8 dBFS
[Parsed_ebur128_0 @ 0x148e05970] t: 404.699979 TARGET:-23 LUFS    M: -34.3 S: -36.3     I: -32.6 LUFS       LRA:   9.2 LU  FTPK: -26.8 -26.8 dBFS  TPK: -13.8 -13.8 dBFS
[Parsed_ebur128_0 @ 0x148e05970] t: 404.799979 TARGET:-23 LUFS    M: -34.5 S: -37.4     I: -32.6 LUFS       LRA:   9.2 LU  FTPK: -25.9 -25.9 dBFS  TPK: -13.8 -13.8 dBFS
[Parsed_ebur128_0 @ 0x148e05970] t: 404.899979 TARGET:-23 LUFS    M: -33.7 S: -37.5     I: -32.6 LUFS       LRA:   9.2 LU  FTPK: -25.9 -25.9 dBFS  TPK: -13.8 -13.8 dBFS
[Parsed_ebur128_0 @ 0x148e05970] t: 404.999979 TARGET:-23 LUFS    M: -34.1 S: -37.3     I: -32.6 LUFS       LRA:   9.2 LU  FTPK: -27.1 -27.1 dBFS  TPK: -13.8 -13.8 dBFS
[Parsed_ebur128_0 @ 0x148e05970] t: 405.099979 TARGET:-23 LUFS    M: -33.8 S: -36.9     I: -32.6 LUFS       LRA:   9.2 LU  FTPK: -26.1 -26.1 dBFS  TPK: -13.8 -13.8 dBFS
[Parsed_ebur128_0 @ 0x148e05970] t: 405.199979 TARGET:-23 LUFS    M: -33.6 S: -36.6     I: -32.6 LUFS       LRA:   9.2 LU  FTPK: -27.1 -27.1 dBFS  TPK: -13.8 -13.8 dBFS
[Parsed_ebur128_0 @ 0x148e05970] t: 405.299979 TARGET:-23 LUFS    M: -34.5 S: -36.5     I: -32.6 LUFS       LRA:   9.2 LU  FTPK: -27.7 -27.7 dBFS  TPK: -13.8 -13.8 dBFS
[Parsed_ebur128_0 @ 0x148e05970] t: 405.399979 TARGET:-23 LUFS    M: -35.5 S: -36.5     I: -32.6 LUFS       LRA:   9.2 LU  FTPK: -50.9 -50.9 dBFS  TPK: -13.8 -13.8 dBFS
[Parsed_ebur128_0 @ 0x148e05970] t: 405.499979 TARGET:-23 LUFS    M: -37.8 S: -36.5     I: -32.6 LUFS       LRA:   9.2 LU  FTPK:  -inf  -inf dBFS  TPK: -13.8 -13.8 dBFS
[Parsed_ebur128_0 @ 0x148e05970] t: 405.599979 TARGET:-23 LUFS    M: -42.2 S: -36.5     I: -32.6 LUFS       LRA:   9.2 LU  FTPK:  -inf  -inf dBFS  TPK: -13.8 -13.8 dBFS
[Parsed_ebur128_0 @ 0x148e05970] t: 405.699979 TARGET:-23 LUFS    M: -72.6 S: -36.5     I: -32.6 LUFS       LRA:   9.2 LU  FTPK:  -inf  -inf dBFS  TPK: -13.8 -13.8 dBFS
[Parsed_ebur128_0 @ 0x148e05970] t: 405.799979 TARGET:-23 LUFS    M:   nan S: -36.5     I: -32.6 LUFS       LRA:   9.2 LU  FTPK:  -inf  -inf dBFS  TPK: -13.8 -13.8 dBFS
[Parsed_ebur128_0 @ 0x148e05970] t: 405.899979 TARGET:-23 LUFS    M:   nan S: -36.5     I: -32.6 LUFS       LRA:   9.2 LU  FTPK:  -inf  -inf dBFS  TPK: -13.8 -13.8 dBFS
[Parsed_ebur128_0 @ 0x148e05970] t: 405.999979 TARGET:-23 LUFS    M:   nan S: -36.5     I: -32.6 LUFS       LRA:   9.2 LU  FTPK:  -inf  -inf dBFS  TPK: -13.8 -13.8 dBFS
[Parsed_ebur128_0 @ 0x148e05970] t: 406.099979 TARGET:-23 LUFS    M:   nan S: -36.5     I: -32.6 LUFS       LRA:   9.2 LU  FTPK:  -inf  -inf dBFS  TPK: -13.8 -13.8 dBFS
[Parsed_ebur128_0 @ 0x148e05970] t: 406.199979 TARGET:-23 LUFS    M:   nan S: -36.5     I: -32.6 LUFS       LRA:   9.2 LU  FTPK:  -inf  -inf dBFS  TPK: -13.8 -13.8 dBFS
[Parsed_ebur128_0 @ 0x148e05970] t: 406.299979 TARGET:-23 LUFS    M:   nan S: -36.5     I: -32.6 LUFS       LRA:   9.2 LU  FTPK:  -inf  -inf dBFS  TPK: -13.8 -13.8 dBFS
[Parsed_ebur128_0 @ 0x148e05970] t: 406.399979 TARGET:-23 LUFS    M:   nan S: -36.5     I: -32.6 LUFS       LRA:   9.2 LU  FTPK:  -inf  -inf dBFS  TPK: -13.8 -13.8 dBFS
[Parsed_ebur128_0 @ 0x148e05970] t: 406.499979 TARGET:-23 LUFS    M:   nan S: -36.5     I: -32.6 LUFS       LRA:   9.2 LU  FTPK:  -inf  -inf dBFS  TPK: -13.8 -13.8 dBFS
[Parsed_ebur128_0 @ 0x148e05970] t: 406.599979 TARGET:-23 LUFS    M:   nan S: -36.7     I: -32.6 LUFS       LRA:   9.2 LU  FTPK:  -inf  -inf dBFS  TPK: -13.8 -13.8 dBFS
[Parsed_ebur128_0 @ 0x148e05970] t: 406.699979 TARGET:-23 LUFS    M:   nan S: -36.9     I: -32.6 LUFS       LRA:   9.2 LU  FTPK:  -inf  -inf dBFS  TPK: -13.8 -13.8 dBFS
[Parsed_ebur128_0 @ 0x148e05970] t: 406.799979 TARGET:-23 LUFS    M:   nan S: -37.2     I: -32.6 LUFS       LRA:   9.2 LU  FTPK:  -inf  -inf dBFS  TPK: -13.8 -13.8 dBFS
[Parsed_ebur128_0 @ 0x148e05970] t: 406.899979 TARGET:-23 LUFS    M:   nan S: -37.5     I: -32.6 LUFS       LRA:   9.2 LU  FTPK:  -inf  -inf dBFS  TPK: -13.8 -13.8 dBFS
[Parsed_ebur128_0 @ 0x148e05970] t: 406.999979 TARGET:-23 LUFS    M:   nan S: -37.8     I: -32.6 LUFS       LRA:   9.2 LU  FTPK:  -inf  -inf dBFS  TPK: -13.8 -13.8 dBFS
[Parsed_ebur128_0 @ 0x148e05970] t: 407.099979 TARGET:-23 LUFS    M:   nan S: -38.2     I: -32.6 LUFS       LRA:   9.2 LU  FTPK:  -inf  -inf dBFS  TPK: -13.8 -13.8 dBFS
[Parsed_ebur128_0 @ 0x148e05970] t: 407.199979 TARGET:-23 LUFS    M:   nan S: -38.5     I: -32.6 LUFS       LRA:   9.2 LU  FTPK:  -inf  -inf dBFS  TPK: -13.8 -13.8 dBFS
[Parsed_ebur128_0 @ 0x148e05970] t: 407.299979 TARGET:-23 LUFS    M:   nan S: -39.0     I: -32.6 LUFS       LRA:   9.2 LU  FTPK:  -inf  -inf dBFS  TPK: -13.8 -13.8 dBFS
[Parsed_ebur128_0 @ 0x148e05970] t: 407.399979 TARGET:-23 LUFS    M:   nan S: -39.5     I: -32.6 LUFS       LRA:   9.2 LU  FTPK:  -inf  -inf dBFS  TPK: -13.8 -13.8 dBFS
[Parsed_ebur128_0 @ 0x148e05970] t: 407.499979 TARGET:-23 LUFS    M:   nan S: -39.8     I: -32.6 LUFS       LRA:   9.2 LU  FTPK:  -inf  -inf dBFS  TPK: -13.8 -13.8 dBFS
[Parsed_ebur128_0 @ 0x148e05970] t: 407.599979 TARGET:-23 LUFS    M:   nan S: -40.5     I: -32.6 LUFS       LRA:   9.2 LU  FTPK:  -inf  -inf dBFS  TPK: -13.8 -13.8 dBFS
[Parsed_ebur128_0 @ 0x148e05970] t: 407.699979 TARGET:-23 LUFS    M:   nan S: -41.1     I: -32.6 LUFS       LRA:   9.2 LU  FTPK:  -inf  -inf dBFS  TPK: -13.8 -13.8 dBFS
[Parsed_ebur128_0 @ 0x148e05970] t: 407.799979 TARGET:-23 LUFS    M:   nan S: -41.8     I: -32.6 LUFS       LRA:   9.2 LU  FTPK:  -inf  -inf dBFS  TPK: -13.8 -13.8 dBFS
[Parsed_ebur128_0 @ 0x148e05970] t: 407.899979 TARGET:-23 LUFS    M:   nan S: -43.2     I: -32.6 LUFS       LRA:   9.2 LU  FTPK:  -inf  -inf dBFS  TPK: -13.8 -13.8 dBFS
[Parsed_ebur128_0 @ 0x148e05970] t: 407.999979 TARGET:-23 LUFS    M:   nan S: -44.3     I: -32.6 LUFS       LRA:   9.2 LU  FTPK:  -inf  -inf dBFS  TPK: -13.8 -13.8 dBFS
[Parsed_ebur128_0 @ 0x148e05970] t: 408.099979 TARGET:-23 LUFS    M:   nan S: -46.5     I: -32.6 LUFS       LRA:   9.2 LU  FTPK:  -inf  -inf dBFS  TPK: -13.8 -13.8 dBFS
[Parsed_ebur128_0 @ 0x148e05970] t: 408.199979 TARGET:-23 LUFS    M:   nan S: -51.0     I: -32.6 LUFS       LRA:   9.2 LU  FTPK:  -inf  -inf dBFS  TPK: -13.8 -13.8 dBFS
[Parsed_ebur128_0 @ 0x148e05970] t: 408.299979 TARGET:-23 LUFS    M:   nan S: -81.4     I: -32.6 LUFS       LRA:   9.2 LU  FTPK:  -inf  -inf dBFS  TPK: -13.8 -13.8 dBFS
[Parsed_ebur128_0 @ 0x148e05970] t: 408.399979 TARGET:-23 LUFS    M:   nan S:   nan     I: -32.6 LUFS       LRA:   9.2 LU  FTPK:  -inf  -inf dBFS  TPK: -13.8 -13.8 dBFS
[Parsed_ebur128_0 @ 0x148e05970] t: 408.499979 TARGET:-23 LUFS    M:   nan S:   nan     I: -32.6 LUFS       LRA:   9.2 LU  FTPK:  -inf  -inf dBFS  TPK: -13.8 -13.8 dBFS
[Parsed_ebur128_0 @ 0x148e05970] t: 408.599979 TARGET:-23 LUFS    M:   nan S:   nan     I: -32.6 LUFS       LRA:   9.2 LU  FTPK:  -inf  -inf dBFS  TPK: -13.8 -13.8 dBFS
[Parsed_ebur128_0 @ 0x148e05970] t: 408.699979 TARGET:-23 LUFS    M:   nan S:   nan     I: -32.6 LUFS       LRA:   9.2 LU  FTPK:  -inf  -inf dBFS  TPK: -13.8 -13.8 dBFS
[Parsed_ebur128_0 @ 0x148e05970] t: 408.799979 TARGET:-23 LUFS    M:   nan S:   nan     I: -32.6 LUFS       LRA:   9.2 LU  FTPK:  -inf  -inf dBFS  TPK: -13.8 -13.8 dBFS
[Parsed_ebur128_0 @ 0x148e05970] t: 408.899979 TARGET:-23 LUFS    M:   nan S:   nan     I: -32.6 LUFS       LRA:   9.2 LU  FTPK:  -inf  -inf dBFS  TPK: -13.8 -13.8 dBFS
[Parsed_ebur128_0 @ 0x148e05970] t: 408.999979 TARGET:-23 LUFS    M:   nan S:   nan     I: -32.6 LUFS       LRA:   9.2 LU  FTPK:  -inf  -inf dBFS  TPK: -13.8 -13.8 dBFS
[Parsed_ebur128_0 @ 0x148e05970] t: 409.099979 TARGET:-23 LUFS    M:   nan S:   nan     I: -32.6 LUFS       LRA:   9.2 LU  FTPK:  -inf  -inf dBFS  TPK: -13.8 -13.8 dBFS
[Parsed_ebur128_0 @ 0x148e05970] t: 409.199979 TARGET:-23 LUFS    M:   nan S:   nan     I: -32.6 LUFS       LRA:   9.2 LU  FTPK:  -inf  -inf dBFS  TPK: -13.8 -13.8 dBFS
[Parsed_ebur128_0 @ 0x148e05970] t: 409.299979 TARGET:-23 LUFS    M:   nan S:   nan     I: -32.6 LUFS       LRA:   9.2 LU  FTPK:  -inf  -inf dBFS  TPK: -13.8 -13.8 dBFS
[Parsed_ebur128_0 @ 0x148e05970] t: 409.399979 TARGET:-23 LUFS    M:   nan S:   nan     I: -32.6 LUFS       LRA:   9.2 LU  FTPK:  -inf  -inf dBFS  TPK: -13.8 -13.8 dBFS
[Parsed_ebur128_0 @ 0x148e05970] t: 409.499979 TARGET:-23 LUFS    M:   nan S:   nan     I: -32.6 LUFS       LRA:   9.2 LU  FTPK:  -inf  -inf dBFS  TPK: -13.8 -13.8 dBFS
[Parsed_ebur128_0 @ 0x148e05970] t: 409.599979 TARGET:-23 LUFS    M:   nan S:   nan     I: -32.6 LUFS       LRA:   9.2 LU  FTPK:  -inf  -inf dBFS  TPK: -13.8 -13.8 dBFS
[Parsed_ebur128_0 @ 0x148e05970] t: 409.699979 TARGET:-23 LUFS    M:   nan S:   nan     I: -32.6 LUFS       LRA:   9.2 LU  FTPK:  -inf  -inf dBFS  TPK: -13.8 -13.8 dBFS
[Parsed_ebur128_0 @ 0x148e05970] t: 409.799979 TARGET:-23 LUFS    M:   nan S:   nan     I: -32.6 LUFS       LRA:   9.2 LU  FTPK:  -inf  -inf dBFS  TPK: -13.8 -13.8 dBFS
[Parsed_ebur128_0 @ 0x148e05970] t: 409.899979 TARGET:-23 LUFS    M:   nan S:   nan     I: -32.6 LUFS       LRA:   9.2 LU  FTPK:  -inf  -inf dBFS  TPK: -13.8 -13.8 dBFS
[Parsed_ebur128_0 @ 0x148e05970] t: 409.999979 TARGET:-23 LUFS    M:   nan S:   nan     I: -32.6 LUFS       LRA:   9.2 LU  FTPK:  -inf  -inf dBFS  TPK: -13.8 -13.8 dBFS
[Parsed_ebur128_0 @ 0x148e05970] t: 410.099979 TARGET:-23 LUFS    M:   nan S:   nan     I: -32.6 LUFS       LRA:   9.2 LU  FTPK:  -inf  -inf dBFS  TPK: -13.8 -13.8 dBFS
[Parsed_ebur128_0 @ 0x148e05970] t: 410.199979 TARGET:-23 LUFS    M:   nan S:   nan     I: -32.6 LUFS       LRA:   9.2 LU  FTPK:  -inf  -inf dBFS  TPK: -13.8 -13.8 dBFS
[Parsed_ebur128_0 @ 0x148e05970] t: 410.299979 TARGET:-23 LUFS    M:   nan S:   nan     I: -32.6 LUFS       LRA:   9.2 LU  FTPK:  -inf  -inf dBFS  TPK: -13.8 -13.8 dBFS
[Parsed_ebur128_0 @ 0x148e05970] t: 410.399979 TARGET:-23 LUFS    M:   nan S:   nan     I: -32.6 LUFS       LRA:   9.2 LU  FTPK:  -inf  -inf dBFS  TPK: -13.8 -13.8 dBFS
[Parsed_ebur128_0 @ 0x148e05970] t: 410.499979 TARGET:-23 LUFS    M:   nan S:   nan     I: -32.6 LUFS       LRA:   9.2 LU  FTPK:  -inf  -inf dBFS  TPK: -13.8 -13.8 dBFS
[Parsed_ebur128_0 @ 0x148e05970] t: 410.599979 TARGET:-23 LUFS    M:   nan S:   nan     I: -32.6 LUFS       LRA:   9.2 LU  FTPK:  -inf  -inf dBFS  TPK: -13.8 -13.8 dBFS
[Parsed_ebur128_0 @ 0x148e05970] t: 410.699979 TARGET:-23 LUFS    M:   nan S:   nan     I: -32.6 LUFS       LRA:   9.2 LU  FTPK:  -inf  -inf dBFS  TPK: -13.8 -13.8 dBFS
[Parsed_ebur128_0 @ 0x148e05970] t: 410.799979 TARGET:-23 LUFS    M:   nan S:   nan     I: -32.6 LUFS       LRA:   9.2 LU  FTPK:  -inf  -inf dBFS  TPK: -13.8 -13.8 dBFS
[Parsed_ebur128_0 @ 0x148e05970] t: 410.899979 TARGET:-23 LUFS    M:   nan S:   nan     I: -32.6 LUFS       LRA:   9.2 LU  FTPK:  -inf  -inf dBFS  TPK: -13.8 -13.8 dBFS
[Parsed_ebur128_0 @ 0x148e05970] t: 410.999979 TARGET:-23 LUFS    M:   nan S:   nan     I: -32.6 LUFS       LRA:   9.2 LU  FTPK:  -inf  -inf dBFS  TPK: -13.8 -13.8 dBFS
[Parsed_ebur128_0 @ 0x148e05970] t: 411.099979 TARGET:-23 LUFS    M:   nan S:   nan     I: -32.6 LUFS       LRA:   9.2 LU  FTPK:  -inf  -inf dBFS  TPK: -13.8 -13.8 dBFS
[Parsed_ebur128_0 @ 0x148e05970] t: 411.199979 TARGET:-23 LUFS    M:   nan S:   nan     I: -32.6 LUFS       LRA:   9.2 LU  FTPK:  -inf  -inf dBFS  TPK: -13.8 -13.8 dBFS
[Parsed_ebur128_0 @ 0x148e05970] t: 411.299979 TARGET:-23 LUFS    M:   nan S:   nan     I: -32.6 LUFS       LRA:   9.2 LU  FTPK:  -inf  -inf dBFS  TPK: -13.8 -13.8 dBFS
[Parsed_ebur128_0 @ 0x148e05970] t: 411.399979 TARGET:-23 LUFS    M:   nan S:   nan     I: -32.6 LUFS       LRA:   9.2 LU  FTPK:  -inf  -inf dBFS  TPK: -13.8 -13.8 dBFS
[Parsed_ebur128_0 @ 0x148e05970] t: 411.499979 TARGET:-23 LUFS    M:   nan S:   nan     I: -32.6 LUFS       LRA:   9.2 LU  FTPK:  -inf  -inf dBFS  TPK: -13.8 -13.8 dBFS
[Parsed_ebur128_0 @ 0x148e05970] t: 411.599979 TARGET:-23 LUFS    M:   nan S:   nan     I: -32.6 LUFS       LRA:   9.2 LU  FTPK:  -inf  -inf dBFS  TPK: -13.8 -13.8 dBFS
[Parsed_ebur128_0 @ 0x148e05970] t: 411.699979 TARGET:-23 LUFS    M:   nan S:   nan     I: -32.6 LUFS       LRA:   9.2 LU  FTPK:  -inf  -inf dBFS  TPK: -13.8 -13.8 dBFS
[Parsed_ebur128_0 @ 0x148e05970] t: 411.799979 TARGET:-23 LUFS    M:   nan S:   nan     I: -32.6 LUFS       LRA:   9.2 LU  FTPK:  -inf  -inf dBFS  TPK: -13.8 -13.8 dBFS
[Parsed_ebur128_0 @ 0x148e05970] t: 411.899979 TARGET:-23 LUFS    M:   nan S:   nan     I: -32.6 LUFS       LRA:   9.2 LU  FTPK:  -inf  -inf dBFS  TPK: -13.8 -13.8 dBFS
[Parsed_ebur128_0 @ 0x148e05970] t: 411.999979 TARGET:-23 LUFS    M:   nan S:   nan     I: -32.6 LUFS       LRA:   9.2 LU  FTPK:  -inf  -inf dBFS  TPK: -13.8 -13.8 dBFS
[Parsed_ebur128_0 @ 0x148e05970] t: 412.099979 TARGET:-23 LUFS    M:   nan S:   nan     I: -32.6 LUFS       LRA:   9.2 LU  FTPK:  -inf  -inf dBFS  TPK: -13.8 -13.8 dBFS
[Parsed_ebur128_0 @ 0x148e05970] t: 412.199979 TARGET:-23 LUFS    M:   nan S:   nan     I: -32.6 LUFS       LRA:   9.2 LU  FTPK:  -inf  -inf dBFS  TPK: -13.8 -13.8 dBFS
[Parsed_ebur128_0 @ 0x148e05970] t: 412.299979 TARGET:-23 LUFS    M:   nan S:   nan     I: -32.6 LUFS       LRA:   9.2 LU  FTPK:  -inf  -inf dBFS  TPK: -13.8 -13.8 dBFS
[Parsed_ebur128_0 @ 0x148e05970] t: 412.399979 TARGET:-23 LUFS    M:   nan S:   nan     I: -32.6 LUFS       LRA:   9.2 LU  FTPK:  -inf  -inf dBFS  TPK: -13.8 -13.8 dBFS
[Parsed_ebur128_0 @ 0x148e05970] t: 412.499979 TARGET:-23 LUFS    M:   nan S:   nan     I: -32.6 LUFS       LRA:   9.2 LU  FTPK:  -inf  -inf dBFS  TPK: -13.8 -13.8 dBFS
[Parsed_ebur128_0 @ 0x148e05970] t: 412.599979 TARGET:-23 LUFS    M:   nan S:   nan     I: -32.6 LUFS       LRA:   9.2 LU  FTPK:  -inf  -inf dBFS  TPK: -13.8 -13.8 dBFS
[Parsed_ebur128_0 @ 0x148e05970] t: 412.699979 TARGET:-23 LUFS    M:   nan S:   nan     I: -32.6 LUFS       LRA:   9.2 LU  FTPK:  -inf  -inf dBFS  TPK: -13.8 -13.8 dBFS
[Parsed_ebur128_0 @ 0x148e05970] t: 412.799979 TARGET:-23 LUFS    M:   nan S:   nan     I: -32.6 LUFS       LRA:   9.2 LU  FTPK:  -inf  -inf dBFS  TPK: -13.8 -13.8 dBFS
[Parsed_ebur128_0 @ 0x148e05970] t: 412.899979 TARGET:-23 LUFS    M:   nan S:   nan     I: -32.6 LUFS       LRA:   9.2 LU  FTPK:  -inf  -inf dBFS  TPK: -13.8 -13.8 dBFS
[Parsed_ebur128_0 @ 0x148e05970] t: 412.999979 TARGET:-23 LUFS    M:   nan S:   nan     I: -32.6 LUFS       LRA:   9.2 LU  FTPK:  -inf  -inf dBFS  TPK: -13.8 -13.8 dBFS
[Parsed_ebur128_0 @ 0x148e05970] t: 413.099979 TARGET:-23 LUFS    M:   nan S:   nan     I: -32.6 LUFS       LRA:   9.2 LU  FTPK:  -inf  -inf dBFS  TPK: -13.8 -13.8 dBFS
[Parsed_ebur128_0 @ 0x148e05970] t: 413.199979 TARGET:-23 LUFS    M:   nan S:   nan     I: -32.6 LUFS       LRA:   9.2 LU  FTPK:  -inf  -inf dBFS  TPK: -13.8 -13.8 dBFS
[Parsed_ebur128_0 @ 0x148e05970] t: 413.299979 TARGET:-23 LUFS    M:   nan S:   nan     I: -32.6 LUFS       LRA:   9.2 LU  FTPK:  -inf  -inf dBFS  TPK: -13.8 -13.8 dBFS
[Parsed_ebur128_0 @ 0x148e05970] t: 413.399979 TARGET:-23 LUFS    M:   nan S:   nan     I: -32.6 LUFS       LRA:   9.2 LU  FTPK:  -inf  -inf dBFS  TPK: -13.8 -13.8 dBFS
[Parsed_ebur128_0 @ 0x148e05970] t: 413.499979 TARGET:-23 LUFS    M: -34.7 S: -43.5     I: -32.6 LUFS       LRA:   9.2 LU  FTPK: -17.3 -18.3 dBFS  TPK: -13.8 -13.8 dBFS
[Parsed_ebur128_0 @ 0x148e05970] t: 413.599979 TARGET:-23 LUFS    M: -30.8 S: -39.6     I: -32.6 LUFS       LRA:   9.2 LU  FTPK: -18.1 -19.1 dBFS  TPK: -13.8 -13.8 dBFS
[Parsed_ebur128_0 @ 0x148e05970] t: 413.699979 TARGET:-23 LUFS    M: -28.6 S: -37.4     I: -32.6 LUFS       LRA:   9.2 LU  FTPK: -19.3 -20.3 dBFS  TPK: -13.8 -13.8 dBFS
[Parsed_ebur128_0 @ 0x148e05970] t: 413.799979 TARGET:-23 LUFS    M: -28.5 S: -37.3     I: -32.6 LUFS       LRA:   9.2 LU  FTPK: -23.5 -24.4 dBFS  TPK: -13.8 -13.8 dBFS
[Parsed_ebur128_0 @ 0x148e05970] t: 413.899979 TARGET:-23 LUFS    M: -29.7 S: -37.3     I: -32.6 LUFS       LRA:   9.2 LU  FTPK:  -inf  -inf dBFS  TPK: -13.8 -13.8 dBFS
[Parsed_ebur128_0 @ 0x148e05970] t: 413.999979 TARGET:-23 LUFS    M: -32.4 S: -37.3     I: -32.6 LUFS       LRA:   9.2 LU  FTPK:  -inf  -inf dBFS  TPK: -13.8 -13.8 dBFS
[Parsed_ebur128_0 @ 0x148e05970] t: 414.099979 TARGET:-23 LUFS    M: -43.8 S: -37.3     I: -32.6 LUFS       LRA:   9.2 LU  FTPK:  -inf  -inf dBFS  TPK: -13.8 -13.8 dBFS
[Parsed_ebur128_0 @ 0x148e05970] t: 414.199979 TARGET:-23 LUFS    M:   nan S: -37.3     I: -32.6 LUFS       LRA:   9.2 LU  FTPK:  -inf  -inf dBFS  TPK: -13.8 -13.8 dBFS
[Parsed_ebur128_0 @ 0x148e05970] t: 414.299979 TARGET:-23 LUFS    M:   nan S: -37.3     I: -32.6 LUFS       LRA:   9.2 LU  FTPK:  -inf  -inf dBFS  TPK: -13.8 -13.8 dBFS
[Parsed_ebur128_0 @ 0x148e05970] t: 414.399979 TARGET:-23 LUFS    M:   nan S: -37.3     I: -32.6 LUFS       LRA:   9.2 LU  FTPK:  -inf  -inf dBFS  TPK: -13.8 -13.8 dBFS
[Parsed_ebur128_0 @ 0x148e05970] t: 414.499979 TARGET:-23 LUFS    M:   nan S: -37.3     I: -32.6 LUFS       LRA:   9.2 LU  FTPK:  -inf  -inf dBFS  TPK: -13.8 -13.8 dBFS
[Parsed_ebur128_0 @ 0x148e05970] t: 414.599979 TARGET:-23 LUFS    M:   nan S: -37.3     I: -32.6 LUFS       LRA:   9.2 LU  FTPK:  -inf  -inf dBFS  TPK: -13.8 -13.8 dBFS
[Parsed_ebur128_0 @ 0x148e05970] t: 414.699979 TARGET:-23 LUFS    M:   nan S: -37.3     I: -32.6 LUFS       LRA:   9.2 LU  FTPK:  -inf  -inf dBFS  TPK: -13.8 -13.8 dBFS
[Parsed_ebur128_0 @ 0x148e05970] t: 414.799979 TARGET:-23 LUFS    M:   nan S: -37.3     I: -32.6 LUFS       LRA:   9.2 LU  FTPK:  -inf  -inf dBFS  TPK: -13.8 -13.8 dBFS
[Parsed_ebur128_0 @ 0x148e05970] t: 414.899979 TARGET:-23 LUFS    M:   nan S: -37.3     I: -32.6 LUFS       LRA:   9.2 LU  FTPK:  -inf  -inf dBFS  TPK: -13.8 -13.8 dBFS
[Parsed_ebur128_0 @ 0x148e05970] t: 414.999979 TARGET:-23 LUFS    M:   nan S: -37.3     I: -32.6 LUFS       LRA:   9.2 LU  FTPK:  -inf  -inf dBFS  TPK: -13.8 -13.8 dBFS
[Parsed_ebur128_0 @ 0x148e05970] t: 415.099979 TARGET:-23 LUFS    M:   nan S: -37.3     I: -32.6 LUFS       LRA:   9.2 LU  FTPK:  -inf  -inf dBFS  TPK: -13.8 -13.8 dBFS
[Parsed_ebur128_0 @ 0x148e05970] t: 415.199979 TARGET:-23 LUFS    M:   nan S: -37.3     I: -32.6 LUFS       LRA:   9.2 LU  FTPK:  -inf  -inf dBFS  TPK: -13.8 -13.8 dBFS
[Parsed_ebur128_0 @ 0x148e05970] t: 415.299979 TARGET:-23 LUFS    M:   nan S: -37.3     I: -32.6 LUFS       LRA:   9.2 LU  FTPK:  -inf  -inf dBFS  TPK: -13.8 -13.8 dBFS
[Parsed_ebur128_0 @ 0x148e05970] t: 415.399979 TARGET:-23 LUFS    M: -34.5 S: -36.3     I: -32.6 LUFS       LRA:   9.2 LU  FTPK: -15.2 -16.3 dBFS  TPK: -13.8 -13.8 dBFS
[Parsed_ebur128_0 @ 0x148e05970] t: 415.499979 TARGET:-23 LUFS    M: -34.0 S: -36.2     I: -32.6 LUFS       LRA:   9.2 LU  FTPK: -25.4 -26.4 dBFS  TPK: -13.8 -13.8 dBFS
[Parsed_ebur128_0 @ 0x148e05970] t: 415.599979 TARGET:-23 LUFS    M: -34.0 S: -36.2     I: -32.6 LUFS       LRA:   9.2 LU  FTPK:  -inf  -inf dBFS  TPK: -13.8 -13.8 dBFS
[Parsed_ebur128_0 @ 0x148e05970] t: 415.699979 TARGET:-23 LUFS    M: -34.0 S: -36.2     I: -32.6 LUFS       LRA:   9.2 LU  FTPK:  -inf  -inf dBFS  TPK: -13.8 -13.8 dBFS
[Parsed_ebur128_0 @ 0x148e05970] t: 415.799979 TARGET:-23 LUFS    M: -43.7 S: -36.2     I: -32.6 LUFS       LRA:   9.2 LU  FTPK:  -inf  -inf dBFS  TPK: -13.8 -13.8 dBFS
[Parsed_ebur128_0 @ 0x148e05970] t: 415.899979 TARGET:-23 LUFS    M:   nan S: -36.2     I: -32.6 LUFS       LRA:   9.2 LU  FTPK:  -inf  -inf dBFS  TPK: -13.8 -13.8 dBFS
[Parsed_ebur128_0 @ 0x148e05970] t: 415.999979 TARGET:-23 LUFS    M:   nan S: -36.2     I: -32.6 LUFS       LRA:   9.2 LU  FTPK:  -inf  -inf dBFS  TPK: -13.8 -13.8 dBFS
[Parsed_ebur128_0 @ 0x148e05970] t: 416.099979 TARGET:-23 LUFS    M:   nan S: -36.2     I: -32.6 LUFS       LRA:   9.2 LU  FTPK:  -inf  -inf dBFS  TPK: -13.8 -13.8 dBFS
[Parsed_ebur128_0 @ 0x148e05970] t: 416.199979 TARGET:-23 LUFS    M:   nan S: -36.2     I: -32.6 LUFS       LRA:   9.2 LU  FTPK:  -inf  -inf dBFS  TPK: -13.8 -13.8 dBFS
[Parsed_ebur128_0 @ 0x148e05970] t: 416.299979 TARGET:-23 LUFS    M:   nan S: -36.2     I: -32.6 LUFS       LRA:   9.2 LU  FTPK:  -inf  -inf dBFS  TPK: -13.8 -13.8 dBFS
[Parsed_ebur128_0 @ 0x148e05970] t: 416.399979 TARGET:-23 LUFS    M:   nan S: -36.2     I: -32.6 LUFS       LRA:   9.2 LU  FTPK:  -inf  -inf dBFS  TPK: -13.8 -13.8 dBFS
[Parsed_ebur128_0 @ 0x148e05970] t: 416.499979 TARGET:-23 LUFS    M:   nan S: -37.1     I: -32.6 LUFS       LRA:   9.2 LU  FTPK:  -inf  -inf dBFS  TPK: -13.8 -13.8 dBFS
[Parsed_ebur128_0 @ 0x148e05970] t: 416.599979 TARGET:-23 LUFS    M:   nan S: -38.8     I: -32.6 LUFS       LRA:   9.2 LU  FTPK:  -inf  -inf dBFS  TPK: -13.8 -13.8 dBFS
[Parsed_ebur128_0 @ 0x148e05970] t: 416.699979 TARGET:-23 LUFS    M:   nan S: -42.3     I: -32.6 LUFS       LRA:   9.2 LU  FTPK:  -inf  -inf dBFS  TPK: -13.8 -13.8 dBFS
[Parsed_ebur128_0 @ 0x148e05970] t: 416.799979 TARGET:-23 LUFS    M:   nan S: -42.7     I: -32.6 LUFS       LRA:   9.2 LU  FTPK:  -inf  -inf dBFS  TPK: -13.8 -13.8 dBFS
[Parsed_ebur128_0 @ 0x148e05970] t: 416.899979 TARGET:-23 LUFS    M:   nan S: -42.7     I: -32.6 LUFS       LRA:   9.2 LU  FTPK:  -inf  -inf dBFS  TPK: -13.8 -13.8 dBFS
[Parsed_ebur128_0 @ 0x148e05970] t: 416.999979 TARGET:-23 LUFS    M:   nan S: -42.7     I: -32.6 LUFS       LRA:   9.2 LU  FTPK:  -inf  -inf dBFS  TPK: -13.8 -13.8 dBFS
[Parsed_ebur128_0 @ 0x148e05970] t: 417.099979 TARGET:-23 LUFS    M:   nan S: -42.7     I: -32.6 LUFS       LRA:   9.2 LU  FTPK:  -inf  -inf dBFS  TPK: -13.8 -13.8 dBFS
[Parsed_ebur128_0 @ 0x148e05970] t: 417.199979 TARGET:-23 LUFS    M:   nan S: -42.7     I: -32.6 LUFS       LRA:   9.2 LU  FTPK:  -inf  -inf dBFS  TPK: -13.8 -13.8 dBFS
[Parsed_ebur128_0 @ 0x148e05970] t: 417.299979 TARGET:-23 LUFS    M: -35.1 S: -40.3     I: -32.6 LUFS       LRA:   9.2 LU  FTPK: -16.4 -17.4 dBFS  TPK: -13.8 -13.8 dBFS
[Parsed_ebur128_0 @ 0x148e05970] t: 417.399979 TARGET:-23 LUFS    M: -34.1 S: -39.8     I: -32.6 LUFS       LRA:   9.2 LU  FTPK: -23.1 -24.1 dBFS  TPK: -13.8 -13.8 dBFS
[Parsed_ebur128_0 @ 0x148e05970] t: 417.499979 TARGET:-23 LUFS    M: -34.1 S: -39.8     I: -32.6 LUFS       LRA:   9.2 LU  FTPK: -46.4 -47.4 dBFS  TPK: -13.8 -13.8 dBFS
[Parsed_ebur128_0 @ 0x148e05970] t: 417.599979 TARGET:-23 LUFS    M: -34.1 S: -39.8     I: -32.6 LUFS       LRA:   9.2 LU  FTPK: -119.1 -121.2 dBFS  TPK: -13.8 -13.8 dBFS
[Parsed_ebur128_0 @ 0x148e05970] t: 417.699979 TARGET:-23 LUFS    M: -32.4 S: -37.6     I: -32.6 LUFS       LRA:   9.2 LU  FTPK: -17.3 -18.3 dBFS  TPK: -13.8 -13.8 dBFS
[Parsed_ebur128_0 @ 0x148e05970] t: 417.799979 TARGET:-23 LUFS    M: -30.3 S: -36.4     I: -32.6 LUFS       LRA:   9.2 LU  FTPK: -18.1 -19.1 dBFS  TPK: -13.8 -13.8 dBFS
[Parsed_ebur128_0 @ 0x148e05970] t: 417.899979 TARGET:-23 LUFS    M: -28.5 S: -35.3     I: -32.6 LUFS       LRA:   9.2 LU  FTPK: -19.3 -20.3 dBFS  TPK: -13.8 -13.8 dBFS
[Parsed_ebur128_0 @ 0x148e05970] t: 417.999979 TARGET:-23 LUFS    M: -28.5 S: -35.3     I: -32.5 LUFS       LRA:   9.2 LU  FTPK: -42.9 -44.7 dBFS  TPK: -13.8 -13.8 dBFS
[Parsed_ebur128_0 @ 0x148e05970] t: 418.099979 TARGET:-23 LUFS    M: -30.4 S: -35.3     I: -32.5 LUFS       LRA:   9.2 LU  FTPK:  -inf  -inf dBFS  TPK: -13.8 -13.8 dBFS
[Parsed_ebur128_0 @ 0x148e05970] t: 418.199979 TARGET:-23 LUFS    M: -33.3 S: -35.3     I: -32.5 LUFS       LRA:   9.2 LU  FTPK:  -inf  -inf dBFS  TPK: -13.8 -13.8 dBFS
[Parsed_ebur128_0 @ 0x148e05970] t: 418.299979 TARGET:-23 LUFS    M: -68.3 S: -35.3     I: -32.5 LUFS       LRA:   9.2 LU  FTPK:  -inf  -inf dBFS  TPK: -13.8 -13.8 dBFS
[Parsed_ebur128_0 @ 0x148e05970] t: 418.399979 TARGET:-23 LUFS    M:   nan S: -36.1     I: -32.5 LUFS       LRA:   9.2 LU  FTPK:  -inf  -inf dBFS  TPK: -13.8 -13.8 dBFS
[Parsed_ebur128_0 @ 0x148e05970] t: 418.499979 TARGET:-23 LUFS    M:   nan S: -36.2     I: -32.5 LUFS       LRA:   9.2 LU  FTPK:  -inf  -inf dBFS  TPK: -13.8 -13.8 dBFS
[Parsed_ebur128_0 @ 0x148e05970] t: 418.599979 TARGET:-23 LUFS    M:   nan S: -36.2     I: -32.5 LUFS       LRA:   9.2 LU  FTPK:  -inf  -inf dBFS  TPK: -13.8 -13.8 dBFS
[Parsed_ebur128_0 @ 0x148e05970] t: 418.699979 TARGET:-23 LUFS    M:   nan S: -36.2     I: -32.5 LUFS       LRA:   9.2 LU  FTPK:  -inf  -inf dBFS  TPK: -13.8 -13.8 dBFS
[Parsed_ebur128_0 @ 0x148e05970] t: 418.799979 TARGET:-23 LUFS    M:   nan S: -36.2     I: -32.5 LUFS       LRA:   9.2 LU  FTPK:  -inf  -inf dBFS  TPK: -13.8 -13.8 dBFS
[Parsed_ebur128_0 @ 0x148e05970] t: 418.899979 TARGET:-23 LUFS    M:   nan S: -36.2     I: -32.5 LUFS       LRA:   9.2 LU  FTPK:  -inf  -inf dBFS  TPK: -13.8 -13.8 dBFS
[Parsed_ebur128_0 @ 0x148e05970] t: 418.999979 TARGET:-23 LUFS    M:   nan S: -36.2     I: -32.5 LUFS       LRA:   9.2 LU  FTPK:  -inf  -inf dBFS  TPK: -13.8 -13.8 dBFS
[Parsed_ebur128_0 @ 0x148e05970] t: 419.099979 TARGET:-23 LUFS    M:   nan S: -36.2     I: -32.5 LUFS       LRA:   9.2 LU  FTPK:  -inf  -inf dBFS  TPK: -13.8 -13.8 dBFS
[Parsed_ebur128_0 @ 0x148e05970] t: 419.199979 TARGET:-23 LUFS    M:   nan S: -36.2     I: -32.5 LUFS       LRA:   9.2 LU  FTPK:  -inf  -inf dBFS  TPK: -13.8 -13.8 dBFS
[Parsed_ebur128_0 @ 0x148e05970] t: 419.299979 TARGET:-23 LUFS    M:   nan S: -36.2     I: -32.5 LUFS       LRA:   9.2 LU  FTPK:  -inf  -inf dBFS  TPK: -13.8 -13.8 dBFS
[Parsed_ebur128_0 @ 0x148e05970] t: 419.399979 TARGET:-23 LUFS    M:   nan S: -36.2     I: -32.5 LUFS       LRA:   9.2 LU  FTPK:  -inf  -inf dBFS  TPK: -13.8 -13.8 dBFS
[Parsed_ebur128_0 @ 0x148e05970] t: 419.499979 TARGET:-23 LUFS    M:   nan S: -36.2     I: -32.5 LUFS       LRA:   9.2 LU  FTPK:  -inf  -inf dBFS  TPK: -13.8 -13.8 dBFS
[Parsed_ebur128_0 @ 0x148e05970] t: 419.599979 TARGET:-23 LUFS    M:   nan S: -36.2     I: -32.5 LUFS       LRA:   9.2 LU  FTPK:  -inf  -inf dBFS  TPK: -13.8 -13.8 dBFS
[Parsed_ebur128_0 @ 0x148e05970] t: 419.699979 TARGET:-23 LUFS    M:   nan S: -36.2     I: -32.5 LUFS       LRA:   9.2 LU  FTPK:  -inf  -inf dBFS  TPK: -13.8 -13.8 dBFS
[Parsed_ebur128_0 @ 0x148e05970] t: 419.799979 TARGET:-23 LUFS    M:   nan S: -36.2     I: -32.5 LUFS       LRA:   9.2 LU  FTPK:  -inf  -inf dBFS  TPK: -13.8 -13.8 dBFS
[Parsed_ebur128_0 @ 0x148e05970] t: 419.899979 TARGET:-23 LUFS    M:   nan S: -36.2     I: -32.5 LUFS       LRA:   9.2 LU  FTPK:  -inf  -inf dBFS  TPK: -13.8 -13.8 dBFS
[Parsed_ebur128_0 @ 0x148e05970] t: 419.999979 TARGET:-23 LUFS    M:   nan S: -36.2     I: -32.5 LUFS       LRA:   9.2 LU  FTPK:  -inf  -inf dBFS  TPK: -13.8 -13.8 dBFS
[Parsed_ebur128_0 @ 0x148e05970] t: 420.099979 TARGET:-23 LUFS    M:   nan S: -36.2     I: -32.5 LUFS       LRA:   9.2 LU  FTPK:  -inf  -inf dBFS  TPK: -13.8 -13.8 dBFS
[Parsed_ebur128_0 @ 0x148e05970] t: 420.199979 TARGET:-23 LUFS    M:   nan S: -36.2     I: -32.5 LUFS       LRA:   9.2 LU  FTPK:  -inf  -inf dBFS  TPK: -13.8 -13.8 dBFS
[Parsed_ebur128_0 @ 0x148e05970] t: 420.299979 TARGET:-23 LUFS    M:   nan S: -37.0     I: -32.5 LUFS       LRA:   9.2 LU  FTPK:  -inf  -inf dBFS  TPK: -13.8 -13.8 dBFS
size=N/A time=00:07:00.30 bitrate=N/A speed= 276x elapsed=0:00:01.52    
[Parsed_ebur128_0 @ 0x148e05970] t: 420.399979 TARGET:-23 LUFS    M:   nan S: -37.3     I: -32.5 LUFS       LRA:   9.2 LU  FTPK:  -inf  -inf dBFS  TPK: -13.8 -13.8 dBFS
[Parsed_ebur128_0 @ 0x148e05970] t: 420.499979 TARGET:-23 LUFS    M:   nan S: -37.3     I: -32.5 LUFS       LRA:   9.2 LU  FTPK:  -inf  -inf dBFS  TPK: -13.8 -13.8 dBFS
[Parsed_ebur128_0 @ 0x148e05970] t: 420.599979 TARGET:-23 LUFS    M:   nan S: -37.3     I: -32.5 LUFS       LRA:   9.2 LU  FTPK:  -inf  -inf dBFS  TPK: -13.8 -13.8 dBFS
[Parsed_ebur128_0 @ 0x148e05970] t: 420.699979 TARGET:-23 LUFS    M:   nan S: -39.2     I: -32.5 LUFS       LRA:   9.2 LU  FTPK:  -inf  -inf dBFS  TPK: -13.8 -13.8 dBFS
[Parsed_ebur128_0 @ 0x148e05970] t: 420.799979 TARGET:-23 LUFS    M:   nan S: -42.1     I: -32.5 LUFS       LRA:   9.2 LU  FTPK:  -inf  -inf dBFS  TPK: -13.8 -13.8 dBFS
[Parsed_ebur128_0 @ 0x148e05970] t: 420.899979 TARGET:-23 LUFS    M:   nan S: -77.0     I: -32.5 LUFS       LRA:   9.2 LU  FTPK:  -inf  -inf dBFS  TPK: -13.8 -13.8 dBFS
[Parsed_ebur128_0 @ 0x148e05970] t: 420.999979 TARGET:-23 LUFS    M:   nan S:   nan     I: -32.5 LUFS       LRA:   9.2 LU  FTPK:  -inf  -inf dBFS  TPK: -13.8 -13.8 dBFS
[Parsed_ebur128_0 @ 0x148e05970] t: 421.099979 TARGET:-23 LUFS    M:   nan S:   nan     I: -32.5 LUFS       LRA:   9.2 LU  FTPK:  -inf  -inf dBFS  TPK: -13.8 -13.8 dBFS
[Parsed_ebur128_0 @ 0x148e05970] t: 421.199979 TARGET:-23 LUFS    M:   nan S:   nan     I: -32.5 LUFS       LRA:   9.2 LU  FTPK:  -inf  -inf dBFS  TPK: -13.8 -13.8 dBFS
[Parsed_ebur128_0 @ 0x148e05970] t: 421.299979 TARGET:-23 LUFS    M:   nan S:   nan     I: -32.5 LUFS       LRA:   9.2 LU  FTPK:  -inf  -inf dBFS  TPK: -13.8 -13.8 dBFS
[Parsed_ebur128_0 @ 0x148e05970] t: 421.399979 TARGET:-23 LUFS    M:   nan S:   nan     I: -32.5 LUFS       LRA:   9.2 LU  FTPK:  -inf  -inf dBFS  TPK: -13.8 -13.8 dBFS
[Parsed_ebur128_0 @ 0x148e05970] t: 421.499979 TARGET:-23 LUFS    M:   nan S:   nan     I: -32.5 LUFS       LRA:   9.2 LU  FTPK:  -inf  -inf dBFS  TPK: -13.8 -13.8 dBFS
[Parsed_ebur128_0 @ 0x148e05970] t: 421.599979 TARGET:-23 LUFS    M:   nan S:   nan     I: -32.5 LUFS       LRA:   9.2 LU  FTPK:  -inf  -inf dBFS  TPK: -13.8 -13.8 dBFS
[Parsed_ebur128_0 @ 0x148e05970] t: 421.699979 TARGET:-23 LUFS    M:   nan S:   nan     I: -32.5 LUFS       LRA:   9.2 LU  FTPK:  -inf  -inf dBFS  TPK: -13.8 -13.8 dBFS
[Parsed_ebur128_0 @ 0x148e05970] t: 421.799979 TARGET:-23 LUFS    M:   nan S:   nan     I: -32.5 LUFS       LRA:   9.2 LU  FTPK:  -inf  -inf dBFS  TPK: -13.8 -13.8 dBFS
[Parsed_ebur128_0 @ 0x148e05970] t: 421.899979 TARGET:-23 LUFS    M:   nan S:   nan     I: -32.5 LUFS       LRA:   9.2 LU  FTPK:  -inf  -inf dBFS  TPK: -13.8 -13.8 dBFS
[Parsed_ebur128_0 @ 0x148e05970] t: 421.999979 TARGET:-23 LUFS    M:   nan S:   nan     I: -32.5 LUFS       LRA:   9.2 LU  FTPK:  -inf  -inf dBFS  TPK: -13.8 -13.8 dBFS
[Parsed_ebur128_0 @ 0x148e05970] t: 422.099979 TARGET:-23 LUFS    M:   nan S:   nan     I: -32.5 LUFS       LRA:   9.2 LU  FTPK:  -inf  -inf dBFS  TPK: -13.8 -13.8 dBFS
[Parsed_ebur128_0 @ 0x148e05970] t: 422.199979 TARGET:-23 LUFS    M:   nan S:   nan     I: -32.5 LUFS       LRA:   9.2 LU  FTPK:  -inf  -inf dBFS  TPK: -13.8 -13.8 dBFS
[Parsed_ebur128_0 @ 0x148e05970] t: 422.299979 TARGET:-23 LUFS    M:   nan S:   nan     I: -32.5 LUFS       LRA:   9.2 LU  FTPK:  -inf  -inf dBFS  TPK: -13.8 -13.8 dBFS
[Parsed_ebur128_0 @ 0x148e05970] t: 422.399979 TARGET:-23 LUFS    M:   nan S:   nan     I: -32.5 LUFS       LRA:   9.2 LU  FTPK:  -inf  -inf dBFS  TPK: -13.8 -13.8 dBFS
[Parsed_ebur128_0 @ 0x148e05970] t: 422.499979 TARGET:-23 LUFS    M:   nan S:   nan     I: -32.5 LUFS       LRA:   9.2 LU  FTPK:  -inf  -inf dBFS  TPK: -13.8 -13.8 dBFS
[Parsed_ebur128_0 @ 0x148e05970] t: 422.599979 TARGET:-23 LUFS    M:   nan S:   nan     I: -32.5 LUFS       LRA:   9.2 LU  FTPK:  -inf  -inf dBFS  TPK: -13.8 -13.8 dBFS
[Parsed_ebur128_0 @ 0x148e05970] t: 422.699979 TARGET:-23 LUFS    M:   nan S:   nan     I: -32.5 LUFS       LRA:   9.2 LU  FTPK:  -inf  -inf dBFS  TPK: -13.8 -13.8 dBFS
[Parsed_ebur128_0 @ 0x148e05970] t: 422.799979 TARGET:-23 LUFS    M:   nan S:   nan     I: -32.5 LUFS       LRA:   9.2 LU  FTPK:  -inf  -inf dBFS  TPK: -13.8 -13.8 dBFS
[Parsed_ebur128_0 @ 0x148e05970] t: 422.899979 TARGET:-23 LUFS    M:   nan S:   nan     I: -32.5 LUFS       LRA:   9.2 LU  FTPK:  -inf  -inf dBFS  TPK: -13.8 -13.8 dBFS
[Parsed_ebur128_0 @ 0x148e05970] t: 422.999979 TARGET:-23 LUFS    M:   nan S:   nan     I: -32.5 LUFS       LRA:   9.2 LU  FTPK:  -inf  -inf dBFS  TPK: -13.8 -13.8 dBFS
[Parsed_ebur128_0 @ 0x148e05970] t: 423.099979 TARGET:-23 LUFS    M:   nan S:   nan     I: -32.5 LUFS       LRA:   9.2 LU  FTPK:  -inf  -inf dBFS  TPK: -13.8 -13.8 dBFS
[Parsed_ebur128_0 @ 0x148e05970] t: 423.199979 TARGET:-23 LUFS    M:   nan S:   nan     I: -32.5 LUFS       LRA:   9.2 LU  FTPK:  -inf  -inf dBFS  TPK: -13.8 -13.8 dBFS
[Parsed_ebur128_0 @ 0x148e05970] t: 423.299979 TARGET:-23 LUFS    M:   nan S:   nan     I: -32.5 LUFS       LRA:   9.2 LU  FTPK:  -inf  -inf dBFS  TPK: -13.8 -13.8 dBFS
[Parsed_ebur128_0 @ 0x148e05970] t: 423.399979 TARGET:-23 LUFS    M:   nan S:   nan     I: -32.5 LUFS       LRA:   9.2 LU  FTPK:  -inf  -inf dBFS  TPK: -13.8 -13.8 dBFS
[Parsed_ebur128_0 @ 0x148e05970] t: 423.499979 TARGET:-23 LUFS    M:   nan S:   nan     I: -32.5 LUFS       LRA:   9.2 LU  FTPK:  -inf  -inf dBFS  TPK: -13.8 -13.8 dBFS
[Parsed_ebur128_0 @ 0x148e05970] t: 423.599979 TARGET:-23 LUFS    M:   nan S:   nan     I: -32.5 LUFS       LRA:   9.2 LU  FTPK:  -inf  -inf dBFS  TPK: -13.8 -13.8 dBFS
[Parsed_ebur128_0 @ 0x148e05970] t: 423.699979 TARGET:-23 LUFS    M:   nan S:   nan     I: -32.5 LUFS       LRA:   9.2 LU  FTPK:  -inf  -inf dBFS  TPK: -13.8 -13.8 dBFS
[Parsed_ebur128_0 @ 0x148e05970] t: 423.799979 TARGET:-23 LUFS    M:   nan S:   nan     I: -32.5 LUFS       LRA:   9.2 LU  FTPK:  -inf  -inf dBFS  TPK: -13.8 -13.8 dBFS
[Parsed_ebur128_0 @ 0x148e05970] t: 423.899979 TARGET:-23 LUFS    M:   nan S:   nan     I: -32.5 LUFS       LRA:   9.2 LU  FTPK:  -inf  -inf dBFS  TPK: -13.8 -13.8 dBFS
[Parsed_ebur128_0 @ 0x148e05970] t: 423.999979 TARGET:-23 LUFS    M:   nan S:   nan     I: -32.5 LUFS       LRA:   9.2 LU  FTPK:  -inf  -inf dBFS  TPK: -13.8 -13.8 dBFS
[Parsed_ebur128_0 @ 0x148e05970] t: 424.099979 TARGET:-23 LUFS    M:   nan S:   nan     I: -32.5 LUFS       LRA:   9.2 LU  FTPK:  -inf  -inf dBFS  TPK: -13.8 -13.8 dBFS
[Parsed_ebur128_0 @ 0x148e05970] t: 424.199979 TARGET:-23 LUFS    M:   nan S:   nan     I: -32.5 LUFS       LRA:   9.2 LU  FTPK:  -inf  -inf dBFS  TPK: -13.8 -13.8 dBFS
[Parsed_ebur128_0 @ 0x148e05970] t: 424.299979 TARGET:-23 LUFS    M:   nan S:   nan     I: -32.5 LUFS       LRA:   9.2 LU  FTPK:  -inf  -inf dBFS  TPK: -13.8 -13.8 dBFS
[Parsed_ebur128_0 @ 0x148e05970] t: 424.399979 TARGET:-23 LUFS    M:   nan S:   nan     I: -32.5 LUFS       LRA:   9.2 LU  FTPK:  -inf  -inf dBFS  TPK: -13.8 -13.8 dBFS
[Parsed_ebur128_0 @ 0x148e05970] t: 424.499979 TARGET:-23 LUFS    M:   nan S:   nan     I: -32.5 LUFS       LRA:   9.2 LU  FTPK:  -inf  -inf dBFS  TPK: -13.8 -13.8 dBFS
[Parsed_ebur128_0 @ 0x148e05970] t: 424.599979 TARGET:-23 LUFS    M:   nan S:   nan     I: -32.5 LUFS       LRA:   9.2 LU  FTPK:  -inf  -inf dBFS  TPK: -13.8 -13.8 dBFS
[Parsed_ebur128_0 @ 0x148e05970] t: 424.699979 TARGET:-23 LUFS    M:   nan S:   nan     I: -32.5 LUFS       LRA:   9.2 LU  FTPK:  -inf  -inf dBFS  TPK: -13.8 -13.8 dBFS
[Parsed_ebur128_0 @ 0x148e05970] t: 424.799979 TARGET:-23 LUFS    M:   nan S:   nan     I: -32.5 LUFS       LRA:   9.2 LU  FTPK:  -inf  -inf dBFS  TPK: -13.8 -13.8 dBFS
[Parsed_ebur128_0 @ 0x148e05970] t: 424.899979 TARGET:-23 LUFS    M:   nan S:   nan     I: -32.5 LUFS       LRA:   9.2 LU  FTPK:  -inf  -inf dBFS  TPK: -13.8 -13.8 dBFS
[Parsed_ebur128_0 @ 0x148e05970] t: 424.999979 TARGET:-23 LUFS    M:   nan S:   nan     I: -32.5 LUFS       LRA:   9.2 LU  FTPK:  -inf  -inf dBFS  TPK: -13.8 -13.8 dBFS
[Parsed_ebur128_0 @ 0x148e05970] t: 425.099979 TARGET:-23 LUFS    M:   nan S:   nan     I: -32.5 LUFS       LRA:   9.2 LU  FTPK:  -inf  -inf dBFS  TPK: -13.8 -13.8 dBFS
[Parsed_ebur128_0 @ 0x148e05970] t: 425.199979 TARGET:-23 LUFS    M:   nan S:   nan     I: -32.5 LUFS       LRA:   9.2 LU  FTPK:  -inf  -inf dBFS  TPK: -13.8 -13.8 dBFS
[Parsed_ebur128_0 @ 0x148e05970] t: 425.299979 TARGET:-23 LUFS    M:   nan S:   nan     I: -32.5 LUFS       LRA:   9.2 LU  FTPK:  -inf  -inf dBFS  TPK: -13.8 -13.8 dBFS
[Parsed_ebur128_0 @ 0x148e05970] t: 425.399979 TARGET:-23 LUFS    M:   nan S:   nan     I: -32.5 LUFS       LRA:   9.2 LU  FTPK:  -inf  -inf dBFS  TPK: -13.8 -13.8 dBFS
[Parsed_ebur128_0 @ 0x148e05970] t: 425.499979 TARGET:-23 LUFS    M:   nan S:   nan     I: -32.5 LUFS       LRA:   9.2 LU  FTPK:  -inf  -inf dBFS  TPK: -13.8 -13.8 dBFS
[Parsed_ebur128_0 @ 0x148e05970] t: 425.599979 TARGET:-23 LUFS    M:   nan S:   nan     I: -32.5 LUFS       LRA:   9.2 LU  FTPK:  -inf  -inf dBFS  TPK: -13.8 -13.8 dBFS
[Parsed_ebur128_0 @ 0x148e05970] t: 425.699979 TARGET:-23 LUFS    M:   nan S:   nan     I: -32.5 LUFS       LRA:   9.2 LU  FTPK:  -inf  -inf dBFS  TPK: -13.8 -13.8 dBFS
[Parsed_ebur128_0 @ 0x148e05970] t: 425.799979 TARGET:-23 LUFS    M:   nan S:   nan     I: -32.5 LUFS       LRA:   9.2 LU  FTPK:  -inf  -inf dBFS  TPK: -13.8 -13.8 dBFS
[Parsed_ebur128_0 @ 0x148e05970] t: 425.899979 TARGET:-23 LUFS    M:   nan S:   nan     I: -32.5 LUFS       LRA:   9.2 LU  FTPK:  -inf  -inf dBFS  TPK: -13.8 -13.8 dBFS
[Parsed_ebur128_0 @ 0x148e05970] t: 425.999979 TARGET:-23 LUFS    M:   nan S:   nan     I: -32.5 LUFS       LRA:   9.2 LU  FTPK:  -inf  -inf dBFS  TPK: -13.8 -13.8 dBFS
[Parsed_ebur128_0 @ 0x148e05970] t: 426.099979 TARGET:-23 LUFS    M:   nan S:   nan     I: -32.5 LUFS       LRA:   9.2 LU  FTPK:  -inf  -inf dBFS  TPK: -13.8 -13.8 dBFS
[Parsed_ebur128_0 @ 0x148e05970] t: 426.199979 TARGET:-23 LUFS    M:   nan S:   nan     I: -32.5 LUFS       LRA:   9.2 LU  FTPK:  -inf  -inf dBFS  TPK: -13.8 -13.8 dBFS
[Parsed_ebur128_0 @ 0x148e05970] t: 426.299979 TARGET:-23 LUFS    M:   nan S:   nan     I: -32.5 LUFS       LRA:   9.2 LU  FTPK:  -inf  -inf dBFS  TPK: -13.8 -13.8 dBFS
[Parsed_ebur128_0 @ 0x148e05970] t: 426.399979 TARGET:-23 LUFS    M:   nan S:   nan     I: -32.5 LUFS       LRA:   9.2 LU  FTPK:  -inf  -inf dBFS  TPK: -13.8 -13.8 dBFS
[Parsed_ebur128_0 @ 0x148e05970] t: 426.499979 TARGET:-23 LUFS    M:   nan S:   nan     I: -32.5 LUFS       LRA:   9.2 LU  FTPK:  -inf  -inf dBFS  TPK: -13.8 -13.8 dBFS
[Parsed_ebur128_0 @ 0x148e05970] t: 426.599979 TARGET:-23 LUFS    M:   nan S:   nan     I: -32.5 LUFS       LRA:   9.2 LU  FTPK:  -inf  -inf dBFS  TPK: -13.8 -13.8 dBFS
[Parsed_ebur128_0 @ 0x148e05970] t: 426.699979 TARGET:-23 LUFS    M:   nan S:   nan     I: -32.5 LUFS       LRA:   9.2 LU  FTPK:  -inf  -inf dBFS  TPK: -13.8 -13.8 dBFS
[Parsed_ebur128_0 @ 0x148e05970] t: 426.799979 TARGET:-23 LUFS    M:   nan S:   nan     I: -32.5 LUFS       LRA:   9.2 LU  FTPK:  -inf  -inf dBFS  TPK: -13.8 -13.8 dBFS
[Parsed_ebur128_0 @ 0x148e05970] t: 426.899979 TARGET:-23 LUFS    M:   nan S:   nan     I: -32.5 LUFS       LRA:   9.2 LU  FTPK:  -inf  -inf dBFS  TPK: -13.8 -13.8 dBFS
[Parsed_ebur128_0 @ 0x148e05970] t: 426.999979 TARGET:-23 LUFS    M:   nan S:   nan     I: -32.5 LUFS       LRA:   9.2 LU  FTPK:  -inf  -inf dBFS  TPK: -13.8 -13.8 dBFS
[Parsed_ebur128_0 @ 0x148e05970] t: 427.099979 TARGET:-23 LUFS    M:   nan S:   nan     I: -32.5 LUFS       LRA:   9.2 LU  FTPK:  -inf  -inf dBFS  TPK: -13.8 -13.8 dBFS
[Parsed_ebur128_0 @ 0x148e05970] t: 427.199979 TARGET:-23 LUFS    M:   nan S:   nan     I: -32.5 LUFS       LRA:   9.2 LU  FTPK:  -inf  -inf dBFS  TPK: -13.8 -13.8 dBFS
[Parsed_ebur128_0 @ 0x148e05970] t: 427.299979 TARGET:-23 LUFS    M:   nan S:   nan     I: -32.5 LUFS       LRA:   9.2 LU  FTPK:  -inf  -inf dBFS  TPK: -13.8 -13.8 dBFS
[Parsed_ebur128_0 @ 0x148e05970] t: 427.399979 TARGET:-23 LUFS    M:   nan S:   nan     I: -32.5 LUFS       LRA:   9.2 LU  FTPK:  -inf  -inf dBFS  TPK: -13.8 -13.8 dBFS
[Parsed_ebur128_0 @ 0x148e05970] t: 427.499979 TARGET:-23 LUFS    M:   nan S:   nan     I: -32.5 LUFS       LRA:   9.2 LU  FTPK:  -inf  -inf dBFS  TPK: -13.8 -13.8 dBFS
[Parsed_ebur128_0 @ 0x148e05970] t: 427.599979 TARGET:-23 LUFS    M:   nan S:   nan     I: -32.5 LUFS       LRA:   9.2 LU  FTPK:  -inf  -inf dBFS  TPK: -13.8 -13.8 dBFS
[Parsed_ebur128_0 @ 0x148e05970] t: 427.699979 TARGET:-23 LUFS    M:   nan S:   nan     I: -32.5 LUFS       LRA:   9.2 LU  FTPK:  -inf  -inf dBFS  TPK: -13.8 -13.8 dBFS
[Parsed_ebur128_0 @ 0x148e05970] t: 427.799979 TARGET:-23 LUFS    M:   nan S:   nan     I: -32.5 LUFS       LRA:   9.2 LU  FTPK:  -inf  -inf dBFS  TPK: -13.8 -13.8 dBFS
[Parsed_ebur128_0 @ 0x148e05970] t: 427.899979 TARGET:-23 LUFS    M:   nan S:   nan     I: -32.5 LUFS       LRA:   9.2 LU  FTPK:  -inf  -inf dBFS  TPK: -13.8 -13.8 dBFS
[Parsed_ebur128_0 @ 0x148e05970] t: 427.999979 TARGET:-23 LUFS    M:   nan S:   nan     I: -32.5 LUFS       LRA:   9.2 LU  FTPK:  -inf  -inf dBFS  TPK: -13.8 -13.8 dBFS
[Parsed_ebur128_0 @ 0x148e05970] t: 428.099979 TARGET:-23 LUFS    M:   nan S:   nan     I: -32.5 LUFS       LRA:   9.2 LU  FTPK:  -inf  -inf dBFS  TPK: -13.8 -13.8 dBFS
[Parsed_ebur128_0 @ 0x148e05970] t: 428.199979 TARGET:-23 LUFS    M:   nan S:   nan     I: -32.5 LUFS       LRA:   9.2 LU  FTPK:  -inf  -inf dBFS  TPK: -13.8 -13.8 dBFS
[Parsed_ebur128_0 @ 0x148e05970] t: 428.299979 TARGET:-23 LUFS    M:   nan S:   nan     I: -32.5 LUFS       LRA:   9.2 LU  FTPK:  -inf  -inf dBFS  TPK: -13.8 -13.8 dBFS
[Parsed_ebur128_0 @ 0x148e05970] t: 428.399979 TARGET:-23 LUFS    M:   nan S:   nan     I: -32.5 LUFS       LRA:   9.2 LU  FTPK:  -inf  -inf dBFS  TPK: -13.8 -13.8 dBFS
[Parsed_ebur128_0 @ 0x148e05970] t: 428.499979 TARGET:-23 LUFS    M:   nan S:   nan     I: -32.5 LUFS       LRA:   9.2 LU  FTPK:  -inf  -inf dBFS  TPK: -13.8 -13.8 dBFS
[Parsed_ebur128_0 @ 0x148e05970] t: 428.599979 TARGET:-23 LUFS    M:   nan S:   nan     I: -32.5 LUFS       LRA:   9.2 LU  FTPK:  -inf  -inf dBFS  TPK: -13.8 -13.8 dBFS
[Parsed_ebur128_0 @ 0x148e05970] t: 428.699979 TARGET:-23 LUFS    M:   nan S:   nan     I: -32.5 LUFS       LRA:   9.2 LU  FTPK:  -inf  -inf dBFS  TPK: -13.8 -13.8 dBFS
[Parsed_ebur128_0 @ 0x148e05970] t: 428.799979 TARGET:-23 LUFS    M:   nan S:   nan     I: -32.5 LUFS       LRA:   9.2 LU  FTPK:  -inf  -inf dBFS  TPK: -13.8 -13.8 dBFS
[Parsed_ebur128_0 @ 0x148e05970] t: 428.899979 TARGET:-23 LUFS    M:   nan S:   nan     I: -32.5 LUFS       LRA:   9.2 LU  FTPK:  -inf  -inf dBFS  TPK: -13.8 -13.8 dBFS
[Parsed_ebur128_0 @ 0x148e05970] t: 428.999979 TARGET:-23 LUFS    M:   nan S:   nan     I: -32.5 LUFS       LRA:   9.2 LU  FTPK:  -inf  -inf dBFS  TPK: -13.8 -13.8 dBFS
[Parsed_ebur128_0 @ 0x148e05970] t: 429.099979 TARGET:-23 LUFS    M:   nan S:   nan     I: -32.5 LUFS       LRA:   9.2 LU  FTPK:  -inf  -inf dBFS  TPK: -13.8 -13.8 dBFS
[Parsed_ebur128_0 @ 0x148e05970] t: 429.199979 TARGET:-23 LUFS    M:   nan S:   nan     I: -32.5 LUFS       LRA:   9.2 LU  FTPK:  -inf  -inf dBFS  TPK: -13.8 -13.8 dBFS
[Parsed_ebur128_0 @ 0x148e05970] t: 429.299979 TARGET:-23 LUFS    M:   nan S:   nan     I: -32.5 LUFS       LRA:   9.2 LU  FTPK:  -inf  -inf dBFS  TPK: -13.8 -13.8 dBFS
[Parsed_ebur128_0 @ 0x148e05970] t: 429.399979 TARGET:-23 LUFS    M:   nan S:   nan     I: -32.5 LUFS       LRA:   9.2 LU  FTPK:  -inf  -inf dBFS  TPK: -13.8 -13.8 dBFS
[Parsed_ebur128_0 @ 0x148e05970] t: 429.499979 TARGET:-23 LUFS    M:   nan S:   nan     I: -32.5 LUFS       LRA:   9.2 LU  FTPK:  -inf  -inf dBFS  TPK: -13.8 -13.8 dBFS
[Parsed_ebur128_0 @ 0x148e05970] t: 429.599979 TARGET:-23 LUFS    M:   nan S:   nan     I: -32.5 LUFS       LRA:   9.2 LU  FTPK:  -inf  -inf dBFS  TPK: -13.8 -13.8 dBFS
[Parsed_ebur128_0 @ 0x148e05970] t: 429.699979 TARGET:-23 LUFS    M:   nan S:   nan     I: -32.5 LUFS       LRA:   9.2 LU  FTPK:  -inf  -inf dBFS  TPK: -13.8 -13.8 dBFS
[Parsed_ebur128_0 @ 0x148e05970] t: 429.799979 TARGET:-23 LUFS    M:   nan S:   nan     I: -32.5 LUFS       LRA:   9.2 LU  FTPK:  -inf  -inf dBFS  TPK: -13.8 -13.8 dBFS
[Parsed_ebur128_0 @ 0x148e05970] t: 429.899979 TARGET:-23 LUFS    M:   nan S:   nan     I: -32.5 LUFS       LRA:   9.2 LU  FTPK:  -inf  -inf dBFS  TPK: -13.8 -13.8 dBFS
[Parsed_ebur128_0 @ 0x148e05970] t: 429.999979 TARGET:-23 LUFS    M:   nan S:   nan     I: -32.5 LUFS       LRA:   9.2 LU  FTPK:  -inf  -inf dBFS  TPK: -13.8 -13.8 dBFS
[Parsed_ebur128_0 @ 0x148e05970] t: 430.099979 TARGET:-23 LUFS    M:   nan S:   nan     I: -32.5 LUFS       LRA:   9.2 LU  FTPK:  -inf  -inf dBFS  TPK: -13.8 -13.8 dBFS
[Parsed_ebur128_0 @ 0x148e05970] t: 430.199979 TARGET:-23 LUFS    M:   nan S:   nan     I: -32.5 LUFS       LRA:   9.2 LU  FTPK:  -inf  -inf dBFS  TPK: -13.8 -13.8 dBFS
[Parsed_ebur128_0 @ 0x148e05970] t: 430.299979 TARGET:-23 LUFS    M:   nan S:   nan     I: -32.5 LUFS       LRA:   9.2 LU  FTPK:  -inf  -inf dBFS  TPK: -13.8 -13.8 dBFS
[Parsed_ebur128_0 @ 0x148e05970] t: 430.399979 TARGET:-23 LUFS    M:   nan S:   nan     I: -32.5 LUFS       LRA:   9.2 LU  FTPK:  -inf  -inf dBFS  TPK: -13.8 -13.8 dBFS
[Parsed_ebur128_0 @ 0x148e05970] t: 430.499979 TARGET:-23 LUFS    M:   nan S:   nan     I: -32.5 LUFS       LRA:   9.2 LU  FTPK:  -inf  -inf dBFS  TPK: -13.8 -13.8 dBFS
[Parsed_ebur128_0 @ 0x148e05970] t: 430.599979 TARGET:-23 LUFS    M:   nan S:   nan     I: -32.5 LUFS       LRA:   9.2 LU  FTPK:  -inf  -inf dBFS  TPK: -13.8 -13.8 dBFS
[Parsed_ebur128_0 @ 0x148e05970] t: 430.699979 TARGET:-23 LUFS    M:   nan S:   nan     I: -32.5 LUFS       LRA:   9.2 LU  FTPK:  -inf  -inf dBFS  TPK: -13.8 -13.8 dBFS
[Parsed_ebur128_0 @ 0x148e05970] t: 430.799979 TARGET:-23 LUFS    M:   nan S:   nan     I: -32.5 LUFS       LRA:   9.2 LU  FTPK:  -inf  -inf dBFS  TPK: -13.8 -13.8 dBFS
[Parsed_ebur128_0 @ 0x148e05970] t: 430.899979 TARGET:-23 LUFS    M:   nan S:   nan     I: -32.5 LUFS       LRA:   9.2 LU  FTPK:  -inf  -inf dBFS  TPK: -13.8 -13.8 dBFS
[Parsed_ebur128_0 @ 0x148e05970] t: 430.999979 TARGET:-23 LUFS    M:   nan S:   nan     I: -32.5 LUFS       LRA:   9.2 LU  FTPK:  -inf  -inf dBFS  TPK: -13.8 -13.8 dBFS
[Parsed_ebur128_0 @ 0x148e05970] t: 431.099979 TARGET:-23 LUFS    M:   nan S:   nan     I: -32.5 LUFS       LRA:   9.2 LU  FTPK:  -inf  -inf dBFS  TPK: -13.8 -13.8 dBFS
[Parsed_ebur128_0 @ 0x148e05970] t: 431.199979 TARGET:-23 LUFS    M:   nan S:   nan     I: -32.5 LUFS       LRA:   9.2 LU  FTPK:  -inf  -inf dBFS  TPK: -13.8 -13.8 dBFS
[Parsed_ebur128_0 @ 0x148e05970] t: 431.299979 TARGET:-23 LUFS    M:   nan S:   nan     I: -32.5 LUFS       LRA:   9.2 LU  FTPK:  -inf  -inf dBFS  TPK: -13.8 -13.8 dBFS
[Parsed_ebur128_0 @ 0x148e05970] t: 431.399979 TARGET:-23 LUFS    M:   nan S:   nan     I: -32.5 LUFS       LRA:   9.2 LU  FTPK:  -inf  -inf dBFS  TPK: -13.8 -13.8 dBFS
[Parsed_ebur128_0 @ 0x148e05970] t: 431.499979 TARGET:-23 LUFS    M:   nan S:   nan     I: -32.5 LUFS       LRA:   9.2 LU  FTPK:  -inf  -inf dBFS  TPK: -13.8 -13.8 dBFS
[Parsed_ebur128_0 @ 0x148e05970] t: 431.599979 TARGET:-23 LUFS    M:   nan S:   nan     I: -32.5 LUFS       LRA:   9.2 LU  FTPK:  -inf  -inf dBFS  TPK: -13.8 -13.8 dBFS
[Parsed_ebur128_0 @ 0x148e05970] t: 431.699979 TARGET:-23 LUFS    M:   nan S:   nan     I: -32.5 LUFS       LRA:   9.2 LU  FTPK:  -inf  -inf dBFS  TPK: -13.8 -13.8 dBFS
[Parsed_ebur128_0 @ 0x148e05970] t: 431.799979 TARGET:-23 LUFS    M:   nan S:   nan     I: -32.5 LUFS       LRA:   9.2 LU  FTPK:  -inf  -inf dBFS  TPK: -13.8 -13.8 dBFS
[Parsed_ebur128_0 @ 0x148e05970] t: 431.899979 TARGET:-23 LUFS    M:   nan S:   nan     I: -32.5 LUFS       LRA:   9.2 LU  FTPK:  -inf  -inf dBFS  TPK: -13.8 -13.8 dBFS
[Parsed_ebur128_0 @ 0x148e05970] t: 431.999979 TARGET:-23 LUFS    M:   nan S:   nan     I: -32.5 LUFS       LRA:   9.2 LU  FTPK:  -inf  -inf dBFS  TPK: -13.8 -13.8 dBFS
[Parsed_ebur128_0 @ 0x148e05970] t: 432.099979 TARGET:-23 LUFS    M:   nan S:   nan     I: -32.5 LUFS       LRA:   9.2 LU  FTPK:  -inf  -inf dBFS  TPK: -13.8 -13.8 dBFS
[Parsed_ebur128_0 @ 0x148e05970] t: 432.199979 TARGET:-23 LUFS    M:   nan S:   nan     I: -32.5 LUFS       LRA:   9.2 LU  FTPK:  -inf  -inf dBFS  TPK: -13.8 -13.8 dBFS
[Parsed_ebur128_0 @ 0x148e05970] t: 432.299979 TARGET:-23 LUFS    M:   nan S:   nan     I: -32.5 LUFS       LRA:   9.2 LU  FTPK:  -inf  -inf dBFS  TPK: -13.8 -13.8 dBFS
[Parsed_ebur128_0 @ 0x148e05970] t: 432.399979 TARGET:-23 LUFS    M:   nan S:   nan     I: -32.5 LUFS       LRA:   9.2 LU  FTPK:  -inf  -inf dBFS  TPK: -13.8 -13.8 dBFS
[Parsed_ebur128_0 @ 0x148e05970] t: 432.499979 TARGET:-23 LUFS    M:   nan S:   nan     I: -32.5 LUFS       LRA:   9.2 LU  FTPK:  -inf  -inf dBFS  TPK: -13.8 -13.8 dBFS
[Parsed_ebur128_0 @ 0x148e05970] t: 432.599979 TARGET:-23 LUFS    M:   nan S:   nan     I: -32.5 LUFS       LRA:   9.2 LU  FTPK:  -inf  -inf dBFS  TPK: -13.8 -13.8 dBFS
[Parsed_ebur128_0 @ 0x148e05970] t: 432.699979 TARGET:-23 LUFS    M:   nan S:   nan     I: -32.5 LUFS       LRA:   9.2 LU  FTPK:  -inf  -inf dBFS  TPK: -13.8 -13.8 dBFS
[Parsed_ebur128_0 @ 0x148e05970] t: 432.799979 TARGET:-23 LUFS    M:   nan S:   nan     I: -32.5 LUFS       LRA:   9.2 LU  FTPK:  -inf  -inf dBFS  TPK: -13.8 -13.8 dBFS
[Parsed_ebur128_0 @ 0x148e05970] t: 432.899979 TARGET:-23 LUFS    M:   nan S:   nan     I: -32.5 LUFS       LRA:   9.2 LU  FTPK:  -inf  -inf dBFS  TPK: -13.8 -13.8 dBFS
[Parsed_ebur128_0 @ 0x148e05970] t: 432.999979 TARGET:-23 LUFS    M:   nan S:   nan     I: -32.5 LUFS       LRA:   9.2 LU  FTPK:  -inf  -inf dBFS  TPK: -13.8 -13.8 dBFS
[Parsed_ebur128_0 @ 0x148e05970] t: 433.099979 TARGET:-23 LUFS    M:   nan S:   nan     I: -32.5 LUFS       LRA:   9.2 LU  FTPK:  -inf  -inf dBFS  TPK: -13.8 -13.8 dBFS
[Parsed_ebur128_0 @ 0x148e05970] t: 433.199979 TARGET:-23 LUFS    M:   nan S:   nan     I: -32.5 LUFS       LRA:   9.2 LU  FTPK:  -inf  -inf dBFS  TPK: -13.8 -13.8 dBFS
[Parsed_ebur128_0 @ 0x148e05970] t: 433.299979 TARGET:-23 LUFS    M:   nan S:   nan     I: -32.5 LUFS       LRA:   9.2 LU  FTPK:  -inf  -inf dBFS  TPK: -13.8 -13.8 dBFS
[Parsed_ebur128_0 @ 0x148e05970] t: 433.399979 TARGET:-23 LUFS    M:   nan S:   nan     I: -32.5 LUFS       LRA:   9.2 LU  FTPK:  -inf  -inf dBFS  TPK: -13.8 -13.8 dBFS
[Parsed_ebur128_0 @ 0x148e05970] t: 433.499979 TARGET:-23 LUFS    M:   nan S:   nan     I: -32.5 LUFS       LRA:   9.2 LU  FTPK:  -inf  -inf dBFS  TPK: -13.8 -13.8 dBFS
[Parsed_ebur128_0 @ 0x148e05970] t: 433.599979 TARGET:-23 LUFS    M:   nan S:   nan     I: -32.5 LUFS       LRA:   9.2 LU  FTPK:  -inf  -inf dBFS  TPK: -13.8 -13.8 dBFS
[Parsed_ebur128_0 @ 0x148e05970] t: 433.699979 TARGET:-23 LUFS    M:   nan S:   nan     I: -32.5 LUFS       LRA:   9.2 LU  FTPK:  -inf  -inf dBFS  TPK: -13.8 -13.8 dBFS
[Parsed_ebur128_0 @ 0x148e05970] t: 433.799979 TARGET:-23 LUFS    M:   nan S:   nan     I: -32.5 LUFS       LRA:   9.2 LU  FTPK:  -inf  -inf dBFS  TPK: -13.8 -13.8 dBFS
[Parsed_ebur128_0 @ 0x148e05970] t: 433.899979 TARGET:-23 LUFS    M:   nan S:   nan     I: -32.5 LUFS       LRA:   9.2 LU  FTPK:  -inf  -inf dBFS  TPK: -13.8 -13.8 dBFS
[Parsed_ebur128_0 @ 0x148e05970] t: 433.999979 TARGET:-23 LUFS    M:   nan S:   nan     I: -32.5 LUFS       LRA:   9.2 LU  FTPK:  -inf  -inf dBFS  TPK: -13.8 -13.8 dBFS
[Parsed_ebur128_0 @ 0x148e05970] t: 434.099979 TARGET:-23 LUFS    M:   nan S:   nan     I: -32.5 LUFS       LRA:   9.2 LU  FTPK:  -inf  -inf dBFS  TPK: -13.8 -13.8 dBFS
[Parsed_ebur128_0 @ 0x148e05970] t: 434.199979 TARGET:-23 LUFS    M:   nan S:   nan     I: -32.5 LUFS       LRA:   9.2 LU  FTPK:  -inf  -inf dBFS  TPK: -13.8 -13.8 dBFS
[Parsed_ebur128_0 @ 0x148e05970] t: 434.299979 TARGET:-23 LUFS    M:   nan S:   nan     I: -32.5 LUFS       LRA:   9.2 LU  FTPK:  -inf  -inf dBFS  TPK: -13.8 -13.8 dBFS
[Parsed_ebur128_0 @ 0x148e05970] t: 434.399979 TARGET:-23 LUFS    M:   nan S:   nan     I: -32.5 LUFS       LRA:   9.2 LU  FTPK:  -inf  -inf dBFS  TPK: -13.8 -13.8 dBFS
[Parsed_ebur128_0 @ 0x148e05970] t: 434.499979 TARGET:-23 LUFS    M:   nan S:   nan     I: -32.5 LUFS       LRA:   9.2 LU  FTPK:  -inf  -inf dBFS  TPK: -13.8 -13.8 dBFS
[Parsed_ebur128_0 @ 0x148e05970] t: 434.599979 TARGET:-23 LUFS    M:   nan S:   nan     I: -32.5 LUFS       LRA:   9.2 LU  FTPK:  -inf  -inf dBFS  TPK: -13.8 -13.8 dBFS
[Parsed_ebur128_0 @ 0x148e05970] t: 434.699979 TARGET:-23 LUFS    M:   nan S:   nan     I: -32.5 LUFS       LRA:   9.2 LU  FTPK:  -inf  -inf dBFS  TPK: -13.8 -13.8 dBFS
[Parsed_ebur128_0 @ 0x148e05970] t: 434.799979 TARGET:-23 LUFS    M:   nan S:   nan     I: -32.5 LUFS       LRA:   9.2 LU  FTPK:  -inf  -inf dBFS  TPK: -13.8 -13.8 dBFS
[Parsed_ebur128_0 @ 0x148e05970] t: 434.899979 TARGET:-23 LUFS    M:   nan S:   nan     I: -32.5 LUFS       LRA:   9.2 LU  FTPK:  -inf  -inf dBFS  TPK: -13.8 -13.8 dBFS
[Parsed_ebur128_0 @ 0x148e05970] t: 434.999979 TARGET:-23 LUFS    M:   nan S:   nan     I: -32.5 LUFS       LRA:   9.2 LU  FTPK:  -inf  -inf dBFS  TPK: -13.8 -13.8 dBFS
[Parsed_ebur128_0 @ 0x148e05970] t: 435.099979 TARGET:-23 LUFS    M:   nan S:   nan     I: -32.5 LUFS       LRA:   9.2 LU  FTPK:  -inf  -inf dBFS  TPK: -13.8 -13.8 dBFS
[Parsed_ebur128_0 @ 0x148e05970] t: 435.199979 TARGET:-23 LUFS    M:   nan S:   nan     I: -32.5 LUFS       LRA:   9.2 LU  FTPK:  -inf  -inf dBFS  TPK: -13.8 -13.8 dBFS
[Parsed_ebur128_0 @ 0x148e05970] t: 435.299979 TARGET:-23 LUFS    M:   nan S:   nan     I: -32.5 LUFS       LRA:   9.2 LU  FTPK:  -inf  -inf dBFS  TPK: -13.8 -13.8 dBFS
[Parsed_ebur128_0 @ 0x148e05970] t: 435.399979 TARGET:-23 LUFS    M:   nan S:   nan     I: -32.5 LUFS       LRA:   9.2 LU  FTPK:  -inf  -inf dBFS  TPK: -13.8 -13.8 dBFS
[Parsed_ebur128_0 @ 0x148e05970] t: 435.499979 TARGET:-23 LUFS    M:   nan S:   nan     I: -32.5 LUFS       LRA:   9.2 LU  FTPK:  -inf  -inf dBFS  TPK: -13.8 -13.8 dBFS
[Parsed_ebur128_0 @ 0x148e05970] t: 435.599979 TARGET:-23 LUFS    M:   nan S:   nan     I: -32.5 LUFS       LRA:   9.2 LU  FTPK:  -inf  -inf dBFS  TPK: -13.8 -13.8 dBFS
[Parsed_ebur128_0 @ 0x148e05970] t: 435.699979 TARGET:-23 LUFS    M:   nan S:   nan     I: -32.5 LUFS       LRA:   9.2 LU  FTPK:  -inf  -inf dBFS  TPK: -13.8 -13.8 dBFS
[Parsed_ebur128_0 @ 0x148e05970] t: 435.799979 TARGET:-23 LUFS    M:   nan S:   nan     I: -32.5 LUFS       LRA:   9.2 LU  FTPK:  -inf  -inf dBFS  TPK: -13.8 -13.8 dBFS
[Parsed_ebur128_0 @ 0x148e05970] t: 435.899979 TARGET:-23 LUFS    M:   nan S:   nan     I: -32.5 LUFS       LRA:   9.2 LU  FTPK:  -inf  -inf dBFS  TPK: -13.8 -13.8 dBFS
[Parsed_ebur128_0 @ 0x148e05970] t: 435.999979 TARGET:-23 LUFS    M:   nan S:   nan     I: -32.5 LUFS       LRA:   9.2 LU  FTPK:  -inf  -inf dBFS  TPK: -13.8 -13.8 dBFS
[Parsed_ebur128_0 @ 0x148e05970] t: 436.099979 TARGET:-23 LUFS    M:   nan S:   nan     I: -32.5 LUFS       LRA:   9.2 LU  FTPK:  -inf  -inf dBFS  TPK: -13.8 -13.8 dBFS
[Parsed_ebur128_0 @ 0x148e05970] t: 436.199979 TARGET:-23 LUFS    M:   nan S:   nan     I: -32.5 LUFS       LRA:   9.2 LU  FTPK:  -inf  -inf dBFS  TPK: -13.8 -13.8 dBFS
[Parsed_ebur128_0 @ 0x148e05970] t: 436.299979 TARGET:-23 LUFS    M:   nan S:   nan     I: -32.5 LUFS       LRA:   9.2 LU  FTPK:  -inf  -inf dBFS  TPK: -13.8 -13.8 dBFS
[Parsed_ebur128_0 @ 0x148e05970] t: 436.399979 TARGET:-23 LUFS    M:   nan S:   nan     I: -32.5 LUFS       LRA:   9.2 LU  FTPK:  -inf  -inf dBFS  TPK: -13.8 -13.8 dBFS
[Parsed_ebur128_0 @ 0x148e05970] t: 436.499979 TARGET:-23 LUFS    M:   nan S:   nan     I: -32.5 LUFS       LRA:   9.2 LU  FTPK:  -inf  -inf dBFS  TPK: -13.8 -13.8 dBFS
[Parsed_ebur128_0 @ 0x148e05970] t: 436.599979 TARGET:-23 LUFS    M:   nan S:   nan     I: -32.5 LUFS       LRA:   9.2 LU  FTPK:  -inf  -inf dBFS  TPK: -13.8 -13.8 dBFS
[Parsed_ebur128_0 @ 0x148e05970] t: 436.699979 TARGET:-23 LUFS    M:   nan S:   nan     I: -32.5 LUFS       LRA:   9.2 LU  FTPK:  -inf  -inf dBFS  TPK: -13.8 -13.8 dBFS
[Parsed_ebur128_0 @ 0x148e05970] t: 436.799979 TARGET:-23 LUFS    M:   nan S:   nan     I: -32.5 LUFS       LRA:   9.2 LU  FTPK:  -inf  -inf dBFS  TPK: -13.8 -13.8 dBFS
[Parsed_ebur128_0 @ 0x148e05970] t: 436.899979 TARGET:-23 LUFS    M:   nan S:   nan     I: -32.5 LUFS       LRA:   9.2 LU  FTPK:  -inf  -inf dBFS  TPK: -13.8 -13.8 dBFS
[Parsed_ebur128_0 @ 0x148e05970] t: 436.999979 TARGET:-23 LUFS    M:   nan S:   nan     I: -32.5 LUFS       LRA:   9.2 LU  FTPK:  -inf  -inf dBFS  TPK: -13.8 -13.8 dBFS
[Parsed_ebur128_0 @ 0x148e05970] t: 437.099979 TARGET:-23 LUFS    M:   nan S:   nan     I: -32.5 LUFS       LRA:   9.2 LU  FTPK:  -inf  -inf dBFS  TPK: -13.8 -13.8 dBFS
[Parsed_ebur128_0 @ 0x148e05970] t: 437.199979 TARGET:-23 LUFS    M:   nan S:   nan     I: -32.5 LUFS       LRA:   9.2 LU  FTPK:  -inf  -inf dBFS  TPK: -13.8 -13.8 dBFS
[Parsed_ebur128_0 @ 0x148e05970] t: 437.299979 TARGET:-23 LUFS    M:   nan S:   nan     I: -32.5 LUFS       LRA:   9.2 LU  FTPK:  -inf  -inf dBFS  TPK: -13.8 -13.8 dBFS
[Parsed_ebur128_0 @ 0x148e05970] t: 437.399979 TARGET:-23 LUFS    M:   nan S:   nan     I: -32.5 LUFS       LRA:   9.2 LU  FTPK:  -inf  -inf dBFS  TPK: -13.8 -13.8 dBFS
[Parsed_ebur128_0 @ 0x148e05970] t: 437.499979 TARGET:-23 LUFS    M:   nan S:   nan     I: -32.5 LUFS       LRA:   9.2 LU  FTPK:  -inf  -inf dBFS  TPK: -13.8 -13.8 dBFS
[Parsed_ebur128_0 @ 0x148e05970] t: 437.599979 TARGET:-23 LUFS    M:   nan S:   nan     I: -32.5 LUFS       LRA:   9.2 LU  FTPK:  -inf  -inf dBFS  TPK: -13.8 -13.8 dBFS
[Parsed_ebur128_0 @ 0x148e05970] t: 437.699979 TARGET:-23 LUFS    M: -42.6 S: -51.4     I: -32.6 LUFS       LRA:   9.2 LU  FTPK: -25.3 -25.3 dBFS  TPK: -13.8 -13.8 dBFS
[Parsed_ebur128_0 @ 0x148e05970] t: 437.799979 TARGET:-23 LUFS    M: -38.3 S: -47.0     I: -32.6 LUFS       LRA:   9.2 LU  FTPK: -27.4 -27.4 dBFS  TPK: -13.8 -13.8 dBFS
[Parsed_ebur128_0 @ 0x148e05970] t: 437.899979 TARGET:-23 LUFS    M: -36.9 S: -45.7     I: -32.6 LUFS       LRA:   9.2 LU  FTPK: -28.8 -28.8 dBFS  TPK: -13.8 -13.8 dBFS
[Parsed_ebur128_0 @ 0x148e05970] t: 437.999979 TARGET:-23 LUFS    M: -35.1 S: -43.8     I: -32.6 LUFS       LRA:   9.2 LU  FTPK: -24.8 -24.8 dBFS  TPK: -13.8 -13.8 dBFS
[Parsed_ebur128_0 @ 0x148e05970] t: 438.099979 TARGET:-23 LUFS    M: -35.1 S: -43.2     I: -32.6 LUFS       LRA:   9.2 LU  FTPK: -30.8 -30.8 dBFS  TPK: -13.8 -13.8 dBFS
[Parsed_ebur128_0 @ 0x148e05970] t: 438.199979 TARGET:-23 LUFS    M: -34.8 S: -42.0     I: -32.6 LUFS       LRA:   9.2 LU  FTPK: -23.8 -23.8 dBFS  TPK: -13.8 -13.8 dBFS
[Parsed_ebur128_0 @ 0x148e05970] t: 438.299979 TARGET:-23 LUFS    M: -34.7 S: -41.4     I: -32.6 LUFS       LRA:   9.2 LU  FTPK: -27.1 -27.1 dBFS  TPK: -13.8 -13.8 dBFS
[Parsed_ebur128_0 @ 0x148e05970] t: 438.399979 TARGET:-23 LUFS    M: -34.8 S: -40.7     I: -32.6 LUFS       LRA:   9.2 LU  FTPK: -27.2 -27.2 dBFS  TPK: -13.8 -13.8 dBFS
[Parsed_ebur128_0 @ 0x148e05970] t: 438.499979 TARGET:-23 LUFS    M: -34.5 S: -40.2     I: -32.6 LUFS       LRA:   9.2 LU  FTPK: -26.5 -26.5 dBFS  TPK: -13.8 -13.8 dBFS
[Parsed_ebur128_0 @ 0x148e05970] t: 438.599979 TARGET:-23 LUFS    M: -35.2 S: -39.8     I: -32.6 LUFS       LRA:   9.2 LU  FTPK: -27.0 -27.0 dBFS  TPK: -13.8 -13.8 dBFS
[Parsed_ebur128_0 @ 0x148e05970] t: 438.699979 TARGET:-23 LUFS    M: -34.6 S: -39.3     I: -32.6 LUFS       LRA:   9.2 LU  FTPK: -25.9 -25.9 dBFS  TPK: -13.8 -13.8 dBFS
[Parsed_ebur128_0 @ 0x148e05970] t: 438.799979 TARGET:-23 LUFS    M: -35.3 S: -39.0     I: -32.6 LUFS       LRA:   9.2 LU  FTPK: -29.0 -29.0 dBFS  TPK: -13.8 -13.8 dBFS
[Parsed_ebur128_0 @ 0x148e05970] t: 438.899979 TARGET:-23 LUFS    M: -34.8 S: -38.5     I: -32.6 LUFS       LRA:   9.2 LU  FTPK: -24.9 -24.9 dBFS  TPK: -13.8 -13.8 dBFS
[Parsed_ebur128_0 @ 0x148e05970] t: 438.999979 TARGET:-23 LUFS    M: -34.9 S: -38.3     I: -32.6 LUFS       LRA:   9.2 LU  FTPK: -27.8 -27.8 dBFS  TPK: -13.8 -13.8 dBFS
[Parsed_ebur128_0 @ 0x148e05970] t: 439.099979 TARGET:-23 LUFS    M: -35.2 S: -38.0     I: -32.6 LUFS       LRA:   9.2 LU  FTPK: -26.8 -26.8 dBFS  TPK: -13.8 -13.8 dBFS
[Parsed_ebur128_0 @ 0x148e05970] t: 439.199979 TARGET:-23 LUFS    M: -34.9 S: -37.8     I: -32.6 LUFS       LRA:   9.2 LU  FTPK: -26.8 -26.8 dBFS  TPK: -13.8 -13.8 dBFS
[Parsed_ebur128_0 @ 0x148e05970] t: 439.299979 TARGET:-23 LUFS    M: -35.6 S: -37.5     I: -32.6 LUFS       LRA:   9.2 LU  FTPK: -28.4 -28.4 dBFS  TPK: -13.8 -13.8 dBFS
[Parsed_ebur128_0 @ 0x148e05970] t: 439.399979 TARGET:-23 LUFS    M: -34.8 S: -37.2     I: -32.6 LUFS       LRA:   9.2 LU  FTPK: -25.9 -25.9 dBFS  TPK: -13.8 -13.8 dBFS
[Parsed_ebur128_0 @ 0x148e05970] t: 439.499979 TARGET:-23 LUFS    M: -35.3 S: -37.0     I: -32.6 LUFS       LRA:   9.2 LU  FTPK: -28.1 -28.1 dBFS  TPK: -13.8 -13.8 dBFS
[Parsed_ebur128_0 @ 0x148e05970] t: 439.599979 TARGET:-23 LUFS    M: -34.3 S: -36.6     I: -32.6 LUFS       LRA:   9.2 LU  FTPK: -25.9 -25.9 dBFS  TPK: -13.8 -13.8 dBFS
[Parsed_ebur128_0 @ 0x148e05970] t: 439.699979 TARGET:-23 LUFS    M: -34.6 S: -36.5     I: -32.6 LUFS       LRA:   9.2 LU  FTPK: -29.2 -29.2 dBFS  TPK: -13.8 -13.8 dBFS
[Parsed_ebur128_0 @ 0x148e05970] t: 439.799979 TARGET:-23 LUFS    M: -34.5 S: -36.2     I: -32.6 LUFS       LRA:   9.2 LU  FTPK: -26.9 -26.9 dBFS  TPK: -13.8 -13.8 dBFS
[Parsed_ebur128_0 @ 0x148e05970] t: 439.899979 TARGET:-23 LUFS    M: -34.2 S: -36.0     I: -32.6 LUFS       LRA:   9.2 LU  FTPK: -26.2 -26.2 dBFS  TPK: -13.8 -13.8 dBFS
[Parsed_ebur128_0 @ 0x148e05970] t: 439.999979 TARGET:-23 LUFS    M: -34.9 S: -35.9     I: -32.6 LUFS       LRA:   9.2 LU  FTPK: -27.5 -27.5 dBFS  TPK: -13.8 -13.8 dBFS
[Parsed_ebur128_0 @ 0x148e05970] t: 440.099979 TARGET:-23 LUFS    M: -34.3 S: -35.6     I: -32.6 LUFS       LRA:   9.2 LU  FTPK: -27.1 -27.1 dBFS  TPK: -13.8 -13.8 dBFS
[Parsed_ebur128_0 @ 0x148e05970] t: 440.199979 TARGET:-23 LUFS    M: -35.3 S: -35.6     I: -32.6 LUFS       LRA:   9.2 LU  FTPK: -30.2 -30.2 dBFS  TPK: -13.8 -13.8 dBFS
[Parsed_ebur128_0 @ 0x148e05970] t: 440.299979 TARGET:-23 LUFS    M: -36.7 S: -35.6     I: -32.7 LUFS       LRA:   9.2 LU  FTPK: -52.0 -52.0 dBFS  TPK: -13.8 -13.8 dBFS
[Parsed_ebur128_0 @ 0x148e05970] t: 440.399979 TARGET:-23 LUFS    M: -38.8 S: -35.6     I: -32.7 LUFS       LRA:   9.2 LU  FTPK:  -inf  -inf dBFS  TPK: -13.8 -13.8 dBFS
[Parsed_ebur128_0 @ 0x148e05970] t: 440.499979 TARGET:-23 LUFS    M: -44.6 S: -35.6     I: -32.7 LUFS       LRA:   9.2 LU  FTPK:  -inf  -inf dBFS  TPK: -13.8 -13.8 dBFS
[Parsed_ebur128_0 @ 0x148e05970] t: 440.599979 TARGET:-23 LUFS    M: -75.3 S: -35.6     I: -32.7 LUFS       LRA:   9.2 LU  FTPK:  -inf  -inf dBFS  TPK: -13.8 -13.8 dBFS
[Parsed_ebur128_0 @ 0x148e05970] t: 440.699979 TARGET:-23 LUFS    M: -34.7 S: -35.0     I: -32.7 LUFS       LRA:   9.2 LU  FTPK: -17.3 -18.3 dBFS  TPK: -13.8 -13.8 dBFS
[Parsed_ebur128_0 @ 0x148e05970] t: 440.799979 TARGET:-23 LUFS    M: -30.8 S: -34.3     I: -32.7 LUFS       LRA:   9.2 LU  FTPK: -18.1 -19.1 dBFS  TPK: -13.8 -13.8 dBFS
[Parsed_ebur128_0 @ 0x148e05970] t: 440.899979 TARGET:-23 LUFS    M: -28.6 S: -33.6     I: -32.6 LUFS       LRA:   9.2 LU  FTPK: -19.3 -20.3 dBFS  TPK: -13.8 -13.8 dBFS
[Parsed_ebur128_0 @ 0x148e05970] t: 440.999979 TARGET:-23 LUFS    M: -28.5 S: -33.7     I: -32.6 LUFS       LRA:   9.2 LU  FTPK: -23.5 -24.4 dBFS  TPK: -13.8 -13.8 dBFS
[Parsed_ebur128_0 @ 0x148e05970] t: 441.099979 TARGET:-23 LUFS    M: -29.7 S: -33.8     I: -32.6 LUFS       LRA:   9.2 LU  FTPK:  -inf  -inf dBFS  TPK: -13.8 -13.8 dBFS
[Parsed_ebur128_0 @ 0x148e05970] t: 441.199979 TARGET:-23 LUFS    M: -32.4 S: -34.0     I: -32.6 LUFS       LRA:   9.2 LU  FTPK:  -inf  -inf dBFS  TPK: -13.8 -13.8 dBFS
[Parsed_ebur128_0 @ 0x148e05970] t: 441.299979 TARGET:-23 LUFS    M: -43.8 S: -34.1     I: -32.6 LUFS       LRA:   9.2 LU  FTPK:  -inf  -inf dBFS  TPK: -13.8 -13.8 dBFS
[Parsed_ebur128_0 @ 0x148e05970] t: 441.399979 TARGET:-23 LUFS    M:   nan S: -34.2     I: -32.6 LUFS       LRA:   9.2 LU  FTPK:  -inf  -inf dBFS  TPK: -13.8 -13.8 dBFS
[Parsed_ebur128_0 @ 0x148e05970] t: 441.499979 TARGET:-23 LUFS    M:   nan S: -34.3     I: -32.6 LUFS       LRA:   9.2 LU  FTPK:  -inf  -inf dBFS  TPK: -13.8 -13.8 dBFS
[Parsed_ebur128_0 @ 0x148e05970] t: 441.599979 TARGET:-23 LUFS    M:   nan S: -34.4     I: -32.6 LUFS       LRA:   9.2 LU  FTPK:  -inf  -inf dBFS  TPK: -13.8 -13.8 dBFS
[Parsed_ebur128_0 @ 0x148e05970] t: 441.699979 TARGET:-23 LUFS    M:   nan S: -34.6     I: -32.6 LUFS       LRA:   9.2 LU  FTPK:  -inf  -inf dBFS  TPK: -13.8 -13.8 dBFS
[Parsed_ebur128_0 @ 0x148e05970] t: 441.799979 TARGET:-23 LUFS    M:   nan S: -34.7     I: -32.6 LUFS       LRA:   9.2 LU  FTPK:  -inf  -inf dBFS  TPK: -13.8 -13.8 dBFS
[Parsed_ebur128_0 @ 0x148e05970] t: 441.899979 TARGET:-23 LUFS    M:   nan S: -34.9     I: -32.6 LUFS       LRA:   9.2 LU  FTPK:  -inf  -inf dBFS  TPK: -13.8 -13.8 dBFS
[Parsed_ebur128_0 @ 0x148e05970] t: 441.999979 TARGET:-23 LUFS    M:   nan S: -35.0     I: -32.6 LUFS       LRA:   9.2 LU  FTPK:  -inf  -inf dBFS  TPK: -13.8 -13.8 dBFS
[Parsed_ebur128_0 @ 0x148e05970] t: 442.099979 TARGET:-23 LUFS    M:   nan S: -35.1     I: -32.6 LUFS       LRA:   9.2 LU  FTPK:  -inf  -inf dBFS  TPK: -13.8 -13.8 dBFS
[Parsed_ebur128_0 @ 0x148e05970] t: 442.199979 TARGET:-23 LUFS    M:   nan S: -35.3     I: -32.6 LUFS       LRA:   9.2 LU  FTPK:  -inf  -inf dBFS  TPK: -13.8 -13.8 dBFS
[Parsed_ebur128_0 @ 0x148e05970] t: 442.299979 TARGET:-23 LUFS    M:   nan S: -35.4     I: -32.6 LUFS       LRA:   9.2 LU  FTPK:  -inf  -inf dBFS  TPK: -13.8 -13.8 dBFS
[Parsed_ebur128_0 @ 0x148e05970] t: 442.399979 TARGET:-23 LUFS    M:   nan S: -35.6     I: -32.6 LUFS       LRA:   9.2 LU  FTPK:  -inf  -inf dBFS  TPK: -13.8 -13.8 dBFS
[Parsed_ebur128_0 @ 0x148e05970] t: 442.499979 TARGET:-23 LUFS    M:   nan S: -35.7     I: -32.6 LUFS       LRA:   9.2 LU  FTPK:  -inf  -inf dBFS  TPK: -13.8 -13.8 dBFS
[Parsed_ebur128_0 @ 0x148e05970] t: 442.599979 TARGET:-23 LUFS    M:   nan S: -36.0     I: -32.6 LUFS       LRA:   9.2 LU  FTPK:  -inf  -inf dBFS  TPK: -13.8 -13.8 dBFS
[Parsed_ebur128_0 @ 0x148e05970] t: 442.699979 TARGET:-23 LUFS    M:   nan S: -36.2     I: -32.6 LUFS       LRA:   9.2 LU  FTPK:  -inf  -inf dBFS  TPK: -13.8 -13.8 dBFS
[Parsed_ebur128_0 @ 0x148e05970] t: 442.799979 TARGET:-23 LUFS    M:   nan S: -36.4     I: -32.6 LUFS       LRA:   9.2 LU  FTPK:  -inf  -inf dBFS  TPK: -13.8 -13.8 dBFS
[Parsed_ebur128_0 @ 0x148e05970] t: 442.899979 TARGET:-23 LUFS    M:   nan S: -36.6     I: -32.6 LUFS       LRA:   9.2 LU  FTPK:  -inf  -inf dBFS  TPK: -13.8 -13.8 dBFS
[Parsed_ebur128_0 @ 0x148e05970] t: 442.999979 TARGET:-23 LUFS    M:   nan S: -36.9     I: -32.6 LUFS       LRA:   9.2 LU  FTPK:  -inf  -inf dBFS  TPK: -13.8 -13.8 dBFS
[Parsed_ebur128_0 @ 0x148e05970] t: 443.099979 TARGET:-23 LUFS    M:   nan S: -37.2     I: -32.6 LUFS       LRA:   9.2 LU  FTPK:  -inf  -inf dBFS  TPK: -13.8 -13.8 dBFS
[Parsed_ebur128_0 @ 0x148e05970] t: 443.199979 TARGET:-23 LUFS    M:   nan S: -37.3     I: -32.6 LUFS       LRA:   9.2 LU  FTPK:  -inf  -inf dBFS  TPK: -13.8 -13.8 dBFS
[Parsed_ebur128_0 @ 0x148e05970] t: 443.299979 TARGET:-23 LUFS    M:   nan S: -37.3     I: -32.6 LUFS       LRA:   9.2 LU  FTPK:  -inf  -inf dBFS  TPK: -13.8 -13.8 dBFS
[Parsed_ebur128_0 @ 0x148e05970] t: 443.399979 TARGET:-23 LUFS    M:   nan S: -37.3     I: -32.6 LUFS       LRA:   9.2 LU  FTPK:  -inf  -inf dBFS  TPK: -13.8 -13.8 dBFS
[Parsed_ebur128_0 @ 0x148e05970] t: 443.499979 TARGET:-23 LUFS    M:   nan S: -37.3     I: -32.6 LUFS       LRA:   9.2 LU  FTPK:  -inf  -inf dBFS  TPK: -13.8 -13.8 dBFS
[Parsed_ebur128_0 @ 0x148e05970] t: 443.599979 TARGET:-23 LUFS    M:   nan S: -37.3     I: -32.6 LUFS       LRA:   9.2 LU  FTPK:  -inf  -inf dBFS  TPK: -13.8 -13.8 dBFS
[Parsed_ebur128_0 @ 0x148e05970] t: 443.699979 TARGET:-23 LUFS    M:   nan S: -38.4     I: -32.6 LUFS       LRA:   9.2 LU  FTPK:  -inf  -inf dBFS  TPK: -13.8 -13.8 dBFS
[Parsed_ebur128_0 @ 0x148e05970] t: 443.799979 TARGET:-23 LUFS    M:   nan S: -41.1     I: -32.6 LUFS       LRA:   9.2 LU  FTPK:  -inf  -inf dBFS  TPK: -13.8 -13.8 dBFS
[Parsed_ebur128_0 @ 0x148e05970] t: 443.899979 TARGET:-23 LUFS    M:   nan S: -52.6     I: -32.6 LUFS       LRA:   9.2 LU  FTPK:  -inf  -inf dBFS  TPK: -13.8 -13.8 dBFS
[Parsed_ebur128_0 @ 0x148e05970] t: 443.999979 TARGET:-23 LUFS    M:   nan S:   nan     I: -32.6 LUFS       LRA:   9.2 LU  FTPK:  -inf  -inf dBFS  TPK: -13.8 -13.8 dBFS
[Parsed_ebur128_0 @ 0x148e05970] t: 444.099979 TARGET:-23 LUFS    M:   nan S:   nan     I: -32.6 LUFS       LRA:   9.2 LU  FTPK:  -inf  -inf dBFS  TPK: -13.8 -13.8 dBFS
[Parsed_ebur128_0 @ 0x148e05970] t: 444.199979 TARGET:-23 LUFS    M:   nan S:   nan     I: -32.6 LUFS       LRA:   9.2 LU  FTPK:  -inf  -inf dBFS  TPK: -13.8 -13.8 dBFS
[Parsed_ebur128_0 @ 0x148e05970] t: 444.299979 TARGET:-23 LUFS    M:   nan S:   nan     I: -32.6 LUFS       LRA:   9.2 LU  FTPK:  -inf  -inf dBFS  TPK: -13.8 -13.8 dBFS
[Parsed_ebur128_0 @ 0x148e05970] t: 444.399979 TARGET:-23 LUFS    M:   nan S:   nan     I: -32.6 LUFS       LRA:   9.2 LU  FTPK:  -inf  -inf dBFS  TPK: -13.8 -13.8 dBFS
[Parsed_ebur128_0 @ 0x148e05970] t: 444.499979 TARGET:-23 LUFS    M:   nan S:   nan     I: -32.6 LUFS       LRA:   9.2 LU  FTPK:  -inf  -inf dBFS  TPK: -13.8 -13.8 dBFS
[Parsed_ebur128_0 @ 0x148e05970] t: 444.599979 TARGET:-23 LUFS    M:   nan S:   nan     I: -32.6 LUFS       LRA:   9.2 LU  FTPK:  -inf  -inf dBFS  TPK: -13.8 -13.8 dBFS
[Parsed_ebur128_0 @ 0x148e05970] t: 444.699979 TARGET:-23 LUFS    M:   nan S:   nan     I: -32.6 LUFS       LRA:   9.2 LU  FTPK:  -inf  -inf dBFS  TPK: -13.8 -13.8 dBFS
[Parsed_ebur128_0 @ 0x148e05970] t: 444.799979 TARGET:-23 LUFS    M:   nan S:   nan     I: -32.6 LUFS       LRA:   9.2 LU  FTPK:  -inf  -inf dBFS  TPK: -13.8 -13.8 dBFS
[Parsed_ebur128_0 @ 0x148e05970] t: 444.899979 TARGET:-23 LUFS    M:   nan S:   nan     I: -32.6 LUFS       LRA:   9.2 LU  FTPK:  -inf  -inf dBFS  TPK: -13.8 -13.8 dBFS
[Parsed_ebur128_0 @ 0x148e05970] t: 444.999979 TARGET:-23 LUFS    M:   nan S:   nan     I: -32.6 LUFS       LRA:   9.2 LU  FTPK:  -inf  -inf dBFS  TPK: -13.8 -13.8 dBFS
[Parsed_ebur128_0 @ 0x148e05970] t: 445.099979 TARGET:-23 LUFS    M:   nan S:   nan     I: -32.6 LUFS       LRA:   9.2 LU  FTPK:  -inf  -inf dBFS  TPK: -13.8 -13.8 dBFS
[Parsed_ebur128_0 @ 0x148e05970] t: 445.199979 TARGET:-23 LUFS    M:   nan S:   nan     I: -32.6 LUFS       LRA:   9.2 LU  FTPK:  -inf  -inf dBFS  TPK: -13.8 -13.8 dBFS
[Parsed_ebur128_0 @ 0x148e05970] t: 445.299979 TARGET:-23 LUFS    M:   nan S:   nan     I: -32.6 LUFS       LRA:   9.2 LU  FTPK:  -inf  -inf dBFS  TPK: -13.8 -13.8 dBFS
[Parsed_ebur128_0 @ 0x148e05970] t: 445.399979 TARGET:-23 LUFS    M:   nan S:   nan     I: -32.6 LUFS       LRA:   9.2 LU  FTPK:  -inf  -inf dBFS  TPK: -13.8 -13.8 dBFS
[Parsed_ebur128_0 @ 0x148e05970] t: 445.499979 TARGET:-23 LUFS    M: -36.1 S: -44.9     I: -32.6 LUFS       LRA:   9.2 LU  FTPK: -15.2 -16.3 dBFS  TPK: -13.8 -13.8 dBFS
[Parsed_ebur128_0 @ 0x148e05970] t: 445.599979 TARGET:-23 LUFS    M: -36.1 S: -44.8     I: -32.6 LUFS       LRA:   9.2 LU  FTPK: -37.3 -38.3 dBFS  TPK: -13.8 -13.8 dBFS
[Parsed_ebur128_0 @ 0x148e05970] t: 445.699979 TARGET:-23 LUFS    M: -36.1 S: -44.8     I: -32.6 LUFS       LRA:   9.2 LU  FTPK: -172.9 -172.5 dBFS  TPK: -13.8 -13.8 dBFS
[Parsed_ebur128_0 @ 0x148e05970] t: 445.799979 TARGET:-23 LUFS    M: -36.1 S: -44.8     I: -32.6 LUFS       LRA:   9.2 LU  FTPK:  -inf  -inf dBFS  TPK: -13.8 -13.8 dBFS
[Parsed_ebur128_0 @ 0x148e05970] t: 445.899979 TARGET:-23 LUFS    M: -54.4 S: -44.8     I: -32.6 LUFS       LRA:   9.2 LU  FTPK:  -inf  -inf dBFS  TPK: -13.8 -13.8 dBFS
[Parsed_ebur128_0 @ 0x148e05970] t: 445.999979 TARGET:-23 LUFS    M:   nan S: -44.8     I: -32.6 LUFS       LRA:   9.2 LU  FTPK:  -inf  -inf dBFS  TPK: -13.8 -13.8 dBFS
[Parsed_ebur128_0 @ 0x148e05970] t: 446.099979 TARGET:-23 LUFS    M:   nan S: -44.8     I: -32.6 LUFS       LRA:   9.2 LU  FTPK:  -inf  -inf dBFS  TPK: -13.8 -13.8 dBFS
[Parsed_ebur128_0 @ 0x148e05970] t: 446.199979 TARGET:-23 LUFS    M:   nan S: -44.8     I: -32.6 LUFS       LRA:   9.2 LU  FTPK:  -inf  -inf dBFS  TPK: -13.8 -13.8 dBFS
[Parsed_ebur128_0 @ 0x148e05970] t: 446.299979 TARGET:-23 LUFS    M: -40.7 S: -43.5     I: -32.6 LUFS       LRA:   9.2 LU  FTPK: -21.4 -22.5 dBFS  TPK: -13.8 -13.8 dBFS
[Parsed_ebur128_0 @ 0x148e05970] t: 446.399979 TARGET:-23 LUFS    M: -32.2 S: -39.4     I: -32.6 LUFS       LRA:   9.2 LU  FTPK: -17.3 -18.3 dBFS  TPK: -13.8 -13.8 dBFS
[Parsed_ebur128_0 @ 0x148e05970] t: 446.499979 TARGET:-23 LUFS    M: -29.4 S: -37.3     I: -32.6 LUFS       LRA:   9.2 LU  FTPK: -18.0 -19.1 dBFS  TPK: -13.8 -13.8 dBFS
[Parsed_ebur128_0 @ 0x148e05970] t: 446.599979 TARGET:-23 LUFS    M: -28.5 S: -36.6     I: -32.6 LUFS       LRA:   9.2 LU  FTPK: -20.1 -21.2 dBFS  TPK: -13.8 -13.8 dBFS
[Parsed_ebur128_0 @ 0x148e05970] t: 446.699979 TARGET:-23 LUFS    M: -28.8 S: -36.6     I: -32.6 LUFS       LRA:   9.2 LU  FTPK: -126.4 -124.7 dBFS  TPK: -13.8 -13.8 dBFS
[Parsed_ebur128_0 @ 0x148e05970] t: 446.799979 TARGET:-23 LUFS    M: -31.0 S: -36.6     I: -32.6 LUFS       LRA:   9.2 LU  FTPK:  -inf  -inf dBFS  TPK: -13.8 -13.8 dBFS
[Parsed_ebur128_0 @ 0x148e05970] t: 446.899979 TARGET:-23 LUFS    M: -35.7 S: -36.6     I: -32.6 LUFS       LRA:   9.2 LU  FTPK:  -inf  -inf dBFS  TPK: -13.8 -13.8 dBFS
[Parsed_ebur128_0 @ 0x148e05970] t: 446.999979 TARGET:-23 LUFS    M:-145.1 S: -36.6     I: -32.6 LUFS       LRA:   9.2 LU  FTPK:  -inf  -inf dBFS  TPK: -13.8 -13.8 dBFS
[Parsed_ebur128_0 @ 0x148e05970] t: 447.099979 TARGET:-23 LUFS    M:   nan S: -36.6     I: -32.6 LUFS       LRA:   9.2 LU  FTPK:  -inf  -inf dBFS  TPK: -13.8 -13.8 dBFS
[Parsed_ebur128_0 @ 0x148e05970] t: 447.199979 TARGET:-23 LUFS    M:   nan S: -36.6     I: -32.6 LUFS       LRA:   9.2 LU  FTPK:  -inf  -inf dBFS  TPK: -13.8 -13.8 dBFS
[Parsed_ebur128_0 @ 0x148e05970] t: 447.299979 TARGET:-23 LUFS    M:   nan S: -36.6     I: -32.6 LUFS       LRA:   9.2 LU  FTPK:  -inf  -inf dBFS  TPK: -13.8 -13.8 dBFS
[Parsed_ebur128_0 @ 0x148e05970] t: 447.399979 TARGET:-23 LUFS    M:   nan S: -36.6     I: -32.6 LUFS       LRA:   9.2 LU  FTPK:  -inf  -inf dBFS  TPK: -13.8 -13.8 dBFS
[Parsed_ebur128_0 @ 0x148e05970] t: 447.499979 TARGET:-23 LUFS    M:   nan S: -36.6     I: -32.6 LUFS       LRA:   9.2 LU  FTPK:  -inf  -inf dBFS  TPK: -13.8 -13.8 dBFS
[Parsed_ebur128_0 @ 0x148e05970] t: 447.599979 TARGET:-23 LUFS    M:   nan S: -36.6     I: -32.6 LUFS       LRA:   9.2 LU  FTPK:  -inf  -inf dBFS  TPK: -13.8 -13.8 dBFS
[Parsed_ebur128_0 @ 0x148e05970] t: 447.699979 TARGET:-23 LUFS    M:   nan S: -36.6     I: -32.6 LUFS       LRA:   9.2 LU  FTPK:  -inf  -inf dBFS  TPK: -13.8 -13.8 dBFS
[Parsed_ebur128_0 @ 0x148e05970] t: 447.799979 TARGET:-23 LUFS    M:   nan S: -36.6     I: -32.6 LUFS       LRA:   9.2 LU  FTPK:  -inf  -inf dBFS  TPK: -13.8 -13.8 dBFS
[Parsed_ebur128_0 @ 0x148e05970] t: 447.899979 TARGET:-23 LUFS    M:   nan S: -36.6     I: -32.6 LUFS       LRA:   9.2 LU  FTPK:  -inf  -inf dBFS  TPK: -13.8 -13.8 dBFS
[Parsed_ebur128_0 @ 0x148e05970] t: 447.999979 TARGET:-23 LUFS    M:   nan S: -36.6     I: -32.6 LUFS       LRA:   9.2 LU  FTPK:  -inf  -inf dBFS  TPK: -13.8 -13.8 dBFS
[Parsed_ebur128_0 @ 0x148e05970] t: 448.099979 TARGET:-23 LUFS    M:   nan S: -36.6     I: -32.6 LUFS       LRA:   9.2 LU  FTPK:  -inf  -inf dBFS  TPK: -13.8 -13.8 dBFS
[Parsed_ebur128_0 @ 0x148e05970] t: 448.199979 TARGET:-23 LUFS    M:   nan S: -36.6     I: -32.6 LUFS       LRA:   9.2 LU  FTPK:  -inf  -inf dBFS  TPK: -13.8 -13.8 dBFS
[Parsed_ebur128_0 @ 0x148e05970] t: 448.299979 TARGET:-23 LUFS    M:   nan S: -36.6     I: -32.6 LUFS       LRA:   9.2 LU  FTPK:  -inf  -inf dBFS  TPK: -13.8 -13.8 dBFS
[Parsed_ebur128_0 @ 0x148e05970] t: 448.399979 TARGET:-23 LUFS    M:   nan S: -36.6     I: -32.6 LUFS       LRA:   9.2 LU  FTPK:  -inf  -inf dBFS  TPK: -13.8 -13.8 dBFS
[Parsed_ebur128_0 @ 0x148e05970] t: 448.499979 TARGET:-23 LUFS    M:   nan S: -37.3     I: -32.6 LUFS       LRA:   9.2 LU  FTPK:  -inf  -inf dBFS  TPK: -13.8 -13.8 dBFS
[Parsed_ebur128_0 @ 0x148e05970] t: 448.599979 TARGET:-23 LUFS    M:   nan S: -37.3     I: -32.6 LUFS       LRA:   9.2 LU  FTPK:  -inf  -inf dBFS  TPK: -13.8 -13.8 dBFS
[Parsed_ebur128_0 @ 0x148e05970] t: 448.699979 TARGET:-23 LUFS    M:   nan S: -37.3     I: -32.6 LUFS       LRA:   9.2 LU  FTPK:  -inf  -inf dBFS  TPK: -13.8 -13.8 dBFS
[Parsed_ebur128_0 @ 0x148e05970] t: 448.799979 TARGET:-23 LUFS    M:   nan S: -37.3     I: -32.6 LUFS       LRA:   9.2 LU  FTPK:  -inf  -inf dBFS  TPK: -13.8 -13.8 dBFS
[Parsed_ebur128_0 @ 0x148e05970] t: 448.899979 TARGET:-23 LUFS    M:   nan S: -37.3     I: -32.6 LUFS       LRA:   9.2 LU  FTPK:  -inf  -inf dBFS  TPK: -13.8 -13.8 dBFS
[Parsed_ebur128_0 @ 0x148e05970] t: 448.999979 TARGET:-23 LUFS    M:   nan S: -37.3     I: -32.6 LUFS       LRA:   9.2 LU  FTPK:  -inf  -inf dBFS  TPK: -13.8 -13.8 dBFS
[Parsed_ebur128_0 @ 0x148e05970] t: 449.099979 TARGET:-23 LUFS    M:   nan S: -37.3     I: -32.6 LUFS       LRA:   9.2 LU  FTPK:  -inf  -inf dBFS  TPK: -13.8 -13.8 dBFS
[Parsed_ebur128_0 @ 0x148e05970] t: 449.199979 TARGET:-23 LUFS    M:   nan S: -37.3     I: -32.6 LUFS       LRA:   9.2 LU  FTPK:  -inf  -inf dBFS  TPK: -13.8 -13.8 dBFS
[Parsed_ebur128_0 @ 0x148e05970] t: 449.299979 TARGET:-23 LUFS    M:   nan S: -37.5     I: -32.6 LUFS       LRA:   9.2 LU  FTPK:  -inf  -inf dBFS  TPK: -13.8 -13.8 dBFS
[Parsed_ebur128_0 @ 0x148e05970] t: 449.399979 TARGET:-23 LUFS    M:   nan S: -39.7     I: -32.6 LUFS       LRA:   9.2 LU  FTPK:  -inf  -inf dBFS  TPK: -13.8 -13.8 dBFS
[Parsed_ebur128_0 @ 0x148e05970] t: 449.499979 TARGET:-23 LUFS    M:   nan S: -44.5     I: -32.6 LUFS       LRA:   9.2 LU  FTPK:  -inf  -inf dBFS  TPK: -13.8 -13.8 dBFS
[Parsed_ebur128_0 @ 0x148e05970] t: 449.599979 TARGET:-23 LUFS    M:   nan S:-153.9     I: -32.6 LUFS       LRA:   9.2 LU  FTPK:  -inf  -inf dBFS  TPK: -13.8 -13.8 dBFS
[Parsed_ebur128_0 @ 0x148e05970] t: 449.699979 TARGET:-23 LUFS    M:   nan S:   nan     I: -32.6 LUFS       LRA:   9.2 LU  FTPK:  -inf  -inf dBFS  TPK: -13.8 -13.8 dBFS
[Parsed_ebur128_0 @ 0x148e05970] t: 449.799979 TARGET:-23 LUFS    M:   nan S:   nan     I: -32.6 LUFS       LRA:   9.2 LU  FTPK:  -inf  -inf dBFS  TPK: -13.8 -13.8 dBFS
[Parsed_ebur128_0 @ 0x148e05970] t: 449.899979 TARGET:-23 LUFS    M:   nan S:   nan     I: -32.6 LUFS       LRA:   9.2 LU  FTPK:  -inf  -inf dBFS  TPK: -13.8 -13.8 dBFS
[Parsed_ebur128_0 @ 0x148e05970] t: 449.999979 TARGET:-23 LUFS    M:   nan S:   nan     I: -32.6 LUFS       LRA:   9.2 LU  FTPK:  -inf  -inf dBFS  TPK: -13.8 -13.8 dBFS
[Parsed_ebur128_0 @ 0x148e05970] t: 450.099979 TARGET:-23 LUFS    M:   nan S:   nan     I: -32.6 LUFS       LRA:   9.2 LU  FTPK:  -inf  -inf dBFS  TPK: -13.8 -13.8 dBFS
[Parsed_ebur128_0 @ 0x148e05970] t: 450.199979 TARGET:-23 LUFS    M:   nan S:   nan     I: -32.6 LUFS       LRA:   9.2 LU  FTPK:  -inf  -inf dBFS  TPK: -13.8 -13.8 dBFS
[Parsed_ebur128_0 @ 0x148e05970] t: 450.299979 TARGET:-23 LUFS    M:   nan S:   nan     I: -32.6 LUFS       LRA:   9.2 LU  FTPK:  -inf  -inf dBFS  TPK: -13.8 -13.8 dBFS
[Parsed_ebur128_0 @ 0x148e05970] t: 450.399979 TARGET:-23 LUFS    M:   nan S:   nan     I: -32.6 LUFS       LRA:   9.2 LU  FTPK:  -inf  -inf dBFS  TPK: -13.8 -13.8 dBFS
[Parsed_ebur128_0 @ 0x148e05970] t: 450.499979 TARGET:-23 LUFS    M:   nan S:   nan     I: -32.6 LUFS       LRA:   9.2 LU  FTPK:  -inf  -inf dBFS  TPK: -13.8 -13.8 dBFS
[Parsed_ebur128_0 @ 0x148e05970] t: 450.599979 TARGET:-23 LUFS    M:   nan S:   nan     I: -32.6 LUFS       LRA:   9.2 LU  FTPK:  -inf  -inf dBFS  TPK: -13.8 -13.8 dBFS
[Parsed_ebur128_0 @ 0x148e05970] t: 450.699979 TARGET:-23 LUFS    M:   nan S:   nan     I: -32.6 LUFS       LRA:   9.2 LU  FTPK:  -inf  -inf dBFS  TPK: -13.8 -13.8 dBFS
[Parsed_ebur128_0 @ 0x148e05970] t: 450.799979 TARGET:-23 LUFS    M:   nan S:   nan     I: -32.6 LUFS       LRA:   9.2 LU  FTPK:  -inf  -inf dBFS  TPK: -13.8 -13.8 dBFS
[Parsed_ebur128_0 @ 0x148e05970] t: 450.899979 TARGET:-23 LUFS    M:   nan S:   nan     I: -32.6 LUFS       LRA:   9.2 LU  FTPK:  -inf  -inf dBFS  TPK: -13.8 -13.8 dBFS
[Parsed_ebur128_0 @ 0x148e05970] t: 450.999979 TARGET:-23 LUFS    M:   nan S:   nan     I: -32.6 LUFS       LRA:   9.2 LU  FTPK:  -inf  -inf dBFS  TPK: -13.8 -13.8 dBFS
[Parsed_ebur128_0 @ 0x148e05970] t: 451.099979 TARGET:-23 LUFS    M:   nan S:   nan     I: -32.6 LUFS       LRA:   9.2 LU  FTPK:  -inf  -inf dBFS  TPK: -13.8 -13.8 dBFS
[Parsed_ebur128_0 @ 0x148e05970] t: 451.199979 TARGET:-23 LUFS    M:   nan S:   nan     I: -32.6 LUFS       LRA:   9.2 LU  FTPK:  -inf  -inf dBFS  TPK: -13.8 -13.8 dBFS
[Parsed_ebur128_0 @ 0x148e05970] t: 451.299979 TARGET:-23 LUFS    M:   nan S:   nan     I: -32.6 LUFS       LRA:   9.2 LU  FTPK:  -inf  -inf dBFS  TPK: -13.8 -13.8 dBFS
[Parsed_ebur128_0 @ 0x148e05970] t: 451.399979 TARGET:-23 LUFS    M:   nan S:   nan     I: -32.6 LUFS       LRA:   9.2 LU  FTPK:  -inf  -inf dBFS  TPK: -13.8 -13.8 dBFS
[Parsed_ebur128_0 @ 0x148e05970] t: 451.499979 TARGET:-23 LUFS    M:   nan S:   nan     I: -32.6 LUFS       LRA:   9.2 LU  FTPK:  -inf  -inf dBFS  TPK: -13.8 -13.8 dBFS
[Parsed_ebur128_0 @ 0x148e05970] t: 451.599979 TARGET:-23 LUFS    M:   nan S:   nan     I: -32.6 LUFS       LRA:   9.2 LU  FTPK:  -inf  -inf dBFS  TPK: -13.8 -13.8 dBFS
[Parsed_ebur128_0 @ 0x148e05970] t: 451.699979 TARGET:-23 LUFS    M:   nan S:   nan     I: -32.6 LUFS       LRA:   9.2 LU  FTPK:  -inf  -inf dBFS  TPK: -13.8 -13.8 dBFS
[Parsed_ebur128_0 @ 0x148e05970] t: 451.799979 TARGET:-23 LUFS    M:   nan S:   nan     I: -32.6 LUFS       LRA:   9.2 LU  FTPK:  -inf  -inf dBFS  TPK: -13.8 -13.8 dBFS
[Parsed_ebur128_0 @ 0x148e05970] t: 451.899979 TARGET:-23 LUFS    M:   nan S:   nan     I: -32.6 LUFS       LRA:   9.2 LU  FTPK:  -inf  -inf dBFS  TPK: -13.8 -13.8 dBFS
[Parsed_ebur128_0 @ 0x148e05970] t: 451.999979 TARGET:-23 LUFS    M:   nan S:   nan     I: -32.6 LUFS       LRA:   9.2 LU  FTPK:  -inf  -inf dBFS  TPK: -13.8 -13.8 dBFS
[Parsed_ebur128_0 @ 0x148e05970] t: 452.099979 TARGET:-23 LUFS    M:   nan S:   nan     I: -32.6 LUFS       LRA:   9.2 LU  FTPK:  -inf  -inf dBFS  TPK: -13.8 -13.8 dBFS
[Parsed_ebur128_0 @ 0x148e05970] t: 452.199979 TARGET:-23 LUFS    M:   nan S:   nan     I: -32.6 LUFS       LRA:   9.2 LU  FTPK:  -inf  -inf dBFS  TPK: -13.8 -13.8 dBFS
[Parsed_ebur128_0 @ 0x148e05970] t: 452.299979 TARGET:-23 LUFS    M:   nan S:   nan     I: -32.6 LUFS       LRA:   9.2 LU  FTPK:  -inf  -inf dBFS  TPK: -13.8 -13.8 dBFS
[Parsed_ebur128_0 @ 0x148e05970] t: 452.399979 TARGET:-23 LUFS    M: -39.7 S: -48.4     I: -32.6 LUFS       LRA:   9.2 LU  FTPK: -19.4 -18.3 dBFS  TPK: -13.8 -13.8 dBFS
[Parsed_ebur128_0 @ 0x148e05970] t: 452.499979 TARGET:-23 LUFS    M: -39.1 S: -47.8     I: -32.6 LUFS       LRA:   9.2 LU  FTPK: -31.9 -30.8 dBFS  TPK: -13.8 -13.8 dBFS
[Parsed_ebur128_0 @ 0x148e05970] t: 452.599979 TARGET:-23 LUFS    M: -39.1 S: -47.8     I: -32.6 LUFS       LRA:   9.2 LU  FTPK: -83.4 -83.5 dBFS  TPK: -13.8 -13.8 dBFS
[Parsed_ebur128_0 @ 0x148e05970] t: 452.699979 TARGET:-23 LUFS    M: -39.1 S: -47.8     I: -32.6 LUFS       LRA:   9.2 LU  FTPK:  -inf  -inf dBFS  TPK: -13.8 -13.8 dBFS
[Parsed_ebur128_0 @ 0x148e05970] t: 452.799979 TARGET:-23 LUFS    M: -48.1 S: -47.8     I: -32.6 LUFS       LRA:   9.2 LU  FTPK:  -inf  -inf dBFS  TPK: -13.8 -13.8 dBFS
[Parsed_ebur128_0 @ 0x148e05970] t: 452.899979 TARGET:-23 LUFS    M:-110.0 S: -47.8     I: -32.6 LUFS       LRA:   9.2 LU  FTPK:  -inf  -inf dBFS  TPK: -13.8 -13.8 dBFS
[Parsed_ebur128_0 @ 0x148e05970] t: 452.999979 TARGET:-23 LUFS    M:   nan S: -47.8     I: -32.6 LUFS       LRA:   9.2 LU  FTPK:  -inf  -inf dBFS  TPK: -13.8 -13.8 dBFS
[Parsed_ebur128_0 @ 0x148e05970] t: 453.099979 TARGET:-23 LUFS    M:   nan S: -47.8     I: -32.6 LUFS       LRA:   9.2 LU  FTPK:  -inf  -inf dBFS  TPK: -13.8 -13.8 dBFS
[Parsed_ebur128_0 @ 0x148e05970] t: 453.199979 TARGET:-23 LUFS    M:   nan S: -47.8     I: -32.6 LUFS       LRA:   9.2 LU  FTPK:  -inf  -inf dBFS  TPK: -13.8 -13.8 dBFS
[Parsed_ebur128_0 @ 0x148e05970] t: 453.299979 TARGET:-23 LUFS    M:   nan S: -47.8     I: -32.6 LUFS       LRA:   9.2 LU  FTPK:  -inf  -inf dBFS  TPK: -13.8 -13.8 dBFS
[Parsed_ebur128_0 @ 0x148e05970] t: 453.399979 TARGET:-23 LUFS    M:   nan S: -47.8     I: -32.6 LUFS       LRA:   9.2 LU  FTPK:  -inf  -inf dBFS  TPK: -13.8 -13.8 dBFS
[Parsed_ebur128_0 @ 0x148e05970] t: 453.499979 TARGET:-23 LUFS    M:   nan S: -47.8     I: -32.6 LUFS       LRA:   9.2 LU  FTPK:  -inf  -inf dBFS  TPK: -13.8 -13.8 dBFS
[Parsed_ebur128_0 @ 0x148e05970] t: 453.599979 TARGET:-23 LUFS    M:   nan S: -47.8     I: -32.6 LUFS       LRA:   9.2 LU  FTPK:  -inf  -inf dBFS  TPK: -13.8 -13.8 dBFS
[Parsed_ebur128_0 @ 0x148e05970] t: 453.699979 TARGET:-23 LUFS    M:   nan S: -47.8     I: -32.6 LUFS       LRA:   9.2 LU  FTPK:  -inf  -inf dBFS  TPK: -13.8 -13.8 dBFS
[Parsed_ebur128_0 @ 0x148e05970] t: 453.799979 TARGET:-23 LUFS    M:   nan S: -47.8     I: -32.6 LUFS       LRA:   9.2 LU  FTPK:  -inf  -inf dBFS  TPK: -13.8 -13.8 dBFS
[Parsed_ebur128_0 @ 0x148e05970] t: 453.899979 TARGET:-23 LUFS    M:   nan S: -47.8     I: -32.6 LUFS       LRA:   9.2 LU  FTPK:  -inf  -inf dBFS  TPK: -13.8 -13.8 dBFS
[Parsed_ebur128_0 @ 0x148e05970] t: 453.999979 TARGET:-23 LUFS    M:   nan S: -47.8     I: -32.6 LUFS       LRA:   9.2 LU  FTPK:  -inf  -inf dBFS  TPK: -13.8 -13.8 dBFS
[Parsed_ebur128_0 @ 0x148e05970] t: 454.099979 TARGET:-23 LUFS    M:   nan S: -47.8     I: -32.6 LUFS       LRA:   9.2 LU  FTPK:  -inf  -inf dBFS  TPK: -13.8 -13.8 dBFS
[Parsed_ebur128_0 @ 0x148e05970] t: 454.199979 TARGET:-23 LUFS    M:   nan S: -47.8     I: -32.6 LUFS       LRA:   9.2 LU  FTPK:  -inf  -inf dBFS  TPK: -13.8 -13.8 dBFS
[Parsed_ebur128_0 @ 0x148e05970] t: 454.299979 TARGET:-23 LUFS    M:   nan S: -47.8     I: -32.6 LUFS       LRA:   9.2 LU  FTPK:  -inf  -inf dBFS  TPK: -13.8 -13.8 dBFS
[Parsed_ebur128_0 @ 0x148e05970] t: 454.399979 TARGET:-23 LUFS    M:   nan S: -47.8     I: -32.6 LUFS       LRA:   9.2 LU  FTPK:  -inf  -inf dBFS  TPK: -13.8 -13.8 dBFS
[Parsed_ebur128_0 @ 0x148e05970] t: 454.499979 TARGET:-23 LUFS    M:   nan S: -47.8     I: -32.6 LUFS       LRA:   9.2 LU  FTPK:  -inf  -inf dBFS  TPK: -13.8 -13.8 dBFS
[Parsed_ebur128_0 @ 0x148e05970] t: 454.599979 TARGET:-23 LUFS    M: -44.3 S: -46.7     I: -32.6 LUFS       LRA:   9.2 LU  FTPK: -25.9 -27.0 dBFS  TPK: -13.8 -13.8 dBFS
[Parsed_ebur128_0 @ 0x148e05970] t: 454.699979 TARGET:-23 LUFS    M: -39.0 S: -44.8     I: -32.6 LUFS       LRA:   9.2 LU  FTPK: -24.3 -25.3 dBFS  TPK: -13.8 -13.8 dBFS
[Parsed_ebur128_0 @ 0x148e05970] t: 454.799979 TARGET:-23 LUFS    M: -37.6 S: -44.0     I: -32.7 LUFS       LRA:   9.2 LU  FTPK: -28.4 -29.4 dBFS  TPK: -13.8 -13.8 dBFS
[Parsed_ebur128_0 @ 0x148e05970] t: 454.899979 TARGET:-23 LUFS    M: -35.6 S: -42.7     I: -32.7 LUFS       LRA:   9.2 LU  FTPK: -27.1 -28.1 dBFS  TPK: -13.8 -13.8 dBFS
[Parsed_ebur128_0 @ 0x148e05970] t: 454.999979 TARGET:-23 LUFS    M: -35.4 S: -42.2     I: -32.7 LUFS       LRA:   9.2 LU  FTPK: -28.7 -29.8 dBFS  TPK: -13.8 -13.8 dBFS
[Parsed_ebur128_0 @ 0x148e05970] t: 455.099979 TARGET:-23 LUFS    M: -35.4 S: -41.4     I: -32.7 LUFS       LRA:   9.2 LU  FTPK: -26.3 -27.4 dBFS  TPK: -13.8 -13.8 dBFS
[Parsed_ebur128_0 @ 0x148e05970] t: 455.199979 TARGET:-23 LUFS    M: -34.9 S: -40.8     I: -32.7 LUFS       LRA:   9.2 LU  FTPK: -25.1 -26.1 dBFS  TPK: -13.8 -13.8 dBFS
[Parsed_ebur128_0 @ 0x148e05970] t: 455.299979 TARGET:-23 LUFS    M: -35.6 S: -40.5     I: -32.7 LUFS       LRA:   9.2 LU  FTPK: -29.5 -30.5 dBFS  TPK: -13.8 -13.8 dBFS
[Parsed_ebur128_0 @ 0x148e05970] t: 455.399979 TARGET:-23 LUFS    M: -35.0 S: -40.6     I: -32.7 LUFS       LRA:   9.2 LU  FTPK: -24.6 -25.7 dBFS  TPK: -13.8 -13.8 dBFS
[Parsed_ebur128_0 @ 0x148e05970] t: 455.499979 TARGET:-23 LUFS    M: -35.5 S: -40.3     I: -32.7 LUFS       LRA:   9.2 LU  FTPK: -28.9 -29.8 dBFS  TPK: -13.8 -13.8 dBFS
[Parsed_ebur128_0 @ 0x148e05970] t: 455.599979 TARGET:-23 LUFS    M: -35.7 S: -39.9     I: -32.7 LUFS       LRA:   9.2 LU  FTPK: -24.9 -25.9 dBFS  TPK: -13.8 -13.8 dBFS
[Parsed_ebur128_0 @ 0x148e05970] t: 455.699979 TARGET:-23 LUFS    M: -34.9 S: -39.3     I: -32.7 LUFS       LRA:   9.2 LU  FTPK: -24.7 -25.8 dBFS  TPK: -13.8 -13.8 dBFS
[Parsed_ebur128_0 @ 0x148e05970] t: 455.799979 TARGET:-23 LUFS    M: -35.6 S: -39.1     I: -32.7 LUFS       LRA:   9.2 LU  FTPK: -29.2 -30.2 dBFS  TPK: -13.8 -13.8 dBFS
[Parsed_ebur128_0 @ 0x148e05970] t: 455.899979 TARGET:-23 LUFS    M: -34.6 S: -38.6     I: -32.7 LUFS       LRA:   9.2 LU  FTPK: -25.6 -26.6 dBFS  TPK: -13.8 -13.8 dBFS
[Parsed_ebur128_0 @ 0x148e05970] t: 455.999979 TARGET:-23 LUFS    M: -34.7 S: -38.3     I: -32.7 LUFS       LRA:   9.2 LU  FTPK: -26.6 -27.7 dBFS  TPK: -13.8 -13.8 dBFS
[Parsed_ebur128_0 @ 0x148e05970] t: 456.099979 TARGET:-23 LUFS    M: -35.2 S: -38.0     I: -32.7 LUFS       LRA:   9.2 LU  FTPK: -25.7 -26.7 dBFS  TPK: -13.8 -13.8 dBFS
[Parsed_ebur128_0 @ 0x148e05970] t: 456.199979 TARGET:-23 LUFS    M: -34.7 S: -37.7     I: -32.7 LUFS       LRA:   9.2 LU  FTPK: -26.7 -27.7 dBFS  TPK: -13.8 -13.8 dBFS
[Parsed_ebur128_0 @ 0x148e05970] t: 456.299979 TARGET:-23 LUFS    M: -36.0 S: -37.6     I: -32.7 LUFS       LRA:   9.2 LU  FTPK: -29.6 -30.6 dBFS  TPK: -13.8 -13.8 dBFS
[Parsed_ebur128_0 @ 0x148e05970] t: 456.399979 TARGET:-23 LUFS    M: -35.8 S: -37.4     I: -32.7 LUFS       LRA:   9.2 LU  FTPK: -20.3 -21.3 dBFS  TPK: -13.8 -13.8 dBFS
[Parsed_ebur128_0 @ 0x148e05970] t: 456.499979 TARGET:-23 LUFS    M: -37.1 S: -37.4     I: -32.7 LUFS       LRA:   9.2 LU  FTPK: -32.5 -33.5 dBFS  TPK: -13.8 -13.8 dBFS
[Parsed_ebur128_0 @ 0x148e05970] t: 456.599979 TARGET:-23 LUFS    M: -39.5 S: -37.4     I: -32.7 LUFS       LRA:   9.2 LU  FTPK: -88.3 -88.5 dBFS  TPK: -13.8 -13.8 dBFS
[Parsed_ebur128_0 @ 0x148e05970] t: 456.699979 TARGET:-23 LUFS    M: -41.1 S: -37.4     I: -32.7 LUFS       LRA:   9.2 LU  FTPK:  -inf  -inf dBFS  TPK: -13.8 -13.8 dBFS
[Parsed_ebur128_0 @ 0x148e05970] t: 456.799979 TARGET:-23 LUFS    M: -50.1 S: -37.4     I: -32.7 LUFS       LRA:   9.2 LU  FTPK:  -inf  -inf dBFS  TPK: -13.8 -13.8 dBFS
[Parsed_ebur128_0 @ 0x148e05970] t: 456.899979 TARGET:-23 LUFS    M:-112.0 S: -37.4     I: -32.7 LUFS       LRA:   9.2 LU  FTPK:  -inf  -inf dBFS  TPK: -13.8 -13.8 dBFS
[Parsed_ebur128_0 @ 0x148e05970] t: 456.999979 TARGET:-23 LUFS    M:   nan S: -37.4     I: -32.7 LUFS       LRA:   9.2 LU  FTPK:  -inf  -inf dBFS  TPK: -13.8 -13.8 dBFS
[Parsed_ebur128_0 @ 0x148e05970] t: 457.099979 TARGET:-23 LUFS    M:   nan S: -37.4     I: -32.7 LUFS       LRA:   9.2 LU  FTPK:  -inf  -inf dBFS  TPK: -13.8 -13.8 dBFS
[Parsed_ebur128_0 @ 0x148e05970] t: 457.199979 TARGET:-23 LUFS    M:   nan S: -37.4     I: -32.7 LUFS       LRA:   9.2 LU  FTPK:  -inf  -inf dBFS  TPK: -13.8 -13.8 dBFS
[Parsed_ebur128_0 @ 0x148e05970] t: 457.299979 TARGET:-23 LUFS    M:   nan S: -37.4     I: -32.7 LUFS       LRA:   9.2 LU  FTPK:  -inf  -inf dBFS  TPK: -13.8 -13.8 dBFS
[Parsed_ebur128_0 @ 0x148e05970] t: 457.399979 TARGET:-23 LUFS    M:   nan S: -37.4     I: -32.7 LUFS       LRA:   9.2 LU  FTPK:  -inf  -inf dBFS  TPK: -13.8 -13.8 dBFS
[Parsed_ebur128_0 @ 0x148e05970] t: 457.499979 TARGET:-23 LUFS    M:   nan S: -37.4     I: -32.7 LUFS       LRA:   9.2 LU  FTPK:  -inf  -inf dBFS  TPK: -13.8 -13.8 dBFS
[Parsed_ebur128_0 @ 0x148e05970] t: 457.599979 TARGET:-23 LUFS    M:   nan S: -37.5     I: -32.7 LUFS       LRA:   9.2 LU  FTPK:  -inf  -inf dBFS  TPK: -13.8 -13.8 dBFS
[Parsed_ebur128_0 @ 0x148e05970] t: 457.699979 TARGET:-23 LUFS    M:   nan S: -37.8     I: -32.7 LUFS       LRA:   9.2 LU  FTPK:  -inf  -inf dBFS  TPK: -13.8 -13.8 dBFS
[Parsed_ebur128_0 @ 0x148e05970] t: 457.799979 TARGET:-23 LUFS    M:   nan S: -38.0     I: -32.7 LUFS       LRA:   9.2 LU  FTPK:  -inf  -inf dBFS  TPK: -13.8 -13.8 dBFS
[Parsed_ebur128_0 @ 0x148e05970] t: 457.899979 TARGET:-23 LUFS    M:   nan S: -38.3     I: -32.7 LUFS       LRA:   9.2 LU  FTPK:  -inf  -inf dBFS  TPK: -13.8 -13.8 dBFS
[Parsed_ebur128_0 @ 0x148e05970] t: 457.999979 TARGET:-23 LUFS    M:   nan S: -38.6     I: -32.7 LUFS       LRA:   9.2 LU  FTPK:  -inf  -inf dBFS  TPK: -13.8 -13.8 dBFS
[Parsed_ebur128_0 @ 0x148e05970] t: 458.099979 TARGET:-23 LUFS    M:   nan S: -38.9     I: -32.7 LUFS       LRA:   9.2 LU  FTPK:  -inf  -inf dBFS  TPK: -13.8 -13.8 dBFS
[Parsed_ebur128_0 @ 0x148e05970] t: 458.199979 TARGET:-23 LUFS    M:   nan S: -39.3     I: -32.7 LUFS       LRA:   9.2 LU  FTPK:  -inf  -inf dBFS  TPK: -13.8 -13.8 dBFS
[Parsed_ebur128_0 @ 0x148e05970] t: 458.299979 TARGET:-23 LUFS    M:   nan S: -39.6     I: -32.7 LUFS       LRA:   9.2 LU  FTPK:  -inf  -inf dBFS  TPK: -13.8 -13.8 dBFS
[Parsed_ebur128_0 @ 0x148e05970] t: 458.399979 TARGET:-23 LUFS    M:   nan S: -40.1     I: -32.7 LUFS       LRA:   9.2 LU  FTPK:  -inf  -inf dBFS  TPK: -13.8 -13.8 dBFS
[Parsed_ebur128_0 @ 0x148e05970] t: 458.499979 TARGET:-23 LUFS    M:   nan S: -40.4     I: -32.7 LUFS       LRA:   9.2 LU  FTPK:  -inf  -inf dBFS  TPK: -13.8 -13.8 dBFS
[Parsed_ebur128_0 @ 0x148e05970] t: 458.599979 TARGET:-23 LUFS    M:   nan S: -40.9     I: -32.7 LUFS       LRA:   9.2 LU  FTPK:  -inf  -inf dBFS  TPK: -13.8 -13.8 dBFS
[Parsed_ebur128_0 @ 0x148e05970] t: 458.699979 TARGET:-23 LUFS    M:   nan S: -41.7     I: -32.7 LUFS       LRA:   9.2 LU  FTPK:  -inf  -inf dBFS  TPK: -13.8 -13.8 dBFS
[Parsed_ebur128_0 @ 0x148e05970] t: 458.799979 TARGET:-23 LUFS    M:   nan S: -42.2     I: -32.7 LUFS       LRA:   9.2 LU  FTPK:  -inf  -inf dBFS  TPK: -13.8 -13.8 dBFS
[Parsed_ebur128_0 @ 0x148e05970] t: 458.899979 TARGET:-23 LUFS    M:   nan S: -43.5     I: -32.7 LUFS       LRA:   9.2 LU  FTPK:  -inf  -inf dBFS  TPK: -13.8 -13.8 dBFS
[Parsed_ebur128_0 @ 0x148e05970] t: 458.999979 TARGET:-23 LUFS    M:   nan S: -44.4     I: -32.7 LUFS       LRA:   9.2 LU  FTPK:  -inf  -inf dBFS  TPK: -13.8 -13.8 dBFS
[Parsed_ebur128_0 @ 0x148e05970] t: 459.099979 TARGET:-23 LUFS    M:   nan S: -45.8     I: -32.7 LUFS       LRA:   9.2 LU  FTPK:  -inf  -inf dBFS  TPK: -13.8 -13.8 dBFS
[Parsed_ebur128_0 @ 0x148e05970] t: 459.199979 TARGET:-23 LUFS    M:   nan S: -48.3     I: -32.7 LUFS       LRA:   9.2 LU  FTPK:  -inf  -inf dBFS  TPK: -13.8 -13.8 dBFS
[Parsed_ebur128_0 @ 0x148e05970] t: 459.299979 TARGET:-23 LUFS    M:   nan S: -49.8     I: -32.7 LUFS       LRA:   9.2 LU  FTPK:  -inf  -inf dBFS  TPK: -13.8 -13.8 dBFS
[Parsed_ebur128_0 @ 0x148e05970] t: 459.399979 TARGET:-23 LUFS    M:   nan S: -58.8     I: -32.7 LUFS       LRA:   9.2 LU  FTPK:  -inf  -inf dBFS  TPK: -13.8 -13.8 dBFS
[Parsed_ebur128_0 @ 0x148e05970] t: 459.499979 TARGET:-23 LUFS    M:   nan S:-120.8     I: -32.7 LUFS       LRA:   9.2 LU  FTPK:  -inf  -inf dBFS  TPK: -13.8 -13.8 dBFS
[Parsed_ebur128_0 @ 0x148e05970] t: 459.599979 TARGET:-23 LUFS    M:   nan S:   nan     I: -32.7 LUFS       LRA:   9.2 LU  FTPK:  -inf  -inf dBFS  TPK: -13.8 -13.8 dBFS
[Parsed_ebur128_0 @ 0x148e05970] t: 459.699979 TARGET:-23 LUFS    M:   nan S:   nan     I: -32.7 LUFS       LRA:   9.2 LU  FTPK:  -inf  -inf dBFS  TPK: -13.8 -13.8 dBFS
[Parsed_ebur128_0 @ 0x148e05970] t: 459.799979 TARGET:-23 LUFS    M:   nan S:   nan     I: -32.7 LUFS       LRA:   9.2 LU  FTPK:  -inf  -inf dBFS  TPK: -13.8 -13.8 dBFS
[Parsed_ebur128_0 @ 0x148e05970] t: 459.899979 TARGET:-23 LUFS    M:   nan S:   nan     I: -32.7 LUFS       LRA:   9.2 LU  FTPK:  -inf  -inf dBFS  TPK: -13.8 -13.8 dBFS
[Parsed_ebur128_0 @ 0x148e05970] t: 459.999979 TARGET:-23 LUFS    M:   nan S:   nan     I: -32.7 LUFS       LRA:   9.2 LU  FTPK:  -inf  -inf dBFS  TPK: -13.8 -13.8 dBFS
[Parsed_ebur128_0 @ 0x148e05970] t: 460.099979 TARGET:-23 LUFS    M:   nan S:   nan     I: -32.7 LUFS       LRA:   9.2 LU  FTPK:  -inf  -inf dBFS  TPK: -13.8 -13.8 dBFS
[Parsed_ebur128_0 @ 0x148e05970] t: 460.199979 TARGET:-23 LUFS    M:   nan S:   nan     I: -32.7 LUFS       LRA:   9.2 LU  FTPK:  -inf  -inf dBFS  TPK: -13.8 -13.8 dBFS
[Parsed_ebur128_0 @ 0x148e05970] t: 460.299979 TARGET:-23 LUFS    M:   nan S:   nan     I: -32.7 LUFS       LRA:   9.2 LU  FTPK:  -inf  -inf dBFS  TPK: -13.8 -13.8 dBFS
[Parsed_ebur128_0 @ 0x148e05970] t: 460.399979 TARGET:-23 LUFS    M:   nan S:   nan     I: -32.7 LUFS       LRA:   9.2 LU  FTPK:  -inf  -inf dBFS  TPK: -13.8 -13.8 dBFS
[Parsed_ebur128_0 @ 0x148e05970] t: 460.499979 TARGET:-23 LUFS    M:   nan S:   nan     I: -32.7 LUFS       LRA:   9.2 LU  FTPK:  -inf  -inf dBFS  TPK: -13.8 -13.8 dBFS
[Parsed_ebur128_0 @ 0x148e05970] t: 460.599979 TARGET:-23 LUFS    M:   nan S:   nan     I: -32.7 LUFS       LRA:   9.2 LU  FTPK:  -inf  -inf dBFS  TPK: -13.8 -13.8 dBFS
[Parsed_ebur128_0 @ 0x148e05970] t: 460.699979 TARGET:-23 LUFS    M:   nan S:   nan     I: -32.7 LUFS       LRA:   9.2 LU  FTPK:  -inf  -inf dBFS  TPK: -13.8 -13.8 dBFS
[Parsed_ebur128_0 @ 0x148e05970] t: 460.799979 TARGET:-23 LUFS    M:   nan S:   nan     I: -32.7 LUFS       LRA:   9.2 LU  FTPK:  -inf  -inf dBFS  TPK: -13.8 -13.8 dBFS
[Parsed_ebur128_0 @ 0x148e05970] t: 460.899979 TARGET:-23 LUFS    M:   nan S:   nan     I: -32.7 LUFS       LRA:   9.2 LU  FTPK:  -inf  -inf dBFS  TPK: -13.8 -13.8 dBFS
[Parsed_ebur128_0 @ 0x148e05970] t: 460.999979 TARGET:-23 LUFS    M:   nan S:   nan     I: -32.7 LUFS       LRA:   9.2 LU  FTPK:  -inf  -inf dBFS  TPK: -13.8 -13.8 dBFS
[Parsed_ebur128_0 @ 0x148e05970] t: 461.099979 TARGET:-23 LUFS    M:   nan S:   nan     I: -32.7 LUFS       LRA:   9.2 LU  FTPK:  -inf  -inf dBFS  TPK: -13.8 -13.8 dBFS
[Parsed_ebur128_0 @ 0x148e05970] t: 461.199979 TARGET:-23 LUFS    M:   nan S:   nan     I: -32.7 LUFS       LRA:   9.2 LU  FTPK:  -inf  -inf dBFS  TPK: -13.8 -13.8 dBFS
[Parsed_ebur128_0 @ 0x148e05970] t: 461.299979 TARGET:-23 LUFS    M:   nan S:   nan     I: -32.7 LUFS       LRA:   9.2 LU  FTPK:  -inf  -inf dBFS  TPK: -13.8 -13.8 dBFS
[Parsed_ebur128_0 @ 0x148e05970] t: 461.399979 TARGET:-23 LUFS    M:   nan S:   nan     I: -32.7 LUFS       LRA:   9.2 LU  FTPK:  -inf  -inf dBFS  TPK: -13.8 -13.8 dBFS
[Parsed_ebur128_0 @ 0x148e05970] t: 461.499979 TARGET:-23 LUFS    M:   nan S:   nan     I: -32.7 LUFS       LRA:   9.2 LU  FTPK:  -inf  -inf dBFS  TPK: -13.8 -13.8 dBFS
[Parsed_ebur128_0 @ 0x148e05970] t: 461.599979 TARGET:-23 LUFS    M:   nan S:   nan     I: -32.7 LUFS       LRA:   9.2 LU  FTPK:  -inf  -inf dBFS  TPK: -13.8 -13.8 dBFS
[Parsed_ebur128_0 @ 0x148e05970] t: 461.699979 TARGET:-23 LUFS    M:   nan S:   nan     I: -32.7 LUFS       LRA:   9.2 LU  FTPK:  -inf  -inf dBFS  TPK: -13.8 -13.8 dBFS
[Parsed_ebur128_0 @ 0x148e05970] t: 461.799979 TARGET:-23 LUFS    M:   nan S:   nan     I: -32.7 LUFS       LRA:   9.2 LU  FTPK:  -inf  -inf dBFS  TPK: -13.8 -13.8 dBFS
[Parsed_ebur128_0 @ 0x148e05970] t: 461.899979 TARGET:-23 LUFS    M:   nan S:   nan     I: -32.7 LUFS       LRA:   9.2 LU  FTPK:  -inf  -inf dBFS  TPK: -13.8 -13.8 dBFS
[Parsed_ebur128_0 @ 0x148e05970] t: 461.999979 TARGET:-23 LUFS    M:   nan S:   nan     I: -32.7 LUFS       LRA:   9.2 LU  FTPK:  -inf  -inf dBFS  TPK: -13.8 -13.8 dBFS
[Parsed_ebur128_0 @ 0x148e05970] t: 462.099979 TARGET:-23 LUFS    M:   nan S:   nan     I: -32.7 LUFS       LRA:   9.2 LU  FTPK:  -inf  -inf dBFS  TPK: -13.8 -13.8 dBFS
[Parsed_ebur128_0 @ 0x148e05970] t: 462.199979 TARGET:-23 LUFS    M:   nan S:   nan     I: -32.7 LUFS       LRA:   9.2 LU  FTPK:  -inf  -inf dBFS  TPK: -13.8 -13.8 dBFS
[Parsed_ebur128_0 @ 0x148e05970] t: 462.299979 TARGET:-23 LUFS    M:   nan S:   nan     I: -32.7 LUFS       LRA:   9.2 LU  FTPK:  -inf  -inf dBFS  TPK: -13.8 -13.8 dBFS
[Parsed_ebur128_0 @ 0x148e05970] t: 462.399979 TARGET:-23 LUFS    M:   nan S:   nan     I: -32.7 LUFS       LRA:   9.2 LU  FTPK:  -inf  -inf dBFS  TPK: -13.8 -13.8 dBFS
[Parsed_ebur128_0 @ 0x148e05970] t: 462.499979 TARGET:-23 LUFS    M:   nan S:   nan     I: -32.7 LUFS       LRA:   9.2 LU  FTPK:  -inf  -inf dBFS  TPK: -13.8 -13.8 dBFS
[Parsed_ebur128_0 @ 0x148e05970] t: 462.599979 TARGET:-23 LUFS    M:   nan S:   nan     I: -32.7 LUFS       LRA:   9.2 LU  FTPK:  -inf  -inf dBFS  TPK: -13.8 -13.8 dBFS
[Parsed_ebur128_0 @ 0x148e05970] t: 462.699979 TARGET:-23 LUFS    M:   nan S:   nan     I: -32.7 LUFS       LRA:   9.2 LU  FTPK:  -inf  -inf dBFS  TPK: -13.8 -13.8 dBFS
[Parsed_ebur128_0 @ 0x148e05970] t: 462.799979 TARGET:-23 LUFS    M:   nan S:   nan     I: -32.7 LUFS       LRA:   9.2 LU  FTPK:  -inf  -inf dBFS  TPK: -13.8 -13.8 dBFS
[Parsed_ebur128_0 @ 0x148e05970] t: 462.899979 TARGET:-23 LUFS    M:   nan S:   nan     I: -32.7 LUFS       LRA:   9.2 LU  FTPK:  -inf  -inf dBFS  TPK: -13.8 -13.8 dBFS
[Parsed_ebur128_0 @ 0x148e05970] t: 462.999979 TARGET:-23 LUFS    M:   nan S:   nan     I: -32.7 LUFS       LRA:   9.2 LU  FTPK:  -inf  -inf dBFS  TPK: -13.8 -13.8 dBFS
[Parsed_ebur128_0 @ 0x148e05970] t: 463.099979 TARGET:-23 LUFS    M:   nan S:   nan     I: -32.7 LUFS       LRA:   9.2 LU  FTPK:  -inf  -inf dBFS  TPK: -13.8 -13.8 dBFS
[Parsed_ebur128_0 @ 0x148e05970] t: 463.199979 TARGET:-23 LUFS    M:   nan S:   nan     I: -32.7 LUFS       LRA:   9.2 LU  FTPK:  -inf  -inf dBFS  TPK: -13.8 -13.8 dBFS
[Parsed_ebur128_0 @ 0x148e05970] t: 463.299979 TARGET:-23 LUFS    M:   nan S:   nan     I: -32.7 LUFS       LRA:   9.2 LU  FTPK:  -inf  -inf dBFS  TPK: -13.8 -13.8 dBFS
[Parsed_ebur128_0 @ 0x148e05970] t: 463.399979 TARGET:-23 LUFS    M:   nan S:   nan     I: -32.7 LUFS       LRA:   9.2 LU  FTPK:  -inf  -inf dBFS  TPK: -13.8 -13.8 dBFS
[Parsed_ebur128_0 @ 0x148e05970] t: 463.499979 TARGET:-23 LUFS    M:   nan S:   nan     I: -32.7 LUFS       LRA:   9.2 LU  FTPK:  -inf  -inf dBFS  TPK: -13.8 -13.8 dBFS
[Parsed_ebur128_0 @ 0x148e05970] t: 463.599979 TARGET:-23 LUFS    M:   nan S:   nan     I: -32.7 LUFS       LRA:   9.2 LU  FTPK:  -inf  -inf dBFS  TPK: -13.8 -13.8 dBFS
[Parsed_ebur128_0 @ 0x148e05970] t: 463.699979 TARGET:-23 LUFS    M:   nan S:   nan     I: -32.7 LUFS       LRA:   9.2 LU  FTPK:  -inf  -inf dBFS  TPK: -13.8 -13.8 dBFS
[Parsed_ebur128_0 @ 0x148e05970] t: 463.799979 TARGET:-23 LUFS    M:   nan S:   nan     I: -32.7 LUFS       LRA:   9.2 LU  FTPK:  -inf  -inf dBFS  TPK: -13.8 -13.8 dBFS
[Parsed_ebur128_0 @ 0x148e05970] t: 463.899979 TARGET:-23 LUFS    M:   nan S:   nan     I: -32.7 LUFS       LRA:   9.2 LU  FTPK:  -inf  -inf dBFS  TPK: -13.8 -13.8 dBFS
[Parsed_ebur128_0 @ 0x148e05970] t: 463.999979 TARGET:-23 LUFS    M:   nan S:   nan     I: -32.7 LUFS       LRA:   9.2 LU  FTPK:  -inf  -inf dBFS  TPK: -13.8 -13.8 dBFS
[Parsed_ebur128_0 @ 0x148e05970] t: 464.099979 TARGET:-23 LUFS    M:   nan S:   nan     I: -32.7 LUFS       LRA:   9.2 LU  FTPK:  -inf  -inf dBFS  TPK: -13.8 -13.8 dBFS
[Parsed_ebur128_0 @ 0x148e05970] t: 464.199979 TARGET:-23 LUFS    M:   nan S:   nan     I: -32.7 LUFS       LRA:   9.2 LU  FTPK:  -inf  -inf dBFS  TPK: -13.8 -13.8 dBFS
[Parsed_ebur128_0 @ 0x148e05970] t: 464.299979 TARGET:-23 LUFS    M:   nan S:   nan     I: -32.7 LUFS       LRA:   9.2 LU  FTPK:  -inf  -inf dBFS  TPK: -13.8 -13.8 dBFS
[Parsed_ebur128_0 @ 0x148e05970] t: 464.399979 TARGET:-23 LUFS    M:   nan S:   nan     I: -32.7 LUFS       LRA:   9.2 LU  FTPK:  -inf  -inf dBFS  TPK: -13.8 -13.8 dBFS
[Parsed_ebur128_0 @ 0x148e05970] t: 464.499979 TARGET:-23 LUFS    M:   nan S:   nan     I: -32.7 LUFS       LRA:   9.2 LU  FTPK:  -inf  -inf dBFS  TPK: -13.8 -13.8 dBFS
[Parsed_ebur128_0 @ 0x148e05970] t: 464.599979 TARGET:-23 LUFS    M:   nan S:   nan     I: -32.7 LUFS       LRA:   9.2 LU  FTPK:  -inf  -inf dBFS  TPK: -13.8 -13.8 dBFS
[Parsed_ebur128_0 @ 0x148e05970] t: 464.699979 TARGET:-23 LUFS    M:   nan S:   nan     I: -32.7 LUFS       LRA:   9.2 LU  FTPK:  -inf  -inf dBFS  TPK: -13.8 -13.8 dBFS
[Parsed_ebur128_0 @ 0x148e05970] t: 464.799979 TARGET:-23 LUFS    M:   nan S:   nan     I: -32.7 LUFS       LRA:   9.2 LU  FTPK:  -inf  -inf dBFS  TPK: -13.8 -13.8 dBFS
[Parsed_ebur128_0 @ 0x148e05970] t: 464.899979 TARGET:-23 LUFS    M:   nan S:   nan     I: -32.7 LUFS       LRA:   9.2 LU  FTPK:  -inf  -inf dBFS  TPK: -13.8 -13.8 dBFS
[Parsed_ebur128_0 @ 0x148e05970] t: 464.999979 TARGET:-23 LUFS    M:   nan S:   nan     I: -32.7 LUFS       LRA:   9.2 LU  FTPK:  -inf  -inf dBFS  TPK: -13.8 -13.8 dBFS
[Parsed_ebur128_0 @ 0x148e05970] t: 465.099979 TARGET:-23 LUFS    M:   nan S:   nan     I: -32.7 LUFS       LRA:   9.2 LU  FTPK:  -inf  -inf dBFS  TPK: -13.8 -13.8 dBFS
[Parsed_ebur128_0 @ 0x148e05970] t: 465.199979 TARGET:-23 LUFS    M:   nan S:   nan     I: -32.7 LUFS       LRA:   9.2 LU  FTPK:  -inf  -inf dBFS  TPK: -13.8 -13.8 dBFS
[Parsed_ebur128_0 @ 0x148e05970] t: 465.299979 TARGET:-23 LUFS    M:   nan S:   nan     I: -32.7 LUFS       LRA:   9.2 LU  FTPK:  -inf  -inf dBFS  TPK: -13.8 -13.8 dBFS
[Parsed_ebur128_0 @ 0x148e05970] t: 465.399979 TARGET:-23 LUFS    M:   nan S:   nan     I: -32.7 LUFS       LRA:   9.2 LU  FTPK:  -inf  -inf dBFS  TPK: -13.8 -13.8 dBFS
[Parsed_ebur128_0 @ 0x148e05970] t: 465.499979 TARGET:-23 LUFS    M:   nan S:   nan     I: -32.7 LUFS       LRA:   9.2 LU  FTPK:  -inf  -inf dBFS  TPK: -13.8 -13.8 dBFS
[Parsed_ebur128_0 @ 0x148e05970] t: 465.599979 TARGET:-23 LUFS    M:   nan S:   nan     I: -32.7 LUFS       LRA:   9.2 LU  FTPK:  -inf  -inf dBFS  TPK: -13.8 -13.8 dBFS
[Parsed_ebur128_0 @ 0x148e05970] t: 465.699979 TARGET:-23 LUFS    M:   nan S:   nan     I: -32.7 LUFS       LRA:   9.2 LU  FTPK:  -inf  -inf dBFS  TPK: -13.8 -13.8 dBFS
[Parsed_ebur128_0 @ 0x148e05970] t: 465.799979 TARGET:-23 LUFS    M:   nan S:   nan     I: -32.7 LUFS       LRA:   9.2 LU  FTPK:  -inf  -inf dBFS  TPK: -13.8 -13.8 dBFS
[Parsed_ebur128_0 @ 0x148e05970] t: 465.899979 TARGET:-23 LUFS    M: -36.1 S: -44.9     I: -32.7 LUFS       LRA:   9.2 LU  FTPK: -15.7 -15.7 dBFS  TPK: -13.8 -13.8 dBFS
[Parsed_ebur128_0 @ 0x148e05970] t: 465.999979 TARGET:-23 LUFS    M: -36.1 S: -44.8     I: -32.7 LUFS       LRA:   9.2 LU  FTPK: -37.7 -37.7 dBFS  TPK: -13.8 -13.8 dBFS
[Parsed_ebur128_0 @ 0x148e05970] t: 466.099979 TARGET:-23 LUFS    M: -36.1 S: -44.8     I: -32.8 LUFS       LRA:   9.2 LU  FTPK: -137.0 -137.0 dBFS  TPK: -13.8 -13.8 dBFS
[Parsed_ebur128_0 @ 0x148e05970] t: 466.199979 TARGET:-23 LUFS    M: -36.1 S: -44.8     I: -32.8 LUFS       LRA:   9.2 LU  FTPK:  -inf  -inf dBFS  TPK: -13.8 -13.8 dBFS
[Parsed_ebur128_0 @ 0x148e05970] t: 466.299979 TARGET:-23 LUFS    M: -39.2 S: -43.1     I: -32.8 LUFS       LRA:   9.2 LU  FTPK: -19.5 -19.5 dBFS  TPK: -13.8 -13.8 dBFS
[Parsed_ebur128_0 @ 0x148e05970] t: 466.399979 TARGET:-23 LUFS    M: -32.0 S: -39.3     I: -32.8 LUFS       LRA:   9.2 LU  FTPK: -17.7 -17.7 dBFS  TPK: -13.8 -13.8 dBFS
[Parsed_ebur128_0 @ 0x148e05970] t: 466.499979 TARGET:-23 LUFS    M: -30.0 S: -37.8     I: -32.8 LUFS       LRA:   9.2 LU  FTPK: -18.5 -18.5 dBFS  TPK: -13.8 -13.8 dBFS
[Parsed_ebur128_0 @ 0x148e05970] t: 466.599979 TARGET:-23 LUFS    M: -28.4 S: -36.5     I: -32.7 LUFS       LRA:   9.2 LU  FTPK: -19.7 -19.7 dBFS  TPK: -13.8 -13.8 dBFS
[Parsed_ebur128_0 @ 0x148e05970] t: 466.699979 TARGET:-23 LUFS    M: -27.9 S: -35.7     I: -32.7 LUFS       LRA:   9.2 LU  FTPK: -20.5 -20.5 dBFS  TPK: -13.8 -13.8 dBFS
[Parsed_ebur128_0 @ 0x148e05970] t: 466.799979 TARGET:-23 LUFS    M: -29.5 S: -35.7     I: -32.7 LUFS       LRA:   9.2 LU  FTPK: -87.2 -87.2 dBFS  TPK: -13.8 -13.8 dBFS
[Parsed_ebur128_0 @ 0x148e05970] t: 466.899979 TARGET:-23 LUFS    M: -31.2 S: -35.7     I: -32.7 LUFS       LRA:   9.2 LU  FTPK:  -inf  -inf dBFS  TPK: -13.8 -13.8 dBFS
[Parsed_ebur128_0 @ 0x148e05970] t: 466.999979 TARGET:-23 LUFS    M: -34.9 S: -35.7     I: -32.7 LUFS       LRA:   9.2 LU  FTPK:  -inf  -inf dBFS  TPK: -13.8 -13.8 dBFS
[Parsed_ebur128_0 @ 0x148e05970] t: 467.099979 TARGET:-23 LUFS    M:-112.1 S: -35.7     I: -32.7 LUFS       LRA:   9.2 LU  FTPK:  -inf  -inf dBFS  TPK: -13.8 -13.8 dBFS
[Parsed_ebur128_0 @ 0x148e05970] t: 467.199979 TARGET:-23 LUFS    M:   nan S: -35.7     I: -32.7 LUFS       LRA:   9.2 LU  FTPK:  -inf  -inf dBFS  TPK: -13.8 -13.8 dBFS
[Parsed_ebur128_0 @ 0x148e05970] t: 467.299979 TARGET:-23 LUFS    M:   nan S: -35.7     I: -32.7 LUFS       LRA:   9.2 LU  FTPK:  -inf  -inf dBFS  TPK: -13.8 -13.8 dBFS
[Parsed_ebur128_0 @ 0x148e05970] t: 467.399979 TARGET:-23 LUFS    M:   nan S: -35.7     I: -32.7 LUFS       LRA:   9.2 LU  FTPK:  -inf  -inf dBFS  TPK: -13.8 -13.8 dBFS
[Parsed_ebur128_0 @ 0x148e05970] t: 467.499979 TARGET:-23 LUFS    M:   nan S: -35.7     I: -32.7 LUFS       LRA:   9.2 LU  FTPK:  -inf  -inf dBFS  TPK: -13.8 -13.8 dBFS
[Parsed_ebur128_0 @ 0x148e05970] t: 467.599979 TARGET:-23 LUFS    M:   nan S: -35.7     I: -32.7 LUFS       LRA:   9.2 LU  FTPK:  -inf  -inf dBFS  TPK: -13.8 -13.8 dBFS
[Parsed_ebur128_0 @ 0x148e05970] t: 467.699979 TARGET:-23 LUFS    M:   nan S: -35.7     I: -32.7 LUFS       LRA:   9.2 LU  FTPK:  -inf  -inf dBFS  TPK: -13.8 -13.8 dBFS
[Parsed_ebur128_0 @ 0x148e05970] t: 467.799979 TARGET:-23 LUFS    M:   nan S: -35.7     I: -32.7 LUFS       LRA:   9.2 LU  FTPK:  -inf  -inf dBFS  TPK: -13.8 -13.8 dBFS
[Parsed_ebur128_0 @ 0x148e05970] t: 467.899979 TARGET:-23 LUFS    M:   nan S: -35.7     I: -32.7 LUFS       LRA:   9.2 LU  FTPK:  -inf  -inf dBFS  TPK: -13.8 -13.8 dBFS
[Parsed_ebur128_0 @ 0x148e05970] t: 467.999979 TARGET:-23 LUFS    M:   nan S: -35.7     I: -32.7 LUFS       LRA:   9.2 LU  FTPK:  -inf  -inf dBFS  TPK: -13.8 -13.8 dBFS
[Parsed_ebur128_0 @ 0x148e05970] t: 468.099979 TARGET:-23 LUFS    M:   nan S: -35.7     I: -32.7 LUFS       LRA:   9.2 LU  FTPK:  -inf  -inf dBFS  TPK: -13.8 -13.8 dBFS
[Parsed_ebur128_0 @ 0x148e05970] t: 468.199979 TARGET:-23 LUFS    M:   nan S: -35.7     I: -32.7 LUFS       LRA:   9.2 LU  FTPK:  -inf  -inf dBFS  TPK: -13.8 -13.8 dBFS
[Parsed_ebur128_0 @ 0x148e05970] t: 468.299979 TARGET:-23 LUFS    M:   nan S: -35.7     I: -32.7 LUFS       LRA:   9.2 LU  FTPK:  -inf  -inf dBFS  TPK: -13.8 -13.8 dBFS
[Parsed_ebur128_0 @ 0x148e05970] t: 468.399979 TARGET:-23 LUFS    M:   nan S: -35.7     I: -32.7 LUFS       LRA:   9.2 LU  FTPK:  -inf  -inf dBFS  TPK: -13.8 -13.8 dBFS
[Parsed_ebur128_0 @ 0x148e05970] t: 468.499979 TARGET:-23 LUFS    M:   nan S: -35.7     I: -32.7 LUFS       LRA:   9.2 LU  FTPK:  -inf  -inf dBFS  TPK: -13.8 -13.8 dBFS
[Parsed_ebur128_0 @ 0x148e05970] t: 468.599979 TARGET:-23 LUFS    M: -41.6 S: -35.6     I: -32.7 LUFS       LRA:   9.2 LU  FTPK: -19.4 -19.4 dBFS  TPK: -13.8 -13.8 dBFS
[Parsed_ebur128_0 @ 0x148e05970] t: 468.699979 TARGET:-23 LUFS    M: -32.8 S: -34.7     I: -32.7 LUFS       LRA:   9.2 LU  FTPK: -17.8 -17.8 dBFS  TPK: -13.8 -13.8 dBFS
[Parsed_ebur128_0 @ 0x148e05970] t: 468.799979 TARGET:-23 LUFS    M: -30.2 S: -34.0     I: -32.7 LUFS       LRA:   9.2 LU  FTPK: -18.5 -18.5 dBFS  TPK: -13.8 -13.8 dBFS
[Parsed_ebur128_0 @ 0x148e05970] t: 468.899979 TARGET:-23 LUFS    M: -28.6 S: -33.8     I: -32.7 LUFS       LRA:   9.2 LU  FTPK: -19.7 -19.7 dBFS  TPK: -13.8 -13.8 dBFS
[Parsed_ebur128_0 @ 0x148e05970] t: 468.999979 TARGET:-23 LUFS    M: -27.7 S: -33.3     I: -32.7 LUFS       LRA:   9.2 LU  FTPK: -20.5 -20.5 dBFS  TPK: -13.8 -13.8 dBFS
[Parsed_ebur128_0 @ 0x148e05970] t: 469.099979 TARGET:-23 LUFS    M: -29.1 S: -33.3     I: -32.7 LUFS       LRA:   9.2 LU  FTPK: -70.2 -70.2 dBFS  TPK: -13.8 -13.8 dBFS
[Parsed_ebur128_0 @ 0x148e05970] t: 469.199979 TARGET:-23 LUFS    M: -31.0 S: -33.3     I: -32.7 LUFS       LRA:   9.2 LU  FTPK:  -inf  -inf dBFS  TPK: -13.8 -13.8 dBFS
[Parsed_ebur128_0 @ 0x148e05970] t: 469.299979 TARGET:-23 LUFS    M: -34.4 S: -33.5     I: -32.7 LUFS       LRA:   9.2 LU  FTPK:  -inf  -inf dBFS  TPK: -13.8 -13.8 dBFS
[Parsed_ebur128_0 @ 0x148e05970] t: 469.399979 TARGET:-23 LUFS    M: -93.4 S: -34.2     I: -32.7 LUFS       LRA:   9.2 LU  FTPK:  -inf  -inf dBFS  TPK: -13.8 -13.8 dBFS
[Parsed_ebur128_0 @ 0x148e05970] t: 469.499979 TARGET:-23 LUFS    M:   nan S: -34.8     I: -32.7 LUFS       LRA:   9.2 LU  FTPK:  -inf  -inf dBFS  TPK: -13.8 -13.8 dBFS
[Parsed_ebur128_0 @ 0x148e05970] t: 469.599979 TARGET:-23 LUFS    M:   nan S: -35.6     I: -32.7 LUFS       LRA:   9.2 LU  FTPK:  -inf  -inf dBFS  TPK: -13.8 -13.8 dBFS
[Parsed_ebur128_0 @ 0x148e05970] t: 469.699979 TARGET:-23 LUFS    M:   nan S: -36.3     I: -32.7 LUFS       LRA:   9.2 LU  FTPK:  -inf  -inf dBFS  TPK: -13.8 -13.8 dBFS
[Parsed_ebur128_0 @ 0x148e05970] t: 469.799979 TARGET:-23 LUFS    M:   nan S: -36.3     I: -32.7 LUFS       LRA:   9.2 LU  FTPK:  -inf  -inf dBFS  TPK: -13.8 -13.8 dBFS
[Parsed_ebur128_0 @ 0x148e05970] t: 469.899979 TARGET:-23 LUFS    M:   nan S: -36.3     I: -32.7 LUFS       LRA:   9.2 LU  FTPK:  -inf  -inf dBFS  TPK: -13.8 -13.8 dBFS
[Parsed_ebur128_0 @ 0x148e05970] t: 469.999979 TARGET:-23 LUFS    M:   nan S: -36.3     I: -32.7 LUFS       LRA:   9.2 LU  FTPK:  -inf  -inf dBFS  TPK: -13.8 -13.8 dBFS
[Parsed_ebur128_0 @ 0x148e05970] t: 470.099979 TARGET:-23 LUFS    M:   nan S: -36.3     I: -32.7 LUFS       LRA:   9.2 LU  FTPK:  -inf  -inf dBFS  TPK: -13.8 -13.8 dBFS
[Parsed_ebur128_0 @ 0x148e05970] t: 470.199979 TARGET:-23 LUFS    M:   nan S: -36.3     I: -32.7 LUFS       LRA:   9.2 LU  FTPK:  -inf  -inf dBFS  TPK: -13.8 -13.8 dBFS
[Parsed_ebur128_0 @ 0x148e05970] t: 470.299979 TARGET:-23 LUFS    M:   nan S: -36.3     I: -32.7 LUFS       LRA:   9.2 LU  FTPK:  -inf  -inf dBFS  TPK: -13.8 -13.8 dBFS
[Parsed_ebur128_0 @ 0x148e05970] t: 470.399979 TARGET:-23 LUFS    M:   nan S: -36.3     I: -32.7 LUFS       LRA:   9.2 LU  FTPK:  -inf  -inf dBFS  TPK: -13.8 -13.8 dBFS
[Parsed_ebur128_0 @ 0x148e05970] t: 470.499979 TARGET:-23 LUFS    M:   nan S: -36.3     I: -32.7 LUFS       LRA:   9.2 LU  FTPK:  -inf  -inf dBFS  TPK: -13.8 -13.8 dBFS
[Parsed_ebur128_0 @ 0x148e05970] t: 470.599979 TARGET:-23 LUFS    M:   nan S: -36.3     I: -32.7 LUFS       LRA:   9.2 LU  FTPK:  -inf  -inf dBFS  TPK: -13.8 -13.8 dBFS
[Parsed_ebur128_0 @ 0x148e05970] t: 470.699979 TARGET:-23 LUFS    M:   nan S: -36.3     I: -32.7 LUFS       LRA:   9.2 LU  FTPK:  -inf  -inf dBFS  TPK: -13.8 -13.8 dBFS
[Parsed_ebur128_0 @ 0x148e05970] t: 470.799979 TARGET:-23 LUFS    M:   nan S: -36.3     I: -32.7 LUFS       LRA:   9.2 LU  FTPK:  -inf  -inf dBFS  TPK: -13.8 -13.8 dBFS
[Parsed_ebur128_0 @ 0x148e05970] t: 470.899979 TARGET:-23 LUFS    M:   nan S: -36.3     I: -32.7 LUFS       LRA:   9.2 LU  FTPK:  -inf  -inf dBFS  TPK: -13.8 -13.8 dBFS
[Parsed_ebur128_0 @ 0x148e05970] t: 470.999979 TARGET:-23 LUFS    M:   nan S: -36.3     I: -32.7 LUFS       LRA:   9.2 LU  FTPK:  -inf  -inf dBFS  TPK: -13.8 -13.8 dBFS
[Parsed_ebur128_0 @ 0x148e05970] t: 471.099979 TARGET:-23 LUFS    M:   nan S: -36.3     I: -32.7 LUFS       LRA:   9.2 LU  FTPK:  -inf  -inf dBFS  TPK: -13.8 -13.8 dBFS
[Parsed_ebur128_0 @ 0x148e05970] t: 471.199979 TARGET:-23 LUFS    M:   nan S: -36.3     I: -32.7 LUFS       LRA:   9.2 LU  FTPK:  -inf  -inf dBFS  TPK: -13.8 -13.8 dBFS
[Parsed_ebur128_0 @ 0x148e05970] t: 471.299979 TARGET:-23 LUFS    M:   nan S: -36.3     I: -32.7 LUFS       LRA:   9.2 LU  FTPK:  -inf  -inf dBFS  TPK: -13.8 -13.8 dBFS
[Parsed_ebur128_0 @ 0x148e05970] t: 471.399979 TARGET:-23 LUFS    M:   nan S: -36.3     I: -32.7 LUFS       LRA:   9.2 LU  FTPK:  -inf  -inf dBFS  TPK: -13.8 -13.8 dBFS
[Parsed_ebur128_0 @ 0x148e05970] t: 471.499979 TARGET:-23 LUFS    M:   nan S: -36.3     I: -32.7 LUFS       LRA:   9.2 LU  FTPK:  -inf  -inf dBFS  TPK: -13.8 -13.8 dBFS
[Parsed_ebur128_0 @ 0x148e05970] t: 471.599979 TARGET:-23 LUFS    M:   nan S: -36.5     I: -32.7 LUFS       LRA:   9.2 LU  FTPK:  -inf  -inf dBFS  TPK: -13.8 -13.8 dBFS
[Parsed_ebur128_0 @ 0x148e05970] t: 471.699979 TARGET:-23 LUFS    M:   nan S: -37.8     I: -32.7 LUFS       LRA:   9.2 LU  FTPK:  -inf  -inf dBFS  TPK: -13.8 -13.8 dBFS
[Parsed_ebur128_0 @ 0x148e05970] t: 471.799979 TARGET:-23 LUFS    M:   nan S: -39.7     I: -32.7 LUFS       LRA:   9.2 LU  FTPK:  -inf  -inf dBFS  TPK: -13.8 -13.8 dBFS
[Parsed_ebur128_0 @ 0x148e05970] t: 471.899979 TARGET:-23 LUFS    M:   nan S: -43.1     I: -32.7 LUFS       LRA:   9.2 LU  FTPK:  -inf  -inf dBFS  TPK: -13.8 -13.8 dBFS
[Parsed_ebur128_0 @ 0x148e05970] t: 471.999979 TARGET:-23 LUFS    M:   nan S:-102.1     I: -32.7 LUFS       LRA:   9.2 LU  FTPK:  -inf  -inf dBFS  TPK: -13.8 -13.8 dBFS
[Parsed_ebur128_0 @ 0x148e05970] t: 472.099979 TARGET:-23 LUFS    M:   nan S:   nan     I: -32.7 LUFS       LRA:   9.2 LU  FTPK:  -inf  -inf dBFS  TPK: -13.8 -13.8 dBFS
[Parsed_ebur128_0 @ 0x148e05970] t: 472.199979 TARGET:-23 LUFS    M:   nan S:   nan     I: -32.7 LUFS       LRA:   9.2 LU  FTPK:  -inf  -inf dBFS  TPK: -13.8 -13.8 dBFS
[Parsed_ebur128_0 @ 0x148e05970] t: 472.299979 TARGET:-23 LUFS    M:   nan S:   nan     I: -32.7 LUFS       LRA:   9.2 LU  FTPK:  -inf  -inf dBFS  TPK: -13.8 -13.8 dBFS
[Parsed_ebur128_0 @ 0x148e05970] t: 472.399979 TARGET:-23 LUFS    M:   nan S:   nan     I: -32.7 LUFS       LRA:   9.2 LU  FTPK:  -inf  -inf dBFS  TPK: -13.8 -13.8 dBFS
[Parsed_ebur128_0 @ 0x148e05970] t: 472.499979 TARGET:-23 LUFS    M:   nan S:   nan     I: -32.7 LUFS       LRA:   9.2 LU  FTPK:  -inf  -inf dBFS  TPK: -13.8 -13.8 dBFS
[Parsed_ebur128_0 @ 0x148e05970] t: 472.599979 TARGET:-23 LUFS    M:   nan S:   nan     I: -32.7 LUFS       LRA:   9.2 LU  FTPK:  -inf  -inf dBFS  TPK: -13.8 -13.8 dBFS
[Parsed_ebur128_0 @ 0x148e05970] t: 472.699979 TARGET:-23 LUFS    M:   nan S:   nan     I: -32.7 LUFS       LRA:   9.2 LU  FTPK:  -inf  -inf dBFS  TPK: -13.8 -13.8 dBFS
[Parsed_ebur128_0 @ 0x148e05970] t: 472.799979 TARGET:-23 LUFS    M:   nan S:   nan     I: -32.7 LUFS       LRA:   9.2 LU  FTPK:  -inf  -inf dBFS  TPK: -13.8 -13.8 dBFS
[Parsed_ebur128_0 @ 0x148e05970] t: 472.899979 TARGET:-23 LUFS    M:   nan S:   nan     I: -32.7 LUFS       LRA:   9.2 LU  FTPK:  -inf  -inf dBFS  TPK: -13.8 -13.8 dBFS
[Parsed_ebur128_0 @ 0x148e05970] t: 472.999979 TARGET:-23 LUFS    M:   nan S:   nan     I: -32.7 LUFS       LRA:   9.2 LU  FTPK:  -inf  -inf dBFS  TPK: -13.8 -13.8 dBFS
[Parsed_ebur128_0 @ 0x148e05970] t: 473.099979 TARGET:-23 LUFS    M:   nan S:   nan     I: -32.7 LUFS       LRA:   9.2 LU  FTPK:  -inf  -inf dBFS  TPK: -13.8 -13.8 dBFS
[Parsed_ebur128_0 @ 0x148e05970] t: 473.199979 TARGET:-23 LUFS    M:   nan S:   nan     I: -32.7 LUFS       LRA:   9.2 LU  FTPK:  -inf  -inf dBFS  TPK: -13.8 -13.8 dBFS
[Parsed_ebur128_0 @ 0x148e05970] t: 473.299979 TARGET:-23 LUFS    M:   nan S:   nan     I: -32.7 LUFS       LRA:   9.2 LU  FTPK:  -inf  -inf dBFS  TPK: -13.8 -13.8 dBFS
[Parsed_ebur128_0 @ 0x148e05970] t: 473.399979 TARGET:-23 LUFS    M:   nan S:   nan     I: -32.7 LUFS       LRA:   9.2 LU  FTPK:  -inf  -inf dBFS  TPK: -13.8 -13.8 dBFS
[Parsed_ebur128_0 @ 0x148e05970] t: 473.499979 TARGET:-23 LUFS    M:   nan S:   nan     I: -32.7 LUFS       LRA:   9.2 LU  FTPK:  -inf  -inf dBFS  TPK: -13.8 -13.8 dBFS
[Parsed_ebur128_0 @ 0x148e05970] t: 473.599979 TARGET:-23 LUFS    M:   nan S:   nan     I: -32.7 LUFS       LRA:   9.2 LU  FTPK:  -inf  -inf dBFS  TPK: -13.8 -13.8 dBFS
[Parsed_ebur128_0 @ 0x148e05970] t: 473.699979 TARGET:-23 LUFS    M:   nan S:   nan     I: -32.7 LUFS       LRA:   9.2 LU  FTPK:  -inf  -inf dBFS  TPK: -13.8 -13.8 dBFS
[Parsed_ebur128_0 @ 0x148e05970] t: 473.799979 TARGET:-23 LUFS    M:   nan S:   nan     I: -32.7 LUFS       LRA:   9.2 LU  FTPK:  -inf  -inf dBFS  TPK: -13.8 -13.8 dBFS
[Parsed_ebur128_0 @ 0x148e05970] t: 473.899979 TARGET:-23 LUFS    M:   nan S:   nan     I: -32.7 LUFS       LRA:   9.2 LU  FTPK:  -inf  -inf dBFS  TPK: -13.8 -13.8 dBFS
[Parsed_ebur128_0 @ 0x148e05970] t: 473.999979 TARGET:-23 LUFS    M:   nan S:   nan     I: -32.7 LUFS       LRA:   9.2 LU  FTPK:  -inf  -inf dBFS  TPK: -13.8 -13.8 dBFS
[Parsed_ebur128_0 @ 0x148e05970] t: 474.099979 TARGET:-23 LUFS    M:   nan S:   nan     I: -32.7 LUFS       LRA:   9.2 LU  FTPK:  -inf  -inf dBFS  TPK: -13.8 -13.8 dBFS
[Parsed_ebur128_0 @ 0x148e05970] t: 474.199979 TARGET:-23 LUFS    M:   nan S:   nan     I: -32.7 LUFS       LRA:   9.2 LU  FTPK:  -inf  -inf dBFS  TPK: -13.8 -13.8 dBFS
[Parsed_ebur128_0 @ 0x148e05970] t: 474.299979 TARGET:-23 LUFS    M:   nan S:   nan     I: -32.7 LUFS       LRA:   9.2 LU  FTPK:  -inf  -inf dBFS  TPK: -13.8 -13.8 dBFS
[Parsed_ebur128_0 @ 0x148e05970] t: 474.399979 TARGET:-23 LUFS    M:   nan S:   nan     I: -32.7 LUFS       LRA:   9.2 LU  FTPK:  -inf  -inf dBFS  TPK: -13.8 -13.8 dBFS
[Parsed_ebur128_0 @ 0x148e05970] t: 474.499979 TARGET:-23 LUFS    M:   nan S:   nan     I: -32.7 LUFS       LRA:   9.2 LU  FTPK:  -inf  -inf dBFS  TPK: -13.8 -13.8 dBFS
[Parsed_ebur128_0 @ 0x148e05970] t: 474.599979 TARGET:-23 LUFS    M:   nan S:   nan     I: -32.7 LUFS       LRA:   9.2 LU  FTPK:  -inf  -inf dBFS  TPK: -13.8 -13.8 dBFS
[Parsed_ebur128_0 @ 0x148e05970] t: 474.699979 TARGET:-23 LUFS    M:   nan S:   nan     I: -32.7 LUFS       LRA:   9.2 LU  FTPK:  -inf  -inf dBFS  TPK: -13.8 -13.8 dBFS
[Parsed_ebur128_0 @ 0x148e05970] t: 474.799979 TARGET:-23 LUFS    M:   nan S:   nan     I: -32.7 LUFS       LRA:   9.2 LU  FTPK:  -inf  -inf dBFS  TPK: -13.8 -13.8 dBFS
[Parsed_ebur128_0 @ 0x148e05970] t: 474.899979 TARGET:-23 LUFS    M:   nan S:   nan     I: -32.7 LUFS       LRA:   9.2 LU  FTPK:  -inf  -inf dBFS  TPK: -13.8 -13.8 dBFS
[Parsed_ebur128_0 @ 0x148e05970] t: 474.999979 TARGET:-23 LUFS    M:   nan S:   nan     I: -32.7 LUFS       LRA:   9.2 LU  FTPK:  -inf  -inf dBFS  TPK: -13.8 -13.8 dBFS
[Parsed_ebur128_0 @ 0x148e05970] t: 475.099979 TARGET:-23 LUFS    M:   nan S:   nan     I: -32.7 LUFS       LRA:   9.2 LU  FTPK:  -inf  -inf dBFS  TPK: -13.8 -13.8 dBFS
[Parsed_ebur128_0 @ 0x148e05970] t: 475.199979 TARGET:-23 LUFS    M:   nan S:   nan     I: -32.7 LUFS       LRA:   9.2 LU  FTPK:  -inf  -inf dBFS  TPK: -13.8 -13.8 dBFS
[Parsed_ebur128_0 @ 0x148e05970] t: 475.299979 TARGET:-23 LUFS    M:   nan S:   nan     I: -32.7 LUFS       LRA:   9.2 LU  FTPK:  -inf  -inf dBFS  TPK: -13.8 -13.8 dBFS
[Parsed_ebur128_0 @ 0x148e05970] t: 475.399979 TARGET:-23 LUFS    M:   nan S:   nan     I: -32.7 LUFS       LRA:   9.2 LU  FTPK:  -inf  -inf dBFS  TPK: -13.8 -13.8 dBFS
[Parsed_ebur128_0 @ 0x148e05970] t: 475.499979 TARGET:-23 LUFS    M:   nan S:   nan     I: -32.7 LUFS       LRA:   9.2 LU  FTPK:  -inf  -inf dBFS  TPK: -13.8 -13.8 dBFS
[Parsed_ebur128_0 @ 0x148e05970] t: 475.599979 TARGET:-23 LUFS    M:   nan S:   nan     I: -32.7 LUFS       LRA:   9.2 LU  FTPK:  -inf  -inf dBFS  TPK: -13.8 -13.8 dBFS
[Parsed_ebur128_0 @ 0x148e05970] t: 475.699979 TARGET:-23 LUFS    M:   nan S:   nan     I: -32.7 LUFS       LRA:   9.2 LU  FTPK:  -inf  -inf dBFS  TPK: -13.8 -13.8 dBFS
[Parsed_ebur128_0 @ 0x148e05970] t: 475.799979 TARGET:-23 LUFS    M:   nan S:   nan     I: -32.7 LUFS       LRA:   9.2 LU  FTPK:  -inf  -inf dBFS  TPK: -13.8 -13.8 dBFS
[Parsed_ebur128_0 @ 0x148e05970] t: 475.899979 TARGET:-23 LUFS    M:   nan S:   nan     I: -32.7 LUFS       LRA:   9.2 LU  FTPK:  -inf  -inf dBFS  TPK: -13.8 -13.8 dBFS
[Parsed_ebur128_0 @ 0x148e05970] t: 475.999979 TARGET:-23 LUFS    M:   nan S:   nan     I: -32.7 LUFS       LRA:   9.2 LU  FTPK:  -inf  -inf dBFS  TPK: -13.8 -13.8 dBFS
[Parsed_ebur128_0 @ 0x148e05970] t: 476.099979 TARGET:-23 LUFS    M:   nan S:   nan     I: -32.7 LUFS       LRA:   9.2 LU  FTPK:  -inf  -inf dBFS  TPK: -13.8 -13.8 dBFS
[Parsed_ebur128_0 @ 0x148e05970] t: 476.199979 TARGET:-23 LUFS    M:   nan S:   nan     I: -32.7 LUFS       LRA:   9.2 LU  FTPK:  -inf  -inf dBFS  TPK: -13.8 -13.8 dBFS
[Parsed_ebur128_0 @ 0x148e05970] t: 476.299979 TARGET:-23 LUFS    M:   nan S:   nan     I: -32.7 LUFS       LRA:   9.2 LU  FTPK:  -inf  -inf dBFS  TPK: -13.8 -13.8 dBFS
[Parsed_ebur128_0 @ 0x148e05970] t: 476.399979 TARGET:-23 LUFS    M:   nan S:   nan     I: -32.7 LUFS       LRA:   9.2 LU  FTPK:  -inf  -inf dBFS  TPK: -13.8 -13.8 dBFS
[Parsed_ebur128_0 @ 0x148e05970] t: 476.499979 TARGET:-23 LUFS    M:   nan S:   nan     I: -32.7 LUFS       LRA:   9.2 LU  FTPK:  -inf  -inf dBFS  TPK: -13.8 -13.8 dBFS
[Parsed_ebur128_0 @ 0x148e05970] t: 476.599979 TARGET:-23 LUFS    M:   nan S:   nan     I: -32.7 LUFS       LRA:   9.2 LU  FTPK:  -inf  -inf dBFS  TPK: -13.8 -13.8 dBFS
[Parsed_ebur128_0 @ 0x148e05970] t: 476.699979 TARGET:-23 LUFS    M:   nan S:   nan     I: -32.7 LUFS       LRA:   9.2 LU  FTPK:  -inf  -inf dBFS  TPK: -13.8 -13.8 dBFS
[Parsed_ebur128_0 @ 0x148e05970] t: 476.799979 TARGET:-23 LUFS    M:   nan S:   nan     I: -32.7 LUFS       LRA:   9.2 LU  FTPK:  -inf  -inf dBFS  TPK: -13.8 -13.8 dBFS
[Parsed_ebur128_0 @ 0x148e05970] t: 476.899979 TARGET:-23 LUFS    M:   nan S:   nan     I: -32.7 LUFS       LRA:   9.2 LU  FTPK:  -inf  -inf dBFS  TPK: -13.8 -13.8 dBFS
[Parsed_ebur128_0 @ 0x148e05970] t: 476.999979 TARGET:-23 LUFS    M:   nan S:   nan     I: -32.7 LUFS       LRA:   9.2 LU  FTPK:  -inf  -inf dBFS  TPK: -13.8 -13.8 dBFS
[Parsed_ebur128_0 @ 0x148e05970] t: 477.099979 TARGET:-23 LUFS    M:   nan S:   nan     I: -32.7 LUFS       LRA:   9.2 LU  FTPK:  -inf  -inf dBFS  TPK: -13.8 -13.8 dBFS
[Parsed_ebur128_0 @ 0x148e05970] t: 477.199979 TARGET:-23 LUFS    M:   nan S:   nan     I: -32.7 LUFS       LRA:   9.2 LU  FTPK:  -inf  -inf dBFS  TPK: -13.8 -13.8 dBFS
[Parsed_ebur128_0 @ 0x148e05970] t: 477.299979 TARGET:-23 LUFS    M:   nan S:   nan     I: -32.7 LUFS       LRA:   9.2 LU  FTPK:  -inf  -inf dBFS  TPK: -13.8 -13.8 dBFS
[Parsed_ebur128_0 @ 0x148e05970] t: 477.399979 TARGET:-23 LUFS    M:   nan S:   nan     I: -32.7 LUFS       LRA:   9.2 LU  FTPK:  -inf  -inf dBFS  TPK: -13.8 -13.8 dBFS
[Parsed_ebur128_0 @ 0x148e05970] t: 477.499979 TARGET:-23 LUFS    M:   nan S:   nan     I: -32.7 LUFS       LRA:   9.2 LU  FTPK:  -inf  -inf dBFS  TPK: -13.8 -13.8 dBFS
[Parsed_ebur128_0 @ 0x148e05970] t: 477.599979 TARGET:-23 LUFS    M:   nan S:   nan     I: -32.7 LUFS       LRA:   9.2 LU  FTPK:  -inf  -inf dBFS  TPK: -13.8 -13.8 dBFS
[Parsed_ebur128_0 @ 0x148e05970] t: 477.699979 TARGET:-23 LUFS    M:   nan S:   nan     I: -32.7 LUFS       LRA:   9.2 LU  FTPK:  -inf  -inf dBFS  TPK: -13.8 -13.8 dBFS
[Parsed_ebur128_0 @ 0x148e05970] t: 477.799979 TARGET:-23 LUFS    M:   nan S:   nan     I: -32.7 LUFS       LRA:   9.2 LU  FTPK:  -inf  -inf dBFS  TPK: -13.8 -13.8 dBFS
[Parsed_ebur128_0 @ 0x148e05970] t: 477.899979 TARGET:-23 LUFS    M:   nan S:   nan     I: -32.7 LUFS       LRA:   9.2 LU  FTPK:  -inf  -inf dBFS  TPK: -13.8 -13.8 dBFS
[Parsed_ebur128_0 @ 0x148e05970] t: 477.999979 TARGET:-23 LUFS    M:   nan S:   nan     I: -32.7 LUFS       LRA:   9.2 LU  FTPK:  -inf  -inf dBFS  TPK: -13.8 -13.8 dBFS
[Parsed_ebur128_0 @ 0x148e05970] t: 478.099979 TARGET:-23 LUFS    M:   nan S:   nan     I: -32.7 LUFS       LRA:   9.2 LU  FTPK:  -inf  -inf dBFS  TPK: -13.8 -13.8 dBFS
[Parsed_ebur128_0 @ 0x148e05970] t: 478.199979 TARGET:-23 LUFS    M:   nan S:   nan     I: -32.7 LUFS       LRA:   9.2 LU  FTPK:  -inf  -inf dBFS  TPK: -13.8 -13.8 dBFS
[Parsed_ebur128_0 @ 0x148e05970] t: 478.299979 TARGET:-23 LUFS    M:   nan S:   nan     I: -32.7 LUFS       LRA:   9.2 LU  FTPK:  -inf  -inf dBFS  TPK: -13.8 -13.8 dBFS
[Parsed_ebur128_0 @ 0x148e05970] t: 478.399979 TARGET:-23 LUFS    M:   nan S:   nan     I: -32.7 LUFS       LRA:   9.2 LU  FTPK:  -inf  -inf dBFS  TPK: -13.8 -13.8 dBFS
[Parsed_ebur128_0 @ 0x148e05970] t: 478.499979 TARGET:-23 LUFS    M:   nan S:   nan     I: -32.7 LUFS       LRA:   9.2 LU  FTPK:  -inf  -inf dBFS  TPK: -13.8 -13.8 dBFS
[Parsed_ebur128_0 @ 0x148e05970] t: 478.599979 TARGET:-23 LUFS    M:   nan S:   nan     I: -32.7 LUFS       LRA:   9.2 LU  FTPK:  -inf  -inf dBFS  TPK: -13.8 -13.8 dBFS
[Parsed_ebur128_0 @ 0x148e05970] t: 478.699979 TARGET:-23 LUFS    M:   nan S:   nan     I: -32.7 LUFS       LRA:   9.2 LU  FTPK:  -inf  -inf dBFS  TPK: -13.8 -13.8 dBFS
[Parsed_ebur128_0 @ 0x148e05970] t: 478.799979 TARGET:-23 LUFS    M:   nan S:   nan     I: -32.7 LUFS       LRA:   9.2 LU  FTPK:  -inf  -inf dBFS  TPK: -13.8 -13.8 dBFS
[Parsed_ebur128_0 @ 0x148e05970] t: 478.899979 TARGET:-23 LUFS    M:   nan S:   nan     I: -32.7 LUFS       LRA:   9.2 LU  FTPK:  -inf  -inf dBFS  TPK: -13.8 -13.8 dBFS
[Parsed_ebur128_0 @ 0x148e05970] t: 478.999979 TARGET:-23 LUFS    M:   nan S:   nan     I: -32.7 LUFS       LRA:   9.2 LU  FTPK:  -inf  -inf dBFS  TPK: -13.8 -13.8 dBFS
[Parsed_ebur128_0 @ 0x148e05970] t: 479.099979 TARGET:-23 LUFS    M:   nan S:   nan     I: -32.7 LUFS       LRA:   9.2 LU  FTPK:  -inf  -inf dBFS  TPK: -13.8 -13.8 dBFS
[Parsed_ebur128_0 @ 0x148e05970] t: 479.199979 TARGET:-23 LUFS    M: -36.1 S: -44.9     I: -32.7 LUFS       LRA:   9.2 LU  FTPK: -15.8 -15.8 dBFS  TPK: -13.8 -13.8 dBFS
[Parsed_ebur128_0 @ 0x148e05970] t: 479.299979 TARGET:-23 LUFS    M: -36.1 S: -44.8     I: -32.7 LUFS       LRA:   9.2 LU  FTPK: -37.8 -37.8 dBFS  TPK: -13.8 -13.8 dBFS
[Parsed_ebur128_0 @ 0x148e05970] t: 479.399979 TARGET:-23 LUFS    M: -36.1 S: -44.8     I: -32.7 LUFS       LRA:   9.2 LU  FTPK:  -inf  -inf dBFS  TPK: -13.8 -13.8 dBFS
[Parsed_ebur128_0 @ 0x148e05970] t: 479.499979 TARGET:-23 LUFS    M: -36.1 S: -44.8     I: -32.7 LUFS       LRA:   9.2 LU  FTPK:  -inf  -inf dBFS  TPK: -13.8 -13.8 dBFS
[Parsed_ebur128_0 @ 0x148e05970] t: 479.599979 TARGET:-23 LUFS    M: -54.4 S: -44.8     I: -32.7 LUFS       LRA:   9.2 LU  FTPK:  -inf  -inf dBFS  TPK: -13.8 -13.8 dBFS
[Parsed_ebur128_0 @ 0x148e05970] t: 479.699979 TARGET:-23 LUFS    M:   nan S: -44.8     I: -32.7 LUFS       LRA:   9.2 LU  FTPK:  -inf  -inf dBFS  TPK: -13.8 -13.8 dBFS
[Parsed_ebur128_0 @ 0x148e05970] t: 479.799979 TARGET:-23 LUFS    M:   nan S: -44.8     I: -32.7 LUFS       LRA:   9.2 LU  FTPK:  -inf  -inf dBFS  TPK: -13.8 -13.8 dBFS
[Parsed_ebur128_0 @ 0x148e05970] t: 479.899979 TARGET:-23 LUFS    M:   nan S: -44.8     I: -32.7 LUFS       LRA:   9.2 LU  FTPK:  -inf  -inf dBFS  TPK: -13.8 -13.8 dBFS
[Parsed_ebur128_0 @ 0x148e05970] t: 479.999979 TARGET:-23 LUFS    M:   nan S: -44.8     I: -32.7 LUFS       LRA:   9.2 LU  FTPK:  -inf  -inf dBFS  TPK: -13.8 -13.8 dBFS
[Parsed_ebur128_0 @ 0x148e05970] t: 480.099979 TARGET:-23 LUFS    M: -34.3 S: -40.8     I: -32.7 LUFS       LRA:   9.2 LU  FTPK: -18.3 -17.3 dBFS  TPK: -13.8 -13.8 dBFS
[Parsed_ebur128_0 @ 0x148e05970] t: 480.199979 TARGET:-23 LUFS    M: -30.8 S: -38.5     I: -32.7 LUFS       LRA:   9.2 LU  FTPK: -19.0 -18.0 dBFS  TPK: -13.8 -13.8 dBFS
[Parsed_ebur128_0 @ 0x148e05970] t: 480.299979 TARGET:-23 LUFS    M: -28.9 S: -36.9     I: -32.7 LUFS       LRA:   9.2 LU  FTPK: -20.3 -19.3 dBFS  TPK: -13.8 -13.8 dBFS
[Parsed_ebur128_0 @ 0x148e05970] t: 480.399979 TARGET:-23 LUFS    M: -27.9 S: -36.0     I: -32.7 LUFS       LRA:   9.2 LU  FTPK: -21.1 -20.0 dBFS  TPK: -13.8 -13.8 dBFS
[Parsed_ebur128_0 @ 0x148e05970] t: 480.499979 TARGET:-23 LUFS    M: -29.0 S: -36.0     I: -32.6 LUFS       LRA:   9.2 LU  FTPK: -77.6 -74.8 dBFS  TPK: -13.8 -13.8 dBFS
[Parsed_ebur128_0 @ 0x148e05970] t: 480.599979 TARGET:-23 LUFS    M: -31.0 S: -36.0     I: -32.6 LUFS       LRA:   9.2 LU  FTPK:  -inf  -inf dBFS  TPK: -13.8 -13.8 dBFS
[Parsed_ebur128_0 @ 0x148e05970] t: 480.699979 TARGET:-23 LUFS    M: -34.7 S: -36.0     I: -32.6 LUFS       LRA:   9.2 LU  FTPK:  -inf  -inf dBFS  TPK: -13.8 -13.8 dBFS
[Parsed_ebur128_0 @ 0x148e05970] t: 480.799979 TARGET:-23 LUFS    M: -97.9 S: -36.0     I: -32.6 LUFS       LRA:   9.2 LU  FTPK:  -inf  -inf dBFS  TPK: -13.8 -13.8 dBFS
[Parsed_ebur128_0 @ 0x148e05970] t: 480.899979 TARGET:-23 LUFS    M:   nan S: -36.0     I: -32.6 LUFS       LRA:   9.2 LU  FTPK:  -inf  -inf dBFS  TPK: -13.8 -13.8 dBFS
[Parsed_ebur128_0 @ 0x148e05970] t: 480.999979 TARGET:-23 LUFS    M: -34.2 S: -35.2     I: -32.6 LUFS       LRA:   9.2 LU  FTPK: -17.8 -17.8 dBFS  TPK: -13.8 -13.8 dBFS
[Parsed_ebur128_0 @ 0x148e05970] t: 481.099979 TARGET:-23 LUFS    M: -31.2 S: -34.5     I: -32.6 LUFS       LRA:   9.2 LU  FTPK: -18.6 -18.6 dBFS  TPK: -13.8 -13.8 dBFS
[Parsed_ebur128_0 @ 0x148e05970] t: 481.199979 TARGET:-23 LUFS    M: -29.2 S: -33.9     I: -32.6 LUFS       LRA:   9.2 LU  FTPK: -18.5 -18.5 dBFS  TPK: -13.8 -13.8 dBFS
[Parsed_ebur128_0 @ 0x148e05970] t: 481.299979 TARGET:-23 LUFS    M: -27.8 S: -33.3     I: -32.6 LUFS       LRA:   9.2 LU  FTPK: -19.8 -19.8 dBFS  TPK: -13.8 -13.8 dBFS
[Parsed_ebur128_0 @ 0x148e05970] t: 481.399979 TARGET:-23 LUFS    M: -28.6 S: -33.2     I: -32.6 LUFS       LRA:   9.2 LU  FTPK: -21.1 -21.1 dBFS  TPK: -13.8 -13.8 dBFS
[Parsed_ebur128_0 @ 0x148e05970] t: 481.499979 TARGET:-23 LUFS    M: -30.1 S: -33.2     I: -32.6 LUFS       LRA:   9.2 LU  FTPK:  -inf  -inf dBFS  TPK: -13.8 -13.8 dBFS
[Parsed_ebur128_0 @ 0x148e05970] t: 481.599979 TARGET:-23 LUFS    M: -32.7 S: -33.2     I: -32.6 LUFS       LRA:   9.2 LU  FTPK:  -inf  -inf dBFS  TPK: -13.8 -13.8 dBFS
[Parsed_ebur128_0 @ 0x148e05970] t: 481.699979 TARGET:-23 LUFS    M: -40.9 S: -33.2     I: -32.6 LUFS       LRA:   9.2 LU  FTPK:  -inf  -inf dBFS  TPK: -13.8 -13.8 dBFS
[Parsed_ebur128_0 @ 0x148e05970] t: 481.799979 TARGET:-23 LUFS    M:   nan S: -33.2     I: -32.6 LUFS       LRA:   9.2 LU  FTPK:  -inf  -inf dBFS  TPK: -13.8 -13.8 dBFS
[Parsed_ebur128_0 @ 0x148e05970] t: 481.899979 TARGET:-23 LUFS    M:   nan S: -33.2     I: -32.6 LUFS       LRA:   9.2 LU  FTPK:  -inf  -inf dBFS  TPK: -13.8 -13.8 dBFS
[Parsed_ebur128_0 @ 0x148e05970] t: 481.999979 TARGET:-23 LUFS    M:   nan S: -33.2     I: -32.6 LUFS       LRA:   9.2 LU  FTPK:  -inf  -inf dBFS  TPK: -13.8 -13.8 dBFS
[Parsed_ebur128_0 @ 0x148e05970] t: 482.099979 TARGET:-23 LUFS    M:   nan S: -33.2     I: -32.6 LUFS       LRA:   9.2 LU  FTPK:  -inf  -inf dBFS  TPK: -13.8 -13.8 dBFS
[Parsed_ebur128_0 @ 0x148e05970] t: 482.199979 TARGET:-23 LUFS    M:   nan S: -33.5     I: -32.6 LUFS       LRA:   9.2 LU  FTPK:  -inf  -inf dBFS  TPK: -13.8 -13.8 dBFS
[Parsed_ebur128_0 @ 0x148e05970] t: 482.299979 TARGET:-23 LUFS    M:   nan S: -33.5     I: -32.6 LUFS       LRA:   9.2 LU  FTPK:  -inf  -inf dBFS  TPK: -13.8 -13.8 dBFS
[Parsed_ebur128_0 @ 0x148e05970] t: 482.399979 TARGET:-23 LUFS    M:   nan S: -33.5     I: -32.6 LUFS       LRA:   9.2 LU  FTPK:  -inf  -inf dBFS  TPK: -13.8 -13.8 dBFS
[Parsed_ebur128_0 @ 0x148e05970] t: 482.499979 TARGET:-23 LUFS    M:   nan S: -33.5     I: -32.6 LUFS       LRA:   9.2 LU  FTPK:  -inf  -inf dBFS  TPK: -13.8 -13.8 dBFS
[Parsed_ebur128_0 @ 0x148e05970] t: 482.599979 TARGET:-23 LUFS    M:   nan S: -33.5     I: -32.6 LUFS       LRA:   9.2 LU  FTPK:  -inf  -inf dBFS  TPK: -13.8 -13.8 dBFS
[Parsed_ebur128_0 @ 0x148e05970] t: 482.699979 TARGET:-23 LUFS    M:   nan S: -33.5     I: -32.6 LUFS       LRA:   9.2 LU  FTPK:  -inf  -inf dBFS  TPK: -13.8 -13.8 dBFS
[Parsed_ebur128_0 @ 0x148e05970] t: 482.799979 TARGET:-23 LUFS    M:   nan S: -33.5     I: -32.6 LUFS       LRA:   9.2 LU  FTPK:  -inf  -inf dBFS  TPK: -13.8 -13.8 dBFS
[Parsed_ebur128_0 @ 0x148e05970] t: 482.899979 TARGET:-23 LUFS    M:   nan S: -33.5     I: -32.6 LUFS       LRA:   9.2 LU  FTPK:  -inf  -inf dBFS  TPK: -13.8 -13.8 dBFS
[Parsed_ebur128_0 @ 0x148e05970] t: 482.999979 TARGET:-23 LUFS    M:   nan S: -33.5     I: -32.6 LUFS       LRA:   9.2 LU  FTPK:  -inf  -inf dBFS  TPK: -13.8 -13.8 dBFS
[Parsed_ebur128_0 @ 0x148e05970] t: 483.099979 TARGET:-23 LUFS    M:   nan S: -34.0     I: -32.6 LUFS       LRA:   9.2 LU  FTPK:  -inf  -inf dBFS  TPK: -13.8 -13.8 dBFS
[Parsed_ebur128_0 @ 0x148e05970] t: 483.199979 TARGET:-23 LUFS    M:   nan S: -34.7     I: -32.6 LUFS       LRA:   9.2 LU  FTPK:  -inf  -inf dBFS  TPK: -13.8 -13.8 dBFS
[Parsed_ebur128_0 @ 0x148e05970] t: 483.299979 TARGET:-23 LUFS    M:   nan S: -35.6     I: -32.6 LUFS       LRA:   9.2 LU  FTPK:  -inf  -inf dBFS  TPK: -13.8 -13.8 dBFS
[Parsed_ebur128_0 @ 0x148e05970] t: 483.399979 TARGET:-23 LUFS    M:   nan S: -36.3     I: -32.6 LUFS       LRA:   9.2 LU  FTPK:  -inf  -inf dBFS  TPK: -13.8 -13.8 dBFS
[Parsed_ebur128_0 @ 0x148e05970] t: 483.499979 TARGET:-23 LUFS    M:   nan S: -36.3     I: -32.6 LUFS       LRA:   9.2 LU  FTPK:  -inf  -inf dBFS  TPK: -13.8 -13.8 dBFS
[Parsed_ebur128_0 @ 0x148e05970] t: 483.599979 TARGET:-23 LUFS    M:   nan S: -36.3     I: -32.6 LUFS       LRA:   9.2 LU  FTPK:  -inf  -inf dBFS  TPK: -13.8 -13.8 dBFS
[Parsed_ebur128_0 @ 0x148e05970] t: 483.699979 TARGET:-23 LUFS    M:   nan S: -36.3     I: -32.6 LUFS       LRA:   9.2 LU  FTPK:  -inf  -inf dBFS  TPK: -13.8 -13.8 dBFS
[Parsed_ebur128_0 @ 0x148e05970] t: 483.799979 TARGET:-23 LUFS    M:   nan S: -36.3     I: -32.6 LUFS       LRA:   9.2 LU  FTPK:  -inf  -inf dBFS  TPK: -13.8 -13.8 dBFS
[Parsed_ebur128_0 @ 0x148e05970] t: 483.899979 TARGET:-23 LUFS    M:   nan S: -36.3     I: -32.6 LUFS       LRA:   9.2 LU  FTPK:  -inf  -inf dBFS  TPK: -13.8 -13.8 dBFS
[Parsed_ebur128_0 @ 0x148e05970] t: 483.999979 TARGET:-23 LUFS    M:   nan S: -37.4     I: -32.6 LUFS       LRA:   9.2 LU  FTPK:  -inf  -inf dBFS  TPK: -13.8 -13.8 dBFS
[Parsed_ebur128_0 @ 0x148e05970] t: 484.099979 TARGET:-23 LUFS    M:   nan S: -38.8     I: -32.6 LUFS       LRA:   9.2 LU  FTPK:  -inf  -inf dBFS  TPK: -13.8 -13.8 dBFS
[Parsed_ebur128_0 @ 0x148e05970] t: 484.199979 TARGET:-23 LUFS    M:   nan S: -41.4     I: -32.6 LUFS       LRA:   9.2 LU  FTPK:  -inf  -inf dBFS  TPK: -13.8 -13.8 dBFS
[Parsed_ebur128_0 @ 0x148e05970] t: 484.299979 TARGET:-23 LUFS    M:   nan S: -49.6     I: -32.6 LUFS       LRA:   9.2 LU  FTPK:  -inf  -inf dBFS  TPK: -13.8 -13.8 dBFS
[Parsed_ebur128_0 @ 0x148e05970] t: 484.399979 TARGET:-23 LUFS    M:   nan S:   nan     I: -32.6 LUFS       LRA:   9.2 LU  FTPK:  -inf  -inf dBFS  TPK: -13.8 -13.8 dBFS
[Parsed_ebur128_0 @ 0x148e05970] t: 484.499979 TARGET:-23 LUFS    M:   nan S:   nan     I: -32.6 LUFS       LRA:   9.2 LU  FTPK:  -inf  -inf dBFS  TPK: -13.8 -13.8 dBFS
[Parsed_ebur128_0 @ 0x148e05970] t: 484.599979 TARGET:-23 LUFS    M:   nan S:   nan     I: -32.6 LUFS       LRA:   9.2 LU  FTPK:  -inf  -inf dBFS  TPK: -13.8 -13.8 dBFS
[Parsed_ebur128_0 @ 0x148e05970] t: 484.699979 TARGET:-23 LUFS    M:   nan S:   nan     I: -32.6 LUFS       LRA:   9.2 LU  FTPK:  -inf  -inf dBFS  TPK: -13.8 -13.8 dBFS
[Parsed_ebur128_0 @ 0x148e05970] t: 484.799979 TARGET:-23 LUFS    M:   nan S:   nan     I: -32.6 LUFS       LRA:   9.2 LU  FTPK:  -inf  -inf dBFS  TPK: -13.8 -13.8 dBFS
[Parsed_ebur128_0 @ 0x148e05970] t: 484.899979 TARGET:-23 LUFS    M:   nan S:   nan     I: -32.6 LUFS       LRA:   9.2 LU  FTPK:  -inf  -inf dBFS  TPK: -13.8 -13.8 dBFS
[Parsed_ebur128_0 @ 0x148e05970] t: 484.999979 TARGET:-23 LUFS    M:   nan S:   nan     I: -32.6 LUFS       LRA:   9.2 LU  FTPK:  -inf  -inf dBFS  TPK: -13.8 -13.8 dBFS
[Parsed_ebur128_0 @ 0x148e05970] t: 485.099979 TARGET:-23 LUFS    M:   nan S:   nan     I: -32.6 LUFS       LRA:   9.2 LU  FTPK:  -inf  -inf dBFS  TPK: -13.8 -13.8 dBFS
[Parsed_ebur128_0 @ 0x148e05970] t: 485.199979 TARGET:-23 LUFS    M:   nan S:   nan     I: -32.6 LUFS       LRA:   9.2 LU  FTPK:  -inf  -inf dBFS  TPK: -13.8 -13.8 dBFS
[Parsed_ebur128_0 @ 0x148e05970] t: 485.299979 TARGET:-23 LUFS    M:   nan S:   nan     I: -32.6 LUFS       LRA:   9.2 LU  FTPK:  -inf  -inf dBFS  TPK: -13.8 -13.8 dBFS
[Parsed_ebur128_0 @ 0x148e05970] t: 485.399979 TARGET:-23 LUFS    M:   nan S:   nan     I: -32.6 LUFS       LRA:   9.2 LU  FTPK:  -inf  -inf dBFS  TPK: -13.8 -13.8 dBFS
[Parsed_ebur128_0 @ 0x148e05970] t: 485.499979 TARGET:-23 LUFS    M:   nan S:   nan     I: -32.6 LUFS       LRA:   9.2 LU  FTPK:  -inf  -inf dBFS  TPK: -13.8 -13.8 dBFS
[Parsed_ebur128_0 @ 0x148e05970] t: 485.599979 TARGET:-23 LUFS    M:   nan S:   nan     I: -32.6 LUFS       LRA:   9.2 LU  FTPK:  -inf  -inf dBFS  TPK: -13.8 -13.8 dBFS
[Parsed_ebur128_0 @ 0x148e05970] t: 485.699979 TARGET:-23 LUFS    M:   nan S:   nan     I: -32.6 LUFS       LRA:   9.2 LU  FTPK:  -inf  -inf dBFS  TPK: -13.8 -13.8 dBFS
[Parsed_ebur128_0 @ 0x148e05970] t: 485.799979 TARGET:-23 LUFS    M:   nan S:   nan     I: -32.6 LUFS       LRA:   9.2 LU  FTPK:  -inf  -inf dBFS  TPK: -13.8 -13.8 dBFS
[Parsed_ebur128_0 @ 0x148e05970] t: 485.899979 TARGET:-23 LUFS    M:   nan S:   nan     I: -32.6 LUFS       LRA:   9.2 LU  FTPK:  -inf  -inf dBFS  TPK: -13.8 -13.8 dBFS
[Parsed_ebur128_0 @ 0x148e05970] t: 485.999979 TARGET:-23 LUFS    M:   nan S:   nan     I: -32.6 LUFS       LRA:   9.2 LU  FTPK:  -inf  -inf dBFS  TPK: -13.8 -13.8 dBFS
[Parsed_ebur128_0 @ 0x148e05970] t: 486.099979 TARGET:-23 LUFS    M:   nan S:   nan     I: -32.6 LUFS       LRA:   9.2 LU  FTPK:  -inf  -inf dBFS  TPK: -13.8 -13.8 dBFS
[Parsed_ebur128_0 @ 0x148e05970] t: 486.199979 TARGET:-23 LUFS    M:   nan S:   nan     I: -32.6 LUFS       LRA:   9.2 LU  FTPK:  -inf  -inf dBFS  TPK: -13.8 -13.8 dBFS
[Parsed_ebur128_0 @ 0x148e05970] t: 486.299979 TARGET:-23 LUFS    M:   nan S:   nan     I: -32.6 LUFS       LRA:   9.2 LU  FTPK:  -inf  -inf dBFS  TPK: -13.8 -13.8 dBFS
[Parsed_ebur128_0 @ 0x148e05970] t: 486.399979 TARGET:-23 LUFS    M:   nan S:   nan     I: -32.6 LUFS       LRA:   9.2 LU  FTPK:  -inf  -inf dBFS  TPK: -13.8 -13.8 dBFS
[Parsed_ebur128_0 @ 0x148e05970] t: 486.499979 TARGET:-23 LUFS    M:   nan S:   nan     I: -32.6 LUFS       LRA:   9.2 LU  FTPK:  -inf  -inf dBFS  TPK: -13.8 -13.8 dBFS
[Parsed_ebur128_0 @ 0x148e05970] t: 486.599979 TARGET:-23 LUFS    M:   nan S:   nan     I: -32.6 LUFS       LRA:   9.2 LU  FTPK:  -inf  -inf dBFS  TPK: -13.8 -13.8 dBFS
[Parsed_ebur128_0 @ 0x148e05970] t: 486.699979 TARGET:-23 LUFS    M:   nan S:   nan     I: -32.6 LUFS       LRA:   9.2 LU  FTPK:  -inf  -inf dBFS  TPK: -13.8 -13.8 dBFS
[Parsed_ebur128_0 @ 0x148e05970] t: 486.799979 TARGET:-23 LUFS    M:   nan S:   nan     I: -32.6 LUFS       LRA:   9.2 LU  FTPK:  -inf  -inf dBFS  TPK: -13.8 -13.8 dBFS
[Parsed_ebur128_0 @ 0x148e05970] t: 486.899979 TARGET:-23 LUFS    M:   nan S:   nan     I: -32.6 LUFS       LRA:   9.2 LU  FTPK:  -inf  -inf dBFS  TPK: -13.8 -13.8 dBFS
[Parsed_ebur128_0 @ 0x148e05970] t: 486.999979 TARGET:-23 LUFS    M:   nan S:   nan     I: -32.6 LUFS       LRA:   9.2 LU  FTPK:  -inf  -inf dBFS  TPK: -13.8 -13.8 dBFS
[Parsed_ebur128_0 @ 0x148e05970] t: 487.099979 TARGET:-23 LUFS    M:   nan S:   nan     I: -32.6 LUFS       LRA:   9.2 LU  FTPK:  -inf  -inf dBFS  TPK: -13.8 -13.8 dBFS
[Parsed_ebur128_0 @ 0x148e05970] t: 487.199979 TARGET:-23 LUFS    M:   nan S:   nan     I: -32.6 LUFS       LRA:   9.2 LU  FTPK:  -inf  -inf dBFS  TPK: -13.8 -13.8 dBFS
[Parsed_ebur128_0 @ 0x148e05970] t: 487.299979 TARGET:-23 LUFS    M:   nan S:   nan     I: -32.6 LUFS       LRA:   9.2 LU  FTPK:  -inf  -inf dBFS  TPK: -13.8 -13.8 dBFS
[Parsed_ebur128_0 @ 0x148e05970] t: 487.399979 TARGET:-23 LUFS    M:   nan S:   nan     I: -32.6 LUFS       LRA:   9.2 LU  FTPK:  -inf  -inf dBFS  TPK: -13.8 -13.8 dBFS
[Parsed_ebur128_0 @ 0x148e05970] t: 487.499979 TARGET:-23 LUFS    M:   nan S:   nan     I: -32.6 LUFS       LRA:   9.2 LU  FTPK:  -inf  -inf dBFS  TPK: -13.8 -13.8 dBFS
[Parsed_ebur128_0 @ 0x148e05970] t: 487.599979 TARGET:-23 LUFS    M:   nan S:   nan     I: -32.6 LUFS       LRA:   9.2 LU  FTPK:  -inf  -inf dBFS  TPK: -13.8 -13.8 dBFS
[Parsed_ebur128_0 @ 0x148e05970] t: 487.699979 TARGET:-23 LUFS    M:   nan S:   nan     I: -32.6 LUFS       LRA:   9.2 LU  FTPK:  -inf  -inf dBFS  TPK: -13.8 -13.8 dBFS
[Parsed_ebur128_0 @ 0x148e05970] t: 487.799979 TARGET:-23 LUFS    M:   nan S:   nan     I: -32.6 LUFS       LRA:   9.2 LU  FTPK:  -inf  -inf dBFS  TPK: -13.8 -13.8 dBFS
[Parsed_ebur128_0 @ 0x148e05970] t: 487.899979 TARGET:-23 LUFS    M:   nan S:   nan     I: -32.6 LUFS       LRA:   9.2 LU  FTPK:  -inf  -inf dBFS  TPK: -13.8 -13.8 dBFS
[Parsed_ebur128_0 @ 0x148e05970] t: 487.999979 TARGET:-23 LUFS    M:   nan S:   nan     I: -32.6 LUFS       LRA:   9.2 LU  FTPK:  -inf  -inf dBFS  TPK: -13.8 -13.8 dBFS
[Parsed_ebur128_0 @ 0x148e05970] t: 488.099979 TARGET:-23 LUFS    M:   nan S:   nan     I: -32.6 LUFS       LRA:   9.2 LU  FTPK:  -inf  -inf dBFS  TPK: -13.8 -13.8 dBFS
[Parsed_ebur128_0 @ 0x148e05970] t: 488.199979 TARGET:-23 LUFS    M:   nan S:   nan     I: -32.6 LUFS       LRA:   9.2 LU  FTPK:  -inf  -inf dBFS  TPK: -13.8 -13.8 dBFS
[Parsed_ebur128_0 @ 0x148e05970] t: 488.299979 TARGET:-23 LUFS    M:   nan S:   nan     I: -32.6 LUFS       LRA:   9.2 LU  FTPK:  -inf  -inf dBFS  TPK: -13.8 -13.8 dBFS
[Parsed_ebur128_0 @ 0x148e05970] t: 488.399979 TARGET:-23 LUFS    M:   nan S:   nan     I: -32.6 LUFS       LRA:   9.2 LU  FTPK:  -inf  -inf dBFS  TPK: -13.8 -13.8 dBFS
[Parsed_ebur128_0 @ 0x148e05970] t: 488.499979 TARGET:-23 LUFS    M:   nan S:   nan     I: -32.6 LUFS       LRA:   9.2 LU  FTPK:  -inf  -inf dBFS  TPK: -13.8 -13.8 dBFS
[Parsed_ebur128_0 @ 0x148e05970] t: 488.599979 TARGET:-23 LUFS    M:   nan S:   nan     I: -32.6 LUFS       LRA:   9.2 LU  FTPK:  -inf  -inf dBFS  TPK: -13.8 -13.8 dBFS
[Parsed_ebur128_0 @ 0x148e05970] t: 488.699979 TARGET:-23 LUFS    M:   nan S:   nan     I: -32.6 LUFS       LRA:   9.2 LU  FTPK:  -inf  -inf dBFS  TPK: -13.8 -13.8 dBFS
[Parsed_ebur128_0 @ 0x148e05970] t: 488.799979 TARGET:-23 LUFS    M:   nan S:   nan     I: -32.6 LUFS       LRA:   9.2 LU  FTPK:  -inf  -inf dBFS  TPK: -13.8 -13.8 dBFS
[Parsed_ebur128_0 @ 0x148e05970] t: 488.899979 TARGET:-23 LUFS    M:   nan S:   nan     I: -32.6 LUFS       LRA:   9.2 LU  FTPK:  -inf  -inf dBFS  TPK: -13.8 -13.8 dBFS
[Parsed_ebur128_0 @ 0x148e05970] t: 488.999979 TARGET:-23 LUFS    M:   nan S:   nan     I: -32.6 LUFS       LRA:   9.2 LU  FTPK:  -inf  -inf dBFS  TPK: -13.8 -13.8 dBFS
[Parsed_ebur128_0 @ 0x148e05970] t: 489.099979 TARGET:-23 LUFS    M:   nan S:   nan     I: -32.6 LUFS       LRA:   9.2 LU  FTPK:  -inf  -inf dBFS  TPK: -13.8 -13.8 dBFS
[Parsed_ebur128_0 @ 0x148e05970] t: 489.199979 TARGET:-23 LUFS    M:   nan S:   nan     I: -32.6 LUFS       LRA:   9.2 LU  FTPK:  -inf  -inf dBFS  TPK: -13.8 -13.8 dBFS
[Parsed_ebur128_0 @ 0x148e05970] t: 489.299979 TARGET:-23 LUFS    M:   nan S:   nan     I: -32.6 LUFS       LRA:   9.2 LU  FTPK:  -inf  -inf dBFS  TPK: -13.8 -13.8 dBFS
[Parsed_ebur128_0 @ 0x148e05970] t: 489.399979 TARGET:-23 LUFS    M:   nan S:   nan     I: -32.6 LUFS       LRA:   9.2 LU  FTPK:  -inf  -inf dBFS  TPK: -13.8 -13.8 dBFS
[Parsed_ebur128_0 @ 0x148e05970] t: 489.499979 TARGET:-23 LUFS    M:   nan S:   nan     I: -32.6 LUFS       LRA:   9.2 LU  FTPK:  -inf  -inf dBFS  TPK: -13.8 -13.8 dBFS
[Parsed_ebur128_0 @ 0x148e05970] t: 489.599979 TARGET:-23 LUFS    M:   nan S:   nan     I: -32.6 LUFS       LRA:   9.2 LU  FTPK:  -inf  -inf dBFS  TPK: -13.8 -13.8 dBFS
[Parsed_ebur128_0 @ 0x148e05970] t: 489.699979 TARGET:-23 LUFS    M:   nan S:   nan     I: -32.6 LUFS       LRA:   9.2 LU  FTPK:  -inf  -inf dBFS  TPK: -13.8 -13.8 dBFS
[Parsed_ebur128_0 @ 0x148e05970] t: 489.799979 TARGET:-23 LUFS    M:   nan S:   nan     I: -32.6 LUFS       LRA:   9.2 LU  FTPK:  -inf  -inf dBFS  TPK: -13.8 -13.8 dBFS
[Parsed_ebur128_0 @ 0x148e05970] t: 489.899979 TARGET:-23 LUFS    M:   nan S:   nan     I: -32.6 LUFS       LRA:   9.2 LU  FTPK:  -inf  -inf dBFS  TPK: -13.8 -13.8 dBFS
[Parsed_ebur128_0 @ 0x148e05970] t: 489.999979 TARGET:-23 LUFS    M:   nan S:   nan     I: -32.6 LUFS       LRA:   9.2 LU  FTPK:  -inf  -inf dBFS  TPK: -13.8 -13.8 dBFS
[Parsed_ebur128_0 @ 0x148e05970] t: 490.099979 TARGET:-23 LUFS    M:   nan S:   nan     I: -32.6 LUFS       LRA:   9.2 LU  FTPK:  -inf  -inf dBFS  TPK: -13.8 -13.8 dBFS
[Parsed_ebur128_0 @ 0x148e05970] t: 490.199979 TARGET:-23 LUFS    M: -66.6 S: -75.3     I: -32.6 LUFS       LRA:   9.2 LU  FTPK: -39.2 -40.2 dBFS  TPK: -13.8 -13.8 dBFS
[Parsed_ebur128_0 @ 0x148e05970] t: 490.299979 TARGET:-23 LUFS    M: -40.0 S: -48.8     I: -32.6 LUFS       LRA:   9.2 LU  FTPK: -24.3 -25.3 dBFS  TPK: -13.8 -13.8 dBFS
[Parsed_ebur128_0 @ 0x148e05970] t: 490.399979 TARGET:-23 LUFS    M: -37.5 S: -46.3     I: -32.6 LUFS       LRA:   9.2 LU  FTPK: -27.4 -28.5 dBFS  TPK: -13.8 -13.8 dBFS
[Parsed_ebur128_0 @ 0x148e05970] t: 490.499979 TARGET:-23 LUFS    M: -35.9 S: -44.7     I: -32.6 LUFS       LRA:   9.2 LU  FTPK: -27.1 -28.0 dBFS  TPK: -13.8 -13.8 dBFS
[Parsed_ebur128_0 @ 0x148e05970] t: 490.599979 TARGET:-23 LUFS    M: -34.4 S: -43.1     I: -32.6 LUFS       LRA:   9.2 LU  FTPK: -25.2 -26.2 dBFS  TPK: -13.8 -13.8 dBFS
[Parsed_ebur128_0 @ 0x148e05970] t: 490.699979 TARGET:-23 LUFS    M: -34.8 S: -42.4     I: -32.6 LUFS       LRA:   9.2 LU  FTPK: -28.0 -28.9 dBFS  TPK: -13.8 -13.8 dBFS
[Parsed_ebur128_0 @ 0x148e05970] t: 490.799979 TARGET:-23 LUFS    M: -34.5 S: -41.5     I: -32.6 LUFS       LRA:   9.2 LU  FTPK: -24.6 -25.6 dBFS  TPK: -13.8 -13.8 dBFS
[Parsed_ebur128_0 @ 0x148e05970] t: 490.899979 TARGET:-23 LUFS    M: -34.5 S: -40.9     I: -32.6 LUFS       LRA:   9.2 LU  FTPK: -24.7 -25.6 dBFS  TPK: -13.8 -13.8 dBFS
[Parsed_ebur128_0 @ 0x148e05970] t: 490.999979 TARGET:-23 LUFS    M: -34.8 S: -40.3     I: -32.6 LUFS       LRA:   9.2 LU  FTPK: -25.5 -26.6 dBFS  TPK: -13.8 -13.8 dBFS
[Parsed_ebur128_0 @ 0x148e05970] t: 491.099979 TARGET:-23 LUFS    M: -34.1 S: -39.6     I: -32.6 LUFS       LRA:   9.2 LU  FTPK: -25.5 -26.5 dBFS  TPK: -13.8 -13.8 dBFS
[Parsed_ebur128_0 @ 0x148e05970] t: 491.199979 TARGET:-23 LUFS    M: -34.5 S: -39.3     I: -32.6 LUFS       LRA:   9.2 LU  FTPK: -26.6 -27.6 dBFS  TPK: -13.8 -13.8 dBFS
[Parsed_ebur128_0 @ 0x148e05970] t: 491.299979 TARGET:-23 LUFS    M: -34.2 S: -38.8     I: -32.6 LUFS       LRA:   9.2 LU  FTPK: -25.7 -26.7 dBFS  TPK: -13.8 -13.8 dBFS
[Parsed_ebur128_0 @ 0x148e05970] t: 491.399979 TARGET:-23 LUFS    M: -35.1 S: -38.7     I: -32.6 LUFS       LRA:   9.2 LU  FTPK: -29.7 -30.8 dBFS  TPK: -13.8 -13.8 dBFS
[Parsed_ebur128_0 @ 0x148e05970] t: 491.499979 TARGET:-23 LUFS    M: -35.8 S: -38.4     I: -32.7 LUFS       LRA:   9.2 LU  FTPK: -20.3 -21.3 dBFS  TPK: -13.8 -13.8 dBFS
[Parsed_ebur128_0 @ 0x148e05970] t: 491.599979 TARGET:-23 LUFS    M: -37.1 S: -38.4     I: -32.7 LUFS       LRA:   9.2 LU  FTPK: -42.2 -43.5 dBFS  TPK: -13.8 -13.8 dBFS
[Parsed_ebur128_0 @ 0x148e05970] t: 491.699979 TARGET:-23 LUFS    M: -37.0 S: -38.0     I: -32.7 LUFS       LRA:   9.2 LU  FTPK: -25.4 -25.4 dBFS  TPK: -13.8 -13.8 dBFS
[Parsed_ebur128_0 @ 0x148e05970] t: 491.799979 TARGET:-23 LUFS    M: -36.0 S: -37.8     I: -32.7 LUFS       LRA:   9.2 LU  FTPK: -27.8 -27.8 dBFS  TPK: -13.8 -13.8 dBFS
[Parsed_ebur128_0 @ 0x148e05970] t: 491.899979 TARGET:-23 LUFS    M: -36.1 S: -37.5     I: -32.7 LUFS       LRA:   9.2 LU  FTPK: -27.1 -27.1 dBFS  TPK: -13.8 -13.8 dBFS
[Parsed_ebur128_0 @ 0x148e05970] t: 491.999979 TARGET:-23 LUFS    M: -34.7 S: -37.2     I: -32.7 LUFS       LRA:   9.2 LU  FTPK: -24.8 -24.8 dBFS  TPK: -13.8 -13.8 dBFS
[Parsed_ebur128_0 @ 0x148e05970] t: 492.099979 TARGET:-23 LUFS    M: -35.5 S: -37.1     I: -32.7 LUFS       LRA:   9.2 LU  FTPK: -30.4 -30.4 dBFS  TPK: -13.8 -13.8 dBFS
[Parsed_ebur128_0 @ 0x148e05970] t: 492.199979 TARGET:-23 LUFS    M: -34.7 S: -36.7     I: -32.7 LUFS       LRA:   9.2 LU  FTPK: -23.8 -23.8 dBFS  TPK: -13.8 -13.8 dBFS
[Parsed_ebur128_0 @ 0x148e05970] t: 492.299979 TARGET:-23 LUFS    M: -34.9 S: -36.6     I: -32.7 LUFS       LRA:   9.2 LU  FTPK: -28.5 -28.5 dBFS  TPK: -13.8 -13.8 dBFS
[Parsed_ebur128_0 @ 0x148e05970] t: 492.399979 TARGET:-23 LUFS    M: -34.9 S: -36.3     I: -32.7 LUFS       LRA:   9.2 LU  FTPK: -27.2 -27.2 dBFS  TPK: -13.8 -13.8 dBFS
[Parsed_ebur128_0 @ 0x148e05970] t: 492.499979 TARGET:-23 LUFS    M: -34.4 S: -36.1     I: -32.7 LUFS       LRA:   9.2 LU  FTPK: -26.5 -26.5 dBFS  TPK: -13.8 -13.8 dBFS
[Parsed_ebur128_0 @ 0x148e05970] t: 492.599979 TARGET:-23 LUFS    M: -35.4 S: -36.0     I: -32.7 LUFS       LRA:   9.2 LU  FTPK: -28.9 -28.9 dBFS  TPK: -13.8 -13.8 dBFS
[Parsed_ebur128_0 @ 0x148e05970] t: 492.699979 TARGET:-23 LUFS    M: -34.7 S: -35.8     I: -32.7 LUFS       LRA:   9.2 LU  FTPK: -25.9 -25.9 dBFS  TPK: -13.8 -13.8 dBFS
[Parsed_ebur128_0 @ 0x148e05970] t: 492.799979 TARGET:-23 LUFS    M: -35.2 S: -35.6     I: -32.7 LUFS       LRA:   9.2 LU  FTPK: -29.0 -29.0 dBFS  TPK: -13.8 -13.8 dBFS
[Parsed_ebur128_0 @ 0x148e05970] t: 492.899979 TARGET:-23 LUFS    M: -35.3 S: -35.5     I: -32.7 LUFS       LRA:   9.2 LU  FTPK: -26.6 -26.6 dBFS  TPK: -13.8 -13.8 dBFS
[Parsed_ebur128_0 @ 0x148e05970] t: 492.999979 TARGET:-23 LUFS    M: -34.7 S: -35.3     I: -32.7 LUFS       LRA:   9.2 LU  FTPK: -24.9 -24.9 dBFS  TPK: -13.8 -13.8 dBFS
[Parsed_ebur128_0 @ 0x148e05970] t: 493.099979 TARGET:-23 LUFS    M: -35.6 S: -35.2     I: -32.7 LUFS       LRA:   9.2 LU  FTPK: -30.8 -30.8 dBFS  TPK: -13.8 -13.8 dBFS
[Parsed_ebur128_0 @ 0x148e05970] t: 493.199979 TARGET:-23 LUFS    M: -35.0 S: -35.0     I: -32.7 LUFS       LRA:   9.2 LU  FTPK: -26.8 -26.8 dBFS  TPK: -13.8 -13.8 dBFS
[Parsed_ebur128_0 @ 0x148e05970] t: 493.299979 TARGET:-23 LUFS    M: -35.5 S: -35.1     I: -32.7 LUFS       LRA:   9.2 LU  FTPK: -28.7 -28.7 dBFS  TPK: -13.8 -13.8 dBFS
[Parsed_ebur128_0 @ 0x148e05970] t: 493.399979 TARGET:-23 LUFS    M: -35.4 S: -35.1     I: -32.7 LUFS       LRA:   9.2 LU  FTPK: -26.8 -26.8 dBFS  TPK: -13.8 -13.8 dBFS
[Parsed_ebur128_0 @ 0x148e05970] t: 493.499979 TARGET:-23 LUFS    M: -34.8 S: -35.1     I: -32.7 LUFS       LRA:   9.2 LU  FTPK: -25.9 -25.9 dBFS  TPK: -13.8 -13.8 dBFS
[Parsed_ebur128_0 @ 0x148e05970] t: 493.599979 TARGET:-23 LUFS    M: -35.4 S: -35.2     I: -32.7 LUFS       LRA:   9.2 LU  FTPK: -28.1 -28.1 dBFS  TPK: -13.8 -13.8 dBFS
[Parsed_ebur128_0 @ 0x148e05970] t: 493.699979 TARGET:-23 LUFS    M: -34.2 S: -35.0     I: -32.7 LUFS       LRA:   9.2 LU  FTPK: -25.9 -25.9 dBFS  TPK: -13.8 -13.8 dBFS
[Parsed_ebur128_0 @ 0x148e05970] t: 493.799979 TARGET:-23 LUFS    M: -34.8 S: -35.1     I: -32.7 LUFS       LRA:   9.2 LU  FTPK: -29.2 -29.2 dBFS  TPK: -13.8 -13.8 dBFS
[Parsed_ebur128_0 @ 0x148e05970] t: 493.899979 TARGET:-23 LUFS    M: -34.7 S: -35.1     I: -32.7 LUFS       LRA:   9.2 LU  FTPK: -27.0 -27.0 dBFS  TPK: -13.8 -13.8 dBFS
[Parsed_ebur128_0 @ 0x148e05970] t: 493.999979 TARGET:-23 LUFS    M: -34.1 S: -35.1     I: -32.7 LUFS       LRA:   9.2 LU  FTPK: -26.2 -26.2 dBFS  TPK: -13.8 -13.8 dBFS
[Parsed_ebur128_0 @ 0x148e05970] t: 494.099979 TARGET:-23 LUFS    M: -35.2 S: -35.2     I: -32.7 LUFS       LRA:   9.2 LU  FTPK: -28.3 -28.3 dBFS  TPK: -13.8 -13.8 dBFS
[Parsed_ebur128_0 @ 0x148e05970] t: 494.199979 TARGET:-23 LUFS    M: -34.4 S: -35.1     I: -32.7 LUFS       LRA:   9.2 LU  FTPK: -27.1 -27.1 dBFS  TPK: -13.8 -13.8 dBFS
[Parsed_ebur128_0 @ 0x148e05970] t: 494.299979 TARGET:-23 LUFS    M: -34.9 S: -35.2     I: -32.7 LUFS       LRA:   9.2 LU  FTPK: -28.7 -28.7 dBFS  TPK: -13.8 -13.8 dBFS
[Parsed_ebur128_0 @ 0x148e05970] t: 494.399979 TARGET:-23 LUFS    M: -36.3 S: -35.2     I: -32.7 LUFS       LRA:   9.2 LU  FTPK: -29.9 -29.9 dBFS  TPK: -13.8 -13.8 dBFS
[Parsed_ebur128_0 @ 0x148e05970] t: 494.499979 TARGET:-23 LUFS    M: -34.3 S: -35.0     I: -32.8 LUFS       LRA:   9.2 LU  FTPK: -20.0 -20.0 dBFS  TPK: -13.8 -13.8 dBFS
[Parsed_ebur128_0 @ 0x148e05970] t: 494.599979 TARGET:-23 LUFS    M: -35.8 S: -35.0     I: -32.8 LUFS       LRA:   9.2 LU  FTPK: -37.1 -37.1 dBFS  TPK: -13.8 -13.8 dBFS
[Parsed_ebur128_0 @ 0x148e05970] t: 494.699979 TARGET:-23 LUFS    M: -36.8 S: -35.2     I: -32.8 LUFS       LRA:   9.2 LU  FTPK: -74.7 -74.7 dBFS  TPK: -13.8 -13.8 dBFS
[Parsed_ebur128_0 @ 0x148e05970] t: 494.799979 TARGET:-23 LUFS    M: -37.1 S: -35.3     I: -32.8 LUFS       LRA:   9.2 LU  FTPK:  -inf  -inf dBFS  TPK: -13.8 -13.8 dBFS
[Parsed_ebur128_0 @ 0x148e05970] t: 494.899979 TARGET:-23 LUFS    M: -52.1 S: -35.4     I: -32.8 LUFS       LRA:   9.2 LU  FTPK:  -inf  -inf dBFS  TPK: -13.8 -13.8 dBFS
[Parsed_ebur128_0 @ 0x148e05970] t: 494.999979 TARGET:-23 LUFS    M: -95.7 S: -35.6     I: -32.8 LUFS       LRA:   9.2 LU  FTPK:  -inf  -inf dBFS  TPK: -13.8 -13.8 dBFS
[Parsed_ebur128_0 @ 0x148e05970] t: 495.099979 TARGET:-23 LUFS    M:   nan S: -35.8     I: -32.8 LUFS       LRA:   9.2 LU  FTPK:  -inf  -inf dBFS  TPK: -13.8 -13.8 dBFS
[Parsed_ebur128_0 @ 0x148e05970] t: 495.199979 TARGET:-23 LUFS    M:   nan S: -36.0     I: -32.8 LUFS       LRA:   9.2 LU  FTPK:  -inf  -inf dBFS  TPK: -13.8 -13.8 dBFS
[Parsed_ebur128_0 @ 0x148e05970] t: 495.299979 TARGET:-23 LUFS    M:   nan S: -36.2     I: -32.8 LUFS       LRA:   9.2 LU  FTPK:  -inf  -inf dBFS  TPK: -13.8 -13.8 dBFS
[Parsed_ebur128_0 @ 0x148e05970] t: 495.399979 TARGET:-23 LUFS    M:   nan S: -36.4     I: -32.8 LUFS       LRA:   9.2 LU  FTPK:  -inf  -inf dBFS  TPK: -13.8 -13.8 dBFS
[Parsed_ebur128_0 @ 0x148e05970] t: 495.499979 TARGET:-23 LUFS    M:   nan S: -36.6     I: -32.8 LUFS       LRA:   9.2 LU  FTPK:  -inf  -inf dBFS  TPK: -13.8 -13.8 dBFS
[Parsed_ebur128_0 @ 0x148e05970] t: 495.599979 TARGET:-23 LUFS    M:   nan S: -36.8     I: -32.8 LUFS       LRA:   9.2 LU  FTPK:  -inf  -inf dBFS  TPK: -13.8 -13.8 dBFS
[Parsed_ebur128_0 @ 0x148e05970] t: 495.699979 TARGET:-23 LUFS    M:   nan S: -37.1     I: -32.8 LUFS       LRA:   9.2 LU  FTPK:  -inf  -inf dBFS  TPK: -13.8 -13.8 dBFS
[Parsed_ebur128_0 @ 0x148e05970] t: 495.799979 TARGET:-23 LUFS    M: -76.8 S: -37.2     I: -32.8 LUFS       LRA:   9.2 LU  FTPK: -51.8 -51.8 dBFS  TPK: -13.8 -13.8 dBFS
[Parsed_ebur128_0 @ 0x148e05970] t: 495.899979 TARGET:-23 LUFS    M: -39.8 S: -37.2     I: -32.8 LUFS       LRA:   9.2 LU  FTPK: -25.4 -25.4 dBFS  TPK: -13.8 -13.8 dBFS
[Parsed_ebur128_0 @ 0x148e05970] t: 495.999979 TARGET:-23 LUFS    M: -37.7 S: -37.2     I: -32.8 LUFS       LRA:   9.2 LU  FTPK: -27.8 -27.8 dBFS  TPK: -13.8 -13.8 dBFS
[Parsed_ebur128_0 @ 0x148e05970] t: 496.099979 TARGET:-23 LUFS    M: -36.2 S: -37.2     I: -32.8 LUFS       LRA:   9.2 LU  FTPK: -27.1 -27.1 dBFS  TPK: -13.8 -13.8 dBFS
[Parsed_ebur128_0 @ 0x148e05970] t: 496.199979 TARGET:-23 LUFS    M: -34.7 S: -37.1     I: -32.8 LUFS       LRA:   9.2 LU  FTPK: -24.8 -24.8 dBFS  TPK: -13.8 -13.8 dBFS
[Parsed_ebur128_0 @ 0x148e05970] t: 496.299979 TARGET:-23 LUFS    M: -35.4 S: -37.2     I: -32.8 LUFS       LRA:   9.2 LU  FTPK: -30.4 -30.4 dBFS  TPK: -13.8 -13.8 dBFS
[Parsed_ebur128_0 @ 0x148e05970] t: 496.399979 TARGET:-23 LUFS    M: -34.7 S: -37.1     I: -32.8 LUFS       LRA:   9.2 LU  FTPK: -23.7 -23.7 dBFS  TPK: -13.8 -13.8 dBFS
[Parsed_ebur128_0 @ 0x148e05970] t: 496.499979 TARGET:-23 LUFS    M: -34.9 S: -37.2     I: -32.8 LUFS       LRA:   9.2 LU  FTPK: -28.6 -28.6 dBFS  TPK: -13.8 -13.8 dBFS
[Parsed_ebur128_0 @ 0x148e05970] t: 496.599979 TARGET:-23 LUFS    M: -34.9 S: -37.0     I: -32.8 LUFS       LRA:   9.2 LU  FTPK: -27.2 -27.2 dBFS  TPK: -13.8 -13.8 dBFS
[Parsed_ebur128_0 @ 0x148e05970] t: 496.699979 TARGET:-23 LUFS    M: -34.4 S: -37.2     I: -32.8 LUFS       LRA:   9.2 LU  FTPK: -26.5 -26.5 dBFS  TPK: -13.8 -13.8 dBFS
[Parsed_ebur128_0 @ 0x148e05970] t: 496.799979 TARGET:-23 LUFS    M: -35.4 S: -37.2     I: -32.8 LUFS       LRA:   9.2 LU  FTPK: -28.9 -28.9 dBFS  TPK: -13.8 -13.8 dBFS
[Parsed_ebur128_0 @ 0x148e05970] t: 496.899979 TARGET:-23 LUFS    M: -34.7 S: -37.2     I: -32.8 LUFS       LRA:   9.2 LU  FTPK: -25.9 -25.9 dBFS  TPK: -13.8 -13.8 dBFS
[Parsed_ebur128_0 @ 0x148e05970] t: 496.999979 TARGET:-23 LUFS    M: -35.2 S: -37.3     I: -32.8 LUFS       LRA:   9.2 LU  FTPK: -29.0 -29.0 dBFS  TPK: -13.8 -13.8 dBFS
[Parsed_ebur128_0 @ 0x148e05970] t: 497.099979 TARGET:-23 LUFS    M: -35.3 S: -37.2     I: -32.8 LUFS       LRA:   9.2 LU  FTPK: -26.6 -26.6 dBFS  TPK: -13.8 -13.8 dBFS
[Parsed_ebur128_0 @ 0x148e05970] t: 497.199979 TARGET:-23 LUFS    M: -34.7 S: -37.3     I: -32.8 LUFS       LRA:   9.2 LU  FTPK: -24.9 -24.9 dBFS  TPK: -13.8 -13.8 dBFS
[Parsed_ebur128_0 @ 0x148e05970] t: 497.299979 TARGET:-23 LUFS    M: -35.6 S: -37.3     I: -32.8 LUFS       LRA:   9.2 LU  FTPK: -30.8 -30.8 dBFS  TPK: -13.8 -13.8 dBFS
[Parsed_ebur128_0 @ 0x148e05970] t: 497.399979 TARGET:-23 LUFS    M: -35.0 S: -37.1     I: -32.8 LUFS       LRA:   9.2 LU  FTPK: -26.8 -26.8 dBFS  TPK: -13.8 -13.8 dBFS
[Parsed_ebur128_0 @ 0x148e05970] t: 497.499979 TARGET:-23 LUFS    M: -35.5 S: -37.5     I: -32.8 LUFS       LRA:   9.2 LU  FTPK: -28.7 -28.7 dBFS  TPK: -13.8 -13.8 dBFS
[Parsed_ebur128_0 @ 0x148e05970] t: 497.599979 TARGET:-23 LUFS    M: -35.4 S: -37.2     I: -32.8 LUFS       LRA:   9.2 LU  FTPK: -26.8 -26.8 dBFS  TPK: -13.8 -13.8 dBFS
[Parsed_ebur128_0 @ 0x148e05970] t: 497.699979 TARGET:-23 LUFS    M: -34.8 S: -37.0     I: -32.8 LUFS       LRA:   9.2 LU  FTPK: -25.9 -25.9 dBFS  TPK: -13.8 -13.8 dBFS
[Parsed_ebur128_0 @ 0x148e05970] t: 497.799979 TARGET:-23 LUFS    M: -35.4 S: -36.8     I: -32.8 LUFS       LRA:   9.2 LU  FTPK: -28.1 -28.1 dBFS  TPK: -13.8 -13.8 dBFS
[Parsed_ebur128_0 @ 0x148e05970] t: 497.899979 TARGET:-23 LUFS    M: -34.2 S: -36.4     I: -32.8 LUFS       LRA:   9.2 LU  FTPK: -25.9 -25.9 dBFS  TPK: -13.8 -13.8 dBFS
[Parsed_ebur128_0 @ 0x148e05970] t: 497.999979 TARGET:-23 LUFS    M: -34.8 S: -36.3     I: -32.8 LUFS       LRA:   9.2 LU  FTPK: -29.2 -29.2 dBFS  TPK: -13.8 -13.8 dBFS
[Parsed_ebur128_0 @ 0x148e05970] t: 498.099979 TARGET:-23 LUFS    M: -34.7 S: -36.1     I: -32.8 LUFS       LRA:   9.2 LU  FTPK: -27.1 -27.1 dBFS  TPK: -13.8 -13.8 dBFS
[Parsed_ebur128_0 @ 0x148e05970] t: 498.199979 TARGET:-23 LUFS    M: -34.1 S: -35.8     I: -32.8 LUFS       LRA:   9.2 LU  FTPK: -26.2 -26.2 dBFS  TPK: -13.8 -13.8 dBFS
[Parsed_ebur128_0 @ 0x148e05970] t: 498.299979 TARGET:-23 LUFS    M: -35.2 S: -35.7     I: -32.8 LUFS       LRA:   9.2 LU  FTPK: -28.2 -28.2 dBFS  TPK: -13.8 -13.8 dBFS
[Parsed_ebur128_0 @ 0x148e05970] t: 498.399979 TARGET:-23 LUFS    M: -34.4 S: -35.5     I: -32.8 LUFS       LRA:   9.2 LU  FTPK: -27.1 -27.1 dBFS  TPK: -13.8 -13.8 dBFS
[Parsed_ebur128_0 @ 0x148e05970] t: 498.499979 TARGET:-23 LUFS    M: -34.9 S: -35.4     I: -32.8 LUFS       LRA:   9.2 LU  FTPK: -28.7 -28.7 dBFS  TPK: -13.8 -13.8 dBFS
[Parsed_ebur128_0 @ 0x148e05970] t: 498.599979 TARGET:-23 LUFS    M: -36.3 S: -35.3     I: -32.8 LUFS       LRA:   9.2 LU  FTPK: -29.9 -29.9 dBFS  TPK: -13.8 -13.8 dBFS
[Parsed_ebur128_0 @ 0x148e05970] t: 498.699979 TARGET:-23 LUFS    M: -37.4 S: -35.3     I: -32.8 LUFS       LRA:   9.2 LU  FTPK: -196.6 -196.6 dBFS  TPK: -13.8 -13.8 dBFS
[Parsed_ebur128_0 @ 0x148e05970] t: 498.799979 TARGET:-23 LUFS    M: -41.6 S: -35.3     I: -32.9 LUFS       LRA:   9.2 LU  FTPK:  -inf  -inf dBFS  TPK: -13.8 -13.8 dBFS
[Parsed_ebur128_0 @ 0x148e05970] t: 498.899979 TARGET:-23 LUFS    M: -48.3 S: -35.6     I: -32.9 LUFS       LRA:   9.2 LU  FTPK:  -inf  -inf dBFS  TPK: -13.8 -13.8 dBFS
[Parsed_ebur128_0 @ 0x148e05970] t: 498.999979 TARGET:-23 LUFS    M:   nan S: -35.7     I: -32.9 LUFS       LRA:   9.2 LU  FTPK:  -inf  -inf dBFS  TPK: -13.8 -13.8 dBFS
[Parsed_ebur128_0 @ 0x148e05970] t: 499.099979 TARGET:-23 LUFS    M:   nan S: -35.8     I: -32.9 LUFS       LRA:   9.2 LU  FTPK:  -inf  -inf dBFS  TPK: -13.8 -13.8 dBFS
[Parsed_ebur128_0 @ 0x148e05970] t: 499.199979 TARGET:-23 LUFS    M:   nan S: -36.1     I: -32.9 LUFS       LRA:   9.2 LU  FTPK:  -inf  -inf dBFS  TPK: -13.8 -13.8 dBFS
[Parsed_ebur128_0 @ 0x148e05970] t: 499.299979 TARGET:-23 LUFS    M:   nan S: -36.2     I: -32.9 LUFS       LRA:   9.2 LU  FTPK:  -inf  -inf dBFS  TPK: -13.8 -13.8 dBFS
[Parsed_ebur128_0 @ 0x148e05970] t: 499.399979 TARGET:-23 LUFS    M:   nan S: -36.5     I: -32.9 LUFS       LRA:   9.2 LU  FTPK:  -inf  -inf dBFS  TPK: -13.8 -13.8 dBFS
[Parsed_ebur128_0 @ 0x148e05970] t: 499.499979 TARGET:-23 LUFS    M:   nan S: -36.6     I: -32.9 LUFS       LRA:   9.2 LU  FTPK:  -inf  -inf dBFS  TPK: -13.8 -13.8 dBFS
[Parsed_ebur128_0 @ 0x148e05970] t: 499.599979 TARGET:-23 LUFS    M:   nan S: -36.9     I: -32.9 LUFS       LRA:   9.2 LU  FTPK:  -inf  -inf dBFS  TPK: -13.8 -13.8 dBFS
[Parsed_ebur128_0 @ 0x148e05970] t: 499.699979 TARGET:-23 LUFS    M:   nan S: -37.2     I: -32.9 LUFS       LRA:   9.2 LU  FTPK:  -inf  -inf dBFS  TPK: -13.8 -13.8 dBFS
[Parsed_ebur128_0 @ 0x148e05970] t: 499.799979 TARGET:-23 LUFS    M:   nan S: -37.3     I: -32.9 LUFS       LRA:   9.2 LU  FTPK:  -inf  -inf dBFS  TPK: -13.8 -13.8 dBFS
[Parsed_ebur128_0 @ 0x148e05970] t: 499.899979 TARGET:-23 LUFS    M:   nan S: -37.7     I: -32.9 LUFS       LRA:   9.2 LU  FTPK:  -inf  -inf dBFS  TPK: -13.8 -13.8 dBFS
[Parsed_ebur128_0 @ 0x148e05970] t: 499.999979 TARGET:-23 LUFS    M:   nan S: -37.9     I: -32.9 LUFS       LRA:   9.2 LU  FTPK:  -inf  -inf dBFS  TPK: -13.8 -13.8 dBFS
[Parsed_ebur128_0 @ 0x148e05970] t: 500.099979 TARGET:-23 LUFS    M:   nan S: -38.2     I: -32.9 LUFS       LRA:   9.2 LU  FTPK:  -inf  -inf dBFS  TPK: -13.8 -13.8 dBFS
[Parsed_ebur128_0 @ 0x148e05970] t: 500.199979 TARGET:-23 LUFS    M:   nan S: -38.5     I: -32.9 LUFS       LRA:   9.2 LU  FTPK:  -inf  -inf dBFS  TPK: -13.8 -13.8 dBFS
[Parsed_ebur128_0 @ 0x148e05970] t: 500.299979 TARGET:-23 LUFS    M:   nan S: -38.7     I: -32.9 LUFS       LRA:   9.2 LU  FTPK:  -inf  -inf dBFS  TPK: -13.8 -13.8 dBFS
[Parsed_ebur128_0 @ 0x148e05970] t: 500.399979 TARGET:-23 LUFS    M:   nan S: -39.2     I: -32.9 LUFS       LRA:   9.2 LU  FTPK:  -inf  -inf dBFS  TPK: -13.8 -13.8 dBFS
[Parsed_ebur128_0 @ 0x148e05970] t: 500.499979 TARGET:-23 LUFS    M:   nan S: -39.4     I: -32.9 LUFS       LRA:   9.2 LU  FTPK:  -inf  -inf dBFS  TPK: -13.8 -13.8 dBFS
[Parsed_ebur128_0 @ 0x148e05970] t: 500.599979 TARGET:-23 LUFS    M:   nan S: -39.9     I: -32.9 LUFS       LRA:   9.2 LU  FTPK:  -inf  -inf dBFS  TPK: -13.8 -13.8 dBFS
[Parsed_ebur128_0 @ 0x148e05970] t: 500.699979 TARGET:-23 LUFS    M:   nan S: -40.4     I: -32.9 LUFS       LRA:   9.2 LU  FTPK:  -inf  -inf dBFS  TPK: -13.8 -13.8 dBFS
[Parsed_ebur128_0 @ 0x148e05970] t: 500.799979 TARGET:-23 LUFS    M:   nan S: -40.8     I: -32.9 LUFS       LRA:   9.2 LU  FTPK:  -inf  -inf dBFS  TPK: -13.8 -13.8 dBFS
[Parsed_ebur128_0 @ 0x148e05970] t: 500.899979 TARGET:-23 LUFS    M:   nan S: -41.9     I: -32.9 LUFS       LRA:   9.2 LU  FTPK:  -inf  -inf dBFS  TPK: -13.8 -13.8 dBFS
[Parsed_ebur128_0 @ 0x148e05970] t: 500.999979 TARGET:-23 LUFS    M:   nan S: -42.4     I: -32.9 LUFS       LRA:   9.2 LU  FTPK:  -inf  -inf dBFS  TPK: -13.8 -13.8 dBFS
[Parsed_ebur128_0 @ 0x148e05970] t: 501.099979 TARGET:-23 LUFS    M:   nan S: -43.5     I: -32.9 LUFS       LRA:   9.2 LU  FTPK:  -inf  -inf dBFS  TPK: -13.8 -13.8 dBFS
[Parsed_ebur128_0 @ 0x148e05970] t: 501.199979 TARGET:-23 LUFS    M:   nan S: -45.0     I: -32.9 LUFS       LRA:   9.2 LU  FTPK:  -inf  -inf dBFS  TPK: -13.8 -13.8 dBFS
[Parsed_ebur128_0 @ 0x148e05970] t: 501.299979 TARGET:-23 LUFS    M:   nan S: -46.2     I: -32.9 LUFS       LRA:   9.2 LU  FTPK:  -inf  -inf dBFS  TPK: -13.8 -13.8 dBFS
[Parsed_ebur128_0 @ 0x148e05970] t: 501.399979 TARGET:-23 LUFS    M:   nan S: -50.4     I: -32.9 LUFS       LRA:   9.2 LU  FTPK:  -inf  -inf dBFS  TPK: -13.8 -13.8 dBFS
[Parsed_ebur128_0 @ 0x148e05970] t: 501.499979 TARGET:-23 LUFS    M:   nan S: -57.1     I: -32.9 LUFS       LRA:   9.2 LU  FTPK:  -inf  -inf dBFS  TPK: -13.8 -13.8 dBFS
[Parsed_ebur128_0 @ 0x148e05970] t: 501.599979 TARGET:-23 LUFS    M:   nan S:   nan     I: -32.9 LUFS       LRA:   9.2 LU  FTPK:  -inf  -inf dBFS  TPK: -13.8 -13.8 dBFS
[Parsed_ebur128_0 @ 0x148e05970] t: 501.699979 TARGET:-23 LUFS    M:   nan S:   nan     I: -32.9 LUFS       LRA:   9.2 LU  FTPK:  -inf  -inf dBFS  TPK: -13.8 -13.8 dBFS
[Parsed_ebur128_0 @ 0x148e05970] t: 501.799979 TARGET:-23 LUFS    M:   nan S:   nan     I: -32.9 LUFS       LRA:   9.2 LU  FTPK:  -inf  -inf dBFS  TPK: -13.8 -13.8 dBFS
[Parsed_ebur128_0 @ 0x148e05970] t: 501.899979 TARGET:-23 LUFS    M:   nan S:   nan     I: -32.9 LUFS       LRA:   9.2 LU  FTPK:  -inf  -inf dBFS  TPK: -13.8 -13.8 dBFS
[Parsed_ebur128_0 @ 0x148e05970] t: 501.999979 TARGET:-23 LUFS    M:   nan S:   nan     I: -32.9 LUFS       LRA:   9.2 LU  FTPK:  -inf  -inf dBFS  TPK: -13.8 -13.8 dBFS
[Parsed_ebur128_0 @ 0x148e05970] t: 502.099979 TARGET:-23 LUFS    M:   nan S:   nan     I: -32.9 LUFS       LRA:   9.2 LU  FTPK:  -inf  -inf dBFS  TPK: -13.8 -13.8 dBFS
[Parsed_ebur128_0 @ 0x148e05970] t: 502.199979 TARGET:-23 LUFS    M:   nan S:   nan     I: -32.9 LUFS       LRA:   9.2 LU  FTPK:  -inf  -inf dBFS  TPK: -13.8 -13.8 dBFS
[Parsed_ebur128_0 @ 0x148e05970] t: 502.299979 TARGET:-23 LUFS    M:   nan S:   nan     I: -32.9 LUFS       LRA:   9.2 LU  FTPK:  -inf  -inf dBFS  TPK: -13.8 -13.8 dBFS
[Parsed_ebur128_0 @ 0x148e05970] t: 502.399979 TARGET:-23 LUFS    M:   nan S:   nan     I: -32.9 LUFS       LRA:   9.2 LU  FTPK:  -inf  -inf dBFS  TPK: -13.8 -13.8 dBFS
[Parsed_ebur128_0 @ 0x148e05970] t: 502.499979 TARGET:-23 LUFS    M:   nan S:   nan     I: -32.9 LUFS       LRA:   9.2 LU  FTPK:  -inf  -inf dBFS  TPK: -13.8 -13.8 dBFS
[Parsed_ebur128_0 @ 0x148e05970] t: 502.599979 TARGET:-23 LUFS    M:   nan S:   nan     I: -32.9 LUFS       LRA:   9.2 LU  FTPK:  -inf  -inf dBFS  TPK: -13.8 -13.8 dBFS
[Parsed_ebur128_0 @ 0x148e05970] t: 502.699979 TARGET:-23 LUFS    M:   nan S:   nan     I: -32.9 LUFS       LRA:   9.2 LU  FTPK:  -inf  -inf dBFS  TPK: -13.8 -13.8 dBFS
[Parsed_ebur128_0 @ 0x148e05970] t: 502.799979 TARGET:-23 LUFS    M:   nan S:   nan     I: -32.9 LUFS       LRA:   9.2 LU  FTPK:  -inf  -inf dBFS  TPK: -13.8 -13.8 dBFS
[Parsed_ebur128_0 @ 0x148e05970] t: 502.899979 TARGET:-23 LUFS    M:   nan S:   nan     I: -32.9 LUFS       LRA:   9.2 LU  FTPK:  -inf  -inf dBFS  TPK: -13.8 -13.8 dBFS
[Parsed_ebur128_0 @ 0x148e05970] t: 502.999979 TARGET:-23 LUFS    M:   nan S:   nan     I: -32.9 LUFS       LRA:   9.2 LU  FTPK:  -inf  -inf dBFS  TPK: -13.8 -13.8 dBFS
[Parsed_ebur128_0 @ 0x148e05970] t: 503.099979 TARGET:-23 LUFS    M:   nan S:   nan     I: -32.9 LUFS       LRA:   9.2 LU  FTPK:  -inf  -inf dBFS  TPK: -13.8 -13.8 dBFS
[Parsed_ebur128_0 @ 0x148e05970] t: 503.199979 TARGET:-23 LUFS    M:   nan S:   nan     I: -32.9 LUFS       LRA:   9.2 LU  FTPK:  -inf  -inf dBFS  TPK: -13.8 -13.8 dBFS
[Parsed_ebur128_0 @ 0x148e05970] t: 503.299979 TARGET:-23 LUFS    M: -41.7 S: -50.5     I: -32.9 LUFS       LRA:   9.2 LU  FTPK: -23.7 -23.7 dBFS  TPK: -13.8 -13.8 dBFS
[Parsed_ebur128_0 @ 0x148e05970] t: 503.399979 TARGET:-23 LUFS    M: -40.6 S: -49.4     I: -32.9 LUFS       LRA:   9.2 LU  FTPK: -30.5 -30.5 dBFS  TPK: -13.8 -13.8 dBFS
[Parsed_ebur128_0 @ 0x148e05970] t: 503.499979 TARGET:-23 LUFS    M: -40.6 S: -49.4     I: -32.9 LUFS       LRA:   9.2 LU  FTPK: -52.7 -52.7 dBFS  TPK: -13.8 -13.8 dBFS
[Parsed_ebur128_0 @ 0x148e05970] t: 503.599979 TARGET:-23 LUFS    M: -40.6 S: -49.4     I: -32.9 LUFS       LRA:   9.2 LU  FTPK:  -inf  -inf dBFS  TPK: -13.8 -13.8 dBFS
[Parsed_ebur128_0 @ 0x148e05970] t: 503.699979 TARGET:-23 LUFS    M: -47.1 S: -49.4     I: -32.9 LUFS       LRA:   9.2 LU  FTPK:  -inf  -inf dBFS  TPK: -13.8 -13.8 dBFS
[Parsed_ebur128_0 @ 0x148e05970] t: 503.799979 TARGET:-23 LUFS    M: -70.9 S: -49.4     I: -32.9 LUFS       LRA:   9.2 LU  FTPK:  -inf  -inf dBFS  TPK: -13.8 -13.8 dBFS
[Parsed_ebur128_0 @ 0x148e05970] t: 503.899979 TARGET:-23 LUFS    M:   nan S: -49.4     I: -32.9 LUFS       LRA:   9.2 LU  FTPK:  -inf  -inf dBFS  TPK: -13.8 -13.8 dBFS
[Parsed_ebur128_0 @ 0x148e05970] t: 503.999979 TARGET:-23 LUFS    M:   nan S: -49.4     I: -32.9 LUFS       LRA:   9.2 LU  FTPK:  -inf  -inf dBFS  TPK: -13.8 -13.8 dBFS
[Parsed_ebur128_0 @ 0x148e05970] t: 504.099979 TARGET:-23 LUFS    M:   nan S: -49.4     I: -32.9 LUFS       LRA:   9.2 LU  FTPK:  -inf  -inf dBFS  TPK: -13.8 -13.8 dBFS
[Parsed_ebur128_0 @ 0x148e05970] t: 504.199979 TARGET:-23 LUFS    M: -66.6 S: -49.3     I: -32.9 LUFS       LRA:   9.2 LU  FTPK: -39.3 -40.2 dBFS  TPK: -13.8 -13.8 dBFS
[Parsed_ebur128_0 @ 0x148e05970] t: 504.299979 TARGET:-23 LUFS    M: -40.0 S: -46.0     I: -32.9 LUFS       LRA:   9.2 LU  FTPK: -24.3 -25.3 dBFS  TPK: -13.8 -13.8 dBFS
[Parsed_ebur128_0 @ 0x148e05970] t: 504.399979 TARGET:-23 LUFS    M: -37.5 S: -44.5     I: -32.9 LUFS       LRA:   9.2 LU  FTPK: -27.5 -28.4 dBFS  TPK: -13.8 -13.8 dBFS
[Parsed_ebur128_0 @ 0x148e05970] t: 504.499979 TARGET:-23 LUFS    M: -35.9 S: -43.4     I: -32.9 LUFS       LRA:   9.2 LU  FTPK: -27.0 -28.1 dBFS  TPK: -13.8 -13.8 dBFS
[Parsed_ebur128_0 @ 0x148e05970] t: 504.599979 TARGET:-23 LUFS    M: -34.4 S: -42.2     I: -32.9 LUFS       LRA:   9.2 LU  FTPK: -25.1 -26.1 dBFS  TPK: -13.8 -13.8 dBFS
[Parsed_ebur128_0 @ 0x148e05970] t: 504.699979 TARGET:-23 LUFS    M: -34.8 S: -41.6     I: -32.9 LUFS       LRA:   9.2 LU  FTPK: -27.9 -29.0 dBFS  TPK: -13.8 -13.8 dBFS
[Parsed_ebur128_0 @ 0x148e05970] t: 504.799979 TARGET:-23 LUFS    M: -34.5 S: -40.8     I: -32.9 LUFS       LRA:   9.2 LU  FTPK: -24.6 -25.6 dBFS  TPK: -13.8 -13.8 dBFS
[Parsed_ebur128_0 @ 0x148e05970] t: 504.899979 TARGET:-23 LUFS    M: -34.5 S: -40.3     I: -32.9 LUFS       LRA:   9.2 LU  FTPK: -24.7 -25.7 dBFS  TPK: -13.8 -13.8 dBFS
[Parsed_ebur128_0 @ 0x148e05970] t: 504.999979 TARGET:-23 LUFS    M: -34.8 S: -39.8     I: -32.9 LUFS       LRA:   9.2 LU  FTPK: -25.5 -26.5 dBFS  TPK: -13.8 -13.8 dBFS
[Parsed_ebur128_0 @ 0x148e05970] t: 505.099979 TARGET:-23 LUFS    M: -34.1 S: -39.2     I: -32.9 LUFS       LRA:   9.2 LU  FTPK: -25.6 -26.5 dBFS  TPK: -13.8 -13.8 dBFS
[Parsed_ebur128_0 @ 0x148e05970] t: 505.199979 TARGET:-23 LUFS    M: -34.5 S: -38.9     I: -32.9 LUFS       LRA:   9.2 LU  FTPK: -26.7 -27.7 dBFS  TPK: -13.8 -13.8 dBFS
[Parsed_ebur128_0 @ 0x148e05970] t: 505.299979 TARGET:-23 LUFS    M: -34.2 S: -38.4     I: -32.9 LUFS       LRA:   9.2 LU  FTPK: -25.7 -26.7 dBFS  TPK: -13.8 -13.8 dBFS
[Parsed_ebur128_0 @ 0x148e05970] t: 505.399979 TARGET:-23 LUFS    M: -35.1 S: -38.4     I: -32.9 LUFS       LRA:   9.2 LU  FTPK: -29.8 -30.8 dBFS  TPK: -13.8 -13.8 dBFS
[Parsed_ebur128_0 @ 0x148e05970] t: 505.499979 TARGET:-23 LUFS    M: -35.8 S: -38.1     I: -32.9 LUFS       LRA:   9.2 LU  FTPK: -20.3 -21.3 dBFS  TPK: -13.8 -13.8 dBFS
[Parsed_ebur128_0 @ 0x148e05970] t: 505.599979 TARGET:-23 LUFS    M: -37.1 S: -38.1     I: -32.9 LUFS       LRA:   9.2 LU  FTPK: -42.3 -43.4 dBFS  TPK: -13.8 -13.8 dBFS
[Parsed_ebur128_0 @ 0x148e05970] t: 505.699979 TARGET:-23 LUFS    M: -37.0 S: -37.7     I: -32.9 LUFS       LRA:   9.2 LU  FTPK: -25.3 -25.3 dBFS  TPK: -13.8 -13.8 dBFS
[Parsed_ebur128_0 @ 0x148e05970] t: 505.799979 TARGET:-23 LUFS    M: -36.0 S: -37.5     I: -32.9 LUFS       LRA:   9.2 LU  FTPK: -27.8 -27.8 dBFS  TPK: -13.8 -13.8 dBFS
[Parsed_ebur128_0 @ 0x148e05970] t: 505.899979 TARGET:-23 LUFS    M: -36.1 S: -37.2     I: -32.9 LUFS       LRA:   9.2 LU  FTPK: -27.1 -27.1 dBFS  TPK: -13.8 -13.8 dBFS
[Parsed_ebur128_0 @ 0x148e05970] t: 505.999979 TARGET:-23 LUFS    M: -34.7 S: -37.0     I: -32.9 LUFS       LRA:   9.2 LU  FTPK: -24.9 -24.9 dBFS  TPK: -13.8 -13.8 dBFS
[Parsed_ebur128_0 @ 0x148e05970] t: 506.099979 TARGET:-23 LUFS    M: -35.5 S: -36.8     I: -32.9 LUFS       LRA:   9.2 LU  FTPK: -30.4 -30.4 dBFS  TPK: -13.8 -13.8 dBFS
[Parsed_ebur128_0 @ 0x148e05970] t: 506.199979 TARGET:-23 LUFS    M: -34.7 S: -36.5     I: -32.9 LUFS       LRA:   9.2 LU  FTPK: -23.8 -23.8 dBFS  TPK: -13.8 -13.8 dBFS
[Parsed_ebur128_0 @ 0x148e05970] t: 506.299979 TARGET:-23 LUFS    M: -34.9 S: -36.5     I: -32.9 LUFS       LRA:   9.2 LU  FTPK: -28.6 -28.6 dBFS  TPK: -13.8 -13.8 dBFS
[Parsed_ebur128_0 @ 0x148e05970] t: 506.399979 TARGET:-23 LUFS    M: -34.9 S: -36.3     I: -32.9 LUFS       LRA:   9.2 LU  FTPK: -27.2 -27.2 dBFS  TPK: -13.8 -13.8 dBFS
[Parsed_ebur128_0 @ 0x148e05970] t: 506.499979 TARGET:-23 LUFS    M: -34.4 S: -36.1     I: -32.9 LUFS       LRA:   9.2 LU  FTPK: -26.5 -26.5 dBFS  TPK: -13.8 -13.8 dBFS
[Parsed_ebur128_0 @ 0x148e05970] t: 506.599979 TARGET:-23 LUFS    M: -35.4 S: -36.0     I: -32.9 LUFS       LRA:   9.2 LU  FTPK: -28.9 -28.9 dBFS  TPK: -13.8 -13.8 dBFS
[Parsed_ebur128_0 @ 0x148e05970] t: 506.699979 TARGET:-23 LUFS    M: -34.7 S: -35.8     I: -32.9 LUFS       LRA:   9.2 LU  FTPK: -25.9 -25.9 dBFS  TPK: -13.8 -13.8 dBFS
[Parsed_ebur128_0 @ 0x148e05970] t: 506.799979 TARGET:-23 LUFS    M: -35.2 S: -35.6     I: -32.9 LUFS       LRA:   9.2 LU  FTPK: -28.9 -28.9 dBFS  TPK: -13.8 -13.8 dBFS
[Parsed_ebur128_0 @ 0x148e05970] t: 506.899979 TARGET:-23 LUFS    M: -35.3 S: -35.5     I: -33.0 LUFS       LRA:   9.2 LU  FTPK: -26.6 -26.6 dBFS  TPK: -13.8 -13.8 dBFS
[Parsed_ebur128_0 @ 0x148e05970] t: 506.999979 TARGET:-23 LUFS    M: -34.7 S: -35.3     I: -33.0 LUFS       LRA:   9.2 LU  FTPK: -24.8 -24.8 dBFS  TPK: -13.8 -13.8 dBFS
[Parsed_ebur128_0 @ 0x148e05970] t: 507.099979 TARGET:-23 LUFS    M: -35.6 S: -35.2     I: -33.0 LUFS       LRA:   9.2 LU  FTPK: -30.8 -30.8 dBFS  TPK: -13.8 -13.8 dBFS
[Parsed_ebur128_0 @ 0x148e05970] t: 507.199979 TARGET:-23 LUFS    M: -35.0 S: -35.0     I: -33.0 LUFS       LRA:   9.2 LU  FTPK: -26.8 -26.8 dBFS  TPK: -13.8 -13.8 dBFS
[Parsed_ebur128_0 @ 0x148e05970] t: 507.299979 TARGET:-23 LUFS    M: -35.5 S: -35.1     I: -33.0 LUFS       LRA:   9.2 LU  FTPK: -28.7 -28.7 dBFS  TPK: -13.8 -13.8 dBFS
[Parsed_ebur128_0 @ 0x148e05970] t: 507.399979 TARGET:-23 LUFS    M: -35.4 S: -35.1     I: -33.0 LUFS       LRA:   9.2 LU  FTPK: -26.8 -26.8 dBFS  TPK: -13.8 -13.8 dBFS
[Parsed_ebur128_0 @ 0x148e05970] t: 507.499979 TARGET:-23 LUFS    M: -34.8 S: -35.1     I: -33.0 LUFS       LRA:   9.2 LU  FTPK: -25.9 -25.9 dBFS  TPK: -13.8 -13.8 dBFS
[Parsed_ebur128_0 @ 0x148e05970] t: 507.599979 TARGET:-23 LUFS    M: -35.4 S: -35.2     I: -33.0 LUFS       LRA:   9.2 LU  FTPK: -28.1 -28.1 dBFS  TPK: -13.8 -13.8 dBFS
[Parsed_ebur128_0 @ 0x148e05970] t: 507.699979 TARGET:-23 LUFS    M: -34.2 S: -35.0     I: -33.0 LUFS       LRA:   9.3 LU  FTPK: -25.9 -25.9 dBFS  TPK: -13.8 -13.8 dBFS
[Parsed_ebur128_0 @ 0x148e05970] t: 507.799979 TARGET:-23 LUFS    M: -34.8 S: -35.1     I: -33.0 LUFS       LRA:   9.3 LU  FTPK: -29.2 -29.2 dBFS  TPK: -13.8 -13.8 dBFS
[Parsed_ebur128_0 @ 0x148e05970] t: 507.899979 TARGET:-23 LUFS    M: -34.7 S: -35.1     I: -33.0 LUFS       LRA:   9.3 LU  FTPK: -27.1 -27.1 dBFS  TPK: -13.8 -13.8 dBFS
[Parsed_ebur128_0 @ 0x148e05970] t: 507.999979 TARGET:-23 LUFS    M: -34.1 S: -35.1     I: -33.0 LUFS       LRA:   9.3 LU  FTPK: -26.1 -26.1 dBFS  TPK: -13.8 -13.8 dBFS
[Parsed_ebur128_0 @ 0x148e05970] t: 508.099979 TARGET:-23 LUFS    M: -35.2 S: -35.2     I: -33.0 LUFS       LRA:   9.4 LU  FTPK: -28.2 -28.2 dBFS  TPK: -13.8 -13.8 dBFS
[Parsed_ebur128_0 @ 0x148e05970] t: 508.199979 TARGET:-23 LUFS    M: -34.4 S: -35.1     I: -33.0 LUFS       LRA:   9.4 LU  FTPK: -27.0 -27.0 dBFS  TPK: -13.8 -13.8 dBFS
[Parsed_ebur128_0 @ 0x148e05970] t: 508.299979 TARGET:-23 LUFS    M: -34.9 S: -35.2     I: -33.0 LUFS       LRA:   9.4 LU  FTPK: -28.7 -28.7 dBFS  TPK: -13.8 -13.8 dBFS
[Parsed_ebur128_0 @ 0x148e05970] t: 508.399979 TARGET:-23 LUFS    M: -36.3 S: -35.2     I: -33.0 LUFS       LRA:   9.4 LU  FTPK: -29.9 -29.9 dBFS  TPK: -13.8 -13.8 dBFS
[Parsed_ebur128_0 @ 0x148e05970] t: 508.499979 TARGET:-23 LUFS    M: -34.3 S: -35.0     I: -33.0 LUFS       LRA:   9.4 LU  FTPK: -19.9 -19.9 dBFS  TPK: -13.8 -13.8 dBFS
[Parsed_ebur128_0 @ 0x148e05970] t: 508.599979 TARGET:-23 LUFS    M: -35.8 S: -35.0     I: -33.0 LUFS       LRA:   9.4 LU  FTPK: -37.1 -37.1 dBFS  TPK: -13.8 -13.8 dBFS
[Parsed_ebur128_0 @ 0x148e05970] t: 508.699979 TARGET:-23 LUFS    M: -36.8 S: -35.2     I: -33.0 LUFS       LRA:   9.4 LU  FTPK: -74.6 -74.6 dBFS  TPK: -13.8 -13.8 dBFS
[Parsed_ebur128_0 @ 0x148e05970] t: 508.799979 TARGET:-23 LUFS    M: -37.1 S: -35.3     I: -33.0 LUFS       LRA:   9.4 LU  FTPK:  -inf  -inf dBFS  TPK: -13.8 -13.8 dBFS
[Parsed_ebur128_0 @ 0x148e05970] t: 508.899979 TARGET:-23 LUFS    M: -52.2 S: -35.4     I: -33.0 LUFS       LRA:   9.4 LU  FTPK:  -inf  -inf dBFS  TPK: -13.8 -13.8 dBFS
[Parsed_ebur128_0 @ 0x148e05970] t: 508.999979 TARGET:-23 LUFS    M: -95.3 S: -35.6     I: -33.0 LUFS       LRA:   9.4 LU  FTPK:  -inf  -inf dBFS  TPK: -13.8 -13.8 dBFS
[Parsed_ebur128_0 @ 0x148e05970] t: 509.099979 TARGET:-23 LUFS    M:   nan S: -35.7     I: -33.0 LUFS       LRA:   9.4 LU  FTPK:  -inf  -inf dBFS  TPK: -13.8 -13.8 dBFS
[Parsed_ebur128_0 @ 0x148e05970] t: 509.199979 TARGET:-23 LUFS    M:   nan S: -36.0     I: -33.0 LUFS       LRA:   9.4 LU  FTPK:  -inf  -inf dBFS  TPK: -13.8 -13.8 dBFS
[Parsed_ebur128_0 @ 0x148e05970] t: 509.299979 TARGET:-23 LUFS    M:   nan S: -36.2     I: -33.0 LUFS       LRA:   9.4 LU  FTPK:  -inf  -inf dBFS  TPK: -13.8 -13.8 dBFS
[Parsed_ebur128_0 @ 0x148e05970] t: 509.399979 TARGET:-23 LUFS    M:   nan S: -36.4     I: -33.0 LUFS       LRA:   9.4 LU  FTPK:  -inf  -inf dBFS  TPK: -13.8 -13.8 dBFS
[Parsed_ebur128_0 @ 0x148e05970] t: 509.499979 TARGET:-23 LUFS    M:   nan S: -36.6     I: -33.0 LUFS       LRA:   9.4 LU  FTPK:  -inf  -inf dBFS  TPK: -13.8 -13.8 dBFS
[Parsed_ebur128_0 @ 0x148e05970] t: 509.599979 TARGET:-23 LUFS    M:   nan S: -36.7     I: -33.0 LUFS       LRA:   9.4 LU  FTPK:  -inf  -inf dBFS  TPK: -13.8 -13.8 dBFS
[Parsed_ebur128_0 @ 0x148e05970] t: 509.699979 TARGET:-23 LUFS    M:   nan S: -37.1     I: -33.0 LUFS       LRA:   9.4 LU  FTPK:  -inf  -inf dBFS  TPK: -13.8 -13.8 dBFS
[Parsed_ebur128_0 @ 0x148e05970] t: 509.799979 TARGET:-23 LUFS    M: -77.0 S: -37.2     I: -33.0 LUFS       LRA:   9.4 LU  FTPK: -52.0 -52.0 dBFS  TPK: -13.8 -13.8 dBFS
[Parsed_ebur128_0 @ 0x148e05970] t: 509.899979 TARGET:-23 LUFS    M: -39.8 S: -37.2     I: -33.0 LUFS       LRA:   9.4 LU  FTPK: -25.3 -25.3 dBFS  TPK: -13.8 -13.8 dBFS
[Parsed_ebur128_0 @ 0x148e05970] t: 509.999979 TARGET:-23 LUFS    M: -37.7 S: -37.2     I: -33.0 LUFS       LRA:   9.4 LU  FTPK: -27.8 -27.8 dBFS  TPK: -13.8 -13.8 dBFS
[Parsed_ebur128_0 @ 0x148e05970] t: 510.099979 TARGET:-23 LUFS    M: -36.2 S: -37.2     I: -33.0 LUFS       LRA:   9.4 LU  FTPK: -27.1 -27.1 dBFS  TPK: -13.8 -13.8 dBFS
[Parsed_ebur128_0 @ 0x148e05970] t: 510.199979 TARGET:-23 LUFS    M: -34.7 S: -37.1     I: -33.0 LUFS       LRA:   9.4 LU  FTPK: -24.9 -24.9 dBFS  TPK: -13.8 -13.8 dBFS
[Parsed_ebur128_0 @ 0x148e05970] t: 510.299979 TARGET:-23 LUFS    M: -35.4 S: -37.2     I: -33.0 LUFS       LRA:   9.4 LU  FTPK: -30.4 -30.4 dBFS  TPK: -13.8 -13.8 dBFS
[Parsed_ebur128_0 @ 0x148e05970] t: 510.399979 TARGET:-23 LUFS    M: -34.7 S: -37.1     I: -33.0 LUFS       LRA:   9.4 LU  FTPK: -23.8 -23.8 dBFS  TPK: -13.8 -13.8 dBFS
[Parsed_ebur128_0 @ 0x148e05970] t: 510.499979 TARGET:-23 LUFS    M: -34.9 S: -37.2     I: -33.0 LUFS       LRA:   9.4 LU  FTPK: -28.5 -28.5 dBFS  TPK: -13.8 -13.8 dBFS
[Parsed_ebur128_0 @ 0x148e05970] t: 510.599979 TARGET:-23 LUFS    M: -34.9 S: -37.0     I: -33.0 LUFS       LRA:   9.4 LU  FTPK: -27.1 -27.1 dBFS  TPK: -13.8 -13.8 dBFS
[Parsed_ebur128_0 @ 0x148e05970] t: 510.699979 TARGET:-23 LUFS    M: -34.4 S: -37.2     I: -33.0 LUFS       LRA:   9.4 LU  FTPK: -26.6 -26.6 dBFS  TPK: -13.8 -13.8 dBFS
[Parsed_ebur128_0 @ 0x148e05970] t: 510.799979 TARGET:-23 LUFS    M: -35.4 S: -37.2     I: -33.0 LUFS       LRA:   9.4 LU  FTPK: -28.9 -28.9 dBFS  TPK: -13.8 -13.8 dBFS
[Parsed_ebur128_0 @ 0x148e05970] t: 510.899979 TARGET:-23 LUFS    M: -34.7 S: -37.2     I: -33.0 LUFS       LRA:   9.4 LU  FTPK: -25.9 -25.9 dBFS  TPK: -13.8 -13.8 dBFS
[Parsed_ebur128_0 @ 0x148e05970] t: 510.999979 TARGET:-23 LUFS    M: -35.2 S: -37.3     I: -33.0 LUFS       LRA:   9.4 LU  FTPK: -29.0 -29.0 dBFS  TPK: -13.8 -13.8 dBFS
[Parsed_ebur128_0 @ 0x148e05970] t: 511.099979 TARGET:-23 LUFS    M: -35.3 S: -37.2     I: -33.0 LUFS       LRA:   9.4 LU  FTPK: -26.6 -26.6 dBFS  TPK: -13.8 -13.8 dBFS
[Parsed_ebur128_0 @ 0x148e05970] t: 511.199979 TARGET:-23 LUFS    M: -34.7 S: -37.3     I: -33.0 LUFS       LRA:   9.4 LU  FTPK: -24.9 -24.9 dBFS  TPK: -13.8 -13.8 dBFS
[Parsed_ebur128_0 @ 0x148e05970] t: 511.299979 TARGET:-23 LUFS    M: -35.6 S: -37.3     I: -33.0 LUFS       LRA:   9.4 LU  FTPK: -30.8 -30.8 dBFS  TPK: -13.8 -13.8 dBFS
[Parsed_ebur128_0 @ 0x148e05970] t: 511.399979 TARGET:-23 LUFS    M: -35.0 S: -37.1     I: -33.0 LUFS       LRA:   9.4 LU  FTPK: -26.8 -26.8 dBFS  TPK: -13.8 -13.8 dBFS
[Parsed_ebur128_0 @ 0x148e05970] t: 511.499979 TARGET:-23 LUFS    M: -35.5 S: -37.5     I: -33.0 LUFS       LRA:   9.4 LU  FTPK: -28.7 -28.7 dBFS  TPK: -13.8 -13.8 dBFS
[Parsed_ebur128_0 @ 0x148e05970] t: 511.599979 TARGET:-23 LUFS    M: -35.4 S: -37.2     I: -33.0 LUFS       LRA:   9.4 LU  FTPK: -26.8 -26.8 dBFS  TPK: -13.8 -13.8 dBFS
[Parsed_ebur128_0 @ 0x148e05970] t: 511.699979 TARGET:-23 LUFS    M: -34.8 S: -37.0     I: -33.0 LUFS       LRA:   9.4 LU  FTPK: -25.9 -25.9 dBFS  TPK: -13.8 -13.8 dBFS
[Parsed_ebur128_0 @ 0x148e05970] t: 511.799979 TARGET:-23 LUFS    M: -35.5 S: -36.8     I: -33.0 LUFS       LRA:   9.4 LU  FTPK: -28.1 -28.1 dBFS  TPK: -13.8 -13.8 dBFS
[Parsed_ebur128_0 @ 0x148e05970] t: 511.899979 TARGET:-23 LUFS    M: -34.2 S: -36.4     I: -33.1 LUFS       LRA:   9.4 LU  FTPK: -25.9 -25.9 dBFS  TPK: -13.8 -13.8 dBFS
[Parsed_ebur128_0 @ 0x148e05970] t: 511.999979 TARGET:-23 LUFS    M: -34.8 S: -36.3     I: -33.1 LUFS       LRA:   9.4 LU  FTPK: -29.2 -29.2 dBFS  TPK: -13.8 -13.8 dBFS
[Parsed_ebur128_0 @ 0x148e05970] t: 512.099979 TARGET:-23 LUFS    M: -34.7 S: -36.1     I: -33.1 LUFS       LRA:   9.4 LU  FTPK: -27.1 -27.1 dBFS  TPK: -13.8 -13.8 dBFS
[Parsed_ebur128_0 @ 0x148e05970] t: 512.199979 TARGET:-23 LUFS    M: -34.1 S: -35.8     I: -33.1 LUFS       LRA:   9.4 LU  FTPK: -26.1 -26.1 dBFS  TPK: -13.8 -13.8 dBFS
[Parsed_ebur128_0 @ 0x148e05970] t: 512.299979 TARGET:-23 LUFS    M: -35.2 S: -35.7     I: -33.1 LUFS       LRA:   9.4 LU  FTPK: -28.2 -28.2 dBFS  TPK: -13.8 -13.8 dBFS
[Parsed_ebur128_0 @ 0x148e05970] t: 512.399979 TARGET:-23 LUFS    M: -34.4 S: -35.5     I: -33.1 LUFS       LRA:   9.4 LU  FTPK: -27.0 -27.0 dBFS  TPK: -13.8 -13.8 dBFS
[Parsed_ebur128_0 @ 0x148e05970] t: 512.499979 TARGET:-23 LUFS    M: -34.9 S: -35.4     I: -33.1 LUFS       LRA:   9.4 LU  FTPK: -28.7 -28.7 dBFS  TPK: -13.8 -13.8 dBFS
[Parsed_ebur128_0 @ 0x148e05970] t: 512.599979 TARGET:-23 LUFS    M: -36.3 S: -35.3     I: -33.1 LUFS       LRA:   9.4 LU  FTPK: -29.9 -29.9 dBFS  TPK: -13.8 -13.8 dBFS
[Parsed_ebur128_0 @ 0x148e05970] t: 512.699979 TARGET:-23 LUFS    M: -37.4 S: -35.3     I: -33.1 LUFS       LRA:   9.4 LU  FTPK:  -inf  -inf dBFS  TPK: -13.8 -13.8 dBFS
[Parsed_ebur128_0 @ 0x148e05970] t: 512.799979 TARGET:-23 LUFS    M: -41.6 S: -35.3     I: -33.1 LUFS       LRA:   9.4 LU  FTPK: -52.9 -54.1 dBFS  TPK: -13.8 -13.8 dBFS
[Parsed_ebur128_0 @ 0x148e05970] t: 512.899979 TARGET:-23 LUFS    M: -39.5 S: -35.4     I: -33.1 LUFS       LRA:   9.5 LU  FTPK: -24.4 -25.3 dBFS  TPK: -13.8 -13.8 dBFS
[Parsed_ebur128_0 @ 0x148e05970] t: 512.999979 TARGET:-23 LUFS    M: -38.1 S: -35.4     I: -33.1 LUFS       LRA:   9.5 LU  FTPK: -27.8 -28.8 dBFS  TPK: -13.8 -13.8 dBFS
[Parsed_ebur128_0 @ 0x148e05970] t: 513.099979 TARGET:-23 LUFS    M: -35.9 S: -35.3     I: -33.1 LUFS       LRA:   9.5 LU  FTPK: -27.1 -28.0 dBFS  TPK: -13.8 -13.8 dBFS
[Parsed_ebur128_0 @ 0x148e05970] t: 513.199979 TARGET:-23 LUFS    M: -35.0 S: -35.4     I: -33.1 LUFS       LRA:   9.5 LU  FTPK: -28.5 -29.6 dBFS  TPK: -13.8 -13.8 dBFS
[Parsed_ebur128_0 @ 0x148e05970] t: 513.299979 TARGET:-23 LUFS    M: -34.9 S: -35.3     I: -33.1 LUFS       LRA:   9.5 LU  FTPK: -25.2 -26.3 dBFS  TPK: -13.8 -13.8 dBFS
[Parsed_ebur128_0 @ 0x148e05970] t: 513.399979 TARGET:-23 LUFS    M: -34.8 S: -35.4     I: -33.1 LUFS       LRA:   9.5 LU  FTPK: -27.8 -28.8 dBFS  TPK: -13.8 -13.8 dBFS
[Parsed_ebur128_0 @ 0x148e05970] t: 513.499979 TARGET:-23 LUFS    M: -34.9 S: -35.3     I: -33.1 LUFS       LRA:   9.5 LU  FTPK: -24.6 -25.6 dBFS  TPK: -13.8 -13.8 dBFS
[Parsed_ebur128_0 @ 0x148e05970] t: 513.599979 TARGET:-23 LUFS    M: -34.9 S: -35.4     I: -33.1 LUFS       LRA:   9.5 LU  FTPK: -24.8 -25.9 dBFS  TPK: -13.8 -13.8 dBFS
[Parsed_ebur128_0 @ 0x148e05970] t: 513.699979 TARGET:-23 LUFS    M: -34.9 S: -35.4     I: -33.1 LUFS       LRA:   9.5 LU  FTPK: -24.7 -25.7 dBFS  TPK: -13.8 -13.8 dBFS
[Parsed_ebur128_0 @ 0x148e05970] t: 513.799979 TARGET:-23 LUFS    M: -34.8 S: -35.3     I: -33.1 LUFS       LRA:   9.5 LU  FTPK: -27.0 -27.9 dBFS  TPK: -13.8 -13.8 dBFS
[Parsed_ebur128_0 @ 0x148e05970] t: 513.899979 TARGET:-23 LUFS    M: -34.5 S: -35.3     I: -33.1 LUFS       LRA:   9.5 LU  FTPK: -25.6 -26.6 dBFS  TPK: -13.8 -13.8 dBFS
[Parsed_ebur128_0 @ 0x148e05970] t: 513.999979 TARGET:-23 LUFS    M: -34.4 S: -35.3     I: -33.1 LUFS       LRA:   9.5 LU  FTPK: -25.7 -26.8 dBFS  TPK: -13.8 -13.8 dBFS
[Parsed_ebur128_0 @ 0x148e05970] t: 514.099979 TARGET:-23 LUFS    M: -34.7 S: -35.3     I: -33.1 LUFS       LRA:   9.5 LU  FTPK: -26.8 -27.8 dBFS  TPK: -13.8 -13.8 dBFS
[Parsed_ebur128_0 @ 0x148e05970] t: 514.199979 TARGET:-23 LUFS    M: -35.5 S: -35.4     I: -33.1 LUFS       LRA:   9.5 LU  FTPK: -32.0 -33.0 dBFS  TPK: -13.8 -13.8 dBFS
[Parsed_ebur128_0 @ 0x148e05970] t: 514.299979 TARGET:-23 LUFS    M: -36.1 S: -35.4     I: -33.1 LUFS       LRA:   9.5 LU  FTPK: -20.3 -21.2 dBFS  TPK: -13.8 -13.8 dBFS
[Parsed_ebur128_0 @ 0x148e05970] t: 514.399979 TARGET:-23 LUFS    M: -37.6 S: -35.6     I: -33.1 LUFS       LRA:   9.5 LU  FTPK: -42.3 -43.3 dBFS  TPK: -13.8 -13.8 dBFS
[Parsed_ebur128_0 @ 0x148e05970] t: 514.499979 TARGET:-23 LUFS    M: -40.5 S: -35.7     I: -33.1 LUFS       LRA:   9.5 LU  FTPK:  -inf  -inf dBFS  TPK: -13.8 -13.8 dBFS
[Parsed_ebur128_0 @ 0x148e05970] t: 514.599979 TARGET:-23 LUFS    M: -41.1 S: -35.9     I: -33.1 LUFS       LRA:   9.5 LU  FTPK:  -inf  -inf dBFS  TPK: -13.8 -13.8 dBFS
[Parsed_ebur128_0 @ 0x148e05970] t: 514.699979 TARGET:-23 LUFS    M: -59.4 S: -36.1     I: -33.1 LUFS       LRA:   9.5 LU  FTPK:  -inf  -inf dBFS  TPK: -13.8 -13.8 dBFS
[Parsed_ebur128_0 @ 0x148e05970] t: 514.799979 TARGET:-23 LUFS    M:   nan S: -36.2     I: -33.1 LUFS       LRA:   9.5 LU  FTPK:  -inf  -inf dBFS  TPK: -13.8 -13.8 dBFS
[Parsed_ebur128_0 @ 0x148e05970] t: 514.899979 TARGET:-23 LUFS    M:   nan S: -36.6     I: -33.1 LUFS       LRA:   9.5 LU  FTPK:  -inf  -inf dBFS  TPK: -13.8 -13.8 dBFS
[Parsed_ebur128_0 @ 0x148e05970] t: 514.999979 TARGET:-23 LUFS    M:   nan S: -36.7     I: -33.1 LUFS       LRA:   9.5 LU  FTPK:  -inf  -inf dBFS  TPK: -13.8 -13.8 dBFS
[Parsed_ebur128_0 @ 0x148e05970] t: 515.099979 TARGET:-23 LUFS    M:   nan S: -37.0     I: -33.1 LUFS       LRA:   9.5 LU  FTPK:  -inf  -inf dBFS  TPK: -13.8 -13.8 dBFS
[Parsed_ebur128_0 @ 0x148e05970] t: 515.199979 TARGET:-23 LUFS    M:   nan S: -37.3     I: -33.1 LUFS       LRA:   9.5 LU  FTPK:  -inf  -inf dBFS  TPK: -13.8 -13.8 dBFS
[Parsed_ebur128_0 @ 0x148e05970] t: 515.299979 TARGET:-23 LUFS    M:   nan S: -37.4     I: -33.1 LUFS       LRA:   9.5 LU  FTPK:  -inf  -inf dBFS  TPK: -13.8 -13.8 dBFS
[Parsed_ebur128_0 @ 0x148e05970] t: 515.399979 TARGET:-23 LUFS    M:   nan S: -37.8     I: -33.1 LUFS       LRA:   9.5 LU  FTPK:  -inf  -inf dBFS  TPK: -13.8 -13.8 dBFS
[Parsed_ebur128_0 @ 0x148e05970] t: 515.499979 TARGET:-23 LUFS    M:   nan S: -38.0     I: -33.1 LUFS       LRA:   9.5 LU  FTPK:  -inf  -inf dBFS  TPK: -13.8 -13.8 dBFS
[Parsed_ebur128_0 @ 0x148e05970] t: 515.599979 TARGET:-23 LUFS    M:   nan S: -38.1     I: -33.1 LUFS       LRA:   9.5 LU  FTPK:  -inf  -inf dBFS  TPK: -13.8 -13.8 dBFS
[Parsed_ebur128_0 @ 0x148e05970] t: 515.699979 TARGET:-23 LUFS    M:   nan S: -38.1     I: -33.1 LUFS       LRA:   9.5 LU  FTPK:  -inf  -inf dBFS  TPK: -13.8 -13.8 dBFS
[Parsed_ebur128_0 @ 0x148e05970] t: 515.799979 TARGET:-23 LUFS    M:   nan S: -38.1     I: -33.1 LUFS       LRA:   9.5 LU  FTPK:  -inf  -inf dBFS  TPK: -13.8 -13.8 dBFS
[Parsed_ebur128_0 @ 0x148e05970] t: 515.899979 TARGET:-23 LUFS    M:   nan S: -38.4     I: -33.1 LUFS       LRA:   9.5 LU  FTPK:  -inf  -inf dBFS  TPK: -13.8 -13.8 dBFS
[Parsed_ebur128_0 @ 0x148e05970] t: 515.999979 TARGET:-23 LUFS    M:   nan S: -38.7     I: -33.1 LUFS       LRA:   9.5 LU  FTPK:  -inf  -inf dBFS  TPK: -13.8 -13.8 dBFS
[Parsed_ebur128_0 @ 0x148e05970] t: 516.099979 TARGET:-23 LUFS    M:   nan S: -39.1     I: -33.1 LUFS       LRA:   9.5 LU  FTPK:  -inf  -inf dBFS  TPK: -13.8 -13.8 dBFS
[Parsed_ebur128_0 @ 0x148e05970] t: 516.199979 TARGET:-23 LUFS    M:   nan S: -39.4     I: -33.1 LUFS       LRA:   9.5 LU  FTPK:  -inf  -inf dBFS  TPK: -13.8 -13.8 dBFS
[Parsed_ebur128_0 @ 0x148e05970] t: 516.299979 TARGET:-23 LUFS    M:   nan S: -40.0     I: -33.1 LUFS       LRA:   9.5 LU  FTPK:  -inf  -inf dBFS  TPK: -13.8 -13.8 dBFS
[Parsed_ebur128_0 @ 0x148e05970] t: 516.399979 TARGET:-23 LUFS    M:   nan S: -40.4     I: -33.1 LUFS       LRA:   9.5 LU  FTPK:  -inf  -inf dBFS  TPK: -13.8 -13.8 dBFS
[Parsed_ebur128_0 @ 0x148e05970] t: 516.499979 TARGET:-23 LUFS    M:   nan S: -41.0     I: -33.1 LUFS       LRA:   9.5 LU  FTPK:  -inf  -inf dBFS  TPK: -13.8 -13.8 dBFS
[Parsed_ebur128_0 @ 0x148e05970] t: 516.599979 TARGET:-23 LUFS    M:   nan S: -41.5     I: -33.1 LUFS       LRA:   9.5 LU  FTPK:  -inf  -inf dBFS  TPK: -13.8 -13.8 dBFS
[Parsed_ebur128_0 @ 0x148e05970] t: 516.699979 TARGET:-23 LUFS    M:   nan S: -42.4     I: -33.1 LUFS       LRA:   9.5 LU  FTPK:  -inf  -inf dBFS  TPK: -13.8 -13.8 dBFS
[Parsed_ebur128_0 @ 0x148e05970] t: 516.799979 TARGET:-23 LUFS    M:   nan S: -43.2     I: -33.1 LUFS       LRA:   9.5 LU  FTPK:  -inf  -inf dBFS  TPK: -13.8 -13.8 dBFS
[Parsed_ebur128_0 @ 0x148e05970] t: 516.899979 TARGET:-23 LUFS    M:   nan S: -44.8     I: -33.1 LUFS       LRA:   9.5 LU  FTPK:  -inf  -inf dBFS  TPK: -13.8 -13.8 dBFS
[Parsed_ebur128_0 @ 0x148e05970] t: 516.999979 TARGET:-23 LUFS    M:   nan S: -46.3     I: -33.1 LUFS       LRA:   9.5 LU  FTPK:  -inf  -inf dBFS  TPK: -13.8 -13.8 dBFS
[Parsed_ebur128_0 @ 0x148e05970] t: 517.099979 TARGET:-23 LUFS    M:   nan S: -49.3     I: -33.1 LUFS       LRA:   9.5 LU  FTPK:  -inf  -inf dBFS  TPK: -13.8 -13.8 dBFS
[Parsed_ebur128_0 @ 0x148e05970] t: 517.199979 TARGET:-23 LUFS    M:   nan S: -49.8     I: -33.1 LUFS       LRA:   9.5 LU  FTPK:  -inf  -inf dBFS  TPK: -13.8 -13.8 dBFS
[Parsed_ebur128_0 @ 0x148e05970] t: 517.299979 TARGET:-23 LUFS    M:   nan S: -68.2     I: -33.1 LUFS       LRA:   9.5 LU  FTPK:  -inf  -inf dBFS  TPK: -13.8 -13.8 dBFS
[Parsed_ebur128_0 @ 0x148e05970] t: 517.399979 TARGET:-23 LUFS    M:   nan S:   nan     I: -33.1 LUFS       LRA:   9.5 LU  FTPK:  -inf  -inf dBFS  TPK: -13.8 -13.8 dBFS
[Parsed_ebur128_0 @ 0x148e05970] t: 517.499979 TARGET:-23 LUFS    M:   nan S:   nan     I: -33.1 LUFS       LRA:   9.5 LU  FTPK:  -inf  -inf dBFS  TPK: -13.8 -13.8 dBFS
[Parsed_ebur128_0 @ 0x148e05970] t: 517.599979 TARGET:-23 LUFS    M:   nan S:   nan     I: -33.1 LUFS       LRA:   9.5 LU  FTPK:  -inf  -inf dBFS  TPK: -13.8 -13.8 dBFS
[Parsed_ebur128_0 @ 0x148e05970] t: 517.699979 TARGET:-23 LUFS    M:   nan S:   nan     I: -33.1 LUFS       LRA:   9.5 LU  FTPK:  -inf  -inf dBFS  TPK: -13.8 -13.8 dBFS
[Parsed_ebur128_0 @ 0x148e05970] t: 517.799979 TARGET:-23 LUFS    M:   nan S:   nan     I: -33.1 LUFS       LRA:   9.5 LU  FTPK:  -inf  -inf dBFS  TPK: -13.8 -13.8 dBFS
[Parsed_ebur128_0 @ 0x148e05970] t: 517.899979 TARGET:-23 LUFS    M:   nan S:   nan     I: -33.1 LUFS       LRA:   9.5 LU  FTPK:  -inf  -inf dBFS  TPK: -13.8 -13.8 dBFS
[Parsed_ebur128_0 @ 0x148e05970] t: 517.999979 TARGET:-23 LUFS    M:   nan S:   nan     I: -33.1 LUFS       LRA:   9.5 LU  FTPK:  -inf  -inf dBFS  TPK: -13.8 -13.8 dBFS
[Parsed_ebur128_0 @ 0x148e05970] t: 518.099979 TARGET:-23 LUFS    M:   nan S:   nan     I: -33.1 LUFS       LRA:   9.5 LU  FTPK:  -inf  -inf dBFS  TPK: -13.8 -13.8 dBFS
[Parsed_ebur128_0 @ 0x148e05970] t: 518.199979 TARGET:-23 LUFS    M:   nan S:   nan     I: -33.1 LUFS       LRA:   9.5 LU  FTPK:  -inf  -inf dBFS  TPK: -13.8 -13.8 dBFS
[Parsed_ebur128_0 @ 0x148e05970] t: 518.299979 TARGET:-23 LUFS    M:   nan S:   nan     I: -33.1 LUFS       LRA:   9.5 LU  FTPK:  -inf  -inf dBFS  TPK: -13.8 -13.8 dBFS
[Parsed_ebur128_0 @ 0x148e05970] t: 518.399979 TARGET:-23 LUFS    M:   nan S:   nan     I: -33.1 LUFS       LRA:   9.5 LU  FTPK:  -inf  -inf dBFS  TPK: -13.8 -13.8 dBFS
[Parsed_ebur128_0 @ 0x148e05970] t: 518.499979 TARGET:-23 LUFS    M:   nan S:   nan     I: -33.1 LUFS       LRA:   9.5 LU  FTPK:  -inf  -inf dBFS  TPK: -13.8 -13.8 dBFS
[Parsed_ebur128_0 @ 0x148e05970] t: 518.599979 TARGET:-23 LUFS    M:   nan S:   nan     I: -33.1 LUFS       LRA:   9.5 LU  FTPK:  -inf  -inf dBFS  TPK: -13.8 -13.8 dBFS
[Parsed_ebur128_0 @ 0x148e05970] t: 518.699979 TARGET:-23 LUFS    M:   nan S:   nan     I: -33.1 LUFS       LRA:   9.5 LU  FTPK:  -inf  -inf dBFS  TPK: -13.8 -13.8 dBFS
[Parsed_ebur128_0 @ 0x148e05970] t: 518.799979 TARGET:-23 LUFS    M:   nan S:   nan     I: -33.1 LUFS       LRA:   9.5 LU  FTPK:  -inf  -inf dBFS  TPK: -13.8 -13.8 dBFS
[Parsed_ebur128_0 @ 0x148e05970] t: 518.899979 TARGET:-23 LUFS    M:   nan S:   nan     I: -33.1 LUFS       LRA:   9.5 LU  FTPK:  -inf  -inf dBFS  TPK: -13.8 -13.8 dBFS
[Parsed_ebur128_0 @ 0x148e05970] t: 518.999979 TARGET:-23 LUFS    M:   nan S:   nan     I: -33.1 LUFS       LRA:   9.5 LU  FTPK:  -inf  -inf dBFS  TPK: -13.8 -13.8 dBFS
[Parsed_ebur128_0 @ 0x148e05970] t: 519.099979 TARGET:-23 LUFS    M:   nan S:   nan     I: -33.1 LUFS       LRA:   9.5 LU  FTPK:  -inf  -inf dBFS  TPK: -13.8 -13.8 dBFS
[Parsed_ebur128_0 @ 0x148e05970] t: 519.199979 TARGET:-23 LUFS    M:   nan S:   nan     I: -33.1 LUFS       LRA:   9.5 LU  FTPK:  -inf  -inf dBFS  TPK: -13.8 -13.8 dBFS
[Parsed_ebur128_0 @ 0x148e05970] t: 519.299979 TARGET:-23 LUFS    M:   nan S:   nan     I: -33.1 LUFS       LRA:   9.5 LU  FTPK:  -inf  -inf dBFS  TPK: -13.8 -13.8 dBFS
[Parsed_ebur128_0 @ 0x148e05970] t: 519.399979 TARGET:-23 LUFS    M:   nan S:   nan     I: -33.1 LUFS       LRA:   9.5 LU  FTPK:  -inf  -inf dBFS  TPK: -13.8 -13.8 dBFS
[Parsed_ebur128_0 @ 0x148e05970] t: 519.499979 TARGET:-23 LUFS    M:   nan S:   nan     I: -33.1 LUFS       LRA:   9.5 LU  FTPK:  -inf  -inf dBFS  TPK: -13.8 -13.8 dBFS
[Parsed_ebur128_0 @ 0x148e05970] t: 519.599979 TARGET:-23 LUFS    M:   nan S:   nan     I: -33.1 LUFS       LRA:   9.5 LU  FTPK:  -inf  -inf dBFS  TPK: -13.8 -13.8 dBFS
[Parsed_ebur128_0 @ 0x148e05970] t: 519.699979 TARGET:-23 LUFS    M:   nan S:   nan     I: -33.1 LUFS       LRA:   9.5 LU  FTPK:  -inf  -inf dBFS  TPK: -13.8 -13.8 dBFS
[Parsed_ebur128_0 @ 0x148e05970] t: 519.799979 TARGET:-23 LUFS    M:   nan S:   nan     I: -33.1 LUFS       LRA:   9.5 LU  FTPK:  -inf  -inf dBFS  TPK: -13.8 -13.8 dBFS
[Parsed_ebur128_0 @ 0x148e05970] t: 519.899979 TARGET:-23 LUFS    M:   nan S:   nan     I: -33.1 LUFS       LRA:   9.5 LU  FTPK:  -inf  -inf dBFS  TPK: -13.8 -13.8 dBFS
[Parsed_ebur128_0 @ 0x148e05970] t: 519.999979 TARGET:-23 LUFS    M:   nan S:   nan     I: -33.1 LUFS       LRA:   9.5 LU  FTPK:  -inf  -inf dBFS  TPK: -13.8 -13.8 dBFS
[Parsed_ebur128_0 @ 0x148e05970] t: 520.099979 TARGET:-23 LUFS    M:   nan S:   nan     I: -33.1 LUFS       LRA:   9.5 LU  FTPK:  -inf  -inf dBFS  TPK: -13.8 -13.8 dBFS
[Parsed_ebur128_0 @ 0x148e05970] t: 520.199979 TARGET:-23 LUFS    M:   nan S:   nan     I: -33.1 LUFS       LRA:   9.5 LU  FTPK:  -inf  -inf dBFS  TPK: -13.8 -13.8 dBFS
[Parsed_ebur128_0 @ 0x148e05970] t: 520.299979 TARGET:-23 LUFS    M:   nan S:   nan     I: -33.1 LUFS       LRA:   9.5 LU  FTPK:  -inf  -inf dBFS  TPK: -13.8 -13.8 dBFS
[Parsed_ebur128_0 @ 0x148e05970] t: 520.399979 TARGET:-23 LUFS    M:   nan S:   nan     I: -33.1 LUFS       LRA:   9.5 LU  FTPK:  -inf  -inf dBFS  TPK: -13.8 -13.8 dBFS
[Parsed_ebur128_0 @ 0x148e05970] t: 520.499979 TARGET:-23 LUFS    M:   nan S:   nan     I: -33.1 LUFS       LRA:   9.5 LU  FTPK:  -inf  -inf dBFS  TPK: -13.8 -13.8 dBFS
[Parsed_ebur128_0 @ 0x148e05970] t: 520.599979 TARGET:-23 LUFS    M:   nan S:   nan     I: -33.1 LUFS       LRA:   9.5 LU  FTPK:  -inf  -inf dBFS  TPK: -13.8 -13.8 dBFS
[Parsed_ebur128_0 @ 0x148e05970] t: 520.699979 TARGET:-23 LUFS    M:   nan S:   nan     I: -33.1 LUFS       LRA:   9.5 LU  FTPK:  -inf  -inf dBFS  TPK: -13.8 -13.8 dBFS
[Parsed_ebur128_0 @ 0x148e05970] t: 520.799979 TARGET:-23 LUFS    M:   nan S:   nan     I: -33.1 LUFS       LRA:   9.5 LU  FTPK:  -inf  -inf dBFS  TPK: -13.8 -13.8 dBFS
[Parsed_ebur128_0 @ 0x148e05970] t: 520.899979 TARGET:-23 LUFS    M:   nan S:   nan     I: -33.1 LUFS       LRA:   9.5 LU  FTPK:  -inf  -inf dBFS  TPK: -13.8 -13.8 dBFS
[Parsed_ebur128_0 @ 0x148e05970] t: 520.999979 TARGET:-23 LUFS    M:   nan S:   nan     I: -33.1 LUFS       LRA:   9.5 LU  FTPK:  -inf  -inf dBFS  TPK: -13.8 -13.8 dBFS
[Parsed_ebur128_0 @ 0x148e05970] t: 521.099979 TARGET:-23 LUFS    M:   nan S:   nan     I: -33.1 LUFS       LRA:   9.5 LU  FTPK:  -inf  -inf dBFS  TPK: -13.8 -13.8 dBFS
[Parsed_ebur128_0 @ 0x148e05970] t: 521.199979 TARGET:-23 LUFS    M:   nan S:   nan     I: -33.1 LUFS       LRA:   9.5 LU  FTPK:  -inf  -inf dBFS  TPK: -13.8 -13.8 dBFS
[Parsed_ebur128_0 @ 0x148e05970] t: 521.299979 TARGET:-23 LUFS    M:   nan S:   nan     I: -33.1 LUFS       LRA:   9.5 LU  FTPK:  -inf  -inf dBFS  TPK: -13.8 -13.8 dBFS
[Parsed_ebur128_0 @ 0x148e05970] t: 521.399979 TARGET:-23 LUFS    M:   nan S:   nan     I: -33.1 LUFS       LRA:   9.5 LU  FTPK:  -inf  -inf dBFS  TPK: -13.8 -13.8 dBFS
[Parsed_ebur128_0 @ 0x148e05970] t: 521.499979 TARGET:-23 LUFS    M:   nan S:   nan     I: -33.1 LUFS       LRA:   9.5 LU  FTPK:  -inf  -inf dBFS  TPK: -13.8 -13.8 dBFS
[Parsed_ebur128_0 @ 0x148e05970] t: 521.599979 TARGET:-23 LUFS    M:   nan S:   nan     I: -33.1 LUFS       LRA:   9.5 LU  FTPK:  -inf  -inf dBFS  TPK: -13.8 -13.8 dBFS
[Parsed_ebur128_0 @ 0x148e05970] t: 521.699979 TARGET:-23 LUFS    M:   nan S:   nan     I: -33.1 LUFS       LRA:   9.5 LU  FTPK:  -inf  -inf dBFS  TPK: -13.8 -13.8 dBFS
[Parsed_ebur128_0 @ 0x148e05970] t: 521.799979 TARGET:-23 LUFS    M:   nan S:   nan     I: -33.1 LUFS       LRA:   9.5 LU  FTPK:  -inf  -inf dBFS  TPK: -13.8 -13.8 dBFS
[Parsed_ebur128_0 @ 0x148e05970] t: 521.899979 TARGET:-23 LUFS    M:   nan S:   nan     I: -33.1 LUFS       LRA:   9.5 LU  FTPK:  -inf  -inf dBFS  TPK: -13.8 -13.8 dBFS
[Parsed_ebur128_0 @ 0x148e05970] t: 521.999979 TARGET:-23 LUFS    M:   nan S:   nan     I: -33.1 LUFS       LRA:   9.5 LU  FTPK:  -inf  -inf dBFS  TPK: -13.8 -13.8 dBFS
[Parsed_ebur128_0 @ 0x148e05970] t: 522.099979 TARGET:-23 LUFS    M:   nan S:   nan     I: -33.1 LUFS       LRA:   9.5 LU  FTPK:  -inf  -inf dBFS  TPK: -13.8 -13.8 dBFS
[Parsed_ebur128_0 @ 0x148e05970] t: 522.199979 TARGET:-23 LUFS    M:   nan S:   nan     I: -33.1 LUFS       LRA:   9.5 LU  FTPK:  -inf  -inf dBFS  TPK: -13.8 -13.8 dBFS
[Parsed_ebur128_0 @ 0x148e05970] t: 522.299979 TARGET:-23 LUFS    M:   nan S:   nan     I: -33.1 LUFS       LRA:   9.5 LU  FTPK:  -inf  -inf dBFS  TPK: -13.8 -13.8 dBFS
[Parsed_ebur128_0 @ 0x148e05970] t: 522.399979 TARGET:-23 LUFS    M:   nan S:   nan     I: -33.1 LUFS       LRA:   9.5 LU  FTPK:  -inf  -inf dBFS  TPK: -13.8 -13.8 dBFS
[Parsed_ebur128_0 @ 0x148e05970] t: 522.499979 TARGET:-23 LUFS    M:   nan S:   nan     I: -33.1 LUFS       LRA:   9.5 LU  FTPK:  -inf  -inf dBFS  TPK: -13.8 -13.8 dBFS
[Parsed_ebur128_0 @ 0x148e05970] t: 522.599979 TARGET:-23 LUFS    M:   nan S:   nan     I: -33.1 LUFS       LRA:   9.5 LU  FTPK:  -inf  -inf dBFS  TPK: -13.8 -13.8 dBFS
[Parsed_ebur128_0 @ 0x148e05970] t: 522.699979 TARGET:-23 LUFS    M:   nan S:   nan     I: -33.1 LUFS       LRA:   9.5 LU  FTPK:  -inf  -inf dBFS  TPK: -13.8 -13.8 dBFS
[Parsed_ebur128_0 @ 0x148e05970] t: 522.799979 TARGET:-23 LUFS    M:   nan S:   nan     I: -33.1 LUFS       LRA:   9.5 LU  FTPK:  -inf  -inf dBFS  TPK: -13.8 -13.8 dBFS
[Parsed_ebur128_0 @ 0x148e05970] t: 522.899979 TARGET:-23 LUFS    M:   nan S:   nan     I: -33.1 LUFS       LRA:   9.5 LU  FTPK:  -inf  -inf dBFS  TPK: -13.8 -13.8 dBFS
[Parsed_ebur128_0 @ 0x148e05970] t: 522.999979 TARGET:-23 LUFS    M:   nan S:   nan     I: -33.1 LUFS       LRA:   9.5 LU  FTPK:  -inf  -inf dBFS  TPK: -13.8 -13.8 dBFS
[Parsed_ebur128_0 @ 0x148e05970] t: 523.099979 TARGET:-23 LUFS    M:   nan S:   nan     I: -33.1 LUFS       LRA:   9.5 LU  FTPK:  -inf  -inf dBFS  TPK: -13.8 -13.8 dBFS
[Parsed_ebur128_0 @ 0x148e05970] t: 523.199979 TARGET:-23 LUFS    M:   nan S:   nan     I: -33.1 LUFS       LRA:   9.5 LU  FTPK:  -inf  -inf dBFS  TPK: -13.8 -13.8 dBFS
[Parsed_ebur128_0 @ 0x148e05970] t: 523.299979 TARGET:-23 LUFS    M:   nan S:   nan     I: -33.1 LUFS       LRA:   9.5 LU  FTPK:  -inf  -inf dBFS  TPK: -13.8 -13.8 dBFS
[Parsed_ebur128_0 @ 0x148e05970] t: 523.399979 TARGET:-23 LUFS    M:   nan S:   nan     I: -33.1 LUFS       LRA:   9.5 LU  FTPK:  -inf  -inf dBFS  TPK: -13.8 -13.8 dBFS
[Parsed_ebur128_0 @ 0x148e05970] t: 523.499979 TARGET:-23 LUFS    M:   nan S:   nan     I: -33.1 LUFS       LRA:   9.5 LU  FTPK:  -inf  -inf dBFS  TPK: -13.8 -13.8 dBFS
[Parsed_ebur128_0 @ 0x148e05970] t: 523.599979 TARGET:-23 LUFS    M:   nan S:   nan     I: -33.1 LUFS       LRA:   9.5 LU  FTPK:  -inf  -inf dBFS  TPK: -13.8 -13.8 dBFS
[Parsed_ebur128_0 @ 0x148e05970] t: 523.699979 TARGET:-23 LUFS    M:   nan S:   nan     I: -33.1 LUFS       LRA:   9.5 LU  FTPK:  -inf  -inf dBFS  TPK: -13.8 -13.8 dBFS
[Parsed_ebur128_0 @ 0x148e05970] t: 523.799979 TARGET:-23 LUFS    M:   nan S:   nan     I: -33.1 LUFS       LRA:   9.5 LU  FTPK:  -inf  -inf dBFS  TPK: -13.8 -13.8 dBFS
[Parsed_ebur128_0 @ 0x148e05970] t: 523.899979 TARGET:-23 LUFS    M:   nan S:   nan     I: -33.1 LUFS       LRA:   9.5 LU  FTPK:  -inf  -inf dBFS  TPK: -13.8 -13.8 dBFS
[Parsed_ebur128_0 @ 0x148e05970] t: 523.999979 TARGET:-23 LUFS    M:   nan S:   nan     I: -33.1 LUFS       LRA:   9.5 LU  FTPK:  -inf  -inf dBFS  TPK: -13.8 -13.8 dBFS
[Parsed_ebur128_0 @ 0x148e05970] Summary:

  Integrated loudness:
    I:         -33.1 LUFS
    Threshold: -43.5 LUFS

  Loudness range:
    LRA:         9.5 LU
    Threshold: -58.5 LUFS
    LRA low:   -44.8 LUFS
    LRA high:  -35.4 LUFS

  True peak:
    Peak:      -13.8 dBFS
[out#0/null @ 0x158e14030] video:0KiB audio:98264KiB subtitle:0KiB other streams:0KiB global headers:0KiB muxing overhead: unknown
size=N/A time=00:08:44.07 bitrate=N/A speed= 275x elapsed=0:00:01.90    
